node_id,parent_id,confidence,x,y,z,radius,creator_id,edition_time,cell_name,is_vnode
25393518,25393517.0,5.0,5138.0,2957.77,1330.0,-1.0,128.0,1762406230.0,RMDVL,False
25393513,25393512.0,5.0,5490.0,3557.77,1330.0,-1.0,128.0,1762406230.0,RMDVL,False
25393517,25393516.0,5.0,5146.0,2961.77,1331.0,-1.0,128.0,1762406230.0,RMDVL,False
25393512,25393511.0,5.0,5490.0,3541.77,1331.0,-1.0,128.0,1762406230.0,RMDVL,False
25393516,25393515.0,5.0,5158.0,2985.77,1332.0,-1.0,128.0,1762406230.0,RMDVL,False
25393511,25393510.0,5.0,5502.0,3505.77,1332.0,-1.0,128.0,1762406230.0,RMDVL,False
25393510,25393509.0,5.0,5490.0,3485.77,1333.0,-1.0,128.0,1762406230.0,RMDVL,False
25393515,v_25393515_1334,5.0,5162.0,2997.77,1333.0,-1.0,128.0,1762406230.0,RMDVL,False
v_25393515_1334,25393514.0,,5168.0,3009.77,1334.0,,,,RMDVL,True
25393509,25393508.0,5.0,5494.0,3473.77,1334.0,-1.0,128.0,1762406230.0,RMDVL,False
25393508,25393507.0,5.0,5446.0,3445.77,1335.0,-1.0,128.0,1762406230.0,RMDVL,False
25393514,25393506.0,5.0,5174.0,3021.77,1335.0,-1.0,128.0,1762406230.0,RMDVL,False
25393507,25393505.0,5.0,5454.0,3457.77,1336.0,-1.0,128.0,1762406230.0,RMDVL,False
25393506,25393505.0,5.0,5178.0,3065.77,1336.0,-1.0,128.0,1762406230.0,RMDVL,False
25393505,25393504.0,5.0,5326.0,3353.77,1337.0,-1.0,128.0,1762406230.0,RMDVL,False
25393504,25393503.0,5.0,5334.0,3289.77,1338.0,-1.0,128.0,1762406230.0,RMDVL,False
25393503,25393502.0,5.0,5346.0,3297.77,1339.0,-1.0,128.0,1762406230.0,RMDVL,False
25393502,25393495.0,5.0,5366.0,3305.77,1340.0,-1.0,128.0,1762406230.0,RMDVL,False
25393495,25393494.0,5.0,5630.0,3505.77,1341.0,-1.0,128.0,1762406230.0,RMDVL,False
25393501,25393500.0,5.0,5370.0,3357.77,1341.0,-1.0,128.0,1762406230.0,RMDVL,False
25393500,25393499.0,5.0,5398.0,3549.77,1342.0,-1.0,128.0,1762406230.0,RMDVL,False
25393494,25393493.0,5.0,5718.0,3777.77,1342.0,-1.0,128.0,1762406230.0,RMDVL,False
25393499,25393548.0,5.0,5402.0,3581.77,1343.0,-1.0,128.0,1762406230.0,RMDVL,False
25393548,25393549.0,5.0,5142.0,3169.77,1343.0,-1.0,128.0,1762406230.0,RMDVL,False
25393493,25393492.0,5.0,5686.0,3933.77,1343.0,-1.0,128.0,1762406230.0,RMDVL,False
25393549,25393550.0,5.0,5122.0,3169.77,1344.0,-1.0,128.0,1762406230.0,RMDVL,False
25393492,25393491.0,5.0,5682.0,4021.77,1344.0,-1.0,128.0,1762406230.0,RMDVL,False
25393498,25393499.0,5.0,5410.0,3601.77,1344.0,-1.0,128.0,1762406230.0,RMDVL,False
25393550,25393551.0,5.0,5094.0,3173.77,1345.0,-1.0,128.0,1762406230.0,RMDVL,False
25474253,25474252.0,5.0,3794.5,3127.6,1345.0,-1.0,128.0,1762396911.0,RMDVR,False
25393497,25393498.0,5.0,5323.35,3639.715,1345.0,-1.0,128.0,1764013082.0,RMDVL,False
25393491,25393490.0,5.0,5690.0,4033.77,1345.0,-1.0,128.0,1762406230.0,RMDVL,False
25393496,25393497.0,5.0,5326.0,3649.77,1346.0,-1.0,128.0,1762406230.0,RMDVL,False
25393547,25393497.0,5.0,4890.0,3757.77,1346.0,-1.0,128.0,1762406230.0,RMDVL,False
25393490,25393488.0,5.0,5678.0,3993.77,1346.0,-1.0,128.0,1762406230.0,RMDVL,False
25393551,25393552.0,5.0,5062.0,3177.77,1346.0,-1.0,128.0,1762406230.0,RMDVL,False
25474252,25474251.0,5.0,3818.5,3115.6,1346.0,-1.0,128.0,1762396877.0,RMDVR,False
25474251,25474250.0,5.0,3818.5,3139.6,1347.0,-1.0,128.0,1762396874.0,RMDVR,False
25393552,25393553.0,5.0,5050.0,3165.77,1347.0,-1.0,128.0,1762406230.0,RMDVL,False
25393489,25393496.0,5.0,5318.0,3665.77,1347.0,-1.0,128.0,1762406230.0,RMDVL,False
25393488,25393486.0,5.0,5686.0,4025.77,1347.0,-1.0,128.0,1762406230.0,RMDVL,False
25393487,25393489.0,5.0,5350.0,3669.77,1348.0,-1.0,128.0,1762406230.0,RMDVL,False
25393486,25393487.0,5.0,5682.0,4009.77,1348.0,-1.0,128.0,1762406230.0,RMDVL,False
25393553,25393554.0,5.0,5034.0,3169.77,1348.0,-1.0,128.0,1762406230.0,RMDVL,False
25474250,25474249.0,5.0,3798.5,3127.6,1348.0,-1.0,128.0,1762396873.0,RMDVR,False
25474249,25474248.0,5.0,3758.5,3127.6,1349.0,-1.0,128.0,1762396872.0,RMDVR,False
25393485,25393486.0,5.0,5666.0,4001.77,1349.0,-1.0,128.0,1762406230.0,RMDVL,False
25393554,25393555.0,5.0,5026.0,3165.77,1349.0,-1.0,128.0,1762406230.0,RMDVL,False
25474248,25474247.0,5.0,3734.5,3147.6,1350.0,-1.0,128.0,1762396870.0,RMDVR,False
25393555,25393556.0,5.0,5006.0,3169.77,1350.0,-1.0,128.0,1762406230.0,RMDVL,False
25393483,25393485.0,5.0,5640.15,4034.61,1350.0,-1.0,128.0,1771477963.0,RMDVL,False
25474247,25474246.0,5.0,3694.5,3139.6,1351.0,-1.0,128.0,1762396869.0,RMDVR,False
25393556,25393557.0,5.0,4990.0,3169.77,1351.0,-1.0,128.0,1762406230.0,RMDVL,False
25393482,25393483.0,5.0,5690.0,4081.77,1351.0,-1.0,128.0,1762406230.0,RMDVL,False
25393519,25393484.0,5.0,5502.0,3857.77,1352.0,-1.0,128.0,1762406230.0,RMDVL,False
25393481,25393482.0,5.0,5816.0,4319.77,1352.0,-1.0,128.0,1762406230.0,RMDVL,False
25557780,25551384.0,5.0,3888.0,3643.77,1352.0,-1.0,128.0,1771273532.0,RMDVR,False
25393557,25393558.0,5.0,4954.0,3177.77,1352.0,-1.0,128.0,1762406230.0,RMDVL,False
25474246,25474245.0,5.0,3698.5,3175.6,1352.0,-1.0,128.0,1762396867.0,RMDVR,False
25551384,25551383.0,5.0,3854.15,3615.62,1353.0,-1.0,128.0,1768927730.0,RMDVR,False
25474245,25474244.0,5.0,3670.5,3191.6,1353.0,-1.0,128.0,1762396866.0,RMDVR,False
25393484,25393480.0,5.0,5490.0,3845.77,1353.0,-1.0,128.0,1762406230.0,RMDVL,False
25393558,25393559.0,5.0,4938.0,3177.77,1353.0,-1.0,128.0,1762406230.0,RMDVL,False
25393480,25393481.0,5.0,5830.0,4353.77,1353.0,-1.0,128.0,1762406230.0,RMDVL,False
25393520,25393484.0,5.0,5414.0,3773.77,1354.0,-1.0,128.0,1762406230.0,RMDVL,False
25393559,25393560.0,5.0,4926.0,3169.77,1354.0,-1.0,128.0,1762406230.0,RMDVL,False
25393479,25393480.0,5.0,5886.0,4403.77,1354.0,-1.0,128.0,1762406230.0,RMDVL,False
25551383,25551382.0,5.0,3832.15,3593.62,1354.0,-1.0,128.0,1768927729.0,RMDVR,False
25474244,25474243.0,5.0,3670.5,3191.6,1354.0,-1.0,128.0,1762396865.0,RMDVR,False
25474243,25474242.0,5.0,3662.5,3223.6,1355.0,-1.0,128.0,1762396864.0,RMDVR,False
25551382,25551381.0,5.0,3806.15,3599.62,1355.0,-1.0,128.0,1768927728.0,RMDVR,False
25393521,25393520.0,5.0,5398.0,3769.77,1355.0,-1.0,128.0,1762406230.0,RMDVL,False
25393560,25393561.0,5.0,4910.0,3181.77,1355.0,-1.0,128.0,1762406230.0,RMDVL,False
25393478,25393479.0,5.0,5906.0,4399.77,1355.0,-1.0,128.0,1762406230.0,RMDVL,False
25474242,25474241.0,5.0,3642.5,3263.6,1356.0,-1.0,128.0,1762396862.0,RMDVR,False
25459067,v_25459067_1357,5.0,5420.15,5239.6,1356.0,-1.0,128.0,1768856124.0,RMDVR,False
25551381,25474241.0,5.0,3782.15,3579.62,1356.0,-1.0,128.0,1768927727.0,RMDVR,False
25393561,25393562.0,5.0,4902.0,3173.77,1356.0,-1.0,128.0,1762406230.0,RMDVL,False
25393477,25393478.0,5.0,5922.0,4435.77,1356.0,-1.0,128.0,1762406230.0,RMDVL,False
25393522,25393521.0,5.0,5382.0,3765.77,1356.0,-1.0,128.0,1762406230.0,RMDVL,False
v_25393476_1357,25393477.0,,5946.0,4477.77,1357.0,,,,RMDVL,True
25474241,25474239.0,5.0,3646.5,3283.6,1357.0,-1.0,128.0,1762396861.0,RMDVR,False
25393523,25393522.0,5.0,5374.0,3749.77,1357.0,-1.0,128.0,1762406230.0,RMDVL,False
25393562,25393563.0,5.0,4890.0,3165.77,1357.0,-1.0,128.0,1762406230.0,RMDVL,False
v_25459067_1357,25459066.0,,5424.15,5245.6,1357.0,,,,RMDVR,True
25393563,v_25393563_1359,5.0,4878.0,3161.77,1358.0,-1.0,128.0,1762406230.0,RMDVL,False
25393476,v_25393476_1357,5.0,5954.0,4491.77,1358.0,-1.0,128.0,1762406230.0,RMDVL,False
25393524,25393523.0,5.0,5350.0,3749.77,1358.0,-1.0,128.0,1762406230.0,RMDVL,False
25474239,25474238.0,5.0,3634.5,3355.6,1358.0,-1.0,128.0,1762396856.0,RMDVR,False
25459066,v_25459066_1359,5.0,5428.15,5251.6,1358.0,-1.0,128.0,1768856124.0,RMDVR,False
25474240,25474239.0,5.0,3482.5,3323.6,1359.0,-1.0,128.0,1762396858.0,RMDVR,False
25474238,25474237.0,5.0,3874.5,3199.6,1359.0,-1.0,128.0,1762396851.0,RMDVR,False
v_25459066_1359,25459065.0,,5426.15,5259.6,1359.0,,,,RMDVR,True
v_25393563_1359,25393564.0,,4866.0,3157.77,1359.0,,,,RMDVL,True
25393525,25393524.0,5.0,5346.0,3765.77,1359.0,-1.0,128.0,1762406230.0,RMDVL,False
25393475,25393476.0,5.0,5954.0,4493.77,1359.0,-1.0,128.0,1762406230.0,RMDVL,False
25393526,25393525.0,5.0,5346.0,3769.77,1360.0,-1.0,128.0,1762406230.0,RMDVL,False
25393564,v_25393564_1361,5.0,4854.0,3153.77,1360.0,-1.0,128.0,1762406230.0,RMDVL,False
25393474,25393475.0,5.0,5940.0,4469.77,1360.0,-1.0,128.0,1762406230.0,RMDVL,False
v_25474254_1360,25474240.0,,3440.5,3400.1,1360.0,,,,RMDVR,True
25474237,25474236.0,5.0,3926.5,3203.6,1360.0,-1.0,128.0,1762396848.0,RMDVR,False
25459065,v_25459065_1361,5.0,5424.15,5267.6,1360.0,-1.0,128.0,1768856124.0,RMDVR,False
v_25393564_1361,25393565.0,,4848.0,3143.77,1361.0,,,,RMDVL,True
25393527,25393526.0,5.0,5318.0,3753.77,1361.0,-1.0,128.0,1762406230.0,RMDVL,False
v_25393473_1361,25393474.0,,5938.5,4478.77,1361.0,,,,RMDVL,True
25474254,v_25474254_1360,5.0,3426.5,3425.6,1361.0,-1.0,128.0,1762396926.0,RMDVR,False
25477010,25477009.0,5.0,3165.5,4049.6,1361.0,-1.0,128.0,1762542800.0,RMDVR,False
v_25459065_1361,25459064.0,,5430.15,5273.6,1361.0,,,,RMDVR,True
25474236,25474235.0,5.0,3962.5,3187.6,1361.0,-1.0,128.0,1762396845.0,RMDVR,False
25477009,25477008.0,5.0,3171.5,4051.6,1362.0,-1.0,128.0,1762542794.0,RMDVR,False
25474255,25474254.0,5.0,3410.5,3477.6,1362.0,-1.0,128.0,1762396928.0,RMDVR,False
25474235,25474234.0,5.0,3970.5,3179.6,1362.0,-1.0,128.0,1762396844.0,RMDVR,False
25393528,25393527.0,5.0,5318.0,3761.77,1362.0,-1.0,128.0,1762406230.0,RMDVL,False
25393473,v_25393473_1361,5.0,5938.0,4481.77,1362.0,-1.0,128.0,1762406230.0,RMDVL,False
25459064,v_25459064_1363,5.0,5436.15,5279.6,1362.0,-1.0,128.0,1768856124.0,RMDVR,False
25393565,25553190.0,5.0,4842.0,3133.77,1362.0,-1.0,128.0,1769488066.0,RMDVL,False
25553190,25393566.0,5.0,4838.0,3133.77,1363.0,-1.0,128.0,1769488066.0,RMDVL,False
25393529,25393528.0,5.0,5318.0,3765.77,1363.0,-1.0,128.0,1762406230.0,RMDVL,False
v_25459064_1363,25459063.0,,5442.15,5279.6,1363.0,,,,RMDVR,True
25477008,25477007.0,5.0,3151.5,4069.6,1363.0,-1.0,128.0,1762542793.0,RMDVR,False
25474256,25474255.0,5.0,3394.5,3505.6,1363.0,-1.0,128.0,1762396929.0,RMDVR,False
25474234,25474233.0,5.0,3978.5,3223.61,1363.0,-1.0,128.0,1771619878.0,RMDVR,False
25393472,25393473.0,5.0,5946.0,4497.77,1363.0,-1.0,128.0,1762406230.0,RMDVL,False
25459063,v_25459063_1365,5.0,5448.15,5279.6,1364.0,-1.0,128.0,1768856124.0,RMDVR,False
25474257,25474256.0,5.0,3318.5,3501.6,1364.0,-1.0,128.0,1762396931.0,RMDVR,False
25393566,25393567.0,5.0,4834.0,3133.77,1364.0,-1.0,128.0,1762406230.0,RMDVL,False
25393530,25393529.0,5.0,5310.0,3765.77,1364.0,-1.0,128.0,1762406230.0,RMDVL,False
25393471,25393472.0,5.0,5956.0,4523.77,1364.0,-1.0,128.0,1762406230.0,RMDVL,False
25477007,25474260.0,5.0,3141.5,4063.6,1364.0,-1.0,128.0,1762542792.0,RMDVR,False
25474233,25474333.0,5.0,3982.5,3187.6,1364.0,-1.0,128.0,1762397222.0,RMDVR,False
25474260,25474259.0,5.0,3146.5,4033.6,1365.0,-1.0,128.0,1762396941.0,RMDVR,False
25393531,25393530.0,5.0,5326.0,3769.77,1365.0,-1.0,128.0,1762406230.0,RMDVL,False
25474258,25474257.0,5.0,3314.5,3517.6,1365.0,-1.0,128.0,1762396933.0,RMDVR,False
25393567,25554169.0,5.0,4818.0,3137.77,1365.0,-1.0,128.0,1769639144.0,RMDVL,False
25393470,25393471.0,5.0,5942.0,4515.77,1365.0,-1.0,128.0,1762406230.0,RMDVL,False
25474333,25474232.0,5.0,3992.5,3171.6,1365.0,-1.0,128.0,1762397222.0,RMDVR,False
v_25459063_1365,25459062.0,,5456.15,5287.6,1365.0,,,,RMDVR,True
25554169,25393568.0,5.0,4808.0,3137.77,1366.0,-1.0,128.0,1769639144.0,RMDVL,False
25393469,25393470.0,5.0,5928.0,4501.77,1366.0,-1.0,128.0,1762406230.0,RMDVL,False
25393532,25393531.0,5.0,5350.0,3789.77,1366.0,-1.0,128.0,1762406230.0,RMDVL,False
25474232,v_25474232_1367,5.0,4014.5,3159.6,1366.0,-1.0,128.0,1762396838.0,RMDVR,False
25474259,25474258.0,5.0,3002.5,3689.6,1366.0,-1.0,128.0,1762396939.0,RMDVR,False
25459062,25459061.0,5.0,5464.15,5295.6,1366.0,-1.0,128.0,1768856124.0,RMDVR,False
25459061,25459060.0,5.0,5488.15,5263.6,1367.0,-1.0,128.0,1768856124.0,RMDVR,False
25474261,25474259.0,5.0,3006.5,3681.6,1367.0,-1.0,128.0,1762396944.0,RMDVR,False
25393568,v_25393568_1368,5.0,4798.0,3137.77,1367.0,-1.0,128.0,1762406230.0,RMDVL,False
25393533,25393532.0,5.0,5366.0,3821.77,1367.0,-1.0,128.0,1762406230.0,RMDVL,False
v_25474232_1367,25474231.0,,4016.5,3145.6,1367.0,,,,RMDVR,True
25393468,25393469.0,5.0,5908.0,4501.77,1367.0,-1.0,128.0,1762406230.0,RMDVL,False
25459060,25459059.0,5.0,5484.15,5263.6,1368.0,-1.0,128.0,1768856124.0,RMDVR,False
v_25393568_1368,25393569.0,,4784.0,3139.77,1368.0,,,,RMDVL,True
25558427,25393533.0,5.0,5224.15,3750.61,1368.0,-1.0,128.0,1771478220.0,RMDVL,False
25474231,v_25474231_1369,5.0,4018.5,3131.6,1368.0,-1.0,128.0,1762396836.0,RMDVR,False
25393467,25393468.0,5.0,5900.0,4483.77,1368.0,-1.0,128.0,1762406230.0,RMDVL,False
25474262,25474261.0,5.0,3006.5,3673.6,1368.0,-1.0,128.0,1762396945.0,RMDVR,False
25393534,25393533.0,5.0,5350.0,3913.77,1368.0,-1.0,128.0,1762406230.0,RMDVL,False
v_25558428_1369,25558427.0,,5219.65,3762.61,1369.0,,,,RMDVL,True
25393466,25393467.0,5.0,5898.0,4483.77,1369.0,-1.0,128.0,1762406230.0,RMDVL,False
25393569,v_25393569_1370,5.0,4770.0,3141.77,1369.0,-1.0,128.0,1762406230.0,RMDVL,False
25393535,25393534.0,5.0,5314.0,3957.77,1369.0,-1.0,128.0,1762406230.0,RMDVL,False
v_25474231_1369,25474230.0,,4036.5,3134.6,1369.0,,,,RMDVR,True
25474263,25474262.0,5.0,3042.5,3709.6,1369.0,-1.0,128.0,1762396946.0,RMDVR,False
25557791,25474263.0,5.0,3703.0,3625.76,1369.0,-1.0,128.0,1771274881.0,RMDVR,False
25459059,25558784.0,5.0,5472.15,5299.6,1369.0,-1.0,128.0,1771620462.0,RMDVR,False
25474230,25474228.0,5.0,4054.5,3137.6,1370.0,-1.0,128.0,1762397219.0,RMDVR,False
25393465,25393466.0,5.0,5906.0,4489.77,1370.0,-1.0,128.0,1762406230.0,RMDVL,False
25474264,25474263.0,5.0,3138.5,3845.6,1370.0,-1.0,128.0,1762396948.0,RMDVR,False
25393536,25393535.0,5.0,5282.0,3981.77,1370.0,-1.0,128.0,1762406230.0,RMDVL,False
25476998,25474229.0,5.0,4621.5,3081.6,1370.0,-1.0,128.0,1762542660.0,RMDVR,False
25558428,v_25558428_1369,5.0,5218.15,3766.61,1370.0,-1.0,128.0,1771478221.0,RMDVL,False
25557792,25557791.0,5.0,3693.0,3643.76,1370.0,-1.0,128.0,1771274881.0,RMDVR,False
25558784,25459058.0,5.0,5464.15,5315.6,1370.0,-1.0,128.0,1771620462.0,RMDVR,False
v_25393569_1370,25393570.0,,4748.0,3145.77,1370.0,,,,RMDVL,True
25557793,25557792.0,5.0,3695.0,3647.76,1371.0,-1.0,128.0,1771274883.0,RMDVR,False
25393570,v_25393570_1372,5.0,4726.0,3149.77,1371.0,-1.0,128.0,1762406230.0,RMDVL,False
25393537,25393536.0,5.0,5258.0,3985.77,1371.0,-1.0,128.0,1762406230.0,RMDVL,False
25474228,25474227.0,5.0,4118.5,3119.6,1371.0,-1.0,128.0,1762396834.0,RMDVR,False
25474229,25474227.0,5.0,4622.5,3067.6,1371.0,-1.0,128.0,1762396824.0,RMDVR,False
25393464,25393465.0,5.0,5924.0,4505.77,1371.0,-1.0,128.0,1762406230.0,RMDVL,False
25459058,v_25459058_1372,5.0,5456.15,5331.6,1371.0,-1.0,128.0,1768856124.0,RMDVR,False
25553104,25474264.0,5.0,3161.165,3860.27,1371.0,-1.0,128.0,1769486665.0,RMDVR,False
25558436,25558428.0,5.0,5211.15,3766.61,1371.0,-1.0,128.0,1771478237.0,RMDVL,False
25558429,25558436.0,5.0,5204.15,3766.61,1372.0,-1.0,128.0,1771478237.0,RMDVL,False
25393463,25393464.0,5.0,5926.0,4517.77,1372.0,-1.0,128.0,1762406230.0,RMDVL,False
v_25393570_1372,25393571.0,,4720.0,3149.77,1372.0,,,,RMDVL,True
25551396,25553104.0,5.0,3183.835,3874.935,1372.0,-1.0,128.0,1769486665.0,RMDVR,False
25393538,25393537.0,5.0,5250.0,3989.77,1372.0,-1.0,128.0,1762406230.0,RMDVL,False
v_25459058_1372,25459057.0,,5454.15,5329.6,1372.0,,,,RMDVR,True
25474227,25474226.0,5.0,4406.5,3151.6,1372.0,-1.0,128.0,1762396819.0,RMDVR,False
25393462,25393463.0,5.0,5942.0,4533.77,1373.0,-1.0,128.0,1762406230.0,RMDVL,False
25393571,v_25393571_1374,5.0,4714.0,3149.77,1373.0,-1.0,128.0,1762406230.0,RMDVL,False
25393539,25393538.0,5.0,5234.0,3989.77,1373.0,-1.0,128.0,1762406230.0,RMDVL,False
25474226,25474225.0,5.0,4438.5,3151.6,1373.0,-1.0,128.0,1762396818.0,RMDVR,False
v_25558430_1373,25558429.0,,5193.65,3784.61,1373.0,,,,RMDVL,True
25459057,v_25459057_1374,5.0,5452.15,5327.6,1373.0,-1.0,128.0,1768856124.0,RMDVR,False
25474265,25551396.0,5.0,3206.5,3889.6,1373.0,-1.0,128.0,1768927932.0,RMDVR,False
25393461,25393462.0,5.0,6004.0,4541.77,1374.0,-1.0,128.0,1762406230.0,RMDVL,False
v_25459057_1374,25459056.0,,5452.15,5327.6,1374.0,,,,RMDVR,True
25393540,25393539.0,5.0,5238.0,3997.77,1374.0,-1.0,128.0,1762406230.0,RMDVL,False
25558430,v_25558430_1373,5.0,5190.15,3790.61,1374.0,-1.0,128.0,1771478224.0,RMDVL,False
v_25393571_1374,25393572.0,,4698.0,3149.77,1374.0,,,,RMDVL,True
25474225,25474224.0,5.0,4458.5,3167.6,1374.0,-1.0,128.0,1762396817.0,RMDVR,False
25474266,25474265.0,5.0,3150.5,3897.6,1374.0,-1.0,128.0,1762396952.0,RMDVR,False
25393541,25393540.0,5.0,5222.0,3997.77,1375.0,-1.0,128.0,1762406230.0,RMDVL,False
25393572,v_25393572_1376,5.0,4682.0,3149.77,1375.0,-1.0,128.0,1762406230.0,RMDVL,False
25474267,25474266.0,5.0,3090.5,3913.6,1375.0,-1.0,128.0,1762396967.0,RMDVR,False
25474268,25474266.0,5.0,3406.5,3825.6,1375.0,-1.0,128.0,1762396958.0,RMDVR,False
25551397,25474267.0,5.0,2722.15,4085.62,1375.0,-1.0,128.0,1768928085.0,RMDVR,False
25551398,25551397.0,5.0,2742.15,4325.62,1375.0,-1.0,128.0,1768928086.0,RMDVR,False
25474224,25474222.0,5.0,4514.5,3127.6,1375.0,-1.0,128.0,1762396814.0,RMDVR,False
v_25558431_1375,25558430.0,,5173.65,3796.61,1375.0,,,,RMDVL,True
25393460,25393461.0,5.0,6002.0,4561.77,1375.0,-1.0,128.0,1762406230.0,RMDVL,False
25459056,v_25459056_1376,5.0,5452.15,5327.6,1375.0,-1.0,128.0,1768856124.0,RMDVR,False
25476999,25474268.0,5.0,3419.5,3839.6,1376.0,-1.0,128.0,1762542675.0,RMDVR,False
v_25393572_1376,25393573.0,,4676.0,3145.77,1376.0,,,,RMDVL,True
25558431,v_25558431_1375,5.0,5168.15,3798.61,1376.0,-1.0,128.0,1771478225.0,RMDVL,False
25393542,25393541.0,5.0,5222.0,3981.77,1376.0,-1.0,128.0,1762406230.0,RMDVL,False
25474222,25474221.0,5.0,4562.5,3063.6,1376.0,-1.0,128.0,1762396807.0,RMDVR,False
25393459,25393460.0,5.0,6004.0,4575.77,1376.0,-1.0,128.0,1762406230.0,RMDVL,False
v_25459056_1376,25459055.0,,5452.15,5327.6,1376.0,,,,RMDVR,True
25474270,25474267.0,5.0,3286.5,3889.6,1376.0,-1.0,128.0,1762396976.0,RMDVR,False
25474269,25474267.0,5.0,2858.5,4037.6,1376.0,-1.0,128.0,1762396974.0,RMDVR,False
25477000,25476999.0,5.0,3419.5,3839.6,1377.0,-1.0,128.0,1762542676.0,RMDVR,False
25459055,25551128.0,5.0,5452.15,5327.6,1377.0,-1.0,128.0,1768856124.0,RMDVR,False
25474271,25474269.0,5.0,2826.5,4077.6,1377.0,-1.0,128.0,1762396982.0,RMDVR,False
25474221,25474220.0,5.0,4818.5,3015.6,1377.0,-1.0,128.0,1762396803.0,RMDVR,False
25474223,25474222.0,5.0,4410.5,3183.6,1377.0,-1.0,128.0,1762396810.0,RMDVR,False
25393458,25393459.0,5.0,6034.0,4535.77,1377.0,-1.0,128.0,1762406230.0,RMDVL,False
25393573,25393574.0,5.0,4670.0,3141.77,1377.0,-1.0,128.0,1762406230.0,RMDVL,False
25393543,25393542.0,5.0,5218.0,3985.77,1377.0,-1.0,128.0,1762406230.0,RMDVL,False
v_25558432_1377,25558431.0,,5147.15,3800.11,1377.0,,,,RMDVL,True
25477001,25477000.0,5.0,3445.5,3849.6,1378.0,-1.0,128.0,1762542677.0,RMDVR,False
v_25474272_1378,25474271.0,,2812.1,4118.400000000001,1378.0,,,,RMDVR,True
25393457,25393458.0,5.0,6058.0,4521.77,1378.0,-1.0,128.0,1762406230.0,RMDVL,False
25558432,v_25558432_1377,5.0,5140.15,3800.61,1378.0,-1.0,128.0,1771478226.0,RMDVL,False
25393574,25393575.0,5.0,4642.0,3137.77,1378.0,-1.0,128.0,1762406230.0,RMDVL,False
25393544,25393543.0,5.0,5222.0,3985.77,1378.0,-1.0,128.0,1762406230.0,RMDVL,False
25476995,25474223.0,5.0,4389.5,3199.6,1378.0,-1.0,128.0,1762542633.0,RMDVR,False
25551128,25459054.0,5.0,5452.15,5327.6,1378.0,-1.0,128.0,1768856124.0,RMDVR,False
25474220,25474219.0,5.0,4866.5,2999.6,1378.0,-1.0,128.0,1762396802.0,RMDVR,False
25393456,25393457.0,5.0,6068.0,4481.77,1379.0,-1.0,128.0,1762406230.0,RMDVL,False
25459054,25459053.0,5.0,5452.15,5327.6,1379.0,-1.0,128.0,1768856124.0,RMDVR,False
25558433,25558432.0,5.0,5128.15,3806.61,1379.0,-1.0,128.0,1771478229.0,RMDVL,False
25393575,25393576.0,5.0,4642.0,3137.77,1379.0,-1.0,128.0,1762406230.0,RMDVL,False
25393545,25393544.0,5.0,5202.0,3981.77,1379.0,-1.0,128.0,1762406230.0,RMDVL,False
25477002,25477001.0,5.0,3467.5,3843.6,1379.0,-1.0,128.0,1762542679.0,RMDVR,False
25474219,25474218.0,5.0,4910.5,2975.6,1379.0,-1.0,128.0,1762396800.0,RMDVR,False
v_25474272_1379,v_25474272_1379,,2807.3,4132.0,1379.0,,,,RMDVR,True
25476996,25476995.0,5.0,4399.5,3175.6,1379.0,-1.0,128.0,1762542634.0,RMDVR,False
25393455,25393456.0,5.0,6068.0,4509.77,1380.0,-1.0,128.0,1762406230.0,RMDVL,False
25558434,25558433.0,5.0,5114.15,3802.61,1380.0,-1.0,128.0,1771478230.0,RMDVL,False
25474218,25474217.0,5.0,5034.05,3009.81,1380.0,-1.0,128.0,1765511180.0,RMDVR,False
25474272,v_25474272_1378,5.0,2802.5,4145.6,1380.0,-1.0,128.0,1762396984.0,RMDVR,False
25476997,25476996.0,5.0,4342.025,3201.81,1380.0,-1.0,128.0,1765511159.0,RMDVR,False
25459053,25459068.0,5.0,5452.15,5295.6,1380.0,-1.0,128.0,1768856124.0,RMDVR,False
25393576,25454672.0,5.0,4576.05,3105.83,1380.0,-1.0,128.0,1765512833.0,RMDVL,False
25477003,25477002.0,5.0,3461.5,3843.6,1380.0,-1.0,128.0,1762542680.0,RMDVR,False
25393546,25393545.0,5.0,5190.0,3989.77,1380.0,-1.0,128.0,1762406230.0,RMDVL,False
25474273,25474272.0,5.0,2714.5,4317.6,1381.0,-1.0,128.0,1762396986.0,RMDVR,False
25459068,25459069.0,5.0,5476.15,5311.6,1381.0,-1.0,128.0,1768856124.0,RMDVR,False
25558435,25558434.0,5.0,5078.15,3810.61,1381.0,-1.0,128.0,1771478231.0,RMDVL,False
25393454,25393455.0,5.0,6080.0,4593.77,1381.0,-1.0,128.0,1762406230.0,RMDVL,False
25454672,v_25454672_1382,5.0,4424.05,3085.83,1381.0,-1.0,128.0,1765512846.0,RMDVL,False
25477004,25477003.0,5.0,3517.5,3887.6,1381.0,-1.0,128.0,1762542697.0,RMDVR,False
25474217,25474216.0,5.0,5169.15,3156.6,1381.0,-1.0,128.0,1762406989.0,RMDVR,False
25474274,25474273.0,5.0,2722.5,4353.6,1382.0,-1.0,128.0,1762396988.0,RMDVR,False
25477005,25477004.0,5.0,3521.5,3879.6,1382.0,-1.0,128.0,1762542699.0,RMDVR,False
25474216,25474215.0,5.0,5198.5,3208.6,1382.0,-1.0,128.0,1762396751.0,RMDVR,False
25393453,25393454.0,5.0,6080.0,4559.77,1382.0,-1.0,128.0,1762406230.0,RMDVL,False
25459069,25459071.0,5.0,5480.15,5299.6,1382.0,-1.0,128.0,1768856124.0,RMDVR,False
v_25454672_1382,25454671.0,,4408.025,3093.165,1382.0,,,,RMDVL,True
25454671,25454670.0,5.0,4392.0,3100.5,1383.0,-1.0,128.0,1761317461.0,RMDVL,False
25459071,25459072.0,5.0,5576.15,5323.6,1383.0,-1.0,128.0,1768856124.0,RMDVR,False
25393452,25393453.0,5.0,6090.0,4547.77,1383.0,-1.0,128.0,1762406230.0,RMDVL,False
25459070,25459069.0,5.0,5420.15,5239.6,1383.0,-1.0,128.0,1768856124.0,RMDVR,False
25474215,25474214.0,5.0,5252.5,3280.6,1383.0,-1.0,128.0,1762396749.0,RMDVR,False
25477006,25477005.0,5.0,3515.5,3865.6,1383.0,-1.0,128.0,1762542776.0,RMDVR,False
v_25474275_1383,25474274.0,,2707.5,4359.6,1383.0,,,,RMDVR,True
25474047,25474046.0,5.0,5854.5,4777.6,1384.0,-1.0,128.0,1762394929.0,RMDVR,False
25474275,v_25474275_1383,5.0,2702.5,4361.6,1384.0,-1.0,128.0,1762396990.0,RMDVR,False
25474214,25474213.0,5.0,5308.5,3386.6,1384.0,-1.0,128.0,1762396748.0,RMDVR,False
25459080,25459070.0,5.0,5416.65,5221.6,1384.0,-1.0,128.0,1768856124.0,RMDVR,False
25454670,25454669.0,5.0,4368.0,3104.5,1384.0,-1.0,128.0,1761317460.0,RMDVL,False
25474356,v_25474356_1385,5.0,3458.0,5414.5,1384.0,-1.0,128.0,1762397346.0,RMDVL,False
25459072,25459073.0,5.0,5600.15,5311.6,1384.0,-1.0,128.0,1768856124.0,RMDVR,False
25393451,25393452.0,5.0,6090.0,4543.77,1384.0,-1.0,128.0,1762406230.0,RMDVL,False
v_25474356_1385,25474355.0,,3444.0,5426.5,1385.0,,,,RMDVL,True
25474276,25474275.0,5.0,2642.5,4441.6,1385.0,-1.0,128.0,1762396992.0,RMDVR,False
25454669,25454668.0,5.0,4328.0,3104.5,1385.0,-1.0,128.0,1761317456.0,RMDVL,False
25474046,25474045.0,5.0,5810.5,4829.6,1385.0,-1.0,128.0,1762394926.0,RMDVR,False
25474213,25474212.0,5.0,5358.5,3452.6,1385.0,-1.0,128.0,1762396746.0,RMDVR,False
25459081,25459080.0,5.0,5388.15,5204.6,1385.0,-1.0,128.0,1768856124.0,RMDVR,False
25393450,25393451.0,5.0,6090.0,4543.77,1385.0,-1.0,128.0,1762406230.0,RMDVL,False
25459073,25459074.0,5.0,5604.15,5299.6,1385.0,-1.0,128.0,1768856124.0,RMDVR,False
25474212,25474211.0,5.0,5406.5,3482.6,1386.0,-1.0,128.0,1762396744.0,RMDVR,False
25474045,25474044.0,5.0,5798.5,4821.6,1386.0,-1.0,128.0,1762394925.0,RMDVR,False
25459074,25459075.0,5.0,5584.15,5235.6,1386.0,-1.0,128.0,1768856124.0,RMDVR,False
25474277,25474276.0,5.0,2638.5,4433.6,1386.0,-1.0,128.0,1762396994.0,RMDVR,False
25474355,25474354.0,5.0,3430.0,5438.5,1386.0,-1.0,128.0,1762397344.0,RMDVL,False
25454668,25454667.0,5.0,4260.0,3112.5,1386.0,-1.0,128.0,1761317455.0,RMDVL,False
25393449,25393450.0,5.0,6088.0,4537.77,1386.0,-1.0,128.0,1762406230.0,RMDVL,False
25393448,25393449.0,5.0,6092.0,4523.77,1387.0,-1.0,128.0,1762406230.0,RMDVL,False
25454667,25454666.0,5.0,4228.0,3112.5,1387.0,-1.0,128.0,1761317453.0,RMDVL,False
25474354,v_25474354_1388,5.0,3418.0,5474.5,1387.0,-1.0,128.0,1762397343.0,RMDVL,False
v_25474278_1387,25474277.0,,2638.5,4433.6,1387.0,,,,RMDVR,True
25459075,25459077.0,5.0,5580.15,5215.6,1387.0,-1.0,128.0,1768856124.0,RMDVR,False
25474044,25474043.0,5.0,5794.5,4869.6,1387.0,-1.0,128.0,1762394924.0,RMDVR,False
25474178,25474177.0,5.0,5146.5,5432.6,1387.0,-1.0,128.0,1762396614.0,RMDVR,False
25474211,v_25474211_1388,5.0,5466.5,3510.6,1387.0,-1.0,128.0,1762396741.0,RMDVR,False
25474043,25474042.0,5.0,5802.5,4925.6,1388.0,-1.0,128.0,1762394916.0,RMDVR,False
25474177,25474176.0,5.0,5158.5,5446.6,1388.0,-1.0,128.0,1762396612.0,RMDVR,False
25454666,25454665.0,5.0,4180.0,3132.5,1388.0,-1.0,128.0,1761317452.0,RMDVL,False
25393447,25393448.0,5.0,6100.0,4515.77,1388.0,-1.0,128.0,1762406230.0,RMDVL,False
v_25474278_1388,v_25474278_1388,,2638.5,4433.6,1388.0,,,,RMDVR,True
v_25474211_1388,25474210.0,,5505.5,3576.6,1388.0,,,,RMDVR,True
25459077,25459079.0,5.0,5566.15,5348.6,1388.0,-1.0,128.0,1768856124.0,RMDVR,False
25459076,25459075.0,5.0,5568.15,5159.6,1388.0,-1.0,128.0,1768856124.0,RMDVR,False
v_25474354_1388,25474353.0,,3408.0,5476.5,1388.0,,,,RMDVL,True
25393446,25393447.0,5.0,6120.0,4511.77,1389.0,-1.0,128.0,1762406230.0,RMDVL,False
25474353,v_25474353_1390,5.0,3398.0,5478.5,1389.0,-1.0,128.0,1762397342.0,RMDVL,False
25454665,25454664.0,5.0,4120.0,3152.5,1389.0,-1.0,128.0,1761317451.0,RMDVL,False
25474176,25474175.0,5.0,5178.5,5452.6,1389.0,-1.0,128.0,1762396609.0,RMDVR,False
25474278,v_25474278_1387,5.0,2638.5,4433.6,1389.0,-1.0,128.0,1762396995.0,RMDVR,False
25459078,25459076.0,5.0,5560.15,5151.6,1389.0,-1.0,128.0,1768856124.0,RMDVR,False
25459079,25551189.0,5.0,5552.15,5380.6,1389.0,-1.0,128.0,1768856124.0,RMDVR,False
25474042,25474041.0,5.0,5802.5,4989.6,1389.0,-1.0,128.0,1762394914.0,RMDVR,False
25474210,25474209.0,5.0,5544.5,3642.6,1389.0,-1.0,128.0,1762396739.0,RMDVR,False
25474041,25474040.0,5.0,5802.5,5049.6,1390.0,-1.0,128.0,1762394912.0,RMDVR,False
25551189,25551188.0,5.0,5545.15,5369.6,1390.0,-1.0,128.0,1768856113.0,RMDVR,False
25551188,25474041.0,5.0,5687.15,5383.6,1390.0,-1.0,128.0,1768856112.0,RMDVR,False
25393445,25393446.0,5.0,6124.0,4497.77,1390.0,-1.0,128.0,1762406230.0,RMDVL,False
25474209,25474208.0,5.0,5566.5,3662.6,1390.0,-1.0,128.0,1762396738.0,RMDVR,False
25454664,25454663.0,5.0,4100.0,3160.5,1390.0,-1.0,128.0,1761317449.0,RMDVL,False
25474279,25474278.0,5.0,2698.5,4373.6,1390.0,-1.0,128.0,1762396997.0,RMDVR,False
25474175,25474035.0,5.0,5208.5,5444.6,1390.0,-1.0,128.0,1762396606.0,RMDVR,False
v_25474353_1390,25474352.0,,3406.0,5476.5,1390.0,,,,RMDVL,True
25474035,25474034.0,5.0,5266.5,5433.6,1391.0,-1.0,128.0,1762394846.0,RMDVR,False
25474040,25474034.0,5.0,5822.5,5081.6,1391.0,-1.0,128.0,1762394911.0,RMDVR,False
25474208,25474207.0,5.0,5594.5,3700.6,1391.0,-1.0,128.0,1762396737.0,RMDVR,False
25474280,25474279.0,5.0,2698.5,4381.6,1391.0,-1.0,128.0,1762396999.0,RMDVR,False
25393444,25393445.0,5.0,6128.0,4493.77,1391.0,-1.0,128.0,1762406230.0,RMDVL,False
25454663,25454662.0,5.0,3964.0,3172.5,1391.0,-1.0,128.0,1761317441.0,RMDVL,False
25474352,25474351.0,5.0,3414.0,5474.5,1391.0,-1.0,128.0,1762397341.0,RMDVL,False
25474361,25474360.0,5.0,3358.0,5252.5,1392.0,-1.0,128.0,1762397368.0,RMDVL,False
25474207,25474206.0,5.0,5640.5,3752.6,1392.0,-1.0,128.0,1762396735.0,RMDVR,False
25474351,25474350.0,5.0,3406.0,5526.5,1392.0,-1.0,128.0,1762397340.0,RMDVL,False
25474034,25474033.0,5.0,5822.5,5073.6,1392.0,-1.0,128.0,1762394902.0,RMDVR,False
25393443,25393444.0,5.0,6124.0,4477.77,1392.0,-1.0,128.0,1762406230.0,RMDVL,False
25474281,25474280.0,5.0,2598.5,4441.6,1392.0,-1.0,128.0,1762397002.0,RMDVR,False
25474282,25474280.0,5.0,2858.5,4349.6,1392.0,-1.0,128.0,1762397003.0,RMDVR,False
25454662,25454661.0,5.0,3920.0,3204.5,1392.0,-1.0,128.0,1761317435.0,RMDVL,False
25454661,25454660.0,5.0,3840.0,3204.5,1393.0,-1.0,128.0,1761317434.0,RMDVL,False
25393442,25393443.0,5.0,6120.0,4445.77,1393.0,-1.0,128.0,1762406230.0,RMDVL,False
25474350,25474349.0,5.0,3358.0,5590.5,1393.0,-1.0,128.0,1762397339.0,RMDVL,False
25474360,25474359.0,5.0,3378.0,5304.5,1393.0,-1.0,128.0,1762397366.0,RMDVL,False
25474206,v_25474206_1394,5.0,5680.5,3808.6,1393.0,-1.0,128.0,1762396734.0,RMDVR,False
25474332,25474331.0,5.0,4752.5,5783.6,1393.0,-1.0,128.0,1762397143.0,RMDVR,False
25474283,25474281.0,5.0,2602.5,4461.6,1393.0,-1.0,128.0,1762397007.0,RMDVR,False
25474039,25474034.0,5.0,5826.5,4453.6,1393.0,-1.0,128.0,1762394903.0,RMDVR,False
25477011,25474282.0,5.0,2853.5,4357.6,1393.0,-1.0,128.0,1762542809.0,RMDVR,False
25474033,25474032.0,5.0,5602.5,5393.6,1393.0,-1.0,128.0,1762394841.0,RMDVR,False
25474048,25474039.0,5.0,5846.5,4427.6,1394.0,-1.0,128.0,1762394946.0,RMDVR,False
25474032,v_25474032_1395,5.0,5590.5,5393.6,1394.0,-1.0,128.0,1762394840.0,RMDVR,False
v_25474206_1394,25474205.0,,5707.5,3848.6,1394.0,,,,RMDVR,True
25477012,25477011.0,5.0,2905.5,4367.6,1394.0,-1.0,128.0,1762542810.0,RMDVR,False
25474331,25474330.0,5.0,4766.5,5773.6,1394.0,-1.0,128.0,1762397136.0,RMDVR,False
25454660,25454659.0,5.0,3804.0,3204.5,1394.0,-1.0,128.0,1761317433.0,RMDVL,False
25474284,25474283.0,5.0,2582.5,4465.6,1394.0,-1.0,128.0,1762397008.0,RMDVR,False
25474359,25474358.0,5.0,3378.0,5320.5,1394.0,-1.0,128.0,1762397364.0,RMDVL,False
25393441,25393442.0,5.0,6120.0,4445.77,1394.0,-1.0,128.0,1762406230.0,RMDVL,False
25474349,v_25474349_1395,5.0,3314.0,5598.5,1394.0,-1.0,128.0,1762397336.0,RMDVL,False
v_25474349_1395,25474348.0,,3306.0,5586.5,1395.0,,,,RMDVL,True
25477013,25477012.0,5.0,2977.5,4387.6,1395.0,-1.0,128.0,1762542812.0,RMDVR,False
25474330,25474329.0,5.0,4778.5,5743.6,1395.0,-1.0,128.0,1762397134.0,RMDVR,False
25474205,25474052.0,5.0,5734.5,3888.6,1395.0,-1.0,128.0,1762396732.0,RMDVR,False
25474049,25474048.0,5.0,5866.5,4411.6,1395.0,-1.0,128.0,1762394950.0,RMDVR,False
v_25474285_1395,25474284.0,,2582.5,4465.6,1395.0,,,,RMDVR,True
v_25474032_1395,25474031.0,,5568.5,5417.6,1395.0,,,,RMDVR,True
25393440,25393441.0,5.0,6118.0,4451.77,1395.0,-1.0,128.0,1762406230.0,RMDVL,False
25454659,v_25454659_1396,5.0,3690.0,3212.5,1395.0,-1.0,128.0,1762397466.0,RMDVL,False
25474358,25474357.0,5.0,3362.0,5316.5,1395.0,-1.0,128.0,1762397363.0,RMDVL,False
25474285,v_25474285_1395,5.0,2582.5,4465.6,1396.0,-1.0,128.0,1762397009.0,RMDVR,False
25474174,25474173.0,5.0,4508.5,5811.6,1396.0,-1.0,128.0,1762396580.0,RMDVR,False
25474031,25474030.0,5.0,5546.5,5441.6,1396.0,-1.0,128.0,1762394837.0,RMDVR,False
25474329,25474328.0,5.0,4776.5,5741.6,1396.0,-1.0,128.0,1762397133.0,RMDVR,False
25474052,25474051.0,5.0,5754.5,3939.6,1396.0,-1.0,128.0,1762394957.0,RMDVR,False
25474050,25474049.0,5.0,5886.5,4351.6,1396.0,-1.0,128.0,1762394951.0,RMDVR,False
25477014,25477013.0,5.0,3003.5,4373.6,1396.0,-1.0,128.0,1762542814.0,RMDVR,False
25454853,25454852.0,5.0,4291.0,5958.5,1396.0,-1.0,128.0,1761321565.0,RMDVL,False
25474357,25474347.0,5.0,3342.0,5308.5,1396.0,-1.0,128.0,1762397362.0,RMDVL,False
25474348,25474346.0,5.0,3298.0,5574.5,1396.0,-1.0,128.0,1768857188.0,RMDVL,False
25393439,25393440.0,5.0,6110.0,4433.77,1396.0,-1.0,128.0,1762406230.0,RMDVL,False
v_25454659_1396,25454658.0,,3635.0,3230.5,1396.0,,,,RMDVL,True
25454852,25454851.0,5.0,4289.0,5950.5,1397.0,-1.0,128.0,1761321564.0,RMDVL,False
25474346,25474344.0,5.0,3238.0,5542.5,1397.0,-1.0,128.0,1762397321.0,RMDVL,False
25454658,25454657.0,5.0,3580.0,3248.5,1397.0,-1.0,128.0,1761317426.0,RMDVL,False
25474347,25474344.0,5.0,3334.0,5254.5,1397.0,-1.0,128.0,1762397323.0,RMDVL,False
25393438,25393439.0,5.0,6106.0,4411.77,1397.0,-1.0,128.0,1762406230.0,RMDVL,False
25474030,25474029.0,5.0,5514.5,5485.6,1397.0,-1.0,128.0,1762394835.0,RMDVR,False
25474051,25474050.0,5.0,5866.5,4151.6,1397.0,-1.0,128.0,1762394960.0,RMDVR,False
25474328,25474327.0,5.0,4764.5,5761.6,1397.0,-1.0,128.0,1762397132.0,RMDVR,False
25477015,25477014.0,5.0,3003.5,4373.6,1397.0,-1.0,128.0,1762542815.0,RMDVR,False
25474173,25474172.0,5.0,4466.5,5889.6,1397.0,-1.0,128.0,1762396576.0,RMDVR,False
v_25553123_1397,25474285.0,,2600.5,4481.601250000001,1397.0,,,,RMDVR,True
25393437,25393438.0,5.0,6090.0,4387.77,1398.0,-1.0,128.0,1762406230.0,RMDVL,False
25474029,25474028.0,5.0,5506.5,5569.6,1398.0,-1.0,128.0,1762394834.0,RMDVR,False
25454657,25454656.0,5.0,3568.0,3260.5,1398.0,-1.0,128.0,1761317425.0,RMDVL,False
25474172,25474171.0,5.0,4440.5,5929.6,1398.0,-1.0,128.0,1762396570.0,RMDVR,False
25477016,25477015.0,5.0,3017.5,4375.6,1398.0,-1.0,128.0,1762542821.0,RMDVR,False
25553123,v_25553123_1397,5.0,2606.5,4486.935,1398.0,-1.0,128.0,1769487034.0,RMDVR,False
25454851,25454850.0,5.0,4287.0,5918.5,1398.0,-1.0,128.0,1761321563.0,RMDVL,False
25474344,25474343.0,5.0,3222.0,5466.5,1398.0,-1.0,128.0,1762397309.0,RMDVL,False
25474327,25474326.0,5.0,4722.5,5861.6,1398.0,-1.0,128.0,1762397127.0,RMDVR,False
25454850,25454849.0,5.0,4293.0,5952.5,1399.0,-1.0,128.0,1761321557.0,RMDVL,False
25474343,v_25474343_1400,5.0,3166.0,5418.5,1399.0,-1.0,128.0,1762397295.0,RMDVL,False
25474345,25474344.0,5.0,3382.0,5690.5,1399.0,-1.0,128.0,1762397311.0,RMDVL,False
25393436,25393437.0,5.0,6104.0,4333.77,1399.0,-1.0,128.0,1762406230.0,RMDVL,False
25454656,,5.0,3368.0,3376.5,1399.0,-1.0,128.0,1761317410.0,RMDVL,False
25474204,25474203.0,5.0,4319.95,6143.4,1399.0,-1.0,128.0,1762542442.0,RMDVR,False
25474171,25473989.0,5.0,4424.5,5997.6,1399.0,-1.0,128.0,1762396566.0,RMDVR,False
25474028,v_25474028_1400,5.0,5462.5,5629.6,1399.0,-1.0,128.0,1762394831.0,RMDVR,False
25474286,25553123.0,5.0,2618.5,4497.6,1399.0,-1.0,128.0,1769487034.0,RMDVR,False
25477017,25477016.0,5.0,3071.5,4417.6,1399.0,-1.0,128.0,1762542825.0,RMDVR,False
25474326,25474325.0,5.0,4744.5,5951.6,1399.0,-1.0,128.0,1762397125.0,RMDVR,False
v_25474028_1400,25474027.0,,5466.5,5635.6,1400.0,,,,RMDVR,True
v_25474287_1400,25474286.0,,2611.3,4478.400000000001,1400.0,,,,RMDVR,True
v_25474343_1400,v_25474343_1401,,3156.6666666666665,5422.5,1400.0,,,,RMDVL,True
25474325,25474324.0,5.0,4750.5,5989.6,1400.0,-1.0,128.0,1762397123.0,RMDVR,False
25477018,25477017.0,5.0,3085.5,4443.6,1400.0,-1.0,128.0,1762542827.0,RMDVR,False
25473989,,5.0,4440.5,5976.6,1400.0,-1.0,128.0,1762394653.0,RMDVR,False
25474191,25474190.0,5.0,5092.5,5602.6,1400.0,-1.0,128.0,1762396659.0,RMDVR,False
25474203,25474202.0,5.0,4320.5,6139.6,1400.0,-1.0,128.0,1762396688.0,RMDVR,False
25454849,25454848.0,5.0,4293.0,5952.5,1400.0,-1.0,128.0,1761321556.0,RMDVL,False
25454673,25454656.0,5.0,3360.0,3392.5,1400.0,-1.0,128.0,1761317545.0,RMDVL,False
25474362,25474345.0,5.0,3388.0,5709.5,1400.0,-1.0,128.0,1762397389.0,RMDVL,False
25393435,25393436.0,5.0,6096.0,4307.77,1400.0,-1.0,128.0,1762406230.0,RMDVL,False
25477019,25477018.0,5.0,3085.5,4455.6,1401.0,-1.0,128.0,1762542828.0,RMDVR,False
25474027,25474026.0,5.0,5470.5,5641.6,1401.0,-1.0,128.0,1762394829.0,RMDVR,False
25474190,25474189.0,5.0,5098.5,5590.6,1401.0,-1.0,128.0,1762396657.0,RMDVR,False
25474202,25474201.0,5.0,4312.5,6147.6,1401.0,-1.0,128.0,1762396686.0,RMDVR,False
25474324,25558793.0,5.0,4742.5,5981.6,1401.0,-1.0,128.0,1771620728.0,RMDVR,False
v_25474287_1401,v_25474287_1401,,2608.9,4472.0,1401.0,,,,RMDVR,True
v_25473990_1401,25473989.0,,4432.1,5964.6,1401.0,,,,RMDVR,True
v_25454674_1401,25454673.0,,3348.0,3401.5,1401.0,,,,RMDVL,True
v_25474343_1401,25474342.0,,3147.333333333333,5426.5,1401.0,,,,RMDVL,True
v_25474363_1401,25474362.0,,3397.0,5712.5,1401.0,,,,RMDVL,True
v_25393434_1401,25393435.0,,6093.0,4298.77,1401.0,,,,RMDVL,True
25454848,v_25454848_1402,5.0,4279.0,5938.5,1401.0,-1.0,128.0,1771383858.0,RMDVL,False
25474342,25558829.0,5.0,3138.0,5430.5,1402.0,-1.0,128.0,1771656154.0,RMDVL,False
v_25454848_1402,25558019.0,,4268.5,5929.0,1402.0,,,,RMDVL,True
25474363,v_25474363_1401,5.0,3400.0,5713.5,1402.0,-1.0,128.0,1762397390.0,RMDVL,False
25454674,v_25454674_1401,5.0,3344.0,3404.5,1402.0,-1.0,128.0,1761317546.0,RMDVL,False
25393434,v_25393434_1401,5.0,6092.0,4295.77,1402.0,-1.0,128.0,1762406230.0,RMDVL,False
25477020,25477019.0,5.0,3069.5,4455.6,1402.0,-1.0,128.0,1762542831.0,RMDVR,False
25558793,25474323.0,5.0,4755.5,5997.6,1402.0,-1.0,128.0,1771620728.0,RMDVR,False
25474201,25474200.0,5.0,4308.5,6111.6,1402.0,-1.0,128.0,1762396685.0,RMDVR,False
25474189,25474188.0,5.0,5100.5,5588.6,1402.0,-1.0,128.0,1762396656.0,RMDVR,False
25474026,25474025.0,5.0,5450.5,5641.6,1402.0,-1.0,128.0,1762394828.0,RMDVR,False
25474287,v_25474287_1400,5.0,2606.5,4465.6,1402.0,-1.0,128.0,1762397013.0,RMDVR,False
v_25473990_1402,v_25473990_1402,,4429.3,5960.6,1402.0,,,,RMDVR,True
v_25474288_1403,25474287.0,,2621.5,4441.6,1403.0,,,,RMDVR,True
25473990,v_25473990_1401,5.0,4426.5,5956.6,1403.0,-1.0,128.0,1762394665.0,RMDVR,False
25474323,25473993.0,5.0,4768.5,6013.6,1403.0,-1.0,128.0,1762397115.0,RMDVR,False
25474025,v_25474025_1404,5.0,5438.5,5633.6,1403.0,-1.0,128.0,1762394827.0,RMDVR,False
25474188,25474187.0,5.0,5106.5,5574.6,1403.0,-1.0,128.0,1762396655.0,RMDVR,False
25474200,25474199.0,5.0,4320.5,6081.6,1403.0,-1.0,128.0,1762396684.0,RMDVR,False
v_25454675_1403,25454674.0,,3323.0,3431.5,1403.0,,,,RMDVL,True
25393433,25393434.0,5.0,6090.0,4281.77,1403.0,-1.0,128.0,1762406230.0,RMDVL,False
25558019,v_25558019_1404,5.0,4258.0,5919.5,1403.0,-1.0,128.0,1771383858.0,RMDVL,False
25558829,v_25558829_1404,5.0,3138.0,5433.15,1403.0,-1.0,128.0,1771656154.0,RMDVL,False
v_25474364_1403,25474363.0,,3409.0,5692.5,1403.0,,,,RMDVL,True
v_25558829_1404,25474341.0,,3138.0,5435.825,1404.0,,,,RMDVL,True
v_25474025_1404,v_25474025_1405,,5433.166666666667,5638.933333333333,1404.0,,,,RMDVR,True
v_25558019_1404,25454847.0,,4247.5,5910.0,1404.0,,,,RMDVL,True
25474288,v_25474288_1403,5.0,2626.5,4433.6,1404.0,-1.0,128.0,1762397014.0,RMDVR,False
25474199,25474198.0,5.0,4318.5,6037.6,1404.0,-1.0,128.0,1762396684.0,RMDVR,False
25474187,25474186.0,5.0,5114.5,5558.6,1404.0,-1.0,128.0,1762396653.0,RMDVR,False
25473993,25473992.0,5.0,4752.5,6012.6,1404.0,-1.0,128.0,1762394675.0,RMDVR,False
25473991,25473990.0,5.0,4428.5,5944.6,1404.0,-1.0,128.0,1762394666.0,RMDVR,False
25454675,v_25454675_1403,5.0,3316.0,3440.5,1404.0,-1.0,128.0,1761317547.0,RMDVL,False
25474364,v_25474364_1403,5.0,3412.0,5685.5,1404.0,-1.0,128.0,1762397392.0,RMDVL,False
25393432,25393433.0,5.0,6082.0,4257.77,1404.0,-1.0,128.0,1762406230.0,RMDVL,False
v_25474289_1405,25474288.0,,2623.5,4430.6,1405.0,,,,RMDVR,True
v_25474025_1405,25474024.0,,5427.833333333333,5644.266666666667,1405.0,,,,RMDVR,True
25473992,25473991.0,5.0,4584.5,5906.6,1405.0,-1.0,128.0,1762394680.0,RMDVR,False
25393431,25393432.0,5.0,6084.0,4235.77,1405.0,-1.0,128.0,1762406230.0,RMDVL,False
25474341,25553131.0,5.0,3138.0,5438.5,1405.0,-1.0,128.0,1769487139.0,RMDVL,False
25454676,25454675.0,5.0,3292.0,3468.5,1405.0,-1.0,128.0,1761317550.0,RMDVL,False
25454847,25454846.0,5.0,4237.0,5900.5,1405.0,-1.0,128.0,1761321551.0,RMDVL,False
25474365,25474364.0,5.0,3422.0,5671.5,1405.0,-1.0,128.0,1762397393.0,RMDVL,False
25474198,25474197.0,5.0,4312.5,6027.6,1405.0,-1.0,128.0,1762396683.0,RMDVR,False
25474186,25474185.0,5.0,5122.5,5544.6,1405.0,-1.0,128.0,1762396652.0,RMDVR,False
25474185,v_25474185_1407,5.0,5126.5,5532.6,1406.0,-1.0,128.0,1762396649.0,RMDVR,False
25474024,25474023.0,5.0,5422.5,5649.6,1406.0,-1.0,128.0,1762394825.0,RMDVR,False
25474289,v_25474289_1405,5.0,2622.5,4429.6,1406.0,-1.0,128.0,1762397015.0,RMDVR,False
25474197,25474196.0,5.0,4304.5,6023.6,1406.0,-1.0,128.0,1762396680.0,RMDVR,False
v_25454677_1406,25454676.0,,3262.0,3516.5,1406.0,,,,RMDVL,True
25553131,25474340.0,5.0,3150.0,5420.5,1406.0,-1.0,128.0,1769487139.0,RMDVL,False
25393430,25393431.0,5.0,6090.0,4213.77,1406.0,-1.0,128.0,1762406230.0,RMDVL,False
25454846,v_25454846_1407,5.0,4225.0,5872.5,1406.0,-1.0,128.0,1761321545.0,RMDVL,False
25474366,25474365.0,5.0,3444.0,5673.5,1406.0,-1.0,128.0,1762397396.0,RMDVL,False
25473994,25473992.0,5.0,4592.5,5914.6,1406.0,-1.0,128.0,1762394681.0,RMDVR,False
v_25454846_1407,v_25454846_1408,,4222.333333333333,5871.833333333333,1407.0,,,,RMDVL,True
25473995,25473994.0,5.0,4640.5,5918.6,1407.0,-1.0,128.0,1762394683.0,RMDVR,False
25474196,v_25474196_1408,5.0,4304.5,6009.6,1407.0,-1.0,128.0,1762396680.0,RMDVR,False
25474023,v_25474023_1408,5.0,5418.5,5619.6,1407.0,-1.0,128.0,1771619977.0,RMDVR,False
25474340,25474339.0,5.0,3162.0,5402.5,1407.0,-1.0,128.0,1762397291.0,RMDVL,False
25393429,25393430.0,5.0,6092.0,4173.77,1407.0,-1.0,128.0,1762406230.0,RMDVL,False
25454677,v_25454677_1406,5.0,3252.0,3532.5,1407.0,-1.0,128.0,1761317552.0,RMDVL,False
v_25474185_1407,25474184.0,,5132.5,5523.6,1407.0,,,,RMDVR,True
v_25474290_1407,25474289.0,,2616.5,4423.6,1407.0,,,,RMDVR,True
25393428,25393429.0,5.0,6096.0,4131.77,1408.0,-1.0,128.0,1762406230.0,RMDVL,False
v_25454678_1408,25454677.0,,3198.0,3592.5,1408.0,,,,RMDVL,True
25474184,25474183.0,5.0,5138.5,5514.6,1408.0,-1.0,128.0,1762396647.0,RMDVR,False
25474339,25474338.0,5.0,3106.0,5338.5,1408.0,-1.0,128.0,1762397289.0,RMDVL,False
v_25474023_1408,25474022.0,,5410.5,5624.6,1408.0,,,,RMDVR,True
25454840,25454839.0,5.0,3937.0,5892.5,1408.0,-1.0,128.0,1761321530.0,RMDVL,False
25473996,25473995.0,5.0,4660.5,5930.6,1408.0,-1.0,128.0,1762394684.0,RMDVR,False
25474290,v_25474290_1407,5.0,2614.5,4421.6,1408.0,-1.0,128.0,1762397017.0,RMDVR,False
v_25454846_1408,25454845.0,,4219.666666666667,5871.166666666667,1408.0,,,,RMDVL,True
v_25474196_1408,25474195.0,,4303.5,6016.6,1408.0,,,,RMDVR,True
25454845,v_25454845_1410,5.0,4217.0,5870.5,1409.0,-1.0,128.0,1761321544.0,RMDVL,False
25454839,v_25454839_1410,5.0,3937.0,5888.5,1409.0,-1.0,128.0,1761321529.0,RMDVL,False
25473997,25473996.0,5.0,4716.5,5982.6,1409.0,-1.0,128.0,1762394698.0,RMDVR,False
25474195,25558331.0,5.0,4302.5,6023.6,1409.0,-1.0,128.0,1771475325.0,RMDVR,False
v_25474291_1409,25474290.0,,2610.5,4409.6,1409.0,,,,RMDVR,True
25474183,v_25474183_1410,5.0,5148.5,5508.6,1409.0,-1.0,128.0,1762396646.0,RMDVR,False
25474338,25553135.0,5.0,3030.0,5186.5,1409.0,-1.0,128.0,1769487207.0,RMDVL,False
25454678,v_25454678_1408,5.0,3180.0,3612.5,1409.0,-1.0,128.0,1761317553.0,RMDVL,False
25393427,25393428.0,5.0,6116.0,4097.77,1409.0,-1.0,128.0,1762406230.0,RMDVL,False
25474022,25474021.0,5.0,5402.5,5629.6,1409.0,-1.0,128.0,1762394822.0,RMDVR,False
v_25474291_1410,v_25474291_1411,,2609.1666666666665,4405.6,1410.0,,,,RMDVR,True
25474021,v_25474021_1411,5.0,5370.5,5649.6,1410.0,-1.0,128.0,1762394816.0,RMDVR,False
v_25474183_1410,25474182.0,,5146.5,5501.6,1410.0,,,,RMDVR,True
25553135,25474337.0,5.0,3024.0,5162.5,1410.0,-1.0,128.0,1769487207.0,RMDVL,False
25393426,25393427.0,5.0,6122.0,4063.77,1410.0,-1.0,128.0,1762406230.0,RMDVL,False
25558331,25474194.0,5.0,4311.585,6042.25,1410.0,-1.0,128.0,1771475325.0,RMDVR,False
25473999,25473997.0,5.0,4730.5,6028.6,1410.0,-1.0,128.0,1762394702.0,RMDVR,False
25473998,25473997.0,5.0,4944.5,5812.6,1410.0,-1.0,128.0,1762394704.0,RMDVR,False
v_25454839_1410,25454838.0,,3933.0,5882.5,1410.0,,,,RMDVL,True
v_25454845_1410,25454844.0,,4211.0,5870.5,1410.0,,,,RMDVL,True
25454679,25454678.0,5.0,3163.0,3636.5,1410.0,-1.0,128.0,1761317561.0,RMDVL,False
v_25474291_1411,v_25474291_1410,,2607.833333333333,4401.6,1411.0,,,,RMDVR,True
25474337,25474336.0,5.0,3018.0,5138.5,1411.0,-1.0,128.0,1762397285.0,RMDVL,False
25393425,25393426.0,5.0,6148.0,4017.77,1411.0,-1.0,128.0,1762406230.0,RMDVL,False
25454844,25454843.0,5.0,4205.0,5870.5,1411.0,-1.0,128.0,1761321543.0,RMDVL,False
25454838,25454837.0,5.0,3929.0,5876.5,1411.0,-1.0,128.0,1761321528.0,RMDVL,False
25474000,25473999.0,5.0,4696.68,5996.95,1411.0,-1.0,128.0,1766512824.0,RMDVR,False
25474194,25474193.0,5.0,4320.675,6060.95,1411.0,-1.0,128.0,1766512826.0,RMDVR,False
25474182,25474181.0,5.0,5144.5,5494.6,1411.0,-1.0,128.0,1762396644.0,RMDVR,False
v_25454680_1411,25454679.0,,3139.0,3662.0,1411.0,,,,RMDVL,True
v_25474021_1411,25474020.0,,5368.5,5657.6,1411.0,,,,RMDVR,True
v_25477021_1411,25473998.0,,4933.25,5769.1,1411.0,,,,RMDVR,True
25393424,25393425.0,5.0,6188.0,3937.77,1412.0,-1.0,128.0,1762406230.0,RMDVL,False
25474181,25474180.0,5.0,5146.5,5486.6,1412.0,-1.0,128.0,1762396643.0,RMDVR,False
25474193,25474192.0,5.0,4310.5,6095.6,1412.0,-1.0,128.0,1762396676.0,RMDVR,False
25474291,v_25474291_1409,5.0,2606.5,4397.6,1412.0,-1.0,128.0,1762397019.0,RMDVR,False
25477021,v_25477021_1411,5.0,4929.5,5754.6,1412.0,-1.0,128.0,1762546217.0,RMDVR,False
25454680,v_25454680_1411,5.0,3131.0,3670.5,1412.0,-1.0,128.0,1761317563.0,RMDVL,False
25474020,25474019.0,5.0,5366.5,5665.6,1412.0,-1.0,128.0,1762394815.0,RMDVR,False
25552497,25474000.0,5.0,4697.29,5999.5,1412.0,-1.0,128.0,1769205453.0,RMDVR,False
25474336,25474335.0,5.0,3006.0,5110.5,1412.0,-1.0,128.0,1762397284.0,RMDVL,False
25454837,25454836.0,5.0,3921.0,5876.5,1412.0,-1.0,128.0,1761321526.0,RMDVL,False
25454843,25454842.0,5.0,4207.0,5880.5,1412.0,-1.0,128.0,1761321542.0,RMDVL,False
25558797,25477021.0,5.0,4932.51,5738.6,1413.0,-1.0,128.0,1771620901.0,RMDVR,False
25552493,25552497.0,5.0,4697.895,6002.05,1413.0,-1.0,128.0,1769205453.0,RMDVR,False
v_25474292_1413,25474291.0,,2608.9,4376.0,1413.0,,,,RMDVR,True
25474192,25474003.0,5.0,4320.5,6119.6,1413.0,-1.0,128.0,1762396675.0,RMDVR,False
25474180,25474179.0,5.0,5154.5,5480.6,1413.0,-1.0,128.0,1762396642.0,RMDVR,False
25474019,25474018.0,5.0,5366.5,5665.6,1413.0,-1.0,128.0,1762394814.0,RMDVR,False
25454836,25454835.0,5.0,3935.0,5896.5,1413.0,-1.0,128.0,1761321519.0,RMDVL,False
25454842,25454841.0,5.0,4199.0,5880.5,1413.0,-1.0,128.0,1761321541.0,RMDVL,False
25454863,v_25454863_1414,5.0,4624.0,5802.5,1413.0,-1.0,128.0,1761321615.0,RMDVL,False
25474335,25474334.0,5.0,2966.0,5070.5,1413.0,-1.0,128.0,1762397283.0,RMDVL,False
25454685,25454680.0,5.0,3123.0,3702.5,1413.0,-1.0,128.0,1761317993.0,RMDVL,False
25393423,25393424.0,5.0,6206.0,3887.77,1413.0,-1.0,128.0,1762406230.0,RMDVL,False
v_25474292_1414,v_25474292_1414,,2609.7,4368.8,1414.0,,,,RMDVR,True
v_25454863_1414,25454862.0,,4620.0,5800.5,1414.0,,,,RMDVL,True
25477022,25558797.0,5.0,4925.5,5726.6,1414.0,-1.0,128.0,1771620901.0,RMDVR,False
25474001,25552493.0,5.0,4698.5,6004.6,1414.0,-1.0,128.0,1769204821.0,RMDVR,False
25474179,25474017.0,5.0,5170.5,5484.6,1414.0,-1.0,128.0,1762396641.0,RMDVR,False
25474018,25474015.0,5.0,5370.5,5673.6,1414.0,-1.0,128.0,1762394813.0,RMDVR,False
25393422,25393423.0,5.0,6210.0,3861.77,1414.0,-1.0,128.0,1762406230.0,RMDVL,False
25474003,25474002.0,5.0,4348.5,6118.6,1414.0,-1.0,128.0,1762394718.0,RMDVR,False
25454841,25454834.0,5.0,4179.0,5880.5,1414.0,-1.0,128.0,1761321540.0,RMDVL,False
25454681,25454685.0,5.0,3109.0,3696.5,1414.0,-1.0,128.0,1761317993.0,RMDVL,False
25474334,25454694.0,5.0,2950.0,5006.5,1414.0,-1.0,128.0,1762397282.0,RMDVL,False
25454835,25454833.0,5.0,3895.0,5932.5,1414.0,-1.0,128.0,1761321516.0,RMDVL,False
25474017,25474016.0,5.0,5150.5,5489.6,1415.0,-1.0,128.0,1762394804.0,RMDVR,False
25454862,25454861.0,5.0,4616.0,5798.5,1415.0,-1.0,128.0,1761321613.0,RMDVL,False
25454833,25454832.0,5.0,3849.0,5974.5,1415.0,-1.0,128.0,1761321502.0,RMDVL,False
25454834,25454832.0,5.0,4163.0,5892.5,1415.0,-1.0,128.0,1761321506.0,RMDVL,False
25474015,25474016.0,5.0,5330.5,5617.6,1415.0,-1.0,128.0,1762394803.0,RMDVR,False
25474002,25474001.0,5.0,4596.5,6046.6,1415.0,-1.0,128.0,1762394720.0,RMDVR,False
25393421,25393422.0,5.0,6238.0,3831.77,1415.0,-1.0,128.0,1762406230.0,RMDVL,False
25474292,v_25474292_1413,5.0,2610.5,4361.6,1415.0,-1.0,128.0,1762397020.0,RMDVR,False
25477023,25477022.0,5.0,4929.5,5724.6,1415.0,-1.0,128.0,1762546220.0,RMDVR,False
25454694,25454693.0,5.0,2907.0,4878.5,1415.0,-1.0,128.0,1761320925.0,RMDVL,False
25454682,25454681.0,5.0,3093.0,3770.5,1415.0,-1.0,128.0,1761317567.0,RMDVL,False
25474016,25474014.0,5.0,5326.5,5615.6,1416.0,-1.0,128.0,1762394803.0,RMDVR,False
25474004,25474002.0,5.0,4584.5,6068.6,1416.0,-1.0,128.0,1762394721.0,RMDVR,False
25454832,v_25454832_1417,5.0,3947.0,5926.5,1416.0,-1.0,128.0,1761321504.0,RMDVL,False
25454861,25454860.0,5.0,4594.0,5812.5,1416.0,-1.0,128.0,1761321612.0,RMDVL,False
v_25477024_1416,25477023.0,,4929.5,5685.6,1416.0,,,,RMDVR,True
v_25554235_1416,25474292.0,,2616.5,4349.6,1416.0,,,,RMDVR,True
25454695,25454694.0,5.0,3099.0,5338.5,1416.0,-1.0,128.0,1761320934.0,RMDVL,False
25454693,25454692.0,5.0,2887.0,4388.5,1416.0,-1.0,128.0,1761320919.0,RMDVL,False
25454683,25454682.0,5.0,3079.0,3778.5,1416.0,-1.0,128.0,1761317568.0,RMDVL,False
v_25393420_1416,25393421.0,,6259.0,3822.77,1416.0,,,,RMDVL,True
v_25454832_1417,25454831.0,,3919.0,5978.5,1417.0,,,,RMDVL,True
25474014,v_25474014_1418,5.0,5322.5,5613.6,1417.0,-1.0,128.0,1762394794.0,RMDVR,False
25477024,v_25477024_1416,5.0,4929.5,5672.6,1417.0,-1.0,128.0,1762546221.0,RMDVR,False
25554235,v_25554235_1416,5.0,2618.5,4345.6,1417.0,-1.0,128.0,1769640253.0,RMDVR,False
25552489,25474004.0,5.0,4609.5,6080.6,1417.0,-1.0,128.0,1769204789.0,RMDVR,False
25393420,v_25393420_1416,5.0,6266.0,3819.77,1417.0,-1.0,128.0,1762406230.0,RMDVL,False
25454696,25454695.0,5.0,3182.0,5456.5,1417.0,-1.0,128.0,1761320958.0,RMDVL,False
25454692,25454687.0,5.0,2905.0,4350.5,1417.0,-1.0,128.0,1761320918.0,RMDVL,False
25454860,25454859.0,5.0,4592.0,5816.5,1417.0,-1.0,128.0,1761321611.0,RMDVL,False
25474367,25454683.0,5.0,3058.0,3800.5,1417.0,-1.0,128.0,1762397446.0,RMDVL,False
25454687,25454686.0,5.0,2901.0,4266.5,1418.0,-1.0,128.0,1761318005.0,RMDVL,False
25454697,25454696.0,5.0,3250.0,5516.5,1418.0,-1.0,128.0,1761320965.0,RMDVL,False
25393419,25393420.0,5.0,6274.0,3815.77,1418.0,-1.0,128.0,1762406230.0,RMDVL,False
25454831,25558814.0,5.0,3891.0,6030.5,1418.0,-1.0,128.0,1771655940.0,RMDVL,False
25454684,25474367.0,5.0,3031.0,3826.5,1418.0,-1.0,128.0,1762397446.0,RMDVL,False
25454859,25454858.0,5.0,4628.0,5862.5,1418.0,-1.0,128.0,1761321609.0,RMDVL,False
25474293,25554235.0,5.0,2622.5,4337.6,1418.0,-1.0,128.0,1769640253.0,RMDVR,False
25474005,25552489.0,5.0,4634.5,6092.6,1418.0,-1.0,128.0,1769204789.0,RMDVR,False
v_25474014_1418,25474013.0,,5314.5,5581.6,1418.0,,,,RMDVR,True
25454698,25454697.0,5.0,3286.0,5568.5,1419.0,-1.0,128.0,1761320966.0,RMDVL,False
25454686,25454684.0,5.0,2929.0,4042.5,1419.0,-1.0,128.0,1761318003.0,RMDVL,False
25393416,25393415.0,5.0,6678.0,3747.77,1419.0,-1.0,128.0,1762406230.0,RMDVL,False
25454858,25454857.0,5.0,4654.0,5978.5,1419.0,-1.0,128.0,1761321608.0,RMDVL,False
25393418,25393419.0,5.0,6292.0,3827.77,1419.0,-1.0,128.0,1762406230.0,RMDVL,False
25558814,25454830.0,5.0,3893.0,6033.5,1419.0,-1.0,128.0,1771655940.0,RMDVL,False
25474294,25474293.0,5.0,2622.5,4333.6,1419.0,-1.0,128.0,1762397024.0,RMDVR,False
25474006,25474005.0,5.0,4662.5,6110.6,1419.0,-1.0,128.0,1762394731.0,RMDVR,False
25474013,25474012.0,5.0,5306.5,5549.6,1419.0,-1.0,128.0,1762394792.0,RMDVR,False
25488689,25488688.0,5.0,4336.55,6030.2,1419.0,-1.0,128.0,1763149360.0,RMDVR,False
25551186,25551185.0,5.0,5023.0,5549.75,1420.0,-1.0,128.0,1768855797.0,RMDVR,False
25474007,25474006.0,5.0,4670.5,6124.6,1420.0,-1.0,128.0,1771620075.0,RMDVR,False
25454830,25454827.0,5.0,3895.0,6036.5,1420.0,-1.0,128.0,1761321488.0,RMDVL,False
25454857,25454828.0,5.0,4630.0,6018.5,1420.0,-1.0,128.0,1761321604.0,RMDVL,False
25393415,25393414.0,5.0,6662.0,3755.77,1420.0,-1.0,128.0,1762406230.0,RMDVL,False
25454699,25454698.0,5.0,3346.0,5644.5,1420.0,-1.0,128.0,1761320968.0,RMDVL,False
25454688,25454686.0,5.0,2929.0,4070.5,1420.0,-1.0,128.0,1761318012.0,RMDVL,False
25474295,25474294.0,5.0,2622.5,4321.6,1420.0,-1.0,128.0,1762397026.0,RMDVR,False
v_25393417_1420,25393418.0,,6316.0,3820.27,1420.0,,,,RMDVL,True
25474012,25474011.0,5.0,5306.5,5553.6,1420.0,-1.0,128.0,1762394791.0,RMDVR,False
25488688,25488687.0,5.0,4334.55,6042.2,1420.0,-1.0,128.0,1763149358.0,RMDVR,False
25488686,25488685.0,5.0,4158.55,6040.2,1420.0,-1.0,128.0,1763149349.0,RMDVR,False
25474008,25474007.0,5.0,4310.5,6121.6,1421.0,-1.0,128.0,1762396466.0,RMDVR,False
25474296,25474295.0,5.0,2618.5,4293.6,1421.0,-1.0,128.0,1762397026.0,RMDVR,False
25474009,25474007.0,5.0,4758.5,6018.6,1421.0,-1.0,128.0,1762394741.0,RMDVR,False
25474011,25474010.0,5.0,5316.5,5516.6,1421.0,-1.0,128.0,1762394762.0,RMDVR,False
25454829,25454826.0,5.0,4277.0,6216.5,1421.0,-1.0,128.0,1761321480.0,RMDVL,False
25551185,25551187.0,5.0,5013.0,5527.75,1421.0,-1.0,128.0,1768855802.0,RMDVR,False
25454689,25454688.0,5.0,2929.0,4070.5,1421.0,-1.0,128.0,1761318013.0,RMDVL,False
25454700,25454699.0,5.0,3342.0,5644.5,1421.0,-1.0,128.0,1761320969.0,RMDVL,False
25454828,25454826.0,5.0,4605.0,6046.5,1421.0,-1.0,128.0,1761321476.0,RMDVL,False
25454827,25454826.0,5.0,3905.0,6076.5,1421.0,-1.0,128.0,1761321474.0,RMDVL,False
25488685,25488683.0,5.0,4158.55,6048.2,1421.0,-1.0,128.0,1763149348.0,RMDVR,False
25488687,25488684.0,5.0,4334.55,6058.2,1421.0,-1.0,128.0,1763149357.0,RMDVR,False
25393417,v_25393417_1420,5.0,6324.0,3817.77,1421.0,-1.0,128.0,1762406230.0,RMDVL,False
25393414,25393412.0,5.0,6650.0,3757.77,1421.0,-1.0,128.0,1762406230.0,RMDVL,False
25488684,25488682.0,5.0,4356.55,6046.2,1422.0,-1.0,128.0,1763149343.0,RMDVR,False
25488683,25488682.0,5.0,4154.55,6048.2,1422.0,-1.0,128.0,1763149341.0,RMDVR,False
25474297,25474296.0,5.0,2622.5,4281.6,1422.0,-1.0,128.0,1762397027.0,RMDVR,False
25474158,25474008.0,5.0,4424.5,6063.6,1422.0,-1.0,128.0,1762396467.0,RMDVR,False
25474157,25474008.0,5.0,4232.5,6017.6,1422.0,-1.0,128.0,1762396465.0,RMDVR,False
25454826,25454823.0,5.0,4259.0,6186.5,1422.0,-1.0,128.0,1761321465.0,RMDVL,False
25454701,25454700.0,5.0,3338.0,5644.5,1422.0,-1.0,128.0,1761320970.0,RMDVL,False
25393412,25393411.0,5.0,6626.0,3743.77,1422.0,-1.0,128.0,1762406230.0,RMDVL,False
25393413,25393417.0,5.0,6352.0,3815.77,1422.0,-1.0,128.0,1762406230.0,RMDVL,False
25551187,25551184.0,5.0,5008.0,5514.75,1422.0,-1.0,128.0,1768855802.0,RMDVR,False
25558780,25558779.0,5.0,4828.55,5568.2,1422.0,-1.0,128.0,1771620363.0,RMDVR,False
25474010,25474009.0,5.0,5018.5,5764.6,1422.0,-1.0,128.0,1762394756.0,RMDVR,False
25488603,25474010.0,5.0,5052.55,5744.2,1423.0,-1.0,128.0,1763149032.0,RMDVR,False
25474298,25474297.0,5.0,2622.5,4249.6,1423.0,-1.0,128.0,1762397029.0,RMDVR,False
25558779,25488604.0,5.0,4834.55,5572.2,1423.0,-1.0,128.0,1771620362.0,RMDVR,False
25551184,25551183.0,5.0,5003.0,5501.75,1423.0,-1.0,128.0,1768855796.0,RMDVR,False
25393411,25393413.0,5.0,6614.0,3739.77,1423.0,-1.0,128.0,1762406230.0,RMDVL,False
25454702,25454701.0,5.0,3326.0,5668.5,1423.0,-1.0,128.0,1761320971.0,RMDVL,False
25454823,25454821.0,5.0,4277.0,6178.5,1423.0,-1.0,128.0,1761321443.0,RMDVL,False
25474163,25474158.0,5.0,4426.5,6056.6,1423.0,-1.0,128.0,1762396498.0,RMDVR,False
25474159,25474157.0,5.0,4238.5,6009.6,1423.0,-1.0,128.0,1762396472.0,RMDVR,False
25488941,25488940.0,5.0,4478.55,5980.2,1423.0,-1.0,128.0,1763150263.0,RMDVR,False
25488682,25488681.0,5.0,4232.55,6102.2,1423.0,-1.0,128.0,1763149339.0,RMDVR,False
25393410,25393411.0,5.0,6644.0,3717.77,1424.0,-1.0,128.0,1762406230.0,RMDVL,False
25454824,25454823.0,5.0,3691.0,6398.5,1424.0,-1.0,128.0,1761321453.0,RMDVL,False
25454821,25454820.0,5.0,4277.0,6182.5,1424.0,-1.0,128.0,1761321436.0,RMDVL,False
25454703,25454702.0,5.0,3326.0,5668.5,1424.0,-1.0,128.0,1761320972.0,RMDVL,False
25551183,25551182.0,5.0,5003.0,5499.75,1424.0,-1.0,128.0,1768855795.0,RMDVR,False
25488604,25488603.0,5.0,5048.55,5716.2,1424.0,-1.0,128.0,1763149036.0,RMDVR,False
25474299,25474298.0,5.0,2622.5,4233.6,1424.0,-1.0,128.0,1762397030.0,RMDVR,False
25488940,25488680.0,5.0,4470.55,6002.2,1424.0,-1.0,128.0,1763150262.0,RMDVR,False
v_25474160_1424,25474159.0,,4246.0,5996.1,1424.0,,,,RMDVR,True
25488681,25488608.0,5.0,4242.55,6088.2,1424.0,-1.0,128.0,1763149337.0,RMDVR,False
25474164,25474163.0,5.0,4420.5,6050.6,1424.0,-1.0,128.0,1762396499.0,RMDVR,False
25393409,25393410.0,5.0,6674.0,3697.77,1425.0,-1.0,128.0,1762406230.0,RMDVL,False
25474160,v_25474160_1424,5.0,4248.5,5991.6,1425.0,-1.0,128.0,1762396473.0,RMDVR,False
25488608,25488607.0,5.0,4260.55,6088.2,1425.0,-1.0,128.0,1763149052.0,RMDVR,False
25454820,25454707.0,5.0,3975.285,6025.2,1425.0,-1.0,128.0,1767737585.0,RMDVL,False
25488605,25488604.0,5.0,5068.55,5720.2,1425.0,-1.0,128.0,1763149037.0,RMDVR,False
25474165,25474164.0,5.0,4412.5,6048.6,1425.0,-1.0,128.0,1762396500.0,RMDVR,False
25454704,25454703.0,5.0,3346.0,5676.5,1425.0,-1.0,128.0,1761320973.0,RMDVL,False
25551182,25551181.0,5.0,5023.0,5499.75,1425.0,-1.0,128.0,1768855794.0,RMDVR,False
25488680,25488607.0,5.0,4466.55,6012.2,1425.0,-1.0,128.0,1763150260.0,RMDVR,False
25454822,25454821.0,5.0,4629.0,5962.5,1425.0,-1.0,128.0,1761321438.0,RMDVL,False
25454855,25454824.0,5.0,3684.0,6402.5,1425.0,-1.0,128.0,1761321592.0,RMDVL,False
25474300,25474299.0,5.0,2626.5,4205.6,1425.0,-1.0,128.0,1762397031.0,RMDVR,False
25474301,25474300.0,5.0,2622.5,4201.6,1426.0,-1.0,128.0,1762397033.0,RMDVR,False
25474166,25474165.0,5.0,4388.5,6040.6,1426.0,-1.0,128.0,1762396501.0,RMDVR,False
25488607,25488605.0,5.0,4872.55,5832.2,1426.0,-1.0,128.0,1763149049.0,RMDVR,False
25454706,25454704.0,5.0,3330.0,5684.5,1426.0,-1.0,128.0,1761320985.0,RMDVL,False
25454707,25454705.0,5.0,3922.0,6008.5,1426.0,-1.0,128.0,1761320992.0,RMDVL,False
25558778,25474160.0,5.0,4247.5,5984.6,1426.0,-1.0,128.0,1771620347.0,RMDVR,False
25551181,v_25551181_1427,5.0,4993.0,5469.75,1426.0,-1.0,128.0,1768855793.0,RMDVR,False
25454856,25454855.0,5.0,3694.0,6416.5,1426.0,-1.0,128.0,1761321594.0,RMDVL,False
25454864,25454822.0,5.0,4644.0,5932.5,1426.0,-1.0,128.0,1761321642.0,RMDVL,False
25393408,25393409.0,5.0,6754.0,3691.77,1426.0,-1.0,128.0,1762406230.0,RMDVL,False
25474161,25558778.0,5.0,4246.5,5977.6,1427.0,-1.0,128.0,1771620347.0,RMDVR,False
v_25551181_1427,25551180.0,,4999.0,5451.75,1427.0,,,,RMDVR,True
25488606,25488607.0,5.0,4868.55,5832.2,1427.0,-1.0,128.0,1763149058.0,RMDVR,False
25474302,25474301.0,5.0,2614.5,4201.6,1427.0,-1.0,128.0,1762397034.0,RMDVR,False
v_25474167_1427,25474166.0,,4362.1,6019.0,1427.0,,,,RMDVR,True
25454866,25454864.0,5.0,4664.0,5858.5,1427.0,-1.0,128.0,1761321647.0,RMDVL,False
25454865,25454864.0,5.0,4550.0,6018.5,1427.0,-1.0,128.0,1761321645.0,RMDVL,False
25393407,25393408.0,5.0,6812.0,3675.77,1427.0,-1.0,128.0,1762406230.0,RMDVL,False
25454705,25454706.0,5.0,3650.0,5984.5,1427.0,-1.0,128.0,1761320985.0,RMDVL,False
25474303,25474302.0,5.0,2614.5,4201.6,1428.0,-1.0,128.0,1762397035.0,RMDVR,False
25474162,25474161.0,5.0,4252.5,5975.6,1428.0,-1.0,128.0,1762396481.0,RMDVR,False
25551180,25551179.0,5.0,5005.0,5433.75,1428.0,-1.0,128.0,1768855792.0,RMDVR,False
v_25474167_1428,v_25474167_1428,,4353.3,6011.8,1428.0,,,,RMDVR,True
25488609,25488606.0,5.0,4868.55,5832.2,1428.0,-1.0,128.0,1763149059.0,RMDVR,False
25454867,25454866.0,5.0,4654.0,5824.5,1428.0,-1.0,128.0,1761321653.0,RMDVL,False
25454868,25454865.0,5.0,4528.0,6002.5,1428.0,-1.0,128.0,1761321661.0,RMDVL,False
25393406,25393407.0,5.0,6838.0,3691.77,1428.0,-1.0,128.0,1762406230.0,RMDVL,False
25454708,25454705.0,5.0,3642.0,5948.5,1428.0,-1.0,128.0,1761320997.0,RMDVL,False
25454709,25454708.0,5.0,3642.0,5948.5,1429.0,-1.0,128.0,1761320998.0,RMDVL,False
25393405,25393406.0,5.0,6840.0,3691.77,1429.0,-1.0,128.0,1762406230.0,RMDVL,False
25454869,25454868.0,5.0,4490.0,5996.5,1429.0,-1.0,128.0,1761321662.0,RMDVL,False
25474167,v_25474167_1427,5.0,4344.5,6004.6,1429.0,-1.0,128.0,1762396504.0,RMDVR,False
25558774,25488609.0,5.0,4860.55,5828.2,1429.0,-1.0,128.0,1771620307.0,RMDVR,False
25551179,25551178.0,5.0,4989.0,5423.75,1429.0,-1.0,128.0,1768855791.0,RMDVR,False
25474304,25474303.0,5.0,2622.5,4189.6,1429.0,-1.0,128.0,1762397037.0,RMDVR,False
25454710,25454709.0,5.0,3638.005,5936.5,1430.0,-1.0,128.0,1771639464.0,RMDVL,False
25393404,25393405.0,5.0,6844.0,3693.77,1430.0,-1.0,128.0,1762406230.0,RMDVL,False
25474168,25474167.0,5.0,4338.5,5994.6,1430.0,-1.0,128.0,1762396505.0,RMDVR,False
25474305,25474304.0,5.0,2634.5,4181.6,1430.0,-1.0,128.0,1762397038.0,RMDVR,False
25488610,25558774.0,5.0,4852.55,5824.2,1430.0,-1.0,128.0,1771620307.0,RMDVR,False
25551178,25551177.0,5.0,4967.0,5405.75,1430.0,-1.0,128.0,1768855790.0,RMDVR,False
25454870,25454869.0,5.0,4498.0,5992.5,1430.0,-1.0,128.0,1761321666.0,RMDVL,False
25474306,25474305.0,5.0,2638.5,4185.6,1431.0,-1.0,128.0,1762397039.0,RMDVR,False
25488611,25488610.0,5.0,4852.55,5824.2,1431.0,-1.0,128.0,1763149061.0,RMDVR,False
25551177,25488611.0,5.0,4969.0,5401.75,1431.0,-1.0,128.0,1768855788.0,RMDVR,False
25393403,25393404.0,5.0,6854.0,3699.77,1431.0,-1.0,128.0,1762406230.0,RMDVL,False
25454871,25454870.0,5.0,4488.0,5988.5,1431.0,-1.0,128.0,1761321667.0,RMDVL,False
25558796,25558795.0,5.0,4271.0,6003.6,1431.0,-1.0,128.0,1771620784.0,RMDVL,False
25454711,25454710.0,5.0,3590.0,5880.5,1431.0,-1.0,128.0,1761321009.0,RMDVL,False
25454713,25454711.0,5.0,3764.0,5948.6,1432.0,-1.0,128.0,1771620755.0,RMDVL,False
25558795,25558794.0,5.0,4271.0,6006.6,1432.0,-1.0,128.0,1771620783.0,RMDVL,False
25454872,25454871.0,5.0,4480.0,5972.5,1432.0,-1.0,128.0,1761321668.0,RMDVL,False
25474307,25474306.0,5.0,2646.5,4169.6,1432.0,-1.0,128.0,1762397040.0,RMDVR,False
25488612,25488611.0,5.0,4852.55,5800.2,1432.0,-1.0,128.0,1763149062.0,RMDVR,False
25454712,25454711.0,5.0,3486.0,5380.5,1432.0,-1.0,128.0,1761321013.0,RMDVL,False
v_25393402_1432,25393403.0,,6864.5,3699.77,1432.0,,,,RMDVL,True
25454714,25454713.0,5.0,3810.0,5932.5,1433.0,-1.0,128.0,1761321021.0,RMDVL,False
25393402,v_25393402_1432,5.0,6868.0,3699.77,1433.0,-1.0,128.0,1762406230.0,RMDVL,False
25488614,25488612.0,5.0,4432.55,6072.2,1433.0,-1.0,128.0,1763149076.0,RMDVR,False
25488613,25488612.0,5.0,4920.55,5800.2,1433.0,-1.0,128.0,1763149072.0,RMDVR,False
25474308,25474307.0,5.0,2654.5,4153.6,1433.0,-1.0,128.0,1762397041.0,RMDVR,False
25454815,25454712.0,5.0,3531.0,5314.5,1433.0,-1.0,128.0,1761321407.0,RMDVL,False
25454873,25454872.0,5.0,4500.0,5984.5,1433.0,-1.0,128.0,1761321669.0,RMDVL,False
25558794,25454714.0,5.0,4250.0,6011.6,1433.0,-1.0,128.0,1771620782.0,RMDVL,False
25393401,25393402.0,5.0,6872.0,3707.77,1434.0,-1.0,128.0,1762406230.0,RMDVL,False
25488615,25488613.0,5.0,5060.55,5736.2,1434.0,-1.0,128.0,1763149084.0,RMDVR,False
25474309,25474308.0,5.0,2658.5,4137.6,1434.0,-1.0,128.0,1762397042.0,RMDVR,False
25488690,25488614.0,5.0,4412.55,6098.2,1434.0,-1.0,128.0,1763149383.0,RMDVR,False
25454715,25454714.0,5.0,3830.0,5872.5,1434.0,-1.0,128.0,1761321022.0,RMDVL,False
25454816,25454815.0,5.0,3549.0,5286.5,1434.0,-1.0,128.0,1761321413.0,RMDVL,False
25454874,25454873.0,5.0,4502.0,5980.5,1434.0,-1.0,128.0,1761321674.0,RMDVL,False
25488691,25488690.0,5.0,4424.55,6072.2,1435.0,-1.0,128.0,1763149387.0,RMDVR,False
25454716,25454715.0,5.0,3830.0,5872.5,1435.0,-1.0,128.0,1761321023.0,RMDVL,False
25454817,25454816.0,5.0,3549.0,5276.5,1435.0,-1.0,128.0,1761321414.0,RMDVL,False
25488616,25488615.0,5.0,5124.55,5720.2,1435.0,-1.0,128.0,1763149084.0,RMDVR,False
25393400,25393401.0,5.0,6886.0,3699.77,1435.0,-1.0,128.0,1762406230.0,RMDVL,False
25454875,25454874.0,5.0,4504.0,5978.5,1435.0,-1.0,128.0,1761321675.0,RMDVL,False
25474310,25474309.0,5.0,2654.5,4121.6,1435.0,-1.0,128.0,1762397049.0,RMDVR,False
25454717,25454716.0,5.0,3830.0,5872.5,1436.0,-1.0,128.0,1761321024.0,RMDVL,False
25454876,25454875.0,5.0,4500.0,5966.5,1436.0,-1.0,128.0,1761321678.0,RMDVL,False
25393399,25393400.0,5.0,6906.0,3711.77,1436.0,-1.0,128.0,1762406230.0,RMDVL,False
v_25454818_1436,25454817.0,,3550.5,5276.5,1436.0,,,,RMDVL,True
v_25488692_1436,25488691.0,,4414.05,6076.7,1436.0,,,,RMDVR,True
25488617,25488616.0,5.0,4936.55,5404.2,1436.0,-1.0,128.0,1763149088.0,RMDVR,False
25488618,25488616.0,5.0,5136.55,5736.2,1436.0,-1.0,128.0,1763149091.0,RMDVR,False
v_25474311_1436,25474310.0,,2672.5,4094.6,1436.0,,,,RMDVR,True
25474311,v_25474311_1436,5.0,2678.5,4085.6,1437.0,-1.0,128.0,1762397051.0,RMDVR,False
25488619,25488618.0,5.0,5140.55,5748.2,1437.0,-1.0,128.0,1763149092.0,RMDVR,False
25488670,25488617.0,5.0,4882.55,5428.2,1437.0,-1.0,128.0,1763149291.0,RMDVR,False
25454818,v_25454818_1436,5.0,3551.0,5276.5,1437.0,-1.0,128.0,1761321415.0,RMDVL,False
25454854,25454729.0,5.0,3672.0,5414.5,1437.0,-1.0,128.0,1761321582.0,RMDVL,False
25454877,25454876.0,5.0,4500.0,5974.5,1437.0,-1.0,128.0,1761321680.0,RMDVL,False
25393369,25393399.0,5.0,6936.0,3721.77,1437.0,-1.0,128.0,1762406230.0,RMDVL,False
v_25454718_1437,25454717.0,,3911.0,5968.5,1437.0,,,,RMDVL,True
25488692,v_25488692_1436,5.0,4410.55,6078.2,1437.0,-1.0,128.0,1763149388.0,RMDVR,False
v_25474312_1438,25474311.0,,2672.5,4046.6,1438.0,,,,RMDVR,True
25454729,25454719.0,5.0,3659.0,5414.5,1438.0,-1.0,128.0,1761321152.0,RMDVL,False
25454718,v_25454718_1437,5.0,3938.0,6000.5,1438.0,-1.0,128.0,1761321031.0,RMDVL,False
25558327,25488692.0,5.0,4416.55,6063.2,1438.0,-1.0,128.0,1771475275.0,RMDVR,False
25393368,25393369.0,5.0,6950.0,3727.77,1438.0,-1.0,128.0,1762406230.0,RMDVL,False
25454819,25454818.0,5.0,3575.0,5262.5,1438.0,-1.0,128.0,1761321416.0,RMDVL,False
25488620,25488619.0,5.0,5128.55,5804.2,1438.0,-1.0,128.0,1763149093.0,RMDVR,False
25488671,25488670.0,5.0,4882.55,5406.2,1438.0,-1.0,128.0,1763149292.0,RMDVR,False
25488693,25558327.0,5.0,4422.55,6048.2,1439.0,-1.0,128.0,1771475275.0,RMDVR,False
25393367,25393368.0,5.0,6960.0,3727.77,1439.0,-1.0,128.0,1762406230.0,RMDVL,False
25454720,25454718.0,5.0,4266.0,6052.5,1439.0,-1.0,128.0,1761321038.0,RMDVL,False
25454719,25454718.0,5.0,3778.0,5848.5,1439.0,-1.0,128.0,1761321033.0,RMDVL,False
25488672,25488671.0,5.0,4722.55,5496.2,1439.0,-1.0,128.0,1763149295.0,RMDVR,False
25488673,25488671.0,5.0,4948.55,5348.2,1439.0,-1.0,128.0,1763149297.0,RMDVR,False
25488621,25488620.0,5.0,5124.55,5804.2,1439.0,-1.0,128.0,1763149094.0,RMDVR,False
25474312,v_25474312_1438,5.0,2670.5,4033.6,1439.0,-1.0,128.0,1762397052.0,RMDVR,False
25474313,25474312.0,5.0,2670.5,3989.6,1440.0,-1.0,128.0,1762397053.0,RMDVR,False
25393366,25393367.0,5.0,6978.0,3723.77,1440.0,-1.0,128.0,1762406230.0,RMDVL,False
25488622,25488621.0,5.0,5100.55,5816.2,1440.0,-1.0,128.0,1763149100.0,RMDVR,False
25488674,25488672.0,5.0,4706.55,5502.2,1440.0,-1.0,128.0,1763149303.0,RMDVR,False
25454721,25454720.0,5.0,4266.0,6060.5,1440.0,-1.0,128.0,1761321043.0,RMDVL,False
25454727,25454719.0,5.0,3751.0,5850.5,1440.0,-1.0,128.0,1761321129.0,RMDVL,False
25488694,25488693.0,5.0,4440.55,6042.2,1440.0,-1.0,128.0,1763149390.0,RMDVR,False
25454722,25454721.0,5.0,4310.0,6072.5,1441.0,-1.0,128.0,1761321044.0,RMDVL,False
25454728,25454727.0,5.0,3727.0,5792.5,1441.0,-1.0,128.0,1761321131.0,RMDVL,False
25488695,25488694.0,5.0,4460.55,6040.2,1441.0,-1.0,128.0,1763149391.0,RMDVR,False
25393365,25393366.0,5.0,6994.0,3725.77,1441.0,-1.0,128.0,1762406230.0,RMDVL,False
25488675,25488674.0,5.0,4692.55,5500.2,1441.0,-1.0,128.0,1763149304.0,RMDVR,False
v_25474314_1441,25474313.0,,2643.5,3947.6,1441.0,,,,RMDVR,True
25554202,25488622.0,5.0,5097.25,5819.9,1441.0,-1.0,128.0,1769639631.0,RMDVR,False
25488696,25488695.0,5.0,4438.55,6038.2,1442.0,-1.0,128.0,1763149395.0,RMDVR,False
25528265,25554202.0,5.0,5093.95,5823.55,1442.0,-1.0,128.0,1769639631.0,RMDVR,False
25474314,v_25474314_1441,5.0,2634.5,3933.6,1442.0,-1.0,128.0,1762397055.0,RMDVR,False
25488676,25488675.0,5.0,4654.55,5444.2,1442.0,-1.0,128.0,1763149306.0,RMDVR,False
25454723,25454722.0,5.0,4278.0,6056.5,1442.0,-1.0,128.0,1761321046.0,RMDVL,False
25454730,25454728.0,5.0,3717.0,5712.5,1442.0,-1.0,128.0,1761321162.0,RMDVL,False
25393364,25393365.0,5.0,7002.0,3729.77,1442.0,-1.0,128.0,1762406230.0,RMDVL,False
v_25474315_1443,25474314.0,,2607.5,3891.6,1443.0,,,,RMDVR,True
25488677,25488676.0,5.0,4644.55,5426.2,1443.0,-1.0,128.0,1763149306.0,RMDVR,False
v_25393363_1443,25393364.0,,7012.5,3734.27,1443.0,,,,RMDVL,True
25488623,25528265.0,5.0,5080.55,5816.2,1443.0,-1.0,128.0,1766086584.0,RMDVR,False
25454724,25454723.0,5.0,4259.0,6056.5,1443.0,-1.0,128.0,1761321115.0,RMDVL,False
25454731,25454730.0,5.0,3691.0,5722.5,1443.0,-1.0,128.0,1761321163.0,RMDVL,False
25488697,25488696.0,5.0,4428.55,6020.2,1443.0,-1.0,128.0,1763149396.0,RMDVR,False
25488678,25488677.0,5.0,4642.55,5416.2,1444.0,-1.0,128.0,1763149309.0,RMDVR,False
v_25488624_1444,25488623.0,,5063.75,5845.0,1444.0,,,,RMDVR,True
25488698,25488697.0,5.0,4418.55,6008.2,1444.0,-1.0,128.0,1763149397.0,RMDVR,False
25474315,v_25474315_1443,5.0,2598.5,3877.6,1444.0,-1.0,128.0,1762397056.0,RMDVR,False
v_25454725_1444,25454724.0,,4260.5,6044.5,1444.0,,,,RMDVL,True
25393363,v_25393363_1443,5.0,7016.0,3735.77,1444.0,-1.0,128.0,1762406230.0,RMDVL,False
25454732,25454731.0,5.0,3639.0,5750.5,1444.0,-1.0,128.0,1761321168.0,RMDVL,False
25393362,25393363.0,5.0,7036.0,3777.77,1445.0,-1.0,128.0,1762406230.0,RMDVL,False
25454733,25454732.0,5.0,3627.0,5688.5,1445.0,-1.0,128.0,1761321170.0,RMDVL,False
v_25488624_1445,v_25488624_1445,,5058.150000000001,5854.599999999999,1445.0,,,,RMDVR,True
25454725,v_25454725_1444,5.0,4261.0,6040.5,1445.0,-1.0,128.0,1761321116.0,RMDVL,False
25558324,25488698.0,5.0,4405.55,6017.2,1445.0,-1.0,128.0,1771475228.0,RMDVR,False
25488679,25488678.0,5.0,4642.55,5416.2,1445.0,-1.0,128.0,1763149310.0,RMDVR,False
25474316,25474315.0,5.0,2534.5,3813.6,1445.0,-1.0,128.0,1762397066.0,RMDVR,False
v_25393398_1446,25393362.0,,7042.0,3792.77,1446.0,,,,RMDVL,True
25454726,25454725.0,5.0,4271.0,6030.5,1446.0,-1.0,128.0,1761321117.0,RMDVL,False
25454735,25454733.0,5.0,3713.0,5906.5,1446.0,-1.0,128.0,1761321176.0,RMDVL,False
25454734,25454733.0,5.0,3731.0,5458.5,1446.0,-1.0,128.0,1761321181.0,RMDVL,False
25474317,25474316.0,5.0,2538.5,3809.6,1446.0,-1.0,128.0,1762397067.0,RMDVR,False
25488624,v_25488624_1444,5.0,5052.55,5864.2,1446.0,-1.0,128.0,1763149103.0,RMDVR,False
25488699,25558324.0,5.0,4392.55,6026.2,1446.0,-1.0,128.0,1771475228.0,RMDVR,False
25428624,25428623.0,5.0,2022.0,3717.77,1446.0,-1.0,128.0,1765921362.0,RMDVR,False
25428623,25428622.0,5.0,2034.0,3693.77,1447.0,-1.0,128.0,1765921362.0,RMDVR,False
v_25553068_1447,25488624.0,,5040.55,5860.1875,1447.0,,,,RMDVR,True
25488700,25488699.0,5.0,4390.55,6022.2,1447.0,-1.0,128.0,1763149404.0,RMDVR,False
25454736,25454734.0,5.0,3743.0,5428.5,1447.0,-1.0,128.0,1761321185.0,RMDVL,False
25454751,25454735.0,5.0,3726.0,5922.5,1447.0,-1.0,128.0,1761321227.0,RMDVL,False
25393398,v_25393398_1446,5.0,7044.0,3797.77,1447.0,-1.0,128.0,1762406230.0,RMDVL,False
25474318,25474317.0,5.0,2506.5,3789.6,1447.0,-1.0,128.0,1762397070.0,RMDVR,False
25454737,25454736.0,5.0,3721.0,5416.5,1448.0,-1.0,128.0,1761321189.0,RMDVL,False
25393361,25393398.0,5.0,7054.0,3809.77,1448.0,-1.0,128.0,1762406230.0,RMDVL,False
25474319,25474318.0,5.0,2494.5,3793.6,1448.0,-1.0,128.0,1762397071.0,RMDVR,False
25553068,v_25553068_1447,5.0,5036.55,5858.85,1448.0,-1.0,128.0,1769486129.0,RMDVR,False
v_25454752_1448,25454751.0,,3750.0,5943.5,1448.0,,,,RMDVL,True
25488701,25488700.0,5.0,4390.55,6018.2,1448.0,-1.0,128.0,1763149405.0,RMDVR,False
25428622,25428621.0,5.0,2058.0,3693.77,1448.0,-1.0,128.0,1765921362.0,RMDVR,False
25488702,25488701.0,5.0,4396.55,6014.2,1449.0,-1.0,128.0,1763149407.0,RMDVR,False
25488625,25553068.0,5.0,5028.55,5856.2,1449.0,-1.0,128.0,1769486129.0,RMDVR,False
25393397,25393361.0,5.0,7056.0,3813.77,1449.0,-1.0,128.0,1762406230.0,RMDVL,False
25428621,25428620.0,5.0,2094.0,3709.77,1449.0,-1.0,128.0,1765921362.0,RMDVR,False
25454752,v_25454752_1448,5.0,3758.0,5950.5,1449.0,-1.0,128.0,1761321228.0,RMDVL,False
25454738,25454737.0,5.0,3723.0,5410.5,1449.0,-1.0,128.0,1761321190.0,RMDVL,False
25474320,25474319.0,5.0,2478.5,3821.6,1449.0,-1.0,128.0,1762397073.0,RMDVR,False
25454739,25454738.0,5.0,3703.0,5412.5,1450.0,-1.0,128.0,1761321191.0,RMDVL,False
v_25454753_1450,25454752.0,,3758.0,5950.5,1450.0,,,,RMDVL,True
25393360,25393397.0,5.0,7060.0,3815.77,1450.0,-1.0,128.0,1762406230.0,RMDVL,False
v_25554205_1450,25488625.0,,5022.55,5836.2125,1450.0,,,,RMDVR,True
25428620,25428619.0,5.0,2100.0,3701.77,1450.0,-1.0,128.0,1765921362.0,RMDVR,False
25488703,25488702.0,5.0,4400.55,6008.2,1450.0,-1.0,128.0,1763149408.0,RMDVR,False
v_25474321_1450,25474320.0,,2453.0,3811.85,1450.0,,,,RMDVR,True
25454740,25454739.0,5.0,3675.0,5398.5,1451.0,-1.0,128.0,1761321192.0,RMDVL,False
25454753,v_25454753_1450,5.0,3758.0,5950.5,1451.0,-1.0,128.0,1761321230.0,RMDVL,False
25554205,v_25554205_1450,5.0,5020.55,5829.55,1451.0,-1.0,128.0,1769639661.0,RMDVR,False
25428619,25525992.0,5.0,2048.0,3717.77,1451.0,-1.0,128.0,1765921362.0,RMDVR,False
25474321,v_25474321_1450,5.0,2444.5,3808.6,1451.0,-1.0,128.0,1762397095.0,RMDVR,False
v_25393359_1451,25393360.0,,7081.0,3830.9425,1451.0,,,,RMDVL,True
25428618,25428619.0,5.0,2036.0,3723.77,1452.0,-1.0,128.0,1765921362.0,RMDVR,False
25525992,25525993.0,5.0,2236.0,3737.77,1452.0,-1.0,128.0,1765921362.0,RMDVR,False
25454741,25454740.0,5.0,3655.0,5398.5,1452.0,-1.0,128.0,1761321193.0,RMDVL,False
25393359,v_25393359_1451,5.0,7088.0,3836.0,1452.0,-1.0,128.0,1779988183.0,RMDVL,False
25488626,25554205.0,5.0,5016.55,5816.2,1452.0,-1.0,128.0,1769639661.0,RMDVR,False
25474322,25474321.0,5.0,2432.5,3820.6,1452.0,-1.0,128.0,1762397097.0,RMDVR,False
25555470,25454753.0,5.0,3770.0,5948.5,1452.0,-1.0,128.0,1769774945.0,RMDVL,False
25454754,25555470.0,5.0,3782.0,5946.5,1453.0,-1.0,128.0,1769774945.0,RMDVL,False
25527654,25474322.0,5.0,2427.5,3797.6,1453.0,-1.0,128.0,1765921351.0,RMDVR,False
v_25393358_1453,25393359.0,,7079.0,3828.3275,1453.0,,,,RMDVL,True
25428617,25428618.0,5.0,2032.0,3723.77,1453.0,-1.0,128.0,1765921362.0,RMDVR,False
25525993,25527654.0,5.0,2280.0,3733.77,1453.0,-1.0,128.0,1765921362.0,RMDVR,False
25454742,25454741.0,5.0,3635.0,5396.5,1453.0,-1.0,128.0,1761321195.0,RMDVL,False
v_25488627_1453,25488626.0,,4977.55,5813.2,1453.0,,,,RMDVR,True
25393358,v_25393358_1453,5.0,7076.0,3825.77,1454.0,-1.0,128.0,1762406230.0,RMDVL,False
25454743,25454742.0,5.0,3625.0,5372.5,1454.0,-1.0,128.0,1761321197.0,RMDVL,False
25428616,25428617.0,5.0,2016.0,3733.77,1454.0,-1.0,128.0,1765921362.0,RMDVR,False
25488627,v_25488627_1453,5.0,4964.55,5812.2,1454.0,-1.0,128.0,1763149107.0,RMDVR,False
v_25454755_1454,25454754.0,,3788.0,5931.5,1454.0,,,,RMDVL,True
v_25488628_1455,25488627.0,,4932.55,5802.2,1455.0,,,,RMDVR,True
25454744,25454743.0,5.0,3623.0,5366.5,1455.0,-1.0,128.0,1761321201.0,RMDVL,False
25454755,v_25454755_1454,5.0,3790.0,5926.5,1455.0,-1.0,128.0,1761321232.0,RMDVL,False
25428615,25428616.0,5.0,1992.0,3753.77,1455.0,-1.0,128.0,1765921362.0,RMDVR,False
v_25393357_1455,25393358.0,,7080.5,3842.27,1455.0,,,,RMDVL,True
v_25488628_1456,v_25488628_1457,,4921.883333333333,5798.866666666667,1456.0,,,,RMDVR,True
v_25454756_1456,25454755.0,,3809.21875,5919.1875,1456.0,,,,RMDVL,True
25393357,v_25393357_1455,5.0,7082.0,3847.77,1456.0,-1.0,128.0,1762406230.0,RMDVL,False
25454745,25454744.0,5.0,3601.0,5364.5,1456.0,-1.0,128.0,1761321202.0,RMDVL,False
25428614,25428615.0,5.0,1990.0,3761.77,1456.0,-1.0,128.0,1765921362.0,RMDVR,False
25454746,25454745.0,5.0,3585.0,5350.5,1457.0,-1.0,128.0,1761321203.0,RMDVL,False
25393356,25393357.0,5.0,7078.0,3851.77,1457.0,-1.0,128.0,1762406230.0,RMDVL,False
25454756,v_25454756_1456,5.0,3815.625,5916.75,1457.0,-1.0,128.0,1769487609.0,RMDVL,False
v_25488628_1457,v_25488628_1456,,4911.216666666667,5795.533333333333,1457.0,,,,RMDVR,True
25428613,25428614.0,5.0,1964.0,3781.77,1457.0,-1.0,128.0,1765921362.0,RMDVR,False
25393355,25393356.0,5.0,7092.0,3867.77,1458.0,-1.0,128.0,1762406230.0,RMDVL,False
25559062,25454746.0,5.0,3572.0,5355.5,1458.0,-1.0,128.0,1771731141.0,RMDVL,False
25488628,v_25488628_1455,5.0,4900.55,5792.2,1458.0,-1.0,128.0,1763149109.0,RMDVR,False
25554129,25454756.0,5.0,3839.81,5904.6,1458.0,-1.0,128.0,1769638361.0,RMDVL,False
25428612,25428613.0,5.0,1906.0,3819.77,1458.0,-1.0,128.0,1765921362.0,RMDVR,False
25454747,25559062.0,5.0,3559.0,5360.5,1459.0,-1.0,128.0,1771731141.0,RMDVL,False
25454757,25554129.0,5.0,3864.0,5892.5,1459.0,-1.0,128.0,1769638361.0,RMDVL,False
v_25488629_1459,25488628.0,,4880.55,5710.2,1459.0,,,,RMDVR,True
25428611,25428612.0,5.0,1878.0,3821.77,1459.0,-1.0,128.0,1765921362.0,RMDVR,False
v_25393354_1459,25393355.0,,7104.75,3902.27,1459.0,,,,RMDVL,True
v_25488629_1460,v_25488629_1461,,4873.883333333333,5682.866666666667,1460.0,,,,RMDVR,True
v_25454758_1460,25454757.0,,3876.0,5871.5,1460.0,,,,RMDVL,True
25393354,v_25393354_1459,5.0,7109.0,3913.77,1460.0,-1.0,128.0,1762406230.0,RMDVL,False
25454748,25454747.0,5.0,3541.0,5326.5,1460.0,-1.0,128.0,1761321207.0,RMDVL,False
25428610,25428611.0,5.0,1876.0,3827.77,1460.0,-1.0,128.0,1765921362.0,RMDVR,False
v_25488629_1461,v_25488629_1460,,4867.216666666667,5655.533333333333,1461.0,,,,RMDVR,True
25428609,25428610.0,5.0,1870.0,3833.77,1461.0,-1.0,128.0,1765921362.0,RMDVR,False
25454749,25454748.0,5.0,3553.0,5324.5,1461.0,-1.0,128.0,1761321208.0,RMDVL,False
25454758,v_25454758_1460,5.0,3880.0,5864.5,1461.0,-1.0,128.0,1761321235.0,RMDVL,False
25558838,25393354.0,5.0,7109.0,3923.78,1461.0,-1.0,128.0,1771656465.0,RMDVL,False
25428608,25428609.0,5.0,1858.0,3847.77,1462.0,-1.0,128.0,1765921362.0,RMDVR,False
25393353,25558838.0,5.0,7097.0,3909.77,1462.0,-1.0,128.0,1771656462.0,RMDVL,False
v_25454759_1462,25454758.0,,3880.0,5855.5,1462.0,,,,RMDVL,True
25454750,25454749.0,5.0,3551.0,5326.5,1462.0,-1.0,128.0,1761321209.0,RMDVL,False
25488629,v_25488629_1459,5.0,4860.55,5628.2,1462.0,-1.0,128.0,1763149110.0,RMDVR,False
25454759,v_25454759_1462,5.0,3880.0,5852.5,1463.0,-1.0,128.0,1761321236.0,RMDVL,False
25428607,25428608.0,5.0,1818.0,3891.77,1463.0,-1.0,128.0,1765921362.0,RMDVR,False
v_25488630_1463,25488629.0,,4836.55,5595.2,1463.0,,,,RMDVR,True
v_25393351_1463,25393353.0,,7097.0,3891.77,1463.0,,,,RMDVL,True
25393351,v_25393351_1463,5.0,7097.0,3885.77,1464.0,-1.0,128.0,1762406230.0,RMDVL,False
25428606,25428607.0,5.0,1786.0,4007.77,1464.0,-1.0,128.0,1765921362.0,RMDVR,False
25488630,v_25488630_1463,5.0,4828.55,5584.2,1464.0,-1.0,128.0,1763149112.0,RMDVR,False
v_25454760_1464,25454759.0,,3890.8,5838.1,1464.0,,,,RMDVL,True
25428605,25428606.0,5.0,1762.0,3955.77,1465.0,-1.0,128.0,1765921362.0,RMDVR,False
25553056,25488630.0,5.0,4816.55,5578.2,1465.0,-1.0,128.0,1769486029.0,RMDVR,False
v_25393350_1465,25393351.0,,7074.8,3889.37,1465.0,,,,RMDVL,True
v_25454760_1465,v_25454760_1465,,3894.4,5833.3,1465.0,,,,RMDVL,True
25428604,25428605.0,5.0,1748.0,4013.77,1466.0,-1.0,128.0,1765921362.0,RMDVR,False
25488631,25553056.0,5.0,4804.55,5572.2,1466.0,-1.0,128.0,1769486029.0,RMDVR,False
v_25393350_1466,v_25393350_1466,,7067.4,3890.57,1466.0,,,,RMDVL,True
25454760,v_25454760_1464,5.0,3898.0,5828.5,1466.0,-1.0,128.0,1761321237.0,RMDVL,False
25488632,25488631.0,5.0,4820.55,5600.2,1467.0,-1.0,128.0,1763149129.0,RMDVR,False
25428603,25428604.0,5.0,1758.0,3963.77,1467.0,-1.0,128.0,1765921362.0,RMDVR,False
v_25454761_1467,25454760.0,,3892.0,5800.0,1467.0,,,,RMDVL,True
25393350,v_25393350_1465,5.0,7060.0,3891.77,1467.0,-1.0,128.0,1762406230.0,RMDVL,False
v_25559791_1468,25393350.0,,7050.85,3930.155,1468.0,,,,RMDVL,True
25428602,25428603.0,5.0,1712.0,3981.77,1468.0,-1.0,128.0,1765921362.0,RMDVR,False
v_25488633_1468,25488632.0,,4817.55,5564.2,1468.0,,,,RMDVR,True
25454761,v_25454761_1467,5.0,3890.0,5790.5,1468.0,-1.0,128.0,1761321238.0,RMDVL,False
25559791,v_25559791_1468,5.0,7047.8,3942.95,1469.0,-1.0,128.0,1779988287.0,RMDVL,False
v_25428601_1469,25428602.0,,1691.0,4011.77,1469.0,,,,RMDVR,True
v_25454762_1469,25454761.0,,3894.8,5764.1,1469.0,,,,RMDVL,True
25488633,v_25488633_1468,5.0,4816.55,5552.2,1469.0,-1.0,128.0,1763149133.0,RMDVR,False
25488634,25488633.0,5.0,4812.55,5548.2,1470.0,-1.0,128.0,1763149134.0,RMDVR,False
v_25454762_1470,v_25454762_1470,,3896.4,5755.3,1470.0,,,,RMDVL,True
25393349,25559791.0,5.0,7057.0,3945.77,1470.0,-1.0,128.0,1779988287.0,RMDVL,False
25428601,v_25428601_1469,5.0,1684.0,4021.77,1470.0,-1.0,128.0,1765921362.0,RMDVR,False
v_25488635_1471,25488634.0,,4812.55,5551.2,1471.0,,,,RMDVR,True
25428600,25428601.0,5.0,1654.0,4071.77,1471.0,-1.0,128.0,1765921362.0,RMDVR,False
25454762,v_25454762_1469,5.0,3898.0,5746.5,1471.0,-1.0,128.0,1761321239.0,RMDVL,False
v_25393348_1471,25393349.0,,7057.0,3942.77,1471.0,,,,RMDVL,True
25393348,v_25393348_1471,5.0,7057.0,3941.77,1472.0,-1.0,128.0,1762406230.0,RMDVL,False
25428599,25428600.0,5.0,1654.0,4081.77,1472.0,-1.0,128.0,1765921362.0,RMDVR,False
v_25554121_1472,25454762.0,,3911.00125,5746.5,1472.0,,,,RMDVL,True
25488635,v_25488635_1471,5.0,4812.55,5552.2,1472.0,-1.0,128.0,1763149136.0,RMDVR,False
v_25488636_1473,25488635.0,,4812.55,5534.2,1473.0,,,,RMDVR,True
v_25428598_1473,25428599.0,,1642.8625000000002,4089.1425,1473.0,,,,RMDVR,True
25554121,v_25554121_1472,5.0,3915.335,5746.5,1473.0,-1.0,128.0,1769638230.0,RMDVL,False
v_25393347_1473,25393348.0,,7033.0,3979.77,1473.0,,,,RMDVL,True
v_25393347_1474,v_25393347_1475,,7025.0,3992.4366666666665,1474.0,,,,RMDVL,True
25488636,v_25488636_1473,5.0,4812.55,5528.2,1474.0,-1.0,128.0,1763149137.0,RMDVR,False
25428598,v_25428598_1473,5.0,1639.15,4091.6,1474.0,-1.0,128.0,1767893177.0,RMDVR,False
25454763,25554121.0,5.0,3924.0,5746.5,1474.0,-1.0,128.0,1769638230.0,RMDVL,False
25488637,25488636.0,5.0,4836.55,5512.2,1475.0,-1.0,128.0,1763149138.0,RMDVR,False
v_25393347_1475,v_25393347_1474,,7017.0,4005.1033333333335,1475.0,,,,RMDVL,True
v_25428597_1475,25428598.0,,1624.7875,4082.7275,1475.0,,,,RMDVR,True
25454764,25454763.0,5.0,3932.0,5684.5,1475.0,-1.0,128.0,1761321245.0,RMDVL,False
25393347,v_25393347_1473,5.0,7009.0,4017.77,1476.0,-1.0,128.0,1762406230.0,RMDVL,False
25428597,v_25428597_1475,5.0,1620.0,4079.77,1476.0,-1.0,128.0,1765921362.0,RMDVR,False
25454765,25454764.0,5.0,3930.0,5518.5,1476.0,-1.0,128.0,1761321247.0,RMDVL,False
v_25488638_1476,25488637.0,,4836.55,5512.2,1476.0,,,,RMDVR,True
25454766,25454764.0,5.0,3916.0,5714.5,1476.0,-1.0,128.0,1761321250.0,RMDVL,False
v_25393661_1477,25393347.0,,6993.625,4033.4075,1477.0,,,,RMDVL,True
25454767,25454766.0,5.0,3916.0,5712.5,1477.0,-1.0,128.0,1761321260.0,RMDVL,False
25488638,v_25488638_1476,5.0,4836.55,5512.2,1477.0,-1.0,128.0,1763149140.0,RMDVR,False
v_25428596_1477,25428597.0,,1620.0,4079.77,1477.0,,,,RMDVR,True
25488639,25488638.0,5.0,4848.55,5520.2,1478.0,-1.0,128.0,1763149144.0,RMDVR,False
25393661,v_25393661_1477,5.0,6988.5,4038.62,1478.0,-1.0,128.0,1762406230.0,RMDVL,False
25428596,v_25428596_1477,5.0,1620.0,4079.77,1478.0,-1.0,128.0,1765921362.0,RMDVR,False
v_25454768_1478,25454767.0,,3916.0,5712.5,1478.0,,,,RMDVL,True
25488808,25488639.0,5.0,4843.55,5516.2,1479.0,-1.0,128.0,1763149676.0,RMDVR,False
25428595,25428596.0,5.0,1630.0,4103.77,1479.0,-1.0,128.0,1765921362.0,RMDVR,False
v_25393346_1479,25393661.0,,6988.875,4046.9825,1479.0,,,,RMDVL,True
v_25454768_1479,v_25454768_1479,,3916.0,5712.5,1479.0,,,,RMDVL,True
25454768,v_25454768_1478,5.0,3916.0,5712.5,1480.0,-1.0,128.0,1761321262.0,RMDVL,False
25428594,25428595.0,5.0,1662.0,4119.77,1480.0,-1.0,128.0,1765921362.0,RMDVR,False
v_25488809_1480,25488808.0,,4830.05,5520.7,1480.0,,,,RMDVR,True
25393346,v_25393346_1479,5.0,6989.0,4049.77,1480.0,-1.0,128.0,1762406230.0,RMDVL,False
v_25393345_1481,25393346.0,,6974.6,4037.77,1481.0,,,,RMDVL,True
25428593,25428594.0,5.0,1680.0,4115.77,1481.0,-1.0,128.0,1765921362.0,RMDVR,False
25488809,v_25488809_1480,5.0,4825.55,5522.2,1481.0,-1.0,128.0,1763149677.0,RMDVR,False
25454769,25454768.0,5.0,3922.0,5704.5,1481.0,-1.0,128.0,1761321267.0,RMDVL,False
v_25488810_1482,25488809.0,,4812.8,5532.7,1482.0,,,,RMDVR,True
v_25393345_1482,v_25393345_1482,,6969.8,4033.77,1482.0,,,,RMDVL,True
25428592,25428593.0,5.0,1686.0,4113.77,1482.0,-1.0,128.0,1765921362.0,RMDVR,False
25454770,25454769.0,5.0,3922.0,5704.5,1482.0,-1.0,128.0,1761321267.0,RMDVL,False
v_25454771_1483,25454770.0,,3922.0,5697.0,1483.0,,,,RMDVL,True
25428591,25428592.0,5.0,1686.0,4113.77,1483.0,-1.0,128.0,1765921362.0,RMDVR,False
25393345,v_25393345_1481,5.0,6965.0,4029.77,1483.0,-1.0,128.0,1762406230.0,RMDVL,False
25488810,v_25488810_1482,5.0,4808.55,5536.2,1483.0,-1.0,128.0,1763149678.0,RMDVR,False
25454771,v_25454771_1483,5.0,3922.0,5694.5,1484.0,-1.0,128.0,1761321269.0,RMDVL,False
v_25428590_1484,25428591.0,,1686.0,4113.77,1484.0,,,,RMDVR,True
v_25488811_1484,25488810.0,,4807.05,5550.45,1484.0,,,,RMDVR,True
v_25393343_1484,25393345.0,,6951.2,4034.57,1484.0,,,,RMDVL,True
v_25393343_1485,v_25393343_1490,,6946.6,4036.17,1485.0,,,,RMDVL,True
v_25454772_1485,25454771.0,,3914.5,5684.0,1485.0,,,,RMDVL,True
25428590,v_25428590_1484,5.0,1686.0,4113.77,1485.0,-1.0,128.0,1765921362.0,RMDVR,False
25488811,v_25488811_1484,5.0,4806.55,5555.2,1485.0,-1.0,128.0,1763149679.0,RMDVR,False
25454772,v_25454772_1485,5.0,3912.0,5680.5,1486.0,-1.0,128.0,1761321270.0,RMDVL,False
v_25488812_1486,25488811.0,,4806.55,5555.2,1486.0,,,,RMDVR,True
v_25393343_1486,v_25393343_1489,,6942.0,4037.77,1486.0,,,,RMDVL,True
25428589,25428590.0,5.0,1686.0,4113.77,1486.0,-1.0,128.0,1765921362.0,RMDVR,False
v_25393343_1487,v_25393343_1488,,6937.4,4039.37,1487.0,,,,RMDVL,True
25428588,25428589.0,5.0,1686.0,4113.77,1487.0,-1.0,128.0,1765921362.0,RMDVR,False
v_25488812_1487,v_25488812_1488,,4806.55,5555.2,1487.0,,,,RMDVR,True
25454773,25454772.0,5.0,3912.0,5680.5,1487.0,-1.0,128.0,1761321271.0,RMDVL,False
25428575,25428588.0,5.0,1662.0,4149.77,1488.0,-1.0,128.0,1765921362.0,RMDVR,False
v_25393343_1488,v_25393343_1487,,6932.8,4040.97,1488.0,,,,RMDVL,True
v_25454774_1488,25454773.0,,3910.5,5682.0,1488.0,,,,RMDVL,True
v_25488812_1488,v_25488812_1487,,4806.55,5555.2,1488.0,,,,RMDVR,True
v_25393343_1489,v_25393343_1486,,6928.2,4042.57,1489.0,,,,RMDVL,True
25454774,v_25454774_1488,5.0,3910.0,5682.5,1489.0,-1.0,128.0,1761321272.0,RMDVL,False
v_25428574_1489,25428575.0,,1662.0,4149.77,1489.0,,,,RMDVR,True
25488812,v_25488812_1486,5.0,4806.55,5555.2,1489.0,-1.0,128.0,1763149680.0,RMDVR,False
v_25488813_1490,25488812.0,,4810.407142857143,5561.628571428571,1490.0,,,,RMDVR,True
v_25454775_1490,25454774.0,,3926.5,5676.5,1490.0,,,,RMDVL,True
25428574,v_25428574_1489,5.0,1662.0,4149.77,1490.0,-1.0,128.0,1765921362.0,RMDVR,False
v_25393343_1490,v_25393343_1485,,6923.6,4044.17,1490.0,,,,RMDVL,True
25393344,25428574.0,5.0,1675.025,4121.77,1491.0,-1.0,128.0,1765921362.0,RMDVR,False
v_25488813_1491,v_25488813_1493,,4811.692857142857,5563.771428571428,1491.0,,,,RMDVR,True
25454775,v_25454775_1490,5.0,3932.0,5674.5,1491.0,-1.0,128.0,1761321273.0,RMDVL,False
25393343,v_25393343_1484,5.0,6919.0,4045.77,1491.0,-1.0,128.0,1762406230.0,RMDVL,False
v_25488813_1492,v_25488813_1492,,4812.978571428572,5565.914285714285,1492.0,,,,RMDVR,True
v_25428576_1492,25393344.0,,1692.25625,4163.77,1492.0,,,,RMDVR,True
v_25393370_1492,25393343.0,,6900.25,4072.77,1492.0,,,,RMDVL,True
v_25454776_1492,25454775.0,,3921.5,5674.5,1492.0,,,,RMDVL,True
25428576,v_25428576_1492,5.0,1698.0,4177.77,1493.0,-1.0,128.0,1765921362.0,RMDVR,False
25393370,v_25393370_1492,5.0,6894.0,4081.77,1493.0,-1.0,128.0,1762406230.0,RMDVL,False
v_25488813_1493,v_25488813_1491,,4814.2642857142855,5568.057142857143,1493.0,,,,RMDVR,True
25454776,v_25454776_1492,5.0,3918.0,5674.5,1493.0,-1.0,128.0,1761321275.0,RMDVL,False
25428587,25428576.0,5.0,1698.0,4177.77,1494.0,619.0,128.0,1765921362.0,RMDVR,False
25488813,v_25488813_1490,5.0,4815.55,5570.2,1494.0,-1.0,128.0,1763149682.0,RMDVR,False
v_25393371_1494,25393370.0,,6888.0,4084.77,1494.0,,,,RMDVL,True
v_25454777_1494,25454776.0,,3924.0,5664.0,1494.0,,,,RMDVL,True
25428577,25428587.0,5.0,1698.0,4177.77,1495.0,619.0,128.0,1765921362.0,RMDVR,False
25393371,v_25393371_1494,5.0,6886.0,4085.77,1495.0,-1.0,128.0,1762406230.0,RMDVL,False
v_25488814_1495,25488813.0,,4831.75,5567.8,1495.0,,,,RMDVR,True
25454777,v_25454777_1494,5.0,3926.0,5660.5,1495.0,-1.0,128.0,1761321283.0,RMDVL,False
v_25428578_1496,25428577.0,,1707.6,4177.77,1496.0,,,,RMDVR,True
25527651,25527650.0,5.0,2315.0,3480.77,1496.0,-1.0,128.0,1765921362.0,RMDVR,False
v_25393372_1496,25393371.0,,6866.5,4079.77,1496.0,,,,RMDVL,True
25558606,25454777.0,5.0,3923.335,5661.15,1496.0,-1.0,128.0,1771609348.0,RMDVL,False
v_25488814_1496,v_25488814_1496,,4837.150000000001,5567.0,1496.0,,,,RMDVR,True
25527650,25527649.0,5.0,2287.0,3476.77,1497.0,-1.0,128.0,1765921362.0,RMDVR,False
25393372,v_25393372_1496,5.0,6860.0,4077.77,1497.0,-1.0,128.0,1762406230.0,RMDVL,False
v_25428578_1497,v_25428578_1497,,1710.8,4177.77,1497.0,,,,RMDVR,True
v_25454778_1497,25558606.0,,3919.33375,5662.1625,1497.0,,,,RMDVL,True
25488814,v_25488814_1495,5.0,4842.55,5566.2,1497.0,-1.0,128.0,1763149683.0,RMDVR,False
25428578,v_25428578_1496,5.0,1714.0,4177.77,1498.0,619.0,128.0,1765921362.0,RMDVR,False
v_25393373_1498,25393372.0,,6843.5,4100.27,1498.0,,,,RMDVL,True
v_25488815_1498,25488814.0,,4849.75,5568.0,1498.0,,,,RMDVR,True
25527649,25527648.0,5.0,2175.0,3476.77,1498.0,-1.0,128.0,1765921362.0,RMDVR,False
25454778,v_25454778_1497,5.0,3918.0,5662.5,1498.0,-1.0,128.0,1771609348.0,RMDVL,False
v_25488815_1499,v_25488815_1499,,4852.150000000001,5568.599999999999,1499.0,,,,RMDVR,True
25393373,v_25393373_1498,5.0,6838.0,4107.77,1499.0,-1.0,128.0,1762406230.0,RMDVL,False
v_25558610_1499,25454778.0,,3912.0,5651.512500000001,1499.0,,,,RMDVL,True
25527648,25527647.0,5.0,2099.185,3517.675,1499.0,-1.0,128.0,1769751583.0,RMDVR,False
25527647,25428578.0,5.0,1719.335,4161.77,1499.0,619.0,128.0,1765921362.0,RMDVR,False
25488815,v_25488815_1498,5.0,4854.55,5569.2,1500.0,-1.0,128.0,1763149684.0,RMDVR,False
v_25428579_1500,25527647.0,,1727.33375,4137.77,1500.0,,,,RMDVR,True
25555204,25527648.0,5.0,2117.175,3509.675,1500.0,-1.0,128.0,1769751631.0,RMDVR,False
25558610,v_25558610_1499,5.0,3910.0,5647.85,1500.0,-1.0,128.0,1771609364.0,RMDVL,False
25393374,25393373.0,5.0,6820.0,4113.77,1500.0,696.0,128.0,1762406230.0,RMDVL,False
v_25555205_1501,25555204.0,,2117.175,3523.175,1501.0,,,,RMDVR,True
v_25488816_1501,25488815.0,,4877.95,5569.8,1501.0,,,,RMDVR,True
25454779,25558610.0,5.0,3906.0,5640.5,1501.0,-1.0,128.0,1771609364.0,RMDVL,False
v_25393375_1501,25393374.0,,6809.2,4107.77,1501.0,,,,RMDVL,True
25428579,v_25428579_1500,5.0,1730.0,4129.77,1501.0,619.0,128.0,1765921362.0,RMDVR,False
25555205,v_25555205_1501,5.0,2117.175,3527.675,1502.0,-1.0,128.0,1769751632.0,RMDVR,False
v_25393375_1502,v_25393375_1502,,6805.6,4105.77,1502.0,,,,RMDVL,True
v_25454780_1502,25454779.0,,3898.8,5652.5,1502.0,,,,RMDVL,True
v_25428586_1502,25428579.0,,1730.0,4129.77,1502.0,,,,RMDVR,True
v_25488816_1502,v_25488816_1502,,4885.75,5570.0,1502.0,,,,RMDVR,True
25488816,v_25488816_1501,5.0,4893.55,5570.2,1503.0,-1.0,128.0,1763149686.0,RMDVR,False
25393375,v_25393375_1501,5.0,6802.0,4103.77,1503.0,696.0,128.0,1762406230.0,RMDVL,False
25428586,v_25428586_1502,5.0,1730.0,4129.77,1503.0,619.0,128.0,1765921362.0,RMDVR,False
v_25454780_1503,v_25454780_1503,,3896.4,5656.5,1503.0,,,,RMDVL,True
v_25555206_1503,25555205.0,,2121.675,3559.175,1503.0,,,,RMDVR,True
25555206,v_25555206_1503,5.0,2123.175,3569.675,1504.0,-1.0,128.0,1769751634.0,RMDVR,False
25488817,25488816.0,5.0,4932.55,5578.2,1504.0,-1.0,128.0,1763149689.0,RMDVR,False
v_25393376_1504,25393375.0,,6799.0,4094.77,1504.0,,,,RMDVL,True
25454780,v_25454780_1502,5.0,3894.0,5660.5,1504.0,-1.0,128.0,1761321288.0,RMDVL,False
v_25428580_1504,25428586.0,,1730.0,4129.77,1504.0,,,,RMDVR,True
v_25488818_1505,25488817.0,,4956.55,5575.95,1505.0,,,,RMDVR,True
25555207,25555206.0,5.0,2153.175,3535.675,1505.0,-1.0,128.0,1769751636.0,RMDVR,False
25454781,25454780.0,5.0,3894.0,5668.5,1505.0,-1.0,128.0,1761321291.0,RMDVL,False
25428580,v_25428580_1504,5.0,1730.0,4129.77,1505.0,-1.0,128.0,1765921362.0,RMDVR,False
25393376,v_25393376_1504,5.0,6798.0,4091.77,1505.0,696.0,128.0,1762406230.0,RMDVL,False
25555208,25555207.0,5.0,2159.175,3523.675,1506.0,-1.0,128.0,1769751637.0,RMDVR,False
v_25393377_1506,25393376.0,,6798.0,4079.77,1506.0,,,,RMDVL,True
25454782,25454781.0,5.0,3886.0,5650.5,1506.0,-1.0,128.0,1761321292.0,RMDVL,False
25488818,v_25488818_1505,5.0,4964.55,5575.2,1506.0,-1.0,128.0,1763149690.0,RMDVR,False
v_25428581_1506,25428580.0,,1780.4,4163.370000000001,1506.0,,,,RMDVR,True
v_25428581_1507,v_25428581_1507,,1797.2,4174.570000000001,1507.0,,,,RMDVR,True
25454783,25454782.0,5.0,3872.0,5658.5,1507.0,-1.0,128.0,1761321293.0,RMDVL,False
25555209,25555208.0,5.0,2143.175,3495.675,1507.0,-1.0,128.0,1769751638.0,RMDVR,False
25488819,25488818.0,5.0,4997.55,5610.2,1507.0,-1.0,128.0,1763149694.0,RMDVR,False
25393377,v_25393377_1506,5.0,6798.0,4075.77,1507.0,-1.0,128.0,1762406230.0,RMDVL,False
v_25454784_1508,25454783.0,,3861.5,5687.0,1508.0,,,,RMDVL,True
v_25393378_1508,25393377.0,,6799.5,4060.77,1508.0,,,,RMDVL,True
25428581,v_25428581_1506,5.0,1814.0,4185.77,1508.0,-1.0,128.0,1765921362.0,RMDVR,False
25555210,25555209.0,5.0,2153.175,3513.675,1508.0,-1.0,128.0,1769751640.0,RMDVR,False
25488820,25488819.0,5.0,4997.55,5610.2,1508.0,-1.0,128.0,1763149695.0,RMDVR,False
25454784,v_25454784_1508,5.0,3858.0,5696.5,1509.0,-1.0,128.0,1761321295.0,RMDVL,False
25488821,25488820.0,5.0,5008.55,5647.2,1509.0,-1.0,128.0,1763149696.0,RMDVR,False
25555211,25555210.0,5.0,2147.175,3539.675,1509.0,-1.0,128.0,1769751640.0,RMDVR,False
v_25428582_1509,25428581.0,,1814.0,4185.77,1509.0,,,,RMDVR,True
25393378,v_25393378_1508,5.0,6800.0,4055.77,1509.0,-1.0,128.0,1762406230.0,RMDVL,False
25555212,25555211.0,5.0,2165.175,3541.675,1510.0,-1.0,128.0,1769751642.0,RMDVR,False
v_25428582_1510,v_25428582_1510,,1814.0,4185.77,1510.0,,,,RMDVR,True
25454785,25454784.0,5.0,3848.0,5708.5,1510.0,-1.0,128.0,1761321296.0,RMDVL,False
25393379,25393378.0,5.0,6802.0,4049.77,1510.0,-1.0,128.0,1762406230.0,RMDVL,False
25488822,25488821.0,5.0,5019.55,5671.2,1510.0,-1.0,128.0,1763149697.0,RMDVR,False
v_25488823_1511,25488822.0,,5017.75,5692.2,1511.0,,,,RMDVR,True
25555213,25555212.0,5.0,2165.175,3551.675,1511.0,-1.0,128.0,1769751643.0,RMDVR,False
25454786,25454785.0,5.0,3838.0,5706.5,1511.0,-1.0,128.0,1761321298.0,RMDVL,False
25428582,v_25428582_1509,5.0,1814.0,4185.77,1511.0,-1.0,128.0,1765921362.0,RMDVR,False
25393380,25393379.0,5.0,6806.0,4043.77,1511.0,-1.0,128.0,1762406230.0,RMDVL,False
v_25428583_1512,25428582.0,,1828.4,4197.77,1512.0,,,,RMDVR,True
v_25488823_1512,v_25488823_1512,,5017.150000000001,5699.2,1512.0,,,,RMDVR,True
25393381,25393380.0,5.0,6808.0,4043.77,1512.0,-1.0,128.0,1762406230.0,RMDVL,False
25454787,25454786.0,5.0,3846.0,5724.5,1512.0,-1.0,128.0,1761321300.0,RMDVL,False
25555214,25555213.0,5.0,2189.175,3569.675,1512.0,-1.0,128.0,1769751644.0,RMDVR,False
v_25428583_1513,v_25428583_1513,,1833.2,4201.77,1513.0,,,,RMDVR,True
25555215,25555214.0,5.0,2135.175,3565.675,1513.0,-1.0,128.0,1769751645.0,RMDVR,False
25488823,v_25488823_1511,5.0,5016.55,5706.2,1513.0,-1.0,128.0,1763149698.0,RMDVR,False
v_25454788_1513,25454787.0,,3831.0,5727.5,1513.0,,,,RMDVL,True
25393382,25393381.0,5.0,6808.0,4043.77,1513.0,-1.0,128.0,1762406230.0,RMDVL,False
25393383,25393382.0,5.0,6814.0,4029.77,1514.0,-1.0,128.0,1762406230.0,RMDVL,False
25454788,v_25454788_1513,5.0,3826.0,5728.5,1514.0,-1.0,128.0,1761321301.0,RMDVL,False
25555216,25555215.0,5.0,2123.175,3611.675,1514.0,-1.0,128.0,1769751646.0,RMDVR,False
25428583,v_25428583_1512,5.0,1838.0,4205.77,1514.0,-1.0,128.0,1765921362.0,RMDVR,False
v_25488824_1514,25488823.0,,5008.05,5693.7,1514.0,,,,RMDVR,True
v_25393384_1515,25393383.0,,6823.0,4010.27,1515.0,,,,RMDVL,True
v_25488824_1515,v_25488824_1516,,5005.216666666667,5689.533333333333,1515.0,,,,RMDVR,True
25559040,25454788.0,5.0,3823.0,5734.5,1515.0,-1.0,128.0,1771730937.0,RMDVL,False
25555217,25555216.0,5.0,2089.175,3623.675,1515.0,-1.0,128.0,1769751648.0,RMDVR,False
v_25428584_1515,25428583.0,,1854.8,4208.17,1515.0,,,,RMDVR,True
25393384,v_25393384_1515,5.0,6826.0,4003.77,1516.0,-1.0,128.0,1762406230.0,RMDVL,False
25555218,25555217.0,5.0,2097.175,3641.675,1516.0,-1.0,128.0,1769751648.0,RMDVR,False
v_25488824_1516,v_25488824_1515,,5002.383333333333,5685.366666666667,1516.0,,,,RMDVR,True
v_25428584_1516,v_25428584_1516,,1860.4,4208.97,1516.0,,,,RMDVR,True
25454789,25559040.0,5.0,3820.0,5740.5,1516.0,-1.0,128.0,1771730937.0,RMDVL,False
v_25555219_1517,25555218.0,,2113.675,3644.675,1517.0,,,,RMDVR,True
25488824,v_25488824_1514,5.0,4999.55,5681.2,1517.0,-1.0,128.0,1763149700.0,RMDVR,False
25393385,25393384.0,5.0,6822.0,4003.77,1517.0,-1.0,128.0,1762406230.0,RMDVL,False
25454791,25454789.0,5.0,3823.0,5733.5,1517.0,-1.0,128.0,1761321312.0,RMDVL,False
25428584,v_25428584_1515,5.0,1866.0,4209.77,1517.0,-1.0,128.0,1765921362.0,RMDVR,False
25488825,25488824.0,5.0,4992.55,5690.2,1518.0,-1.0,128.0,1763149706.0,RMDVR,False
v_25454792_1518,25454791.0,,3823.75,5720.75,1518.0,,,,RMDVL,True
25555219,v_25555219_1517,5.0,2119.175,3645.675,1518.0,-1.0,128.0,1769751650.0,RMDVR,False
v_25393386_1518,25393385.0,,6811.5,3993.27,1518.0,,,,RMDVL,True
v_25428585_1518,25428584.0,,1866.0,4209.77,1518.0,,,,RMDVR,True
25393386,v_25393386_1518,5.0,6808.0,3989.77,1519.0,-1.0,128.0,1762406230.0,RMDVL,False
v_25428585_1519,v_25428585_1520,,1866.0,4209.77,1519.0,,,,RMDVR,True
25555220,25555219.0,5.0,2129.175,3653.675,1519.0,-1.0,128.0,1769751651.0,RMDVR,False
25488826,25488825.0,5.0,4934.55,5772.2,1519.0,-1.0,128.0,1763149707.0,RMDVR,False
25488827,25488825.0,5.0,5016.55,5645.2,1519.0,-1.0,128.0,1763149709.0,RMDVR,False
25454792,v_25454792_1518,5.0,3824.0,5716.5,1519.0,-1.0,128.0,1761321312.0,RMDVL,False
v_25454793_1520,25454792.0,,3842.0,5724.0,1520.0,,,,RMDVL,True
v_25393387_1520,25393386.0,,6808.0,3989.77,1520.0,,,,RMDVL,True
25488942,25488826.0,5.0,4920.55,5764.2,1520.0,-1.0,128.0,1763150274.0,RMDVR,False
25555221,25555220.0,5.0,2129.175,3661.675,1520.0,-1.0,128.0,1769751651.0,RMDVR,False
v_25488828_1520,25488827.0,,5028.55,5630.95,1520.0,,,,RMDVR,True
v_25428585_1520,v_25428585_1519,,1866.0,4209.77,1520.0,,,,RMDVR,True
25488943,25488942.0,5.0,4920.55,5764.2,1521.0,-1.0,128.0,1763150275.0,RMDVR,False
25488828,v_25488828_1520,5.0,5032.55,5626.2,1521.0,-1.0,128.0,1763149713.0,RMDVR,False
25454793,v_25454793_1520,5.0,3848.0,5726.5,1521.0,-1.0,128.0,1761321314.0,RMDVL,False
25428585,v_25428585_1518,5.0,1866.0,4209.77,1521.0,-1.0,128.0,1765921362.0,RMDVR,False
25393387,v_25393387_1520,5.0,6808.0,3989.77,1521.0,-1.0,128.0,1762406230.0,RMDVL,False
25555222,25555221.0,5.0,2125.175,3649.675,1521.0,-1.0,128.0,1769751652.0,RMDVR,False
25393389,25393387.0,5.0,6698.0,3849.77,1522.0,-1.0,128.0,1762406230.0,RMDVL,False
25393388,25393387.0,5.0,6812.0,4167.77,1522.0,-1.0,128.0,1762406230.0,RMDVL,False
25454794,25454793.0,5.0,3914.0,5748.5,1522.0,-1.0,128.0,1761321319.0,RMDVL,False
25555223,25555222.0,5.0,2147.175,3728.17,1522.0,-1.0,128.0,1769751660.0,RMDVR,False
25488829,25488828.0,5.0,5015.55,5614.2,1522.0,-1.0,128.0,1763149715.0,RMDVR,False
25488944,25488943.0,5.0,4917.55,5715.2,1522.0,-1.0,128.0,1763150282.0,RMDVR,False
25474368,25428585.0,5.0,1794.0,4271.77,1522.0,-1.0,128.0,1765921362.0,RMDVR,False
25555224,25555223.0,5.0,2162.175,3723.17,1523.0,-1.0,128.0,1769751662.0,RMDVR,False
25474369,25474368.0,5.0,1714.0,4327.77,1523.0,-1.0,128.0,1765921362.0,RMDVR,False
25488945,25488944.0,5.0,4911.55,5702.2,1523.0,-1.0,128.0,1763150290.0,RMDVR,False
25488830,25488829.0,5.0,4991.55,5597.2,1523.0,-1.0,128.0,1763149716.0,RMDVR,False
25393394,25393389.0,5.0,6702.0,3821.77,1523.0,-1.0,128.0,1762406230.0,RMDVL,False
25454795,25454794.0,5.0,3914.0,5750.5,1523.0,-1.0,128.0,1761321320.0,RMDVL,False
25393390,25393388.0,5.0,6848.0,4205.77,1523.0,-1.0,128.0,1762406230.0,RMDVL,False
v_25454796_1524,25454795.0,,3930.5,5753.5,1524.0,,,,RMDVL,True
25393391,25393390.0,5.0,6930.0,4193.77,1524.0,-1.0,128.0,1762406230.0,RMDVL,False
25474370,25474369.0,5.0,1722.0,4407.77,1524.0,-1.0,128.0,1765921362.0,RMDVR,False
25393395,25393394.0,5.0,6608.0,3753.77,1524.0,-1.0,128.0,1762406230.0,RMDVL,False
25488831,25488830.0,5.0,4980.55,5579.2,1524.0,-1.0,128.0,1763149717.0,RMDVR,False
v_25555225_1524,25555224.0,,2180.925,3738.92,1524.0,,,,RMDVR,True
25474371,25474370.0,5.0,1734.0,4443.77,1525.0,-1.0,128.0,1765921362.0,RMDVR,False
25393392,25393391.0,5.0,6954.0,4203.77,1525.0,-1.0,128.0,1762406230.0,RMDVL,False
25393396,25393395.0,5.0,6600.0,3749.77,1525.0,-1.0,128.0,1762406230.0,RMDVL,False
v_25488832_1525,25488831.0,,4979.8,5557.45,1525.0,,,,RMDVR,True
25555225,v_25555225_1524,5.0,2187.175,3744.17,1525.0,-1.0,128.0,1769751663.0,RMDVR,False
25454796,v_25454796_1524,5.0,3936.0,5754.5,1525.0,-1.0,128.0,1761321321.0,RMDVL,False
v_25454797_1526,25454796.0,,3949.5,5754.5,1526.0,,,,RMDVL,True
v_25555226_1526,25555225.0,,2179.675,3744.92,1526.0,,,,RMDVR,True
25474372,25474371.0,5.0,1722.0,4487.77,1526.0,-1.0,128.0,1765921362.0,RMDVR,False
25393393,25393392.0,5.0,7006.0,4221.77,1526.0,-1.0,128.0,1762406230.0,RMDVL,False
25488832,v_25488832_1525,5.0,4979.55,5550.2,1526.0,-1.0,128.0,1763149718.0,RMDVR,False
25474373,25474372.0,5.0,1694.0,4539.77,1527.0,-1.0,128.0,1765921362.0,RMDVR,False
v_25488833_1527,25488832.0,,4981.05,5519.45,1527.0,,,,RMDVR,True
25454797,v_25454797_1526,5.0,3954.0,5754.5,1527.0,-1.0,128.0,1761321322.0,RMDVL,False
25555226,v_25555226_1526,5.0,2177.175,3745.17,1527.0,-1.0,128.0,1769751664.0,RMDVR,False
25474374,25474373.0,5.0,1706.0,4607.77,1528.0,-1.0,128.0,1765921362.0,RMDVR,False
25488833,v_25488833_1527,5.0,4981.55,5509.2,1528.0,-1.0,128.0,1763149719.0,RMDVR,False
25555227,25555226.0,5.0,2168.175,3735.17,1528.0,-1.0,128.0,1769751667.0,RMDVR,False
v_25454798_1528,25454797.0,,4008.0,5759.0,1528.0,,,,RMDVL,True
v_25555228_1529,25555227.0,,2152.425,3708.92,1529.0,,,,RMDVR,True
v_25488834_1529,25488833.0,,4983.8,5497.95,1529.0,,,,RMDVR,True
25454798,v_25454798_1528,5.0,4026.0,5760.5,1529.0,-1.0,128.0,1761321324.0,RMDVL,False
25488834,v_25488834_1529,5.0,4984.55,5494.2,1530.0,-1.0,128.0,1763149720.0,RMDVR,False
v_25454799_1530,25454798.0,,4042.5,5733.5,1530.0,,,,RMDVL,True
25555228,v_25555228_1529,5.0,2147.175,3700.17,1530.0,-1.0,128.0,1769751672.0,RMDVR,False
v_25555229_1531,25555228.0,,2146.5750000000003,3694.17,1531.0,,,,RMDVR,True
25454799,v_25454799_1530,5.0,4048.0,5724.5,1531.0,-1.0,128.0,1761321325.0,RMDVL,False
25488836,25488834.0,5.0,4983.05,5492.2,1531.0,-1.0,128.0,1763149743.0,RMDVR,False
v_25454800_1532,25454799.0,,4054.0,5715.5,1532.0,,,,RMDVL,True
25558799,25488836.0,5.0,5058.55,5506.2,1532.0,-1.0,128.0,1771639180.0,RMDVR,False
v_25555229_1532,v_25555229_1532,,2146.375,3692.17,1532.0,,,,RMDVR,True
25454800,v_25454800_1532,5.0,4056.0,5712.5,1533.0,-1.0,128.0,1761321326.0,RMDVL,False
25555229,v_25555229_1531,5.0,2146.175,3690.17,1533.0,-1.0,128.0,1769751673.0,RMDVR,False
25488837,25558799.0,5.0,4986.55,5493.2,1533.0,-1.0,128.0,1771639180.0,RMDVR,False
25555230,25555229.0,5.0,2140.175,3675.17,1534.0,-1.0,128.0,1769751678.0,RMDVR,False
25488838,25488837.0,5.0,5002.55,5499.2,1534.0,-1.0,128.0,1763149745.0,RMDVR,False
v_25454801_1534,25454800.0,,4062.0,5721.5,1534.0,,,,RMDVL,True
v_25555231_1535,25555230.0,,2123.9750000000004,3670.37,1535.0,,,,RMDVR,True
v_25488839_1535,25488838.0,,5021.3,5498.45,1535.0,,,,RMDVR,True
25454801,v_25454801_1534,5.0,4064.0,5724.5,1535.0,-1.0,128.0,1761321327.0,RMDVL,False
v_25454802_1536,25454801.0,,4068.5,5723.0,1536.0,,,,RMDVL,True
v_25555231_1536,v_25555231_1536,,2118.5750000000003,3668.77,1536.0,,,,RMDVR,True
25488839,v_25488839_1535,5.0,5027.55,5498.2,1536.0,-1.0,128.0,1763149746.0,RMDVR,False
25555231,v_25555231_1535,5.0,2113.175,3667.17,1537.0,-1.0,128.0,1769751679.0,RMDVR,False
25454802,v_25454802_1536,5.0,4070.0,5722.5,1537.0,-1.0,128.0,1761321328.0,RMDVL,False
v_25488840_1537,25488839.0,,5036.55,5509.45,1537.0,,,,RMDVR,True
v_25454803_1538,25454802.0,,4076.0,5712.0,1538.0,,,,RMDVL,True
25488840,v_25488840_1537,5.0,5039.55,5513.2,1538.0,-1.0,128.0,1763149747.0,RMDVR,False
v_25555232_1538,25555231.0,,2101.175,3671.97,1538.0,,,,RMDVR,True
v_25555232_1539,v_25555232_1539,,2097.175,3673.57,1539.0,,,,RMDVR,True
25454803,v_25454803_1538,5.0,4078.0,5708.5,1539.0,-1.0,128.0,1761321330.0,RMDVL,False
v_25488841_1539,25488840.0,,5050.05,5522.2,1539.0,,,,RMDVR,True
v_25454804_1540,25454803.0,,4061.5,5717.5,1540.0,,,,RMDVL,True
25488841,v_25488841_1539,5.0,5053.55,5525.2,1540.0,-1.0,128.0,1763149748.0,RMDVR,False
25555232,v_25555232_1538,5.0,2093.175,3675.17,1540.0,-1.0,128.0,1769751680.0,RMDVR,False
25454804,v_25454804_1540,5.0,4056.0,5720.5,1541.0,-1.0,128.0,1761321331.0,RMDVL,False
v_25488842_1541,25488841.0,,5077.55,5526.7,1541.0,,,,RMDVR,True
v_25555233_1541,25555232.0,,2040.675,3666.92,1541.0,,,,RMDVR,True
25555233,v_25555233_1541,5.0,2023.175,3664.17,1542.0,-1.0,128.0,1769751681.0,RMDVR,False
v_25454805_1542,25454804.0,,4038.0,5718.1,1542.0,,,,RMDVL,True
25488842,v_25488842_1541,5.0,5085.55,5527.2,1542.0,-1.0,128.0,1763149750.0,RMDVR,False
v_25454805_1543,v_25454805_1543,,4032.0,5717.3,1543.0,,,,RMDVL,True
25488843,25488842.0,5.0,5101.55,5520.2,1543.0,-1.0,128.0,1763149755.0,RMDVR,False
25555238,25555233.0,5.0,2018.675,3666.17,1543.0,-1.0,128.0,1769751704.0,RMDVR,False
25555234,25555238.0,5.0,2014.175,3668.17,1544.0,-1.0,128.0,1769751704.0,RMDVR,False
25454805,v_25454805_1542,5.0,4026.0,5716.5,1544.0,-1.0,128.0,1761321332.0,RMDVL,False
v_25555235_1545,25555234.0,,1975.925,3659.92,1545.0,,,,RMDVR,True
v_25454806_1545,25454805.0,,4023.0,5713.5,1545.0,,,,RMDVL,True
25555235,v_25555235_1545,5.0,1963.175,3657.17,1546.0,-1.0,128.0,1769751683.0,RMDVR,False
25454806,v_25454806_1545,5.0,4022.0,5712.5,1546.0,-1.0,128.0,1761321334.0,RMDVL,False
v_25454807_1547,25454806.0,,4011.5,5706.5,1547.0,,,,RMDVL,True
25555236,25555235.0,5.0,1975.175,3660.17,1547.0,-1.0,128.0,1769751686.0,RMDVR,False
25454807,v_25454807_1547,5.0,4008.0,5704.5,1548.0,-1.0,128.0,1761321335.0,RMDVL,False
25555237,25555236.0,5.0,1963.175,3654.17,1548.0,-1.0,128.0,1769751686.0,RMDVR,False
25454808,25454807.0,5.0,3990.0,5734.5,1549.0,-1.0,128.0,1761321338.0,RMDVL,False
25454809,25454808.0,5.0,3990.0,5742.5,1550.0,-1.0,128.0,1761321341.0,RMDVL,False
v_25454810_1551,25454809.0,,3982.5,5747.0,1551.0,,,,RMDVL,True
25454810,v_25454810_1551,5.0,3980.0,5748.5,1552.0,-1.0,128.0,1761321342.0,RMDVL,False
v_25454811_1553,25454810.0,,3993.5,5745.5,1553.0,,,,RMDVL,True
25454811,v_25454811_1553,5.0,3998.0,5744.5,1554.0,-1.0,128.0,1761321343.0,RMDVL,False
v_25454812_1555,25454811.0,,3998.0,5744.5,1555.0,,,,RMDVL,True
25454812,v_25454812_1555,5.0,3998.0,5744.5,1556.0,-1.0,128.0,1761321344.0,RMDVL,False
25454813,25454812.0,5.0,4006.0,5754.5,1557.0,-1.0,128.0,1761321348.0,RMDVL,False
25454814,25454813.0,5.0,4008.0,5755.5,1558.0,-1.0,128.0,1762406422.0,RMDVL,False
