node_id,parent_id,confidence,x,y,z,radius,creator_id,edition_time,cell_name,is_vnode
25517137,25517136.0,5.0,4849.95,3390.55,1355.0,-1.0,128.0,1764869386.0,SMBDR,False
25517136,25517135.0,5.0,4839.95,3432.55,1356.0,-1.0,128.0,1764869386.0,SMBDR,False
25454655,25454654.0,5.0,4144.0,3472.5,1356.0,-1.0,128.0,1767734964.0,SMBDL,False
25454654,v_25454654_1358,5.0,4140.0,3464.5,1357.0,-1.0,128.0,1767734964.0,SMBDL,False
25517135,25517134.0,5.0,4841.95,3446.55,1357.0,-1.0,128.0,1764869386.0,SMBDR,False
25517134,v_25517134_1359,5.0,4835.95,3448.55,1358.0,-1.0,128.0,1764869386.0,SMBDR,False
v_25454654_1358,25454653.0,,4112.0,3444.5,1358.0,,,,SMBDL,True
v_25517134_1359,v_25517134_1360,,4841.95,3453.8833333333337,1359.0,,,,SMBDR,True
25454653,25559226.0,5.0,4084.0,3424.5,1359.0,-1.0,128.0,1771818524.0,SMBDL,False
25559226,25454652.0,5.0,4084.0,3424.5,1360.0,-1.0,128.0,1771818524.0,SMBDL,False
v_25517134_1360,25517133.0,,4847.95,3459.2166666666667,1360.0,,,,SMBDR,True
25454652,v_25454652_1362,5.0,4084.0,3424.5,1361.0,-1.0,128.0,1767734964.0,SMBDL,False
25517133,v_25517133_1362,5.0,4853.95,3464.55,1361.0,-1.0,128.0,1764869386.0,SMBDR,False
v_25454652_1362,25454651.0,,4072.0,3436.5,1362.0,,,,SMBDL,True
v_25517133_1362,v_25517133_1363,,4874.616666666667,3463.2166666666667,1362.0,,,,SMBDR,True
25454651,25454650.0,5.0,4060.0,3448.5,1363.0,-1.0,128.0,1767734964.0,SMBDL,False
v_25517133_1363,25517132.0,,4895.283333333333,3461.8833333333337,1363.0,,,,SMBDR,True
25517132,v_25517132_1365,5.0,4915.95,3460.55,1364.0,-1.0,128.0,1764869386.0,SMBDR,False
25454650,25454649.0,5.0,4048.0,3452.5,1364.0,-1.0,128.0,1767734964.0,SMBDL,False
25454649,25454648.0,5.0,4048.0,3452.5,1365.0,-1.0,128.0,1767734964.0,SMBDL,False
v_25517132_1365,v_25517132_1366,,4923.283333333333,3456.55,1365.0,,,,SMBDR,True
25454648,25454647.0,5.0,4044.0,3444.5,1366.0,-1.0,128.0,1767734964.0,SMBDL,False
v_25517132_1366,25517131.0,,4930.616666666667,3452.55,1366.0,,,,SMBDR,True
25517131,25517130.0,5.0,4937.95,3448.55,1367.0,-1.0,128.0,1764869386.0,SMBDR,False
25454647,25454646.0,5.0,4044.0,3444.5,1367.0,-1.0,128.0,1767734964.0,SMBDL,False
25517130,v_25517130_1369,5.0,4933.95,3446.55,1368.0,-1.0,128.0,1764869386.0,SMBDR,False
25454646,25454645.0,5.0,4044.0,3444.5,1368.0,-1.0,128.0,1767734964.0,SMBDL,False
25454645,25454644.0,5.0,4052.0,3436.5,1369.0,-1.0,128.0,1767734964.0,SMBDL,False
v_25517130_1369,25517129.0,,4949.95,3459.55,1369.0,,,,SMBDR,True
25517129,25559187.0,5.0,4965.95,3472.55,1370.0,-1.0,128.0,1771817629.0,SMBDR,False
25454644,25454643.0,5.0,3980.0,3456.5,1370.0,-1.0,128.0,1767734964.0,SMBDL,False
25454643,25454642.0,5.0,3960.0,3468.5,1371.0,-1.0,128.0,1767734964.0,SMBDL,False
25559187,25517128.0,5.0,4965.95,3472.55,1371.0,-1.0,128.0,1771817629.0,SMBDR,False
25454642,25454641.0,5.0,3964.0,3516.5,1372.0,-1.0,128.0,1767734964.0,SMBDL,False
25517128,25517127.0,5.0,4965.95,3472.55,1372.0,-1.0,128.0,1764869386.0,SMBDR,False
25454641,25454640.0,5.0,3964.0,3516.5,1373.0,-1.0,128.0,1767734964.0,SMBDL,False
25517127,25559194.0,5.0,4965.95,3472.55,1373.0,-1.0,128.0,1771817652.0,SMBDR,False
25559194,25517126.0,5.0,4967.95,3481.55,1374.0,-1.0,128.0,1771817652.0,SMBDR,False
25454640,25454639.0,5.0,3936.0,3516.5,1374.0,-1.0,128.0,1767734964.0,SMBDL,False
25454639,25454638.0,5.0,3924.0,3472.5,1375.0,-1.0,128.0,1767734964.0,SMBDL,False
25517126,25559191.0,5.0,4969.95,3490.55,1375.0,-1.0,128.0,1771817639.0,SMBDR,False
25559191,25517125.0,5.0,4983.95,3464.55,1376.0,-1.0,128.0,1771817639.0,SMBDR,False
25454638,25454637.0,5.0,3924.0,3472.5,1376.0,-1.0,128.0,1767734964.0,SMBDL,False
25454637,25454636.0,5.0,3928.0,3464.5,1377.0,-1.0,128.0,1767734964.0,SMBDL,False
25517125,25517124.0,5.0,4997.95,3438.55,1377.0,-1.0,128.0,1764869386.0,SMBDR,False
25454636,25454635.0,5.0,3956.0,3468.5,1378.0,-1.0,128.0,1767734964.0,SMBDL,False
25517124,25517123.0,5.0,5001.95,3440.55,1378.0,-1.0,128.0,1764869386.0,SMBDR,False
25517123,25517122.0,5.0,5005.95,3452.55,1379.0,-1.0,128.0,1764869386.0,SMBDR,False
25454635,25454634.0,5.0,3952.0,3472.5,1379.0,-1.0,128.0,1767734964.0,SMBDL,False
25517122,25517121.0,5.0,5017.95,3492.55,1380.0,-1.0,128.0,1764869386.0,SMBDR,False
25454634,25454633.0,5.0,3904.0,3476.5,1380.0,-1.0,128.0,1767734964.0,SMBDL,False
25517121,25517120.0,5.0,4989.95,3520.55,1381.0,-1.0,128.0,1764869386.0,SMBDR,False
25454633,25454632.0,5.0,3880.0,3484.5,1381.0,-1.0,128.0,1767734964.0,SMBDL,False
25454632,25531000.0,5.0,3868.0,3484.5,1382.0,-1.0,128.0,1767734964.0,SMBDL,False
25517120,25517119.0,5.0,5039.95,3542.55,1382.0,-1.0,128.0,1764869386.0,SMBDR,False
25517119,25517118.0,5.0,5039.95,3542.55,1383.0,-1.0,128.0,1764869386.0,SMBDR,False
25517155,25517154.0,5.0,5387.95,3932.55,1383.0,-1.0,128.0,1764869386.0,SMBDR,False
25531000,25454631.0,5.0,3862.45,3484.44,1383.0,-1.0,128.0,1767734964.0,SMBDL,False
25454631,25559234.0,5.0,3868.0,3484.5,1384.0,-1.0,128.0,1771818609.0,SMBDL,False
25517118,25517117.0,5.0,5039.95,3542.55,1384.0,-1.0,128.0,1764869386.0,SMBDR,False
25517154,25517116.0,5.0,5359.95,3944.55,1384.0,-1.0,128.0,1764869386.0,SMBDR,False
25559234,25454630.0,5.0,3866.0,3484.5,1385.0,-1.0,128.0,1771818609.0,SMBDL,False
25517117,25517115.0,5.0,5059.95,3576.55,1385.0,-1.0,128.0,1764869386.0,SMBDR,False
25517116,25517115.0,5.0,5359.95,3944.55,1385.0,-1.0,128.0,1764869386.0,SMBDR,False
25454630,25559232.0,5.0,3864.0,3484.5,1386.0,-1.0,128.0,1771818600.0,SMBDL,False
25517115,25517114.0,5.0,5143.95,3632.55,1386.0,-1.0,128.0,1764869386.0,SMBDR,False
25517114,25517111.0,5.0,5139.95,3632.56,1387.0,-1.0,128.0,1771817731.0,SMBDR,False
25559232,25454629.0,5.0,3858.0,3486.5,1387.0,-1.0,128.0,1771818600.0,SMBDL,False
25454629,25454628.0,5.0,3852.0,3488.5,1388.0,-1.0,128.0,1767734964.0,SMBDL,False
25517111,25559177.0,5.0,5139.95,3632.55,1388.0,-1.0,128.0,1771817391.0,SMBDR,False
25454628,25454627.0,5.0,3820.0,3484.5,1389.0,-1.0,128.0,1767734964.0,SMBDL,False
25559174,25517111.0,5.0,5377.95,3836.56,1389.0,-1.0,128.0,1771817333.0,SMBDR,False
25559177,25517112.0,5.0,5073.95,3593.55,1389.0,-1.0,128.0,1771817391.0,SMBDR,False
25517110,25559174.0,5.0,5341.95,3902.55,1390.0,-1.0,128.0,1771817333.0,SMBDR,False
25517112,25517138.0,5.0,5007.95,3554.55,1390.0,-1.0,128.0,1764869386.0,SMBDR,False
25454627,25454624.0,5.0,3832.0,3492.5,1390.0,-1.0,128.0,1767734964.0,SMBDL,False
25454626,25454625.0,5.0,3496.0,3868.5,1390.0,-1.0,128.0,1767734964.0,SMBDL,False
25517138,25517139.0,5.0,4922.955,3505.56,1391.0,-1.0,128.0,1771817437.0,SMBDR,False
25517109,25517110.0,5.0,5399.95,3864.55,1391.0,-1.0,128.0,1764869386.0,SMBDR,False
25454625,25454623.0,5.0,3496.0,3872.5,1391.0,-1.0,128.0,1767734964.0,SMBDL,False
25454624,25454623.0,5.0,3856.0,3496.5,1391.0,-1.0,128.0,1767734964.0,SMBDL,False
25517108,25517109.0,5.0,5363.95,3928.55,1392.0,-1.0,128.0,1764869386.0,SMBDR,False
25517139,25517140.0,5.0,4907.95,3494.55,1392.0,-1.0,128.0,1764869386.0,SMBDR,False
25454623,25454622.0,5.0,3758.505,3524.63,1392.0,-1.0,128.0,1771475715.0,SMBDL,False
v_25517107_1393,25517108.0,,5363.95,3937.55,1393.0,,,,SMBDR,True
25517140,25517141.0,5.0,4907.95,3494.55,1393.0,-1.0,128.0,1764869386.0,SMBDR,False
25454622,25454621.0,5.0,3814.0,3498.51,1393.0,-1.0,128.0,1771818337.0,SMBDL,False
25517141,v_25517141_1395,5.0,4885.95,3488.55,1394.0,-1.0,128.0,1764869386.0,SMBDR,False
25517107,v_25517107_1393,5.0,5363.95,3940.55,1394.0,-1.0,128.0,1764869386.0,SMBDR,False
25454621,25454620.0,5.0,3808.0,3492.5,1394.0,-1.0,128.0,1767734964.0,SMBDL,False
25454620,25454617.0,5.0,3800.0,3488.5,1395.0,-1.0,128.0,1767734964.0,SMBDL,False
25454619,25454618.0,5.0,4428.0,3188.5,1395.0,-1.0,128.0,1767734964.0,SMBDL,False
v_25517141_1395,25517142.0,,4879.95,3475.55,1395.0,,,,SMBDR,True
25517104,25517107.0,5.0,5377.95,3926.55,1395.0,-1.0,128.0,1764869386.0,SMBDR,False
25454618,v_25454618_1397,5.0,4364.0,3192.5,1396.0,-1.0,128.0,1767734964.0,SMBDL,False
25454617,25454613.0,5.0,3776.0,3488.5,1396.0,-1.0,128.0,1767734964.0,SMBDL,False
25517105,25517104.0,5.0,5307.95,3976.55,1396.0,-1.0,128.0,1764869386.0,SMBDR,False
25517103,25517104.0,5.0,5473.95,3866.55,1396.0,-1.0,128.0,1764869386.0,SMBDR,False
25517142,25517143.0,5.0,4873.95,3462.55,1396.0,-1.0,128.0,1764869386.0,SMBDR,False
25517106,25517105.0,5.0,5311.95,3970.55,1397.0,-1.0,128.0,1764869386.0,SMBDR,False
25465991,25465990.0,5.0,3820.8,2720.6,1397.0,-1.0,128.0,1761781774.0,SMBDR,False
25517102,25517103.0,5.0,5485.95,3834.55,1397.0,-1.0,128.0,1764869386.0,SMBDR,False
25517143,25517144.0,5.0,4789.95,3400.55,1397.0,-1.0,128.0,1764869386.0,SMBDR,False
25454613,25454614.0,5.0,3714.0,3498.51,1397.0,-1.0,128.0,1771818315.0,SMBDL,False
v_25454618_1397,25454616.0,,4340.0,3166.5,1397.0,,,,SMBDL,True
25536023,25536022.0,2.0,4937.0,2884.5,1398.0,-1.0,99.0,1767983432.0,SMBDL,False
25454614,25455294.0,5.0,3410.0,3890.51,1398.0,-1.0,128.0,1771818285.0,SMBDL,False
25536021,25454616.0,5.0,4509.0,2974.5,1398.0,-1.0,99.0,1767983423.0,SMBDL,False
25454615,25454613.0,5.0,4058.0,3384.5,1398.0,-1.0,128.0,1767734964.0,SMBDL,False
25454616,25454613.0,5.0,4316.0,3140.5,1398.0,-1.0,128.0,1767734964.0,SMBDL,False
25517101,25517102.0,5.0,5513.95,3832.55,1398.0,-1.0,128.0,1764869386.0,SMBDR,False
25465990,25465989.0,5.0,3808.8,2678.6,1398.0,-1.0,128.0,1761781771.0,SMBDR,False
25517144,v_25517144_1399,5.0,4715.95,3306.55,1398.0,-1.0,128.0,1764869386.0,SMBDR,False
v_25517144_1399,25465983.0,,4496.375,3277.575,1399.0,,,,SMBDR,True
25536022,25536021.0,5.0,4667.0,3052.5,1399.0,-1.0,99.0,1767983424.0,SMBDL,False
v_25517100_1399,25517101.0,,5575.45,3846.05,1399.0,,,,SMBDR,True
25482722,25454615.0,5.0,4042.15,3426.62,1399.0,-1.0,128.0,1767734964.0,SMBDL,False
25455294,v_25455294_1400,5.0,3412.95,3856.55,1399.0,-1.0,128.0,1767734964.0,SMBDL,False
25449158,25536020.0,5.0,5803.95,3137.55,1399.0,-1.0,128.0,1767983439.0,SMBDL,False
25536020,25536023.0,2.0,5660.95,3085.55,1399.0,-1.0,99.0,1767983439.0,SMBDL,False
25559205,25517144.0,5.0,4739.955,3362.56,1399.0,-1.0,128.0,1771817856.0,SMBDR,False
25465989,25465988.0,5.0,3816.8,2784.6,1399.0,-1.0,128.0,1761781765.0,SMBDR,False
25465984,25465983.0,5.0,4312.8,3258.6,1399.0,-1.0,128.0,1761781687.0,SMBDR,False
25517100,v_25517100_1399,5.0,5595.95,3850.55,1400.0,-1.0,128.0,1764869386.0,SMBDR,False
25517145,25559205.0,5.0,4767.95,3406.55,1400.0,-1.0,128.0,1771817856.0,SMBDR,False
25465988,25465987.0,5.0,3862.8,2782.6,1400.0,-1.0,128.0,1761781759.0,SMBDR,False
25465983,25465982.0,5.0,4276.8,3248.6,1400.0,-1.0,128.0,1761781656.0,SMBDR,False
v_25455294_1400,v_25455294_1401,,3412.53375,3856.47,1400.0,,,,SMBDL,True
25482723,25482722.0,5.0,4030.15,3438.62,1400.0,-1.0,128.0,1767734964.0,SMBDL,False
25449157,25449158.0,5.0,5821.95,3169.55,1400.0,-1.0,128.0,1767983439.0,SMBDL,False
v_25517146_1401,25517145.0,,4760.45,3408.05,1401.0,,,,SMBDR,True
25465982,25465981.0,5.0,4194.8,3200.6,1401.0,-1.0,128.0,1761781655.0,SMBDR,False
25465987,25465986.0,5.0,3790.8,2810.6,1401.0,-1.0,128.0,1761781758.0,SMBDR,False
25517099,25517100.0,5.0,5637.95,3864.55,1401.0,-1.0,128.0,1764869386.0,SMBDR,False
v_25482724_1401,25482723.0,,4024.15,3450.62,1401.0,,,,SMBDL,True
v_25449156_1401,25449157.0,,5904.45,3204.05,1401.0,,,,SMBDL,True
v_25455294_1401,v_25455294_1402,,3412.1175,3856.39,1401.0,,,,SMBDL,True
25482724,v_25482724_1401,5.0,4022.15,3454.62,1402.0,-1.0,128.0,1767734964.0,SMBDL,False
25449156,v_25449156_1401,5.0,5931.95,3215.55,1402.0,-1.0,128.0,1767983439.0,SMBDL,False
25517146,v_25517146_1401,5.0,4757.95,3408.55,1402.0,-1.0,128.0,1764869386.0,SMBDR,False
25465986,25465985.0,5.0,3724.8,2888.6,1402.0,-1.0,128.0,1761781755.0,SMBDR,False
25465981,25465980.0,5.0,4114.8,3190.6,1402.0,-1.0,128.0,1761781637.0,SMBDR,False
v_25517098_1402,25517099.0,,5640.349999999999,3868.15,1402.0,,,,SMBDR,True
v_25455294_1402,25455295.0,,3411.70125,3856.31,1402.0,,,,SMBDL,True
25517147,25517146.0,5.0,4699.95,3400.55,1403.0,-1.0,128.0,1764869386.0,SMBDR,False
v_25517098_1403,v_25517098_1403,,5641.15,3869.35,1403.0,,,,SMBDR,True
25465980,25465979.0,5.0,4148.8,3118.6,1403.0,-1.0,128.0,1761781634.0,SMBDR,False
25465985,25465978.0,5.0,3748.8,2856.6,1403.0,-1.0,128.0,1761781753.0,SMBDR,False
v_25449155_1403,25449156.0,,5997.95,3214.05,1403.0,,,,SMBDL,True
25482725,25482724.0,5.0,4026.15,3418.62,1403.0,-1.0,128.0,1767734964.0,SMBDL,False
25455295,25455645.0,5.0,3411.285,3856.23,1403.0,-1.0,128.0,1771818361.0,SMBDL,False
25465979,25465977.0,5.0,4112.8,3084.6,1404.0,-1.0,128.0,1761781615.0,SMBDR,False
25465978,25465977.0,5.0,3804.8,2902.6,1404.0,-1.0,128.0,1761781626.0,SMBDR,False
25517098,v_25517098_1402,5.0,5641.95,3870.55,1404.0,-1.0,128.0,1764869386.0,SMBDR,False
25517148,25517147.0,5.0,4693.95,3390.55,1404.0,-1.0,128.0,1764869386.0,SMBDR,False
25482726,25482725.0,5.0,3998.15,3418.62,1404.0,-1.0,128.0,1767734964.0,SMBDL,False
25449155,v_25449155_1403,5.0,6019.95,3213.55,1404.0,-1.0,128.0,1767983439.0,SMBDL,False
25455645,25559220.0,5.0,3376.95,3868.55,1404.0,-1.0,128.0,1771818389.0,SMBDL,False
v_25517097_1405,25517098.0,,5649.45,3870.55,1405.0,,,,SMBDR,True
25482727,25482726.0,5.0,4022.15,3390.62,1405.0,-1.0,128.0,1767734964.0,SMBDL,False
25559220,v_25559220_1406,5.0,3374.95,3864.05,1405.0,-1.0,128.0,1771818389.0,SMBDL,False
25465977,25465976.0,5.0,3830.8,2928.6,1405.0,-1.0,128.0,1761781612.0,SMBDR,False
25449154,25449155.0,5.0,6109.95,3235.55,1405.0,-1.0,128.0,1767983439.0,SMBDL,False
25465976,25465975.0,5.0,3752.8,2882.6,1406.0,-1.0,128.0,1761781540.0,SMBDR,False
v_25559220_1406,v_25559220_1407,,3372.95,3859.55,1406.0,,,,SMBDL,True
25449153,25449154.0,5.0,6309.95,3289.55,1406.0,-1.0,128.0,1767983439.0,SMBDL,False
25517097,v_25517097_1405,5.0,5651.95,3870.55,1406.0,-1.0,128.0,1764869386.0,SMBDR,False
25482728,25482727.0,5.0,4022.15,3390.62,1406.0,-1.0,128.0,1767734964.0,SMBDL,False
v_25559220_1407,25455646.0,,3370.95,3855.05,1407.0,,,,SMBDL,True
25449152,25449153.0,5.0,6307.95,3327.55,1407.0,-1.0,128.0,1767983439.0,SMBDL,False
25517096,25517097.0,5.0,5649.95,3900.55,1407.0,-1.0,128.0,1764869386.0,SMBDR,False
25465975,25465974.0,5.0,3690.8,2872.6,1407.0,-1.0,128.0,1761781539.0,SMBDR,False
25482729,25482728.0,5.0,4026.15,3394.62,1407.0,-1.0,128.0,1767734964.0,SMBDL,False
25449151,25449152.0,5.0,6347.95,3369.55,1408.0,-1.0,128.0,1767983439.0,SMBDL,False
25465974,25465973.0,5.0,3642.8,2890.6,1408.0,-1.0,128.0,1761781534.0,SMBDR,False
25482730,25482729.0,5.0,4034.15,3386.62,1408.0,-1.0,128.0,1767734964.0,SMBDL,False
25517095,25517096.0,5.0,5629.95,3920.55,1408.0,-1.0,128.0,1764869386.0,SMBDR,False
25455646,v_25455646_1409,5.0,3368.95,3850.55,1408.0,-1.0,128.0,1767734964.0,SMBDL,False
25465973,25465972.0,5.0,3644.8,2912.6,1409.0,-1.0,128.0,1761781531.0,SMBDR,False
v_25517094_1409,25517095.0,,5643.45,3919.05,1409.0,,,,SMBDR,True
v_25455646_1409,v_25455646_1410,,3355.6166666666663,3848.55,1409.0,,,,SMBDL,True
25449150,25449151.0,5.0,6399.95,3435.55,1409.0,-1.0,128.0,1767983439.0,SMBDL,False
25449149,25449150.0,5.0,6469.95,3709.55,1410.0,-1.0,128.0,1767983439.0,SMBDL,False
25465972,25465971.0,5.0,3648.8,2980.6,1410.0,-1.0,128.0,1761781527.0,SMBDR,False
25517094,v_25517094_1409,5.0,5647.95,3918.55,1410.0,-1.0,128.0,1764869386.0,SMBDR,False
v_25455646_1410,25455647.0,,3342.2833333333333,3846.55,1410.0,,,,SMBDL,True
25465971,25465970.0,5.0,3600.8,2984.6,1411.0,-1.0,128.0,1761781525.0,SMBDR,False
25517093,25517094.0,5.0,5663.95,3926.55,1411.0,-1.0,128.0,1764869386.0,SMBDR,False
25449148,25449149.0,5.0,6455.95,3789.55,1411.0,-1.0,128.0,1767983439.0,SMBDL,False
25455647,v_25455647_1412,5.0,3328.95,3844.55,1411.0,-1.0,128.0,1767734964.0,SMBDL,False
25449147,25449148.0,5.0,6453.95,3869.55,1412.0,-1.0,128.0,1767983439.0,SMBDL,False
25517092,25517093.0,5.0,5685.95,3910.55,1412.0,-1.0,128.0,1764869386.0,SMBDR,False
25465970,25465969.0,5.0,3550.8,3002.6,1412.0,-1.0,128.0,1761781524.0,SMBDR,False
v_25455647_1412,25455648.0,,3324.95,3838.55,1412.0,,,,SMBDL,True
25465969,25465968.0,5.0,3504.8,3028.6,1413.0,-1.0,128.0,1761781521.0,SMBDR,False
25449146,25449147.0,5.0,6421.95,3935.55,1413.0,-1.0,128.0,1767983439.0,SMBDL,False
25517091,25517092.0,5.0,5695.95,3912.55,1413.0,-1.0,128.0,1764869386.0,SMBDR,False
25455648,v_25455648_1414,5.0,3320.95,3832.55,1413.0,-1.0,128.0,1767734964.0,SMBDL,False
v_25517090_1414,25517091.0,,5695.95,3912.55,1414.0,,,,SMBDR,True
25449145,25449146.0,5.0,6315.95,4123.55,1414.0,-1.0,128.0,1767983439.0,SMBDL,False
v_25455648_1414,v_25455648_1415,,3310.95,3826.55,1414.0,,,,SMBDL,True
25465968,25465967.0,5.0,3458.8,3050.6,1414.0,-1.0,128.0,1761781520.0,SMBDR,False
25465967,25465966.0,5.0,3424.8,3058.6,1415.0,-1.0,128.0,1761781519.0,SMBDR,False
v_25517090_1415,v_25517090_1415,,5695.95,3912.55,1415.0,,,,SMBDR,True
25449144,25449145.0,5.0,6287.95,4177.55,1415.0,-1.0,128.0,1767983439.0,SMBDL,False
v_25455648_1415,25455649.0,,3300.95,3820.55,1415.0,,,,SMBDL,True
25465966,25465965.0,5.0,3382.8,3092.6,1416.0,-1.0,128.0,1761781514.0,SMBDR,False
25517090,v_25517090_1414,5.0,5695.95,3912.55,1416.0,-1.0,128.0,1764869386.0,SMBDR,False
25449143,25449144.0,5.0,6255.95,4309.55,1416.0,-1.0,128.0,1767983439.0,SMBDL,False
25455649,v_25455649_1417,5.0,3290.95,3814.55,1416.0,-1.0,128.0,1767734964.0,SMBDL,False
25465965,25465964.0,5.0,3322.8,3094.6,1417.0,-1.0,128.0,1761781513.0,SMBDR,False
25449142,25449143.0,5.0,6251.95,4343.55,1417.0,-1.0,128.0,1767983439.0,SMBDL,False
v_25455649_1417,v_25455649_1418,,3272.95,3824.55,1417.0,,,,SMBDL,True
v_25517089_1417,25517090.0,,5671.95,3912.55,1417.0,,,,SMBDR,True
25449141,25449142.0,5.0,6261.95,4327.55,1418.0,-1.0,128.0,1767983439.0,SMBDL,False
v_25455649_1418,25455650.0,,3254.95,3834.55,1418.0,,,,SMBDL,True
25465964,25465963.0,5.0,3288.8,3102.6,1418.0,-1.0,128.0,1761781512.0,SMBDR,False
v_25517089_1418,v_25517089_1418,,5663.95,3912.55,1418.0,,,,SMBDR,True
25455650,v_25455650_1420,5.0,3236.95,3844.55,1419.0,-1.0,128.0,1767734964.0,SMBDL,False
25465963,25465962.0,5.0,3262.8,3118.6,1419.0,-1.0,128.0,1761781511.0,SMBDR,False
25517089,v_25517089_1417,5.0,5655.95,3912.55,1419.0,-1.0,128.0,1764869386.0,SMBDR,False
25449140,25449141.0,5.0,6227.95,4413.55,1419.0,-1.0,128.0,1767983439.0,SMBDL,False
25465962,25465961.0,5.0,3232.8,3126.6,1420.0,-1.0,128.0,1761781510.0,SMBDR,False
25449139,25449140.0,5.0,6149.95,4601.55,1420.0,-1.0,128.0,1767983439.0,SMBDL,False
v_25517088_1420,25517089.0,,5643.95,3892.15,1420.0,,,,SMBDR,True
v_25455650_1420,25455651.0,,3226.95,3846.55,1420.0,,,,SMBDL,True
25465961,25465960.0,5.0,3212.8,3118.6,1421.0,-1.0,128.0,1761781508.0,SMBDR,False
25449138,25449139.0,5.0,6139.95,4655.55,1421.0,-1.0,128.0,1767983439.0,SMBDL,False
25455651,v_25455651_1422,5.0,3216.95,3848.55,1421.0,-1.0,128.0,1767734964.0,SMBDL,False
v_25517088_1421,v_25517088_1421,,5639.95,3885.35,1421.0,,,,SMBDR,True
25465960,25465959.0,5.0,3200.8,3124.6,1422.0,-1.0,128.0,1761781507.0,SMBDR,False
25517088,v_25517088_1420,5.0,5635.95,3878.55,1422.0,-1.0,128.0,1764869386.0,SMBDR,False
v_25455651_1422,25455652.0,,3216.95,3848.55,1422.0,,,,SMBDL,True
25449137,25449138.0,5.0,6131.95,4677.55,1422.0,-1.0,128.0,1767983439.0,SMBDL,False
25465959,25465958.0,5.0,3176.8,3142.6,1423.0,-1.0,128.0,1761781506.0,SMBDR,False
25517087,25517088.0,5.0,5665.95,3852.55,1423.0,-1.0,128.0,1764869386.0,SMBDR,False
25455652,v_25455652_1424,5.0,3216.95,3848.55,1423.0,-1.0,128.0,1767734964.0,SMBDL,False
25449136,25449137.0,5.0,6101.95,4713.55,1423.0,-1.0,128.0,1767983439.0,SMBDL,False
25449135,25449136.0,5.0,6071.95,4757.55,1424.0,-1.0,128.0,1767983439.0,SMBDL,False
25465958,25465957.0,5.0,3138.8,3158.6,1424.0,-1.0,128.0,1761781505.0,SMBDR,False
v_25517086_1424,25517087.0,,5671.95,3825.55,1424.0,,,,SMBDR,True
v_25455652_1424,25455653.0,,3207.95,3848.55,1424.0,,,,SMBDL,True
25465957,25465956.0,5.0,3082.8,3174.6,1425.0,-1.0,128.0,1761781498.0,SMBDR,False
25455653,v_25455653_1426,5.0,3198.95,3848.55,1425.0,-1.0,128.0,1767734964.0,SMBDL,False
v_25517086_1425,v_25517086_1426,,5673.95,3816.55,1425.0,,,,SMBDR,True
25449134,25449135.0,5.0,6043.95,4813.55,1425.0,-1.0,128.0,1767983439.0,SMBDL,False
v_25455653_1426,v_25455653_1427,,3194.2833333333333,3852.55,1426.0,,,,SMBDL,True
25449133,25449134.0,5.0,6001.95,4873.55,1426.0,-1.0,128.0,1767983439.0,SMBDL,False
v_25517086_1426,v_25517086_1425,,5675.95,3807.55,1426.0,,,,SMBDR,True
25465956,25465955.0,5.0,3036.8,3190.6,1426.0,-1.0,128.0,1761781497.0,SMBDR,False
v_25449132_1427,25449133.0,,5988.45,4911.05,1427.0,,,,SMBDL,True
v_25455653_1427,25455654.0,,3189.6166666666663,3856.55,1427.0,,,,SMBDL,True
25517086,v_25517086_1424,5.0,5677.95,3798.55,1427.0,-1.0,128.0,1764869386.0,SMBDR,False
25465955,25465954.0,5.0,2988.8,3196.6,1427.0,-1.0,128.0,1761781495.0,SMBDR,False
v_25559170_1428,25517086.0,,5675.9625,3796.55125,1428.0,,,,SMBDR,True
25455654,v_25455654_1429,5.0,3184.95,3860.55,1428.0,-1.0,128.0,1767734964.0,SMBDL,False
25449132,v_25449132_1427,5.0,5983.95,4923.55,1428.0,-1.0,128.0,1767983439.0,SMBDL,False
25465954,25465953.0,5.0,2950.8,3214.6,1428.0,-1.0,128.0,1761781494.0,SMBDR,False
25559170,v_25559170_1428,5.0,5675.3,3795.885,1429.0,-1.0,128.0,1771817261.0,SMBDR,False
25465953,25465952.0,5.0,2918.8,3230.6,1429.0,-1.0,128.0,1761781492.0,SMBDR,False
v_25455654_1429,v_25455654_1430,,3181.6166666666663,3867.8833333333337,1429.0,,,,SMBDL,True
v_25449131_1429,25449132.0,,5958.45,4964.05,1429.0,,,,SMBDL,True
25517085,25559170.0,5.0,5673.95,3794.55,1430.0,-1.0,128.0,1771817261.0,SMBDR,False
25465952,25465951.0,5.0,2860.8,3252.6,1430.0,-1.0,128.0,1761781489.0,SMBDR,False
v_25455654_1430,25455655.0,,3178.2833333333333,3875.216666666666,1430.0,,,,SMBDL,True
25449131,v_25449131_1429,5.0,5949.95,4977.55,1430.0,-1.0,128.0,1767983439.0,SMBDL,False
25465951,25465950.0,5.0,2820.8,3270.6,1431.0,-1.0,128.0,1761781480.0,SMBDR,False
25559167,25517085.0,5.0,5669.75,3791.895,1431.0,-1.0,128.0,1771817236.0,SMBDR,False
v_25449130_1431,25449131.0,,5924.45,5006.05,1431.0,,,,SMBDL,True
25455655,v_25455655_1432,5.0,3174.95,3882.55,1431.0,-1.0,128.0,1767734964.0,SMBDL,False
25465950,25465949.0,5.0,2780.8,3286.6,1432.0,-1.0,128.0,1761781479.0,SMBDR,False
25449130,v_25449130_1431,5.0,5915.95,5015.55,1432.0,-1.0,128.0,1767983439.0,SMBDL,False
25517084,25559167.0,5.0,5669.95,3794.55,1432.0,-1.0,128.0,1771817233.0,SMBDR,False
v_25455655_1432,25455656.0,,3168.95,3889.55,1432.0,,,,SMBDL,True
25559163,25517084.0,5.0,5673.3,3804.55,1433.0,-1.0,128.0,1771817214.0,SMBDR,False
25465949,25465948.0,5.0,2702.8,3308.6,1433.0,-1.0,128.0,1761781475.0,SMBDR,False
25455656,v_25455656_1434,5.0,3162.95,3896.55,1433.0,-1.0,128.0,1767734964.0,SMBDL,False
v_25449129_1433,25449130.0,,5906.95,5039.55,1433.0,,,,SMBDL,True
v_25517083_1434,25559163.0,,5678.2875,3819.55,1434.0,,,,SMBDR,True
25465948,25465947.0,5.0,2672.8,3350.6,1434.0,-1.0,128.0,1761781474.0,SMBDR,False
25449129,v_25449129_1433,5.0,5903.95,5047.55,1434.0,-1.0,128.0,1767983439.0,SMBDL,False
v_25455656_1434,v_25455656_1435,,3157.6166666666663,3900.55,1434.0,,,,SMBDL,True
25517083,v_25517083_1434,5.0,5679.95,3824.55,1435.0,-1.0,128.0,1771817214.0,SMBDR,False
25465947,25465946.0,5.0,2610.8,3388.6,1435.0,-1.0,128.0,1761781471.0,SMBDR,False
v_25449128_1435,25449129.0,,5900.95,5089.55,1435.0,,,,SMBDL,True
v_25455656_1435,25455657.0,,3152.2833333333333,3904.55,1435.0,,,,SMBDL,True
25465946,25465945.0,5.0,2558.8,3486.6,1436.0,-1.0,128.0,1761781464.0,SMBDR,False
25455657,v_25455657_1437,5.0,3146.95,3908.55,1436.0,-1.0,128.0,1767734964.0,SMBDL,False
25449128,v_25449128_1435,5.0,5899.95,5103.55,1436.0,-1.0,128.0,1767983439.0,SMBDL,False
v_25517082_1436,25517083.0,,5679.95,3824.55,1436.0,,,,SMBDR,True
v_25449127_1437,25449128.0,,5886.45,5132.05,1437.0,,,,SMBDL,True
v_25455657_1437,v_25455657_1438,,3146.95,3908.55,1437.0,,,,SMBDL,True
25517082,v_25517082_1436,5.0,5679.95,3824.55,1437.0,-1.0,128.0,1764869386.0,SMBDR,False
25465945,25465943.0,5.0,2416.8,3602.6,1437.0,-1.0,128.0,1761781452.0,SMBDR,False
25449127,v_25449127_1437,5.0,5881.95,5141.55,1438.0,-1.0,128.0,1767983439.0,SMBDL,False
25465943,25465942.0,5.0,2396.8,3656.6,1438.0,-1.0,128.0,1761781446.0,SMBDR,False
v_25455657_1438,25455658.0,,3146.95,3908.55,1438.0,,,,SMBDL,True
25517081,25517082.0,5.0,5715.95,3822.55,1438.0,-1.0,128.0,1764869386.0,SMBDR,False
25449126,25449127.0,5.0,5879.95,5185.55,1439.0,-1.0,128.0,1767983439.0,SMBDL,False
25465942,25465941.0,5.0,2356.8,3930.6,1439.0,-1.0,128.0,1761781443.0,SMBDR,False
25517080,25517081.0,5.0,5717.95,3824.55,1439.0,-1.0,128.0,1764869386.0,SMBDR,False
25465944,25465943.0,5.0,2486.8,3522.6,1439.0,-1.0,128.0,1761781447.0,SMBDR,False
25455658,v_25455658_1440,5.0,3146.95,3908.55,1439.0,-1.0,128.0,1767734964.0,SMBDL,False
v_25449125_1440,25449126.0,,5879.95,5193.05,1440.0,,,,SMBDL,True
v_25455658_1440,25455659.0,,3138.95,3903.55,1440.0,,,,SMBDL,True
25465992,25465944.0,5.0,2505.8,3492.6,1440.0,-1.0,128.0,1761781802.0,SMBDR,False
25516146,25517080.0,5.0,5719.95,3838.55,1440.0,-1.0,128.0,1764869386.0,SMBDR,False
25465941,25465940.0,5.0,2436.8,4162.6,1440.0,-1.0,128.0,1761781410.0,SMBDR,False
25455659,v_25455659_1442,5.0,3130.95,3898.55,1441.0,-1.0,128.0,1767734964.0,SMBDL,False
25465993,25465992.0,5.0,2497.8,3506.6,1441.0,-1.0,128.0,1761781803.0,SMBDR,False
25465940,25465939.0,5.0,2442.8,4192.6,1441.0,-1.0,128.0,1761781407.0,SMBDR,False
25449125,v_25449125_1440,5.0,5879.95,5195.55,1441.0,-1.0,128.0,1767983439.0,SMBDL,False
v_25516145_1441,25516146.0,,5745.45,3819.8,1441.0,,,,SMBDR,True
25516145,v_25516145_1441,5.0,5753.95,3813.55,1442.0,-1.0,128.0,1764869386.0,SMBDR,False
25465939,25465938.0,5.0,2478.8,4288.6,1442.0,-1.0,128.0,1761781405.0,SMBDR,False
25465994,25465993.0,5.0,2497.8,3516.6,1442.0,-1.0,128.0,1761781804.0,SMBDR,False
25449124,25449125.0,5.0,5841.95,5237.55,1442.0,-1.0,128.0,1767983439.0,SMBDL,False
v_25455659_1442,25455660.0,,3130.95,3898.55,1442.0,,,,SMBDL,True
25455660,v_25455660_1444,5.0,3130.95,3898.55,1443.0,-1.0,128.0,1768841971.0,SMBDL,False
25449123,25449124.0,5.0,5829.95,5291.55,1443.0,-1.0,128.0,1767983439.0,SMBDL,False
25465995,25465994.0,5.0,2499.8,3516.6,1443.0,-1.0,128.0,1761781806.0,SMBDR,False
25516143,25516145.0,5.0,5749.95,3788.55,1443.0,-1.0,128.0,1764869386.0,SMBDR,False
25465938,25465937.0,5.0,2518.8,4382.6,1443.0,-1.0,128.0,1761781402.0,SMBDR,False
v_25516142_1444,25516143.0,,5760.75,3765.75,1444.0,,,,SMBDR,True
v_25455660_1444,25551060.0,,3136.2825,3904.55,1444.0,,,,SMBDL,True
v_25449122_1444,25449123.0,,5825.45,5308.05,1444.0,,,,SMBDL,True
25465937,25465936.0,5.0,2552.8,4474.6,1444.0,-1.0,128.0,1761781398.0,SMBDR,False
v_25516142_1445,v_25516142_1445,,5764.349999999999,3758.15,1445.0,,,,SMBDR,True
25551060,25455661.0,5.0,3141.615,3910.55,1445.0,-1.0,128.0,1768841971.0,SMBDL,False
25449122,v_25449122_1444,5.0,5823.95,5313.55,1445.0,-1.0,128.0,1767983439.0,SMBDL,False
25465936,25465935.0,5.0,2582.8,4538.6,1445.0,-1.0,128.0,1761781379.0,SMBDR,False
25465935,25465934.0,5.0,2612.8,4608.6,1446.0,-1.0,128.0,1761781375.0,SMBDR,False
25449121,25449122.0,5.0,5823.95,5323.55,1446.0,-1.0,128.0,1767983439.0,SMBDL,False
25455661,v_25455661_1447,5.0,3146.95,3916.55,1446.0,-1.0,128.0,1767734964.0,SMBDL,False
25516142,v_25516142_1444,5.0,5767.95,3750.55,1446.0,-1.0,128.0,1764869386.0,SMBDR,False
25557027,25516142.0,5.0,5769.3,3749.215,1447.0,-1.0,128.0,1770829632.0,SMBDR,False
25465934,25465933.0,5.0,2634.8,4640.6,1447.0,-1.0,128.0,1761781374.0,SMBDR,False
25449120,25449121.0,5.0,5805.95,5367.55,1447.0,-1.0,128.0,1767983439.0,SMBDL,False
v_25455661_1447,25455662.0,,3160.95,3921.55,1447.0,,,,SMBDL,True
25449119,25449120.0,5.0,5795.95,5413.55,1448.0,-1.0,128.0,1767983439.0,SMBDL,False
25465933,25465932.0,5.0,2648.95,4678.415,1448.0,-1.0,128.0,1766176755.0,SMBDR,False
25455662,v_25455662_1449,5.0,3174.95,3926.55,1448.0,-1.0,128.0,1767734964.0,SMBDL,False
v_25516141_1448,25557027.0,,5771.2875,3747.21625,1448.0,,,,SMBDR,True
25449118,25449119.0,5.0,5791.95,5415.55,1449.0,-1.0,128.0,1767983439.0,SMBDL,False
25465932,25465931.0,5.0,2646.8,4724.6,1449.0,-1.0,128.0,1761781371.0,SMBDR,False
25516141,v_25516141_1448,5.0,5771.95,3746.55,1449.0,-1.0,128.0,1770829632.0,SMBDR,False
v_25455662_1449,25455663.0,,3171.95,3924.55,1449.0,,,,SMBDL,True
25465931,25465930.0,5.0,2686.8,4776.6,1450.0,-1.0,128.0,1761781369.0,SMBDR,False
25455663,v_25455663_1451,5.0,3168.95,3922.55,1450.0,-1.0,128.0,1767734964.0,SMBDL,False
25449117,25449118.0,5.0,5763.95,5459.55,1450.0,-1.0,128.0,1767983439.0,SMBDL,False
v_25516140_1450,25516141.0,,5831.95,3709.05,1450.0,,,,SMBDR,True
25465930,25465929.0,5.0,2682.8,4802.6,1451.0,-1.0,128.0,1761781366.0,SMBDR,False
25516140,v_25516140_1450,5.0,5851.95,3696.55,1451.0,-1.0,128.0,1764869386.0,SMBDR,False
v_25449116_1451,25449117.0,,5769.95,5483.55,1451.0,,,,SMBDL,True
v_25455663_1451,25455664.0,,3166.95,3916.55,1451.0,,,,SMBDL,True
25449116,v_25449116_1451,5.0,5771.95,5491.55,1452.0,-1.0,128.0,1767983439.0,SMBDL,False
v_25516139_1452,25516140.0,,5851.95,3696.55,1452.0,,,,SMBDR,True
25465929,25465928.0,5.0,2692.8,4832.6,1452.0,-1.0,128.0,1761781365.0,SMBDR,False
25455664,v_25455664_1453,5.0,3164.95,3910.55,1452.0,-1.0,128.0,1767734964.0,SMBDL,False
v_25455664_1453,25455665.0,,3164.95,3910.55,1453.0,,,,SMBDL,True
25465928,25465927.0,5.0,2708.8,4868.6,1453.0,-1.0,128.0,1761781364.0,SMBDR,False
25516139,v_25516139_1452,5.0,5851.95,3696.55,1453.0,-1.0,128.0,1764869386.0,SMBDR,False
25449115,25449116.0,5.0,5771.95,5491.55,1453.0,-1.0,128.0,1767983439.0,SMBDL,False
25455665,v_25455665_1455,5.0,3164.95,3910.55,1454.0,-1.0,128.0,1767734964.0,SMBDL,False
25516138,25516139.0,5.0,5881.95,3678.55,1454.0,-1.0,128.0,1764869386.0,SMBDR,False
v_25449114_1454,25449115.0,,5749.45,5526.05,1454.0,,,,SMBDL,True
25465927,25465926.0,5.0,2724.8,4948.6,1454.0,-1.0,128.0,1761781363.0,SMBDR,False
25465926,25465925.0,5.0,2754.8,4974.6,1455.0,-1.0,128.0,1761781361.0,SMBDR,False
25449114,v_25449114_1454,5.0,5741.95,5537.55,1455.0,-1.0,128.0,1767983439.0,SMBDL,False
v_25516137_1455,25516138.0,,5890.95,3642.55,1455.0,,,,SMBDR,True
v_25455665_1455,v_25455665_1456,,3171.6166666666663,3907.8833333333337,1455.0,,,,SMBDL,True
25516137,v_25516137_1455,5.0,5893.95,3630.55,1456.0,-1.0,128.0,1764869386.0,SMBDR,False
v_25455665_1456,25455666.0,,3178.2833333333333,3905.216666666666,1456.0,,,,SMBDL,True
25465925,25465924.0,5.0,2790.8,5062.6,1456.0,-1.0,128.0,1761781360.0,SMBDR,False
25449113,25449114.0,5.0,5723.95,5579.55,1456.0,-1.0,128.0,1767983439.0,SMBDL,False
25455666,v_25455666_1458,5.0,3184.95,3902.55,1457.0,-1.0,128.0,1767734964.0,SMBDL,False
25516136,25516137.0,5.0,5907.95,3612.55,1457.0,-1.0,128.0,1764869386.0,SMBDR,False
v_25449112_1457,25449113.0,,5701.45,5608.05,1457.0,,,,SMBDL,True
25465924,v_25465924_1458,5.0,2800.8,5092.6,1457.0,-1.0,128.0,1761781359.0,SMBDR,False
25449112,v_25449112_1457,5.0,5693.95,5617.55,1458.0,-1.0,128.0,1767983439.0,SMBDL,False
v_25465924_1458,25465923.0,,2809.8,5112.6,1458.0,,,,SMBDR,True
v_25455666_1458,v_25455666_1459,,3184.95,3902.55,1458.0,,,,SMBDL,True
v_25516135_1458,25516136.0,,5911.55,3593.3500000000004,1458.0,,,,SMBDR,True
25465923,v_25465923_1460,5.0,2818.8,5132.6,1459.0,-1.0,128.0,1761781357.0,SMBDR,False
v_25449111_1459,25449112.0,,5689.45,5637.05,1459.0,,,,SMBDL,True
v_25516135_1459,v_25516135_1459,,5912.75,3586.9500000000003,1459.0,,,,SMBDR,True
v_25455666_1459,25455667.0,,3184.95,3902.55,1459.0,,,,SMBDL,True
25516135,v_25516135_1458,5.0,5913.95,3580.55,1460.0,-1.0,128.0,1764869386.0,SMBDR,False
25455667,v_25455667_1461,5.0,3184.95,3902.55,1460.0,-1.0,128.0,1767734964.0,SMBDL,False
v_25465923_1460,25465922.0,,2824.8,5167.6,1460.0,,,,SMBDR,True
25449111,v_25449111_1459,5.0,5687.95,5643.55,1460.0,-1.0,128.0,1767983439.0,SMBDL,False
v_25516134_1461,25516135.0,,5923.7,3528.8,1461.0,,,,SMBDR,True
v_25455667_1461,v_25455667_1462,,3184.2833333333333,3898.55,1461.0,,,,SMBDL,True
v_25449110_1461,25449111.0,,5675.95,5664.55,1461.0,,,,SMBDL,True
25516133,25516134.0,5.0,5923.95,3544.55,1461.0,-1.0,128.0,1764869386.0,SMBDR,False
25465922,25465921.0,5.0,2830.8,5202.6,1461.0,-1.0,128.0,1761781356.0,SMBDR,False
25516134,v_25516134_1461,5.0,5926.95,3511.55,1462.0,-1.0,128.0,1764869386.0,SMBDR,False
v_25455667_1462,25455668.0,,3183.6166666666663,3894.55,1462.0,,,,SMBDL,True
25465921,25465920.0,5.0,2838.8,5234.6,1462.0,-1.0,128.0,1761781354.0,SMBDR,False
25449110,v_25449110_1461,5.0,5671.95,5671.55,1462.0,-1.0,128.0,1767983439.0,SMBDL,False
25465920,25465919.0,5.0,2866.8,5264.6,1463.0,-1.0,128.0,1761781353.0,SMBDR,False
25516132,25516134.0,5.0,5929.95,3478.55,1463.0,-1.0,128.0,1764869386.0,SMBDR,False
v_25449109_1463,25449110.0,,5679.45,5677.55,1463.0,,,,SMBDL,True
25455668,v_25455668_1464,5.0,3182.95,3890.55,1463.0,-1.0,128.0,1767734964.0,SMBDL,False
v_25516131_1464,25516132.0,,5929.95,3484.55,1464.0,,,,SMBDR,True
v_25455668_1464,v_25455668_1465,,3178.95,3885.8833333333337,1464.0,,,,SMBDL,True
25449109,v_25449109_1463,5.0,5681.95,5679.55,1464.0,-1.0,128.0,1767983439.0,SMBDL,False
25465919,25465918.0,5.0,2914.8,5326.6,1464.0,-1.0,128.0,1761781352.0,SMBDR,False
25449108,25449109.0,5.0,5663.95,5669.55,1465.0,-1.0,128.0,1767983439.0,SMBDL,False
25465918,25465917.0,5.0,2940.8,5348.6,1465.0,-1.0,128.0,1761781349.0,SMBDR,False
v_25455668_1465,25455669.0,,3174.95,3881.216666666666,1465.0,,,,SMBDL,True
v_25516131_1465,v_25516131_1466,,5929.95,3486.55,1465.0,,,,SMBDR,True
v_25516131_1466,v_25516131_1465,,5929.95,3488.55,1466.0,,,,SMBDR,True
25465917,25465916.0,5.0,2932.8,5374.6,1466.0,-1.0,128.0,1761781348.0,SMBDR,False
v_25449107_1466,25449108.0,,5662.95,5692.55,1466.0,,,,SMBDL,True
25455669,v_25455669_1467,5.0,3170.95,3876.55,1466.0,-1.0,128.0,1767734964.0,SMBDL,False
v_25455669_1467,v_25455669_1468,,3160.95,3861.216666666666,1467.0,,,,SMBDL,True
v_25449107_1467,v_25449107_1468,,5662.616666666667,5700.216666666667,1467.0,,,,SMBDL,True
25465916,25465915.0,5.0,2926.8,5394.6,1467.0,-1.0,128.0,1761781347.0,SMBDR,False
25516131,v_25516131_1464,5.0,5929.95,3490.55,1467.0,-1.0,128.0,1764869386.0,SMBDR,False
v_25516130_1468,25516131.0,,5940.2357142857145,3470.8357142857144,1468.0,,,,SMBDR,True
v_25455669_1468,25455670.0,,3150.95,3845.8833333333337,1468.0,,,,SMBDL,True
v_25449107_1468,v_25449107_1467,,5662.283333333333,5707.883333333333,1468.0,,,,SMBDL,True
25465915,25465914.0,5.0,2954.8,5452.6,1468.0,-1.0,128.0,1761781345.0,SMBDR,False
25414137,25414136.0,5.0,7300.8,2661.95,1468.0,-1.0,128.0,1767985174.0,SMBDR,False
v_25516130_1469,v_25516130_1471,,5943.664285714285,3464.264285714286,1469.0,,,,SMBDR,True
25449107,v_25449107_1466,5.0,5661.95,5715.55,1469.0,-1.0,128.0,1767983439.0,SMBDL,False
25465914,25465913.0,5.0,2976.8,5482.6,1469.0,-1.0,128.0,1761781342.0,SMBDR,False
25414136,25414135.0,5.0,7288.8,2635.95,1469.0,-1.0,128.0,1767985174.0,SMBDR,False
25455670,v_25455670_1470,5.0,3140.95,3830.55,1469.0,-1.0,128.0,1767734964.0,SMBDL,False
25414135,25414045.0,5.0,7276.8,2621.95,1470.0,-1.0,128.0,1767985174.0,SMBDR,False
v_25455670_1470,v_25455670_1471,,3131.6166666666663,3827.216666666666,1470.0,,,,SMBDL,True
v_25449106_1470,25449107.0,,5648.45,5727.55,1470.0,,,,SMBDL,True
25465913,25465912.0,5.0,2990.8,5522.6,1470.0,-1.0,128.0,1761781341.0,SMBDR,False
v_25516130_1470,v_25516130_1470,,5947.092857142857,3457.692857142857,1470.0,,,,SMBDR,True
v_25455670_1471,25455671.0,,3122.2833333333333,3823.8833333333337,1471.0,,,,SMBDL,True
v_25516130_1471,v_25516130_1469,,5950.521428571428,3451.1214285714286,1471.0,,,,SMBDR,True
25465912,25465911.0,5.0,3010.8,5540.6,1471.0,-1.0,128.0,1761781340.0,SMBDR,False
25414045,25414044.0,5.0,7259.05,2603.9,1471.0,-1.0,128.0,1767985174.0,SMBDR,False
25449106,v_25449106_1470,5.0,5643.95,5731.55,1471.0,-1.0,128.0,1767983439.0,SMBDL,False
25455671,v_25455671_1473,5.0,3112.95,3820.55,1472.0,-1.0,128.0,1767734964.0,SMBDL,False
25465911,v_25465911_1473,5.0,3028.8,5560.6,1472.0,-1.0,128.0,1761781339.0,SMBDR,False
25414044,25414046.0,5.0,7237.05,2583.9,1472.0,-1.0,128.0,1767985174.0,SMBDR,False
25516130,v_25516130_1468,5.0,5953.95,3444.55,1472.0,-1.0,128.0,1764869386.0,SMBDR,False
v_25449105_1472,25449106.0,,5631.95,5741.150000000001,1472.0,,,,SMBDL,True
v_25455671_1473,v_25455671_1474,,3096.95,3813.8833333333337,1473.0,,,,SMBDL,True
25414043,25414044.0,5.0,7133.05,2367.9,1473.0,-1.0,128.0,1767985174.0,SMBDR,False
v_25449105_1473,v_25449105_1473,,5627.95,5744.35,1473.0,,,,SMBDL,True
25414046,25414047.0,5.0,7329.05,2863.9,1473.0,-1.0,128.0,1767985174.0,SMBDR,False
v_25465911_1473,25465910.0,,3039.8,5578.6,1473.0,,,,SMBDR,True
v_25516129_1473,25516130.0,,5953.95,3426.55,1473.0,,,,SMBDR,True
25465910,v_25465910_1475,5.0,3050.8,5596.6,1474.0,-1.0,128.0,1761781338.0,SMBDR,False
v_25455671_1474,25455672.0,,3080.95,3807.216666666666,1474.0,,,,SMBDL,True
25449105,v_25449105_1472,5.0,5623.95,5747.55,1474.0,-1.0,128.0,1767983439.0,SMBDL,False
25516129,v_25516129_1473,5.0,5953.95,3420.55,1474.0,-1.0,128.0,1764869386.0,SMBDR,False
25414042,25414043.0,5.0,7075.05,2275.9,1474.0,-1.0,128.0,1767985174.0,SMBDR,False
25414047,25414048.0,5.0,7315.05,2867.9,1474.0,-1.0,128.0,1767985174.0,SMBDR,False
25414041,25414042.0,5.0,7001.05,2171.9,1475.0,-1.0,128.0,1767985174.0,SMBDR,False
25414048,25414049.0,5.0,7309.05,2885.9,1475.0,-1.0,128.0,1767985174.0,SMBDR,False
25516128,25516129.0,5.0,5965.95,3326.55,1475.0,-1.0,128.0,1764869386.0,SMBDR,False
v_25465910_1475,25465909.0,,3067.8,5612.6,1475.0,,,,SMBDR,True
v_25449104_1475,25449105.0,,5607.45,5756.55,1475.0,,,,SMBDL,True
25455672,v_25455672_1476,5.0,3064.95,3800.55,1475.0,-1.0,128.0,1767734964.0,SMBDL,False
25449104,v_25449104_1475,5.0,5601.95,5759.55,1476.0,-1.0,128.0,1767983439.0,SMBDL,False
25465909,v_25465909_1477,5.0,3084.8,5628.6,1476.0,-1.0,128.0,1761781337.0,SMBDR,False
25414049,25414050.0,5.0,7303.05,2873.9,1476.0,-1.0,128.0,1767985174.0,SMBDR,False
25414040,25414041.0,5.0,6971.05,2125.9,1476.0,-1.0,128.0,1767985174.0,SMBDR,False
v_25455672_1476,v_25455672_1477,,3054.95,3795.216666666666,1476.0,,,,SMBDL,True
v_25516127_1476,25516128.0,,5952.45,3322.05,1476.0,,,,SMBDR,True
v_25465909_1477,25465908.0,,3082.8,5636.6,1477.0,,,,SMBDR,True
25414050,25414051.0,5.0,7299.05,2893.9,1477.0,-1.0,128.0,1767985174.0,SMBDR,False
v_25455672_1477,25455673.0,,3044.95,3789.8833333333337,1477.0,,,,SMBDL,True
25414039,25414040.0,5.0,6905.05,2073.9,1477.0,-1.0,128.0,1767985174.0,SMBDR,False
v_25449103_1477,25449104.0,,5582.45,5774.55,1477.0,,,,SMBDL,True
25516127,v_25516127_1476,5.0,5947.95,3320.55,1477.0,-1.0,128.0,1764869386.0,SMBDR,False
v_25516126_1478,25516127.0,,5950.95,3305.55,1478.0,,,,SMBDR,True
25414051,25536029.0,2.0,7305.05,2905.9,1478.0,-1.0,128.0,1767985295.0,SMBDR,False
25465908,25465907.0,5.0,3080.8,5644.6,1478.0,-1.0,128.0,1761781335.0,SMBDR,False
25455673,v_25455673_1479,5.0,3034.95,3784.55,1478.0,-1.0,128.0,1767734964.0,SMBDL,False
25449103,v_25449103_1477,5.0,5575.95,5779.55,1478.0,-1.0,128.0,1767983439.0,SMBDL,False
25414038,25414039.0,5.0,6877.05,2027.9,1478.0,-1.0,128.0,1767985174.0,SMBDR,False
25536029,25536030.0,5.0,7283.0,2983.75,1479.0,-1.0,99.0,1767985141.0,SMBDR,False
v_25455673_1479,25455674.0,,3030.95,3792.55,1479.0,,,,SMBDL,True
25516126,v_25516126_1478,5.0,5951.95,3300.55,1479.0,-1.0,128.0,1764869386.0,SMBDR,False
25465907,25465906.0,5.0,3084.8,5636.6,1479.0,-1.0,128.0,1761781334.0,SMBDR,False
v_25449102_1479,25449103.0,,5577.15,5798.75,1479.0,,,,SMBDL,True
v_25414037_1479,25414038.0,,6839.55,1999.4,1479.0,,,,SMBDR,True
25414037,v_25414037_1479,5.0,6827.05,1989.9,1480.0,-1.0,128.0,1767985174.0,SMBDR,False
25536030,25414054.0,5.0,7278.05,3001.9,1480.0,-1.0,99.0,1767984094.0,SMBDR,False
25465906,25465905.0,5.0,3102.8,5664.6,1480.0,-1.0,128.0,1761781332.0,SMBDR,False
25455674,v_25455674_1481,5.0,3026.95,3800.55,1480.0,-1.0,128.0,1767734964.0,SMBDL,False
v_25449102_1480,v_25449102_1480,,5577.55,5805.150000000001,1480.0,,,,SMBDL,True
25516125,25516126.0,5.0,5951.95,3298.55,1480.0,-1.0,128.0,1764869386.0,SMBDR,False
v_25414036_1481,25414037.0,,6798.55,1946.4,1481.0,,,,SMBDR,True
25449102,v_25449102_1479,5.0,5577.95,5811.55,1481.0,-1.0,128.0,1767983439.0,SMBDL,False
25465905,25465904.0,5.0,3120.8,5666.6,1481.0,-1.0,128.0,1761781331.0,SMBDR,False
25516124,25516125.0,5.0,5982.95,3274.55,1481.0,-1.0,128.0,1764869386.0,SMBDR,False
25414054,25414055.0,5.0,7267.0,3023.77,1481.0,-1.0,128.0,1767984094.0,SMBDR,False
v_25455674_1481,25455675.0,,3022.95,3810.55,1481.0,,,,SMBDL,True
25414036,v_25414036_1481,5.0,6789.05,1931.9,1482.0,-1.0,128.0,1767985174.0,SMBDR,False
25465904,25465903.0,5.0,3146.8,5658.6,1482.0,-1.0,128.0,1761781330.0,SMBDR,False
25414055,25414056.0,5.0,7245.05,3025.9,1482.0,-1.0,128.0,1767984094.0,SMBDR,False
v_25449101_1482,25449102.0,,5580.95,5837.05,1482.0,,,,SMBDL,True
v_25516123_1482,25516124.0,,5982.95,3274.55,1482.0,,,,SMBDR,True
25455675,25455676.0,5.0,3018.95,3820.55,1482.0,-1.0,128.0,1767734964.0,SMBDL,False
25449101,v_25449101_1482,5.0,5581.95,5845.55,1483.0,-1.0,128.0,1767983439.0,SMBDL,False
25516123,v_25516123_1482,5.0,5982.95,3274.55,1483.0,-1.0,128.0,1764869386.0,SMBDR,False
25414056,25414057.0,5.0,7227.05,3033.9,1483.0,-1.0,128.0,1767984094.0,SMBDR,False
v_25414035_1483,25414036.0,,6765.05,1903.4,1483.0,,,,SMBDR,True
25465903,v_25465903_1484,5.0,3156.8,5676.6,1483.0,-1.0,128.0,1761781327.0,SMBDR,False
25455676,v_25455676_1484,5.0,3004.95,3820.55,1483.0,-1.0,128.0,1767734964.0,SMBDL,False
25414057,25414058.0,5.0,7209.05,3053.9,1484.0,-1.0,128.0,1767984094.0,SMBDR,False
v_25455676_1484,25455677.0,,3010.95,3813.55,1484.0,,,,SMBDL,True
25414035,v_25414035_1483,5.0,6757.05,1893.9,1484.0,-1.0,128.0,1767985174.0,SMBDR,False
25516122,25516123.0,5.0,5982.95,3274.55,1484.0,-1.0,128.0,1764869386.0,SMBDR,False
v_25465903_1484,25465902.0,,3166.8,5673.6,1484.0,,,,SMBDR,True
v_25449100_1484,25449101.0,,5569.95,5894.75,1484.0,,,,SMBDL,True
25414058,25414059.0,5.0,7187.05,3061.9,1485.0,-1.0,128.0,1767984094.0,SMBDR,False
25455677,v_25455677_1486,5.0,3016.95,3806.55,1485.0,-1.0,128.0,1767734964.0,SMBDL,False
25465902,v_25465902_1486,5.0,3176.8,5670.6,1485.0,-1.0,128.0,1761781325.0,SMBDR,False
v_25449100_1485,v_25449100_1485,,5565.95,5911.150000000001,1485.0,,,,SMBDL,True
25516121,25516122.0,5.0,5987.95,3274.55,1485.0,-1.0,128.0,1764869386.0,SMBDR,False
v_25414034_1485,25414035.0,,6743.55,1862.4,1485.0,,,,SMBDR,True
25414059,25529426.0,5.0,7159.05,3065.9,1486.0,-1.0,128.0,1767984094.0,SMBDR,False
25516102,25516121.0,5.0,5950.95,3244.55,1486.0,-1.0,128.0,1764869386.0,SMBDR,False
25414034,v_25414034_1485,5.0,6739.05,1851.9,1486.0,-1.0,128.0,1767985174.0,SMBDR,False
v_25455677_1486,25455678.0,,3017.95,3800.55,1486.0,,,,SMBDL,True
25449100,v_25449100_1484,5.0,5561.95,5927.55,1486.0,-1.0,128.0,1767983439.0,SMBDL,False
v_25465902_1486,25465901.0,,3186.8,5678.6,1486.0,,,,SMBDR,True
25414033,25414034.0,5.0,6721.05,1821.9,1487.0,-1.0,128.0,1767985174.0,SMBDR,False
25516103,25516102.0,5.0,5994.95,3248.55,1487.0,-1.0,128.0,1764869386.0,SMBDR,False
25529426,25529420.0,5.0,7143.05,3065.9,1487.0,-1.0,128.0,1767984094.0,SMBDR,False
25455678,v_25455678_1488,5.0,3018.95,3794.55,1487.0,-1.0,128.0,1767734964.0,SMBDL,False
25465901,v_25465901_1488,5.0,3196.8,5686.6,1487.0,-1.0,128.0,1761781324.0,SMBDR,False
v_25449099_1487,25449100.0,,5548.45,5938.05,1487.0,,,,SMBDL,True
25449099,v_25449099_1487,5.0,5543.95,5941.55,1488.0,-1.0,128.0,1767983439.0,SMBDL,False
25559160,25516103.0,5.0,5998.95,3246.55,1488.0,-1.0,128.0,1771817169.0,SMBDR,False
v_25414032_1488,25414033.0,,6694.650000000001,1793.1,1488.0,,,,SMBDR,True
v_25455678_1488,25455679.0,,3008.95,3770.55,1488.0,,,,SMBDL,True
v_25465901_1488,25465900.0,,3201.8,5690.6,1488.0,,,,SMBDR,True
25529420,v_25529420_1489,5.0,7121.05,3089.9,1488.0,-1.0,128.0,1767984094.0,SMBDR,False
25516104,25559160.0,5.0,6002.95,3244.55,1489.0,-1.0,128.0,1771817169.0,SMBDR,False
v_25449098_1489,25449099.0,,5525.95,5980.55,1489.0,,,,SMBDL,True
25465900,v_25465900_1490,5.0,3206.8,5694.6,1489.0,-1.0,128.0,1761781322.0,SMBDR,False
v_25529420_1489,v_25529420_1490,,7130.7,3083.1,1489.0,,,,SMBDR,True
25455679,v_25455679_1490,5.0,2998.95,3746.55,1489.0,-1.0,128.0,1767734964.0,SMBDL,False
v_25414032_1489,v_25414032_1489,,6685.85,1783.5,1489.0,,,,SMBDR,True
25516105,25516104.0,5.0,6010.95,3244.55,1490.0,-1.0,128.0,1764869386.0,SMBDR,False
v_25465900_1490,25465899.0,,3216.8,5706.6,1490.0,,,,SMBDR,True
25449098,v_25449098_1489,5.0,5519.95,5993.55,1490.0,-1.0,128.0,1767983439.0,SMBDL,False
v_25455679_1490,25455680.0,,2998.95,3729.55,1490.0,,,,SMBDL,True
25414032,v_25414032_1488,5.0,6677.05,1773.9,1490.0,-1.0,128.0,1767985174.0,SMBDR,False
v_25529420_1490,25536034.0,,7140.35,3076.3,1490.0,,,,SMBDR,True
25449097,25449098.0,5.0,5505.95,6017.55,1491.0,-1.0,128.0,1767983439.0,SMBDL,False
25396788,25414032.0,5.0,6667.8,1770.95,1491.0,-1.0,128.0,1767985174.0,SMBDR,False
25536034,25536057.0,5.0,7150.0,3069.5,1491.0,-1.0,99.0,1767984320.0,SMBDR,False
25516106,25516105.0,5.0,6018.95,3244.55,1491.0,-1.0,128.0,1764869386.0,SMBDR,False
25455680,25455681.0,5.0,2998.95,3712.55,1491.0,-1.0,128.0,1767734964.0,SMBDL,False
25465899,25465898.0,5.0,3226.8,5718.6,1491.0,-1.0,128.0,1761781321.0,SMBDR,False
v_25516107_1492,25516106.0,,6054.95,3286.55,1492.0,,,,SMBDR,True
25455681,25455682.0,5.0,2992.95,3700.55,1492.0,-1.0,128.0,1767734964.0,SMBDL,False
25536057,25529421.0,5.0,7138.0,3057.5,1492.0,-1.0,99.0,1767984318.0,SMBDR,False
25465898,25465897.0,5.0,3226.8,5726.6,1492.0,-1.0,128.0,1761781320.0,SMBDR,False
v_25449096_1492,25449097.0,,5466.349999999999,6066.75,1492.0,,,,SMBDL,True
25414024,25396788.0,5.0,6639.05,1735.9,1492.0,-1.0,128.0,1767985174.0,SMBDR,False
v_25449096_1493,v_25449096_1493,,5453.15,6083.150000000001,1493.0,,,,SMBDL,True
25465897,25465896.0,5.0,3228.8,5770.6,1493.0,-1.0,128.0,1761781318.0,SMBDR,False
25455682,25455683.0,5.0,2944.95,3682.55,1493.0,-1.0,128.0,1767734964.0,SMBDL,False
25414025,25414024.0,5.0,6633.05,1741.9,1493.0,-1.0,128.0,1767985174.0,SMBDR,False
25529421,25536056.0,5.0,7114.0,3067.5,1493.0,-1.0,128.0,1767984317.0,SMBDR,False
25516107,v_25516107_1492,5.0,6066.95,3300.55,1493.0,-1.0,128.0,1764869386.0,SMBDR,False
25455683,v_25455683_1495,5.0,2922.95,3674.55,1494.0,-1.0,128.0,1767734964.0,SMBDL,False
v_25414026_1494,25414025.0,,6625.55,1737.4,1494.0,,,,SMBDR,True
25465896,25465895.0,5.0,3248.8,5780.6,1494.0,-1.0,128.0,1761781315.0,SMBDR,False
25449096,v_25449096_1492,5.0,5439.95,6099.55,1494.0,-1.0,128.0,1767983439.0,SMBDL,False
25536056,25536035.0,5.0,7092.0,3079.5,1494.0,-1.0,99.0,1767984315.0,SMBDR,False
25516108,25516107.0,5.0,6102.95,3300.55,1494.0,-1.0,128.0,1764869386.0,SMBDR,False
25552886,25449096.0,5.0,5422.95,6106.55,1495.0,-1.0,128.0,1769455985.0,SMBDL,False
25414026,v_25414026_1494,5.0,6623.05,1735.9,1495.0,-1.0,128.0,1767985174.0,SMBDR,False
25465895,v_25465895_1496,5.0,3258.8,5796.6,1495.0,-1.0,128.0,1761781314.0,SMBDR,False
v_25455683_1495,25455684.0,,2899.95,3659.55,1495.0,,,,SMBDL,True
25516109,25516108.0,5.0,6126.95,3264.55,1495.0,-1.0,128.0,1764869386.0,SMBDR,False
25536035,25529422.0,5.0,7067.0,3083.77,1495.0,-1.0,99.0,1767984094.0,SMBDR,False
v_25465895_1496,25465894.0,,3265.8,5802.6,1496.0,,,,SMBDR,True
25529422,v_25529422_1497,5.0,7053.05,3109.9,1496.0,-1.0,128.0,1767984094.0,SMBDR,False
v_25414027_1496,25414026.0,,6609.55,1731.4,1496.0,,,,SMBDR,True
25516110,25516109.0,5.0,6254.95,3272.55,1496.0,-1.0,128.0,1764869386.0,SMBDR,False
25455684,v_25455684_1497,5.0,2876.95,3644.55,1496.0,-1.0,128.0,1767734964.0,SMBDL,False
25449095,25552886.0,5.0,5405.95,6113.55,1496.0,-1.0,128.0,1769455985.0,SMBDL,False
25465894,v_25465894_1498,5.0,3272.8,5808.6,1497.0,-1.0,128.0,1761781312.0,SMBDR,False
v_25449094_1497,25449095.0,,5384.349999999999,6123.150000000001,1497.0,,,,SMBDL,True
25516112,25516110.0,5.0,6422.95,3264.55,1497.0,-1.0,128.0,1764869386.0,SMBDR,False
25414027,v_25414027_1496,5.0,6605.05,1729.9,1497.0,-1.0,128.0,1767985174.0,SMBDR,False
25516111,25516110.0,5.0,6158.95,3512.55,1497.0,-1.0,128.0,1764869386.0,SMBDR,False
v_25455684_1497,25455685.0,,2868.95,3629.55,1497.0,,,,SMBDL,True
v_25529422_1497,25529423.0,,7053.05,3111.9,1497.0,,,,SMBDR,True
25529423,25529424.0,5.0,7053.05,3113.9,1498.0,-1.0,128.0,1767984094.0,SMBDR,False
v_25449094_1498,v_25449094_1498,,5377.15,6126.35,1498.0,,,,SMBDL,True
25517149,25516111.0,5.0,6224.95,3516.55,1498.0,-1.0,128.0,1764869386.0,SMBDR,False
v_25465894_1498,25465893.0,,3270.8,5812.6,1498.0,,,,SMBDR,True
v_25414028_1498,25414027.0,,6591.85,1728.7,1498.0,,,,SMBDR,True
25516113,25516112.0,5.0,6622.95,3232.55,1498.0,-1.0,128.0,1764869386.0,SMBDR,False
25455685,25455686.0,5.0,2860.95,3614.55,1498.0,-1.0,128.0,1767734964.0,SMBDL,False
25465893,25465892.0,5.0,3268.8,5816.6,1499.0,-1.0,128.0,1761781311.0,SMBDR,False
25455686,25455687.0,5.0,2846.95,3608.55,1499.0,-1.0,128.0,1767734964.0,SMBDL,False
v_25414028_1499,v_25414028_1499,,6587.45,1728.3000000000002,1499.0,,,,SMBDR,True
25516114,25516113.0,5.0,6716.95,3224.55,1499.0,-1.0,128.0,1764869386.0,SMBDR,False
25529424,v_25529424_1500,5.0,7033.05,3129.9,1499.0,-1.0,128.0,1767984094.0,SMBDR,False
v_25517150_1499,25517149.0,,6269.95,3531.55,1499.0,,,,SMBDR,True
25449094,v_25449094_1497,5.0,5369.95,6129.55,1499.0,-1.0,128.0,1767983439.0,SMBDL,False
25455687,25455688.0,5.0,2835.155,3604.63,1500.0,-1.0,128.0,1776038849.0,SMBDL,False
v_25449093_1500,25449094.0,,5353.15,6148.75,1500.0,,,,SMBDL,True
25414028,v_25414028_1498,5.0,6583.05,1727.9,1500.0,-1.0,128.0,1767985174.0,SMBDR,False
25516115,25516114.0,5.0,6746.95,3220.55,1500.0,-1.0,128.0,1764869386.0,SMBDR,False
25517150,v_25517150_1499,5.0,6284.95,3536.55,1500.0,-1.0,128.0,1764869386.0,SMBDR,False
25465892,25465891.0,5.0,3276.8,5854.6,1500.0,-1.0,128.0,1761781310.0,SMBDR,False
v_25529424_1500,25529425.0,,7036.05,3129.9,1500.0,,,,SMBDR,True
25516116,25516115.0,5.0,6768.95,3216.55,1501.0,-1.0,128.0,1764869386.0,SMBDR,False
25455688,25455689.0,5.0,2848.95,3614.55,1501.0,-1.0,128.0,1767734964.0,SMBDL,False
v_25449093_1501,v_25449093_1501,,5347.55,6155.150000000001,1501.0,,,,SMBDL,True
25517151,25517150.0,5.0,6340.95,3550.55,1501.0,-1.0,128.0,1764869386.0,SMBDR,False
25536039,25536038.0,5.0,7107.0,3231.77,1501.0,-1.0,99.0,1767984086.0,SMBDR,False
25529425,25536039.0,5.0,7039.05,3129.9,1501.0,-1.0,128.0,1767984094.0,SMBDR,False
25465891,25465890.0,5.0,3272.8,5860.6,1501.0,-1.0,128.0,1761781309.0,SMBDR,False
v_25414029_1501,25414028.0,,6568.650000000001,1717.1,1501.0,,,,SMBDR,True
25449093,v_25449093_1500,5.0,5341.95,6161.55,1502.0,-1.0,128.0,1767983439.0,SMBDL,False
25455689,25455690.0,5.0,2850.95,3592.55,1502.0,-1.0,128.0,1767734964.0,SMBDL,False
25536038,25536037.0,5.0,7079.0,3251.77,1502.0,-1.0,99.0,1767984082.0,SMBDR,False
25536037,25516117.0,5.0,7003.0,3321.77,1502.0,-1.0,99.0,1767984082.0,SMBDR,False
25516117,25516116.0,5.0,6860.95,3234.55,1502.0,-1.0,128.0,1764869386.0,SMBDR,False
25465890,25465889.0,5.0,3256.8,5914.6,1502.0,-1.0,128.0,1761781307.0,SMBDR,False
v_25414029_1502,v_25414029_1502,,6563.85,1713.5,1502.0,,,,SMBDR,True
v_25517152_1502,25517151.0,,6339.45,3537.05,1502.0,,,,SMBDR,True
v_25449092_1503,25449093.0,,5337.15,6171.150000000001,1503.0,,,,SMBDL,True
25465889,25465888.0,5.0,3248.8,5942.6,1503.0,-1.0,128.0,1761781306.0,SMBDR,False
25455690,25455691.0,5.0,2858.95,3566.55,1503.0,-1.0,128.0,1767734964.0,SMBDL,False
25414029,v_25414029_1501,5.0,6559.05,1709.9,1503.0,-1.0,128.0,1767985174.0,SMBDR,False
25517152,v_25517152_1502,5.0,6338.95,3532.55,1503.0,-1.0,128.0,1764869386.0,SMBDR,False
25516118,25516117.0,5.0,6930.95,3262.55,1503.0,-1.0,128.0,1764869386.0,SMBDR,False
25516119,25516118.0,5.0,6948.95,3288.55,1504.0,-1.0,128.0,1764869386.0,SMBDR,False
v_25414030_1504,25414029.0,,6565.05,1697.9,1504.0,,,,SMBDR,True
v_25517153_1504,25517152.0,,6331.45,3528.05,1504.0,,,,SMBDR,True
25455691,25455692.0,5.0,2908.95,3552.55,1504.0,-1.0,128.0,1767734964.0,SMBDL,False
25465888,25465887.0,5.0,3252.8,5932.6,1504.0,-1.0,128.0,1761781305.0,SMBDR,False
v_25449092_1504,v_25449092_1504,,5335.55,6174.35,1504.0,,,,SMBDL,True
25465887,25465886.0,5.0,3276.8,5936.6,1505.0,-1.0,128.0,1761781292.0,SMBDR,False
25517153,v_25517153_1504,5.0,6328.95,3526.55,1505.0,-1.0,128.0,1764869386.0,SMBDR,False
25516120,25516119.0,5.0,6962.95,3272.55,1505.0,-1.0,128.0,1764869386.0,SMBDR,False
25455692,25455693.0,5.0,2916.95,3542.55,1505.0,-1.0,128.0,1767734964.0,SMBDL,False
25449092,v_25449092_1503,5.0,5333.95,6177.55,1505.0,-1.0,128.0,1767983439.0,SMBDL,False
25414030,v_25414030_1504,5.0,6567.05,1693.9,1505.0,-1.0,128.0,1767985174.0,SMBDR,False
25414031,25414030.0,5.0,6567.05,1673.9,1506.0,-1.0,128.0,1767985174.0,SMBDR,False
25449091,25449092.0,5.0,5273.95,6195.55,1506.0,-1.0,128.0,1767983439.0,SMBDL,False
25465886,25465885.0,5.0,3668.8,6436.6,1506.0,-1.0,128.0,1761781257.0,SMBDR,False
25455693,25455694.0,5.0,2968.95,3488.55,1506.0,-1.0,128.0,1767734964.0,SMBDL,False
25517158,25516120.0,5.0,6930.95,3268.55,1506.0,-1.0,128.0,1764869386.0,SMBDR,False
25455694,v_25455694_1508,5.0,2970.95,3444.55,1507.0,-1.0,128.0,1767734964.0,SMBDL,False
25391597,25391596.0,5.0,1454.855,3003.7,1507.0,-1.0,128.0,1757034080.0,SMBDL,False
25414371,25414031.0,5.0,6562.0,1670.0,1507.0,-1.0,128.0,1767985174.0,SMBDR,False
25449090,25449091.0,5.0,5245.95,6243.55,1507.0,-1.0,128.0,1767983439.0,SMBDL,False
25517159,25517158.0,5.0,6892.95,3260.55,1507.0,-1.0,128.0,1764869386.0,SMBDR,False
25465877,25465876.0,5.0,4370.8,6848.6,1507.0,-1.0,128.0,1761781174.0,SMBDR,False
25465885,25465883.0,5.0,3676.8,6418.6,1507.0,-1.0,128.0,1761781231.0,SMBDR,False
v_25414372_1508,25414371.0,,6559.0,1656.5,1508.0,,,,SMBDR,True
25449089,25449090.0,5.0,5223.95,6273.55,1508.0,-1.0,128.0,1767983439.0,SMBDL,False
25391596,25391595.0,5.0,1472.855,2983.7,1508.0,-1.0,128.0,1757034079.0,SMBDL,False
25466012,25466011.0,5.0,4201.8,6750.6,1508.0,-1.0,128.0,1761781904.0,SMBDR,False
25465883,25465882.0,5.0,3732.8,6434.6,1508.0,-1.0,128.0,1761781223.0,SMBDR,False
25465876,25465875.0,5.0,4372.8,6844.6,1508.0,-1.0,128.0,1761781172.0,SMBDR,False
v_25455694_1508,25455695.0,,2954.95,3422.55,1508.0,,,,SMBDL,True
25517160,25517159.0,5.0,6894.95,3262.55,1508.0,-1.0,128.0,1764869386.0,SMBDR,False
25517161,25517160.0,5.0,6894.95,3262.55,1509.0,-1.0,128.0,1764869386.0,SMBDR,False
25414372,v_25414372_1508,5.0,6558.0,1652.0,1509.0,-1.0,128.0,1767985174.0,SMBDR,False
25465875,v_25465875_1510,5.0,4344.8,6842.6,1509.0,-1.0,128.0,1761781171.0,SMBDR,False
25465882,25465881.0,5.0,3992.8,6560.6,1509.0,-1.0,128.0,1761781222.0,SMBDR,False
25465884,25465883.0,5.0,3784.8,6630.6,1509.0,-1.0,128.0,1761781225.0,SMBDR,False
25455695,v_25455695_1510,5.0,2938.95,3400.55,1509.0,-1.0,128.0,1767734964.0,SMBDL,False
25466011,25466010.0,5.0,4201.8,6750.6,1509.0,-1.0,128.0,1761781903.0,SMBDR,False
25449088,25449089.0,5.0,5103.95,6453.55,1509.0,-1.0,128.0,1767983439.0,SMBDL,False
25391595,25391594.0,5.0,1490.855,2945.7,1509.0,-1.0,128.0,1757034077.0,SMBDL,False
v_25465875_1510,25465874.0,,4333.8,6833.6,1510.0,,,,SMBDR,True
v_25414373_1510,25414372.0,,6550.5,1646.0,1510.0,,,,SMBDR,True
25391594,25391593.0,5.0,1506.855,2909.7,1510.0,-1.0,128.0,1757034076.0,SMBDL,False
25449087,25449088.0,5.0,5013.95,6495.55,1510.0,-1.0,128.0,1767983439.0,SMBDL,False
25449165,25449164.0,5.0,4634.95,6785.55,1510.0,-1.0,128.0,1767983439.0,SMBDL,False
25449183,25449182.0,5.0,4732.95,6959.55,1510.0,-1.0,128.0,1767983439.0,SMBDL,False
25466010,25466009.0,5.0,4187.8,6754.6,1510.0,-1.0,128.0,1761781901.0,SMBDR,False
25466013,25465884.0,5.0,3807.8,6674.6,1510.0,-1.0,128.0,1761781923.0,SMBDR,False
25465881,25465880.0,5.0,4062.8,6600.6,1510.0,-1.0,128.0,1761781213.0,SMBDR,False
v_25455695_1510,25455696.0,,2908.95,3367.55,1510.0,,,,SMBDL,True
25517162,25517161.0,5.0,6888.95,3252.55,1510.0,-1.0,128.0,1764869386.0,SMBDR,False
25466014,25466013.0,5.0,3825.8,6666.6,1511.0,-1.0,128.0,1761781924.0,SMBDR,False
25466009,25466008.0,5.0,4187.8,6754.6,1511.0,-1.0,128.0,1761781900.0,SMBDR,False
25391593,25391592.0,5.0,1552.855,2825.7,1511.0,-1.0,128.0,1767734941.0,SMBDL,False
25449164,v_25449164_1512,5.0,4634.95,6785.55,1511.0,-1.0,128.0,1767983439.0,SMBDL,False
25465880,25465879.0,5.0,4096.8,6598.6,1511.0,-1.0,128.0,1761781212.0,SMBDR,False
25449182,25449181.0,5.0,4738.95,6935.55,1511.0,-1.0,128.0,1767983439.0,SMBDL,False
25465874,25465873.0,5.0,4322.8,6824.6,1511.0,-1.0,128.0,1761781169.0,SMBDR,False
25455696,v_25455696_1512,5.0,2878.95,3334.55,1511.0,-1.0,128.0,1767734964.0,SMBDL,False
25414373,v_25414373_1510,5.0,6548.0,1644.0,1511.0,-1.0,128.0,1767985174.0,SMBDR,False
25449085,25449087.0,5.0,4989.95,6505.55,1511.0,-1.0,128.0,1767983439.0,SMBDL,False
25466015,25466014.0,5.0,3855.8,6674.6,1512.0,-1.0,128.0,1761781925.0,SMBDR,False
v_25449164_1512,25449163.0,,4640.95,6787.55,1512.0,,,,SMBDL,True
v_25455696_1512,25455697.0,,2678.95,3211.55,1512.0,,,,SMBDL,True
25465873,25465872.0,5.0,4336.8,6810.6,1512.0,-1.0,128.0,1761781168.0,SMBDR,False
25465879,25465878.0,5.0,4118.8,6584.6,1512.0,-1.0,128.0,1761781210.0,SMBDR,False
25466008,25466007.0,5.0,4193.8,6764.6,1512.0,-1.0,128.0,1761781899.0,SMBDR,False
25533465,25391593.0,5.0,1478.855,3105.7,1512.0,-1.0,128.0,1767734942.0,SMBDL,False
25449181,v_25449181_1513,5.0,4728.95,6929.55,1512.0,-1.0,128.0,1767983439.0,SMBDL,False
25449086,25449085.0,5.0,5053.95,6611.55,1512.0,-1.0,128.0,1767983439.0,SMBDL,False
v_25414374_1512,25414373.0,,6534.5,1653.0,1512.0,,,,SMBDR,True
25449084,25449085.0,5.0,4989.95,6425.55,1512.0,-1.0,128.0,1767983439.0,SMBDL,False
25391592,25391591.0,5.0,1598.855,2723.7,1512.0,-1.0,128.0,1757034071.0,SMBDL,False
25449083,25449084.0,5.0,4975.95,6405.55,1513.0,-1.0,128.0,1767983439.0,SMBDL,False
v_25449181_1513,25449180.0,,4719.95,6926.55,1513.0,,,,SMBDL,True
25391591,25391590.0,5.0,1628.855,2671.7,1513.0,-1.0,128.0,1757034070.0,SMBDL,False
25533466,25533465.0,5.0,1490.855,3129.7,1513.0,-1.0,128.0,1767734945.0,SMBDL,False
25449163,25449162.0,5.0,4646.95,6789.55,1513.0,-1.0,128.0,1767983439.0,SMBDL,False
25449191,25449086.0,5.0,5054.95,6629.55,1513.0,-1.0,128.0,1767983439.0,SMBDL,False
25455697,25482731.0,5.0,2478.95,3088.55,1513.0,-1.0,128.0,1767734964.0,SMBDL,False
25465872,25465870.0,5.0,4336.8,6810.6,1513.0,-1.0,128.0,1761781167.0,SMBDR,False
25465878,25465871.0,5.0,4230.8,6576.6,1513.0,-1.0,128.0,1761781208.0,SMBDR,False
25466007,25466006.0,5.0,4191.8,6776.6,1513.0,-1.0,128.0,1761781897.0,SMBDR,False
25466016,25466015.0,5.0,3853.8,6680.6,1513.0,-1.0,128.0,1761781927.0,SMBDR,False
25414374,v_25414374_1512,5.0,6530.0,1656.0,1513.0,-1.0,128.0,1767985174.0,SMBDR,False
25465871,25465869.0,5.0,4198.8,6530.6,1514.0,-1.0,128.0,1761781200.0,SMBDR,False
25465870,25465869.0,5.0,4326.8,6832.6,1514.0,-1.0,128.0,1761781160.0,SMBDR,False
v_25533468_1514,25533466.0,,1513.355,3147.7,1514.0,,,,SMBDL,True
25449180,v_25449180_1515,5.0,4710.95,6923.55,1514.0,-1.0,128.0,1767983439.0,SMBDL,False
25449162,25449161.0,5.0,4654.95,6793.55,1514.0,-1.0,128.0,1767983439.0,SMBDL,False
25449192,25449191.0,5.0,5060.95,6639.55,1514.0,-1.0,128.0,1767983439.0,SMBDL,False
25466006,25466005.0,5.0,4169.8,6788.6,1514.0,-1.0,128.0,1761781896.0,SMBDR,False
25391590,v_25391590_1515,5.0,1664.855,2599.7,1514.0,-1.0,128.0,1757034068.0,SMBDL,False
25482731,25482732.0,5.0,2772.95,3247.56,1514.0,-1.0,128.0,1767734964.0,SMBDL,False
25449082,25449083.0,5.0,4975.95,6405.55,1514.0,-1.0,128.0,1767983439.0,SMBDL,False
v_25414375_1514,25414374.0,,6503.0,1656.0,1514.0,,,,SMBDR,True
25465869,25465868.0,5.0,4276.8,6576.6,1515.0,-1.0,128.0,1761781157.0,SMBDR,False
25414375,v_25414375_1514,5.0,6494.0,1656.0,1515.0,-1.0,128.0,1767985174.0,SMBDR,False
25449161,25449160.0,5.0,4670.95,6795.55,1515.0,-1.0,128.0,1767983439.0,SMBDL,False
25466005,25466004.0,5.0,4169.8,6806.6,1515.0,-1.0,128.0,1761781895.0,SMBDR,False
v_25391590_1515,25391589.0,,1690.855,2558.7,1515.0,,,,SMBDL,True
v_25449193_1515,25449192.0,,5054.95,6633.55,1515.0,,,,SMBDL,True
v_25449180_1515,25449179.0,,4705.95,6932.55,1515.0,,,,SMBDL,True
25482732,25482733.0,5.0,2772.95,3263.56,1515.0,-1.0,128.0,1767734964.0,SMBDL,False
25449081,25449082.0,5.0,4939.95,6419.55,1515.0,-1.0,128.0,1767983439.0,SMBDL,False
25533468,v_25533468_1514,5.0,1520.855,3153.7,1515.0,-1.0,128.0,1767734946.0,SMBDL,False
25449179,25449178.0,5.0,4700.95,6941.55,1516.0,-1.0,128.0,1767983439.0,SMBDL,False
25449160,25449159.0,5.0,4680.95,6795.55,1516.0,-1.0,128.0,1767983439.0,SMBDL,False
25391589,25391588.0,5.0,1716.855,2517.7,1516.0,-1.0,128.0,1757035991.0,SMBDL,False
25449193,v_25449193_1515,5.0,5052.95,6631.55,1516.0,-1.0,128.0,1767983439.0,SMBDL,False
25449080,25449081.0,5.0,4907.95,6445.55,1516.0,-1.0,128.0,1767983439.0,SMBDL,False
25466004,25466003.0,5.0,4183.8,6824.6,1516.0,-1.0,128.0,1761781894.0,SMBDR,False
25465868,25465866.0,5.0,4258.8,6554.6,1516.0,-1.0,128.0,1761781155.0,SMBDR,False
25482733,25482734.0,5.0,2755.955,3253.57,1516.0,-1.0,128.0,1771818492.0,SMBDL,False
v_25414376_1516,25414375.0,,6479.0,1653.0,1516.0,,,,SMBDR,True
v_25533469_1516,25533468.0,,1531.655,3168.1,1516.0,,,,SMBDL,True
v_25533469_1517,v_25533469_1517,,1535.255,3172.9,1517.0,,,,SMBDL,True
25449159,25449077.0,5.0,4694.95,6795.55,1517.0,-1.0,128.0,1767983439.0,SMBDL,False
25466003,25466002.0,5.0,4191.8,6834.6,1517.0,-1.0,128.0,1761781893.0,SMBDR,False
25449079,25449080.0,5.0,4889.95,6471.55,1517.0,-1.0,128.0,1767983439.0,SMBDL,False
25482734,25482735.0,5.0,2516.95,3168.57,1517.0,-1.0,128.0,1767734964.0,SMBDL,False
v_25449194_1517,25449193.0,,5049.95,6636.05,1517.0,,,,SMBDL,True
25465866,25465865.0,5.0,4194.8,6490.6,1517.0,-1.0,128.0,1761781147.0,SMBDR,False
25449178,25449177.0,5.0,4698.95,6949.55,1517.0,-1.0,128.0,1767983439.0,SMBDL,False
25391588,25391598.0,5.0,1746.855,2467.7,1517.0,-1.0,128.0,1757034106.0,SMBDL,False
25414376,v_25414376_1516,5.0,6474.0,1652.0,1517.0,-1.0,128.0,1767985174.0,SMBDR,False
25449194,v_25449194_1517,5.0,5048.95,6637.55,1518.0,-1.0,128.0,1767983439.0,SMBDL,False
25466002,25466001.0,5.0,4197.8,6836.6,1518.0,-1.0,128.0,1761781892.0,SMBDR,False
25513763,25449159.0,5.0,4451.0,6869.75,1518.0,-1.0,128.0,1767983439.0,SMBDL,False
25449077,25449076.0,5.0,4685.95,6801.55,1518.0,-1.0,128.0,1767983439.0,SMBDL,False
25391598,25391587.0,5.0,1762.855,2439.7,1518.0,-1.0,128.0,1757034261.0,SMBDL,False
25482735,v_25482735_1519,5.0,2408.95,3120.57,1518.0,-1.0,128.0,1767734964.0,SMBDL,False
25449177,25449176.0,5.0,4698.95,6949.55,1518.0,-1.0,128.0,1767983439.0,SMBDL,False
v_25414377_1518,25414376.0,,6468.0,1647.5,1518.0,,,,SMBDR,True
25465865,25465864.0,5.0,4110.8,6438.6,1518.0,-1.0,128.0,1761781142.0,SMBDR,False
25465867,25465866.0,5.0,4046.8,6690.6,1518.0,-1.0,128.0,1761781149.0,SMBDR,False
25533469,v_25533469_1516,5.0,1538.855,3177.7,1518.0,-1.0,128.0,1767734948.0,SMBDL,False
25449078,25449079.0,5.0,4909.95,6449.55,1518.0,-1.0,128.0,1767983439.0,SMBDL,False
v_25533470_1519,25533469.0,,1550.855,3184.9,1519.0,,,,SMBDL,True
25466001,25466000.0,5.0,4203.8,6836.6,1519.0,-1.0,128.0,1761781891.0,SMBDR,False
25513764,25513763.0,5.0,4469.0,6867.75,1519.0,-1.0,128.0,1767983439.0,SMBDL,False
25466249,25465867.0,5.0,4045.8,6686.6,1519.0,-1.0,128.0,1761783290.0,SMBDR,False
25449076,25449078.0,5.0,4755.95,6533.55,1519.0,-1.0,128.0,1767983439.0,SMBDL,False
25391587,25391586.0,5.0,1780.855,2403.7,1519.0,-1.0,128.0,1757034062.0,SMBDL,False
25414377,v_25414377_1518,5.0,6466.0,1646.0,1519.0,-1.0,128.0,1767985174.0,SMBDR,False
v_25482735_1519,25482736.0,,2380.0525,3132.5975,1519.0,,,,SMBDL,True
v_25449195_1519,25449194.0,,5051.95,6652.55,1519.0,,,,SMBDL,True
25449176,25449175.0,5.0,4698.95,6949.55,1519.0,-1.0,128.0,1767983439.0,SMBDL,False
25465864,25465863.0,5.0,4112.8,6456.6,1519.0,-1.0,128.0,1761781140.0,SMBDR,False
v_25414378_1520,25414377.0,,6460.0,1644.5,1520.0,,,,SMBDR,True
25465863,25465862.0,5.0,4084.8,6432.6,1520.0,-1.0,128.0,1761781138.0,SMBDR,False
25449075,25449076.0,5.0,4859.95,6469.55,1520.0,-1.0,128.0,1767983439.0,SMBDL,False
25466000,25465999.0,5.0,4215.8,6826.6,1520.0,-1.0,128.0,1761781890.0,SMBDR,False
25482736,25482737.0,5.0,2351.155,3144.625,1520.0,-1.0,128.0,1776038902.0,SMBDL,False
25391586,25391585.0,5.0,1803.155,2370.62,1520.0,-1.0,128.0,1776047811.0,SMBDL,False
25449195,v_25449195_1519,5.0,5052.95,6657.55,1520.0,-1.0,128.0,1767983439.0,SMBDL,False
25513765,25513764.0,5.0,4497.0,6877.75,1520.0,-1.0,128.0,1767983439.0,SMBDL,False
25466250,25466249.0,5.0,4045.8,6686.6,1520.0,-1.0,128.0,1761783291.0,SMBDR,False
25449175,25449174.0,5.0,4698.95,6949.55,1520.0,-1.0,128.0,1767983439.0,SMBDL,False
v_25533470_1520,v_25533470_1520,,1554.855,3187.3,1520.0,,,,SMBDL,True
25449174,25449173.0,5.0,4698.95,6949.55,1521.0,-1.0,128.0,1767983439.0,SMBDL,False
25465999,25465998.0,5.0,4225.8,6794.6,1521.0,-1.0,128.0,1761781889.0,SMBDR,False
25513766,25513765.0,5.0,4507.0,6877.75,1521.0,-1.0,128.0,1767983439.0,SMBDL,False
25414378,v_25414378_1520,5.0,6458.0,1644.0,1521.0,-1.0,128.0,1767985174.0,SMBDR,False
25466251,25466250.0,5.0,4047.8,6684.6,1521.0,-1.0,128.0,1761783292.0,SMBDR,False
25449074,25449075.0,5.0,4859.95,6469.55,1521.0,-1.0,128.0,1767983439.0,SMBDL,False
25449196,25449195.0,5.0,5058.95,6691.55,1521.0,-1.0,128.0,1767983439.0,SMBDL,False
25533470,v_25533470_1519,5.0,1558.855,3189.7,1521.0,-1.0,128.0,1767734949.0,SMBDL,False
25482737,25482738.0,5.0,2328.95,3152.57,1521.0,-1.0,128.0,1767734964.0,SMBDL,False
25391585,25391584.0,5.0,1810.855,2355.7,1521.0,-1.0,128.0,1757034058.0,SMBDL,False
25465862,25465861.0,5.0,4124.8,6446.6,1521.0,-1.0,128.0,1761781136.0,SMBDR,False
25533472,25533470.0,5.0,1600.855,3235.7,1522.0,-1.0,128.0,1767734953.0,SMBDL,False
25449073,25449074.0,5.0,4859.95,6469.55,1522.0,-1.0,128.0,1767983439.0,SMBDL,False
25482738,v_25482738_1523,5.0,2300.95,3180.57,1522.0,-1.0,128.0,1767734964.0,SMBDL,False
25465861,25465860.0,5.0,4090.8,6460.6,1522.0,-1.0,128.0,1761781133.0,SMBDR,False
25466252,25466251.0,5.0,4049.8,6702.6,1522.0,-1.0,128.0,1761783295.0,SMBDR,False
v_25414379_1522,25414378.0,,6440.0,1650.0,1522.0,,,,SMBDR,True
25465998,25465997.0,5.0,4237.8,6776.6,1522.0,-1.0,128.0,1761781886.0,SMBDR,False
25391584,25391583.0,5.0,1896.855,2241.7,1522.0,-1.0,128.0,1757034053.0,SMBDL,False
25513767,25513766.0,5.0,4515.0,6873.75,1522.0,-1.0,128.0,1767983439.0,SMBDL,False
25449173,25449172.0,5.0,4698.95,6949.55,1522.0,-1.0,128.0,1767983439.0,SMBDL,False
25465860,25465858.0,5.0,4092.8,6470.6,1523.0,-1.0,128.0,1761781132.0,SMBDR,False
25449072,25449073.0,5.0,4881.95,6467.55,1523.0,-1.0,128.0,1767983439.0,SMBDL,False
25466253,25466252.0,5.0,4049.8,6706.6,1523.0,-1.0,128.0,1761783303.0,SMBDR,False
v_25482738_1523,25482739.0,,2186.95,3256.57,1523.0,,,,SMBDL,True
25533473,25533472.0,5.0,1570.855,3235.7,1523.0,-1.0,128.0,1767734958.0,SMBDL,False
25391583,25559773.0,5.0,1910.855,2197.7,1523.0,-1.0,128.0,1776047708.0,SMBDL,False
25465997,25465859.0,5.0,4237.8,6776.6,1523.0,-1.0,128.0,1761781885.0,SMBDR,False
25414379,v_25414379_1522,5.0,6434.0,1652.0,1523.0,-1.0,128.0,1767985174.0,SMBDR,False
25449172,25449171.0,5.0,4734.95,6915.55,1523.0,-1.0,128.0,1767983439.0,SMBDL,False
25482739,25533474.0,5.0,2072.95,3332.57,1524.0,-1.0,128.0,1767734964.0,SMBDL,False
25533474,25533473.0,5.0,1530.855,3269.7,1524.0,-1.0,128.0,1767734959.0,SMBDL,False
25559773,25391582.0,5.0,1935.155,2166.62,1524.0,-1.0,128.0,1776047708.0,SMBDL,False
25449171,v_25449171_1525,5.0,4686.95,6917.55,1524.0,-1.0,128.0,1767983439.0,SMBDL,False
25449071,25449072.0,5.0,4907.95,6455.55,1524.0,-1.0,128.0,1767983439.0,SMBDL,False
25465859,25465857.0,5.0,4256.8,6774.6,1524.0,-1.0,128.0,1761781124.0,SMBDR,False
25465858,25465857.0,5.0,4180.8,6498.6,1524.0,-1.0,128.0,1761781122.0,SMBDR,False
v_25414380_1524,25414379.0,,6434.0,1650.5,1524.0,,,,SMBDR,True
v_25449171_1525,25449170.0,,4653.95,6902.55,1525.0,,,,SMBDL,True
25465996,25465859.0,5.0,4245.8,6786.6,1525.0,-1.0,128.0,1761781864.0,SMBDR,False
25391582,25391581.0,5.0,1958.855,2141.7,1525.0,-1.0,128.0,1757034050.0,SMBDL,False
25465857,25465856.0,5.0,4318.8,6572.6,1525.0,-1.0,128.0,1761781118.0,SMBDR,False
25414380,v_25414380_1524,5.0,6434.0,1650.0,1525.0,-1.0,128.0,1767985174.0,SMBDR,False
25449070,25449071.0,5.0,4935.95,6455.55,1525.0,-1.0,128.0,1767983439.0,SMBDL,False
25482740,25482739.0,5.0,2084.97,3324.59,1525.0,-1.0,128.0,1767734964.0,SMBDL,False
25482742,25482740.0,5.0,2436.95,3252.57,1526.0,-1.0,128.0,1767734964.0,SMBDL,False
25482741,25482740.0,5.0,1760.95,3344.57,1526.0,-1.0,128.0,1767734964.0,SMBDL,False
25391581,25391580.0,5.0,1968.855,2123.7,1526.0,-1.0,128.0,1757034048.0,SMBDL,False
v_25414381_1526,25414380.0,,6428.0,1644.0,1526.0,,,,SMBDR,True
25449069,25449070.0,5.0,4931.95,6457.55,1526.0,-1.0,128.0,1767983439.0,SMBDL,False
25465856,25465855.0,5.0,4268.8,6552.6,1526.0,-1.0,128.0,1761781114.0,SMBDR,False
25449170,25449169.0,5.0,4620.95,6887.55,1526.0,-1.0,128.0,1767983439.0,SMBDL,False
25465855,25465854.0,5.0,4268.8,6552.6,1527.0,-1.0,128.0,1761781113.0,SMBDR,False
25391580,v_25391580_1528,5.0,1990.855,2105.7,1527.0,-1.0,128.0,1757034047.0,SMBDL,False
25449169,v_25449169_1528,5.0,4596.95,6881.55,1527.0,-1.0,128.0,1767983439.0,SMBDL,False
25482743,25482741.0,5.0,1600.95,3384.57,1527.0,-1.0,128.0,1767734964.0,SMBDL,False
25482745,25482742.0,5.0,2392.95,3272.57,1527.0,-1.0,128.0,1767734964.0,SMBDL,False
25414381,v_25414381_1526,5.0,6426.0,1642.0,1527.0,-1.0,128.0,1767985174.0,SMBDR,False
v_25449068_1527,25449069.0,,4930.45,6466.55,1527.0,,,,SMBDL,True
25449068,v_25449068_1527,5.0,4929.95,6469.55,1528.0,-1.0,128.0,1767983439.0,SMBDL,False
25465854,25465853.0,5.0,4274.8,6564.6,1528.0,-1.0,128.0,1761781111.0,SMBDR,False
v_25414382_1528,25414381.0,,6424.8,1644.4,1528.0,,,,SMBDR,True
25482746,25482745.0,5.0,2396.95,3332.57,1528.0,-1.0,128.0,1767734964.0,SMBDL,False
25482744,25482743.0,5.0,1584.95,3392.57,1528.0,-1.0,128.0,1767734964.0,SMBDL,False
v_25391580_1528,25391279.0,,1998.855,2094.2,1528.0,,,,SMBDL,True
v_25449169_1528,25449168.0,,4580.95,6852.55,1528.0,,,,SMBDL,True
25465853,25465852.0,5.0,4292.8,6578.6,1529.0,-1.0,128.0,1761781108.0,SMBDR,False
v_25414382_1529,v_25414382_1529,,6424.4,1645.2,1529.0,,,,SMBDR,True
25449168,v_25449168_1530,5.0,4564.95,6823.55,1529.0,-1.0,128.0,1767983439.0,SMBDL,False
25482747,25482746.0,5.0,2436.95,3344.57,1529.0,-1.0,128.0,1767734964.0,SMBDL,False
25449067,25449068.0,5.0,4929.95,6469.55,1529.0,-1.0,128.0,1767983439.0,SMBDL,False
25391279,,5.0,2006.855,2082.7,1529.0,-1.0,128.0,1757019975.0,SMBDL,False
25449066,25449067.0,5.0,4933.95,6481.55,1530.0,-1.0,128.0,1767983439.0,SMBDL,False
25414382,v_25414382_1528,5.0,6424.0,1646.0,1530.0,-1.0,128.0,1767985174.0,SMBDR,False
25391599,25391279.0,5.0,2029.855,2067.7,1530.0,-1.0,128.0,1757034310.0,SMBDL,False
v_25449168_1530,25449167.0,,4555.95,6810.55,1530.0,,,,SMBDL,True
25465852,25465851.0,5.0,4288.8,6588.6,1530.0,-1.0,128.0,1761781107.0,SMBDR,False
25449167,25449166.0,5.0,4546.95,6797.55,1531.0,-1.0,128.0,1767983439.0,SMBDL,False
25465851,25465850.0,5.0,4310.8,6610.6,1531.0,-1.0,128.0,1761781106.0,SMBDR,False
v_25449065_1531,25449066.0,,4924.95,6498.05,1531.0,,,,SMBDL,True
v_25391600_1531,25391599.0,,2038.855,2039.2,1531.0,,,,SMBDL,True
v_25414383_1531,25414382.0,,6427.0,1643.0,1531.0,,,,SMBDR,True
25449166,25449063.0,5.0,4546.95,6797.55,1532.0,-1.0,128.0,1767983439.0,SMBDL,False
25391600,v_25391600_1531,5.0,2041.855,2029.7,1532.0,-1.0,128.0,1757034311.0,SMBDL,False
v_25414383_1532,v_25414383_1533,,6428.0,1642.0,1532.0,,,,SMBDR,True
25465850,25465849.0,5.0,4300.8,6610.6,1532.0,-1.0,128.0,1761781105.0,SMBDR,False
25449065,v_25449065_1531,5.0,4921.95,6503.55,1532.0,-1.0,128.0,1767983439.0,SMBDL,False
v_25391601_1533,25391600.0,,2068.255,1991.3,1533.0,,,,SMBDL,True
25465849,25465848.0,5.0,4266.8,6610.6,1533.0,-1.0,128.0,1761781104.0,SMBDR,False
25449064,25449065.0,5.0,4897.95,6519.55,1533.0,-1.0,128.0,1767983439.0,SMBDL,False
v_25414383_1533,v_25414383_1532,,6429.0,1641.0,1533.0,,,,SMBDR,True
25449063,25449062.0,5.0,4567.95,6739.55,1533.0,-1.0,128.0,1767983439.0,SMBDL,False
v_25391601_1534,v_25391601_1534,,2077.055,1978.5,1534.0,,,,SMBDL,True
25449062,25449064.0,5.0,4735.95,6583.55,1534.0,-1.0,128.0,1767983439.0,SMBDL,False
25414383,v_25414383_1531,5.0,6430.0,1640.0,1534.0,-1.0,128.0,1767985174.0,SMBDR,False
25465848,25465847.0,5.0,4266.8,6610.6,1534.0,-1.0,128.0,1761781103.0,SMBDR,False
25449061,25449062.0,5.0,4851.95,6541.55,1535.0,-1.0,128.0,1767983439.0,SMBDL,False
25391601,v_25391601_1533,5.0,2085.855,1965.7,1535.0,-1.0,128.0,1757034313.0,SMBDL,False
v_25414384_1535,25414383.0,,6430.0,1640.0,1535.0,,,,SMBDR,True
25465847,25465846.0,5.0,4270.8,6610.6,1535.0,-1.0,128.0,1761781099.0,SMBDR,False
25465846,25465845.0,5.0,4228.8,6604.6,1536.0,-1.0,128.0,1761781091.0,SMBDR,False
v_25391602_1536,25391601.0,,2105.355,1946.2,1536.0,,,,SMBDL,True
v_25449060_1536,25449061.0,,4841.45,6555.05,1536.0,,,,SMBDL,True
v_25414384_1536,v_25414384_1536,,6430.0,1640.0,1536.0,,,,SMBDR,True
25414384,v_25414384_1535,5.0,6430.0,1640.0,1537.0,-1.0,128.0,1767985174.0,SMBDR,False
25449060,v_25449060_1536,5.0,4837.95,6559.55,1537.0,-1.0,128.0,1767983439.0,SMBDL,False
25391602,v_25391602_1536,5.0,2111.855,1939.7,1537.0,-1.0,128.0,1757034320.0,SMBDL,False
25465845,v_25465845_1538,5.0,4228.8,6604.6,1537.0,-1.0,128.0,1761781090.0,SMBDR,False
25449059,25449060.0,5.0,4795.95,6555.55,1538.0,-1.0,128.0,1767983439.0,SMBDL,False
v_25465845_1538,25465844.0,,4244.8,6604.6,1538.0,,,,SMBDR,True
v_25414385_1538,25414384.0,,6429.142857142857,1634.0,1538.0,,,,SMBDR,True
v_25391603_1538,25391602.0,,2128.355,1923.2,1538.0,,,,SMBDL,True
v_25414385_1539,v_25414385_1541,,6428.857142857143,1632.0,1539.0,,,,SMBDR,True
v_25449058_1539,25449059.0,,4781.55,6549.55,1539.0,,,,SMBDL,True
25391603,v_25391603_1538,5.0,2133.855,1917.7,1539.0,-1.0,128.0,1757034322.0,SMBDL,False
25465844,25465843.0,5.0,4260.8,6604.6,1539.0,-1.0,128.0,1761781089.0,SMBDR,False
v_25449058_1540,v_25449058_1540,,4776.75,6547.55,1540.0,,,,SMBDL,True
v_25414385_1540,v_25414385_1540,,6428.571428571428,1630.0,1540.0,,,,SMBDR,True
25465843,25465842.0,5.0,4286.8,6610.6,1540.0,-1.0,128.0,1761781087.0,SMBDR,False
v_25391604_1540,25391603.0,,2151.855,1899.7,1540.0,,,,SMBDL,True
25391604,v_25391604_1540,5.0,2157.855,1893.7,1541.0,-1.0,128.0,1757034323.0,SMBDL,False
25449058,v_25449058_1539,5.0,4771.95,6545.55,1541.0,-1.0,128.0,1767983439.0,SMBDL,False
v_25414385_1541,v_25414385_1539,,6428.285714285715,1628.0,1541.0,,,,SMBDR,True
25552902,25449190.0,5.0,4855.6,6836.75,1541.0,-1.0,128.0,1769456343.0,SMBDL,False
25465842,v_25465842_1542,5.0,4334.8,6632.6,1541.0,-1.0,128.0,1761781086.0,SMBDR,False
v_25391605_1542,25391604.0,,2171.355,1880.2,1542.0,,,,SMBDL,True
v_25465842_1542,25465841.0,,4323.8,6626.6,1542.0,,,,SMBDR,True
v_25449057_1542,25449058.0,,4771.95,6545.55,1542.0,,,,SMBDL,True
25414385,v_25414385_1538,5.0,6428.0,1626.0,1542.0,-1.0,128.0,1767985174.0,SMBDR,False
25449190,25449189.0,5.0,4846.95,6843.55,1542.0,-1.0,128.0,1767983439.0,SMBDL,False
v_25414386_1543,25414385.0,,6429.714285714285,1621.7142857142858,1543.0,,,,SMBDR,True
25465841,25466017.0,5.0,4312.8,6620.6,1543.0,-1.0,128.0,1761782980.0,SMBDR,False
25449189,25449188.0,5.0,4838.95,6829.55,1543.0,-1.0,128.0,1767983439.0,SMBDL,False
25391605,v_25391605_1542,5.0,2175.855,1875.7,1543.0,-1.0,128.0,1757034324.0,SMBDL,False
25449057,v_25449057_1542,5.0,4771.95,6545.55,1543.0,-1.0,128.0,1767983439.0,SMBDL,False
v_25391606_1544,25391605.0,,2193.855,1857.7,1544.0,,,,SMBDL,True
v_25414386_1544,v_25414386_1546,,6430.285714285715,1620.2857142857142,1544.0,,,,SMBDR,True
25449188,v_25449188_1545,5.0,4838.95,6829.55,1544.0,-1.0,128.0,1767983439.0,SMBDL,False
v_25449056_1544,25449057.0,,4771.95,6545.55,1544.0,,,,SMBDL,True
25466017,25466018.0,5.0,4379.8,6644.6,1544.0,-1.0,128.0,1761782980.0,SMBDR,False
25391606,v_25391606_1544,5.0,2199.855,1851.7,1545.0,-1.0,128.0,1757034328.0,SMBDL,False
25449056,v_25449056_1544,5.0,4771.95,6545.55,1545.0,-1.0,128.0,1767983439.0,SMBDL,False
v_25449188_1545,25449187.0,,4830.95,6813.55,1545.0,,,,SMBDL,True
25466018,25466019.0,5.0,4375.8,6640.6,1545.0,-1.0,128.0,1761782980.0,SMBDR,False
v_25414386_1545,v_25414386_1545,,6430.857142857143,1618.857142857143,1545.0,,,,SMBDR,True
25449187,25449186.0,5.0,4822.95,6797.55,1546.0,-1.0,128.0,1767983439.0,SMBDL,False
v_25391607_1546,25391606.0,,2207.355,1847.2,1546.0,,,,SMBDL,True
25466019,25466020.0,5.0,4375.8,6640.6,1546.0,-1.0,128.0,1761782980.0,SMBDR,False
v_25449055_1546,25449056.0,,4771.95,6544.05,1546.0,,,,SMBDL,True
v_25414386_1546,v_25414386_1544,,6431.428571428572,1617.428571428571,1546.0,,,,SMBDR,True
25449055,v_25449055_1546,5.0,4771.95,6543.55,1547.0,-1.0,128.0,1767983439.0,SMBDL,False
25466020,25466021.0,5.0,4383.8,6656.6,1547.0,-1.0,128.0,1761782980.0,SMBDR,False
25449186,25449185.0,5.0,4824.95,6795.55,1547.0,-1.0,128.0,1767983439.0,SMBDL,False
25391607,v_25391607_1546,5.0,2209.855,1845.7,1547.0,-1.0,128.0,1757034330.0,SMBDL,False
25414386,v_25414386_1543,5.0,6432.0,1616.0,1547.0,-1.0,128.0,1767985174.0,SMBDR,False
25449054,25449055.0,5.0,4769.95,6569.55,1548.0,-1.0,128.0,1767983439.0,SMBDL,False
25466021,25466022.0,5.0,4379.8,6672.6,1548.0,-1.0,128.0,1761782980.0,SMBDR,False
25449185,25449184.0,5.0,4848.95,6791.55,1548.0,-1.0,128.0,1767983439.0,SMBDL,False
25391608,25391607.0,5.0,2211.855,1841.7,1548.0,-1.0,128.0,1757034332.0,SMBDL,False
v_25414387_1548,25414386.0,,6432.0,1610.0,1548.0,,,,SMBDR,True
v_25414387_1549,v_25414387_1551,,6432.0,1608.0,1549.0,,,,SMBDR,True
25449184,25449051.0,5.0,4856.95,6789.55,1549.0,-1.0,128.0,1767983439.0,SMBDL,False
25449053,25449054.0,5.0,4761.95,6599.55,1549.0,-1.0,128.0,1767983439.0,SMBDL,False
25466022,25466023.0,5.0,4333.8,6696.6,1549.0,-1.0,128.0,1761782980.0,SMBDR,False
v_25391609_1549,25391608.0,,2247.855,1819.2,1549.0,,,,SMBDL,True
v_25414387_1550,v_25414387_1550,,6432.0,1606.0,1550.0,,,,SMBDR,True
25449051,25449050.0,5.0,4849.95,6771.55,1550.0,-1.0,128.0,1767983439.0,SMBDL,False
25391609,v_25391609_1549,5.0,2259.855,1811.7,1550.0,-1.0,128.0,1757034334.0,SMBDL,False
25466023,25553028.0,5.0,4313.8,6714.6,1550.0,-1.0,128.0,1769485113.0,SMBDR,False
25449052,25449053.0,5.0,4777.95,6599.55,1550.0,-1.0,128.0,1767983439.0,SMBDL,False
v_25391610_1551,25391609.0,,2270.355,1798.2,1551.0,,,,SMBDL,True
25553028,v_25553028_1552,5.0,4311.3,6706.1,1551.0,-1.0,128.0,1769485113.0,SMBDR,False
25449050,25449052.0,5.0,4811.95,6617.55,1551.0,-1.0,128.0,1767983439.0,SMBDL,False
v_25414387_1551,v_25414387_1549,,6432.0,1604.0,1551.0,,,,SMBDR,True
25449049,25449050.0,5.0,4819.95,6635.55,1552.0,-1.0,128.0,1767983439.0,SMBDL,False
v_25553028_1552,v_25553028_1553,,4308.8,6697.6,1552.0,,,,SMBDR,True
25391610,v_25391610_1551,5.0,2273.855,1793.7,1552.0,-1.0,128.0,1757034335.0,SMBDL,False
25414387,v_25414387_1548,5.0,6432.0,1602.0,1552.0,-1.0,128.0,1767985174.0,SMBDR,False
v_25391611_1553,25391610.0,,2284.355,1784.7,1553.0,,,,SMBDL,True
v_25414388_1553,25414387.0,,6440.4,1594.8,1553.0,,,,SMBDR,True
v_25553028_1553,25466024.0,,4306.3,6689.1,1553.0,,,,SMBDR,True
25552900,25449049.0,5.0,4814.95,6638.55,1553.0,-1.0,128.0,1769456292.0,SMBDL,False
25391611,v_25391611_1553,5.0,2287.855,1781.7,1554.0,-1.0,128.0,1757034336.0,SMBDL,False
v_25414388_1554,v_25414388_1554,,6443.2,1592.4,1554.0,,,,SMBDR,True
25466024,v_25466024_1555,5.0,4303.8,6680.6,1554.0,-1.0,128.0,1761782980.0,SMBDR,False
25449048,25552900.0,5.0,4809.95,6641.55,1554.0,-1.0,128.0,1769456292.0,SMBDL,False
v_25391612_1555,25391611.0,,2295.355,1766.7,1555.0,,,,SMBDL,True
25449047,25449048.0,5.0,4777.95,6629.55,1555.0,-1.0,128.0,1767983439.0,SMBDL,False
25414388,v_25414388_1553,5.0,6446.0,1590.0,1555.0,-1.0,128.0,1767985174.0,SMBDR,False
v_25466024_1555,v_25466024_1556,,4306.466666666667,6692.6,1555.0,,,,SMBDR,True
v_25449046_1556,25449047.0,,4771.95,6628.05,1556.0,,,,SMBDL,True
25391612,v_25391612_1555,5.0,2297.855,1761.7,1556.0,-1.0,128.0,1757034338.0,SMBDL,False
v_25466024_1556,25466025.0,,4309.133333333333,6704.6,1556.0,,,,SMBDR,True
v_25414389_1556,25414388.0,,6446.857142857143,1592.571428571429,1556.0,,,,SMBDR,True
25449046,v_25449046_1556,5.0,4769.95,6627.55,1557.0,-1.0,128.0,1767983439.0,SMBDL,False
v_25391613_1557,25391612.0,,2309.855,1755.7,1557.0,,,,SMBDL,True
v_25414389_1557,v_25414389_1559,,6447.142857142857,1593.428571428571,1557.0,,,,SMBDR,True
25466025,v_25466025_1558,5.0,4311.8,6716.6,1557.0,-1.0,128.0,1761782980.0,SMBDR,False
v_25466025_1558,v_25466025_1559,,4315.133333333333,6726.6,1558.0,,,,SMBDR,True
v_25414389_1558,v_25414389_1558,,6447.428571428572,1594.2857142857142,1558.0,,,,SMBDR,True
25391613,v_25391613_1557,5.0,2313.855,1753.7,1558.0,-1.0,128.0,1757034339.0,SMBDL,False
25449045,25449046.0,5.0,4741.95,6649.55,1558.0,-1.0,128.0,1767983439.0,SMBDL,False
v_25391614_1559,25391613.0,,2321.355,1740.2,1559.0,,,,SMBDL,True
v_25466025_1559,25466026.0,,4318.466666666667,6736.6,1559.0,,,,SMBDR,True
25449044,25449045.0,5.0,4739.95,6673.55,1559.0,-1.0,128.0,1767983439.0,SMBDL,False
v_25414389_1559,v_25414389_1557,,6447.714285714285,1595.142857142857,1559.0,,,,SMBDR,True
25391614,v_25391614_1559,5.0,2323.855,1735.7,1560.0,-1.0,128.0,1757034349.0,SMBDL,False
25414389,v_25414389_1556,5.0,6448.0,1596.0,1560.0,-1.0,128.0,1767985174.0,SMBDR,False
25466026,v_25466026_1561,5.0,4321.8,6746.6,1560.0,-1.0,128.0,1761782980.0,SMBDR,False
25556699,25449044.0,5.0,4734.95,6677.55,1560.0,-1.0,128.0,1770606922.0,SMBDL,False
v_25414390_1561,25414389.0,,6464.0,1594.0,1561.0,,,,SMBDR,True
v_25391615_1561,25391614.0,,2338.855,1722.2,1561.0,,,,SMBDL,True
v_25466026_1561,v_25466026_1562,,4326.466666666667,6753.933333333333,1561.0,,,,SMBDR,True
25449043,25556699.0,5.0,4729.95,6681.55,1561.0,-1.0,128.0,1770606922.0,SMBDL,False
v_25466026_1562,25466027.0,,4331.133333333333,6761.266666666667,1562.0,,,,SMBDR,True
25391615,v_25391615_1561,5.0,2343.855,1717.7,1562.0,-1.0,128.0,1757034351.0,SMBDL,False
v_25449042_1562,25449043.0,,4722.45,6692.05,1562.0,,,,SMBDL,True
v_25414390_1562,v_25414390_1563,,6469.333333333333,1593.3333333333333,1562.0,,,,SMBDR,True
v_25414390_1563,v_25414390_1562,,6474.666666666667,1592.6666666666667,1563.0,,,,SMBDR,True
25466027,v_25466027_1564,5.0,4335.8,6768.6,1563.0,-1.0,128.0,1761782980.0,SMBDR,False
25449042,v_25449042_1562,5.0,4719.95,6695.55,1563.0,-1.0,128.0,1767983439.0,SMBDL,False
v_25391616_1563,25391615.0,,2354.655,1706.9,1563.0,,,,SMBDL,True
25449041,25449042.0,5.0,4737.95,6699.55,1564.0,-1.0,128.0,1767983439.0,SMBDL,False
25414390,v_25414390_1561,5.0,6480.0,1592.0,1564.0,-1.0,128.0,1767985174.0,SMBDR,False
v_25466027_1564,v_25466027_1565,,4339.133333333333,6761.266666666667,1564.0,,,,SMBDR,True
v_25391616_1564,v_25391616_1564,,2358.255,1703.3,1564.0,,,,SMBDL,True
v_25414391_1565,25414390.0,,6480.0,1599.2,1565.0,,,,SMBDR,True
25391616,v_25391616_1563,5.0,2361.855,1699.7,1565.0,-1.0,128.0,1757034352.0,SMBDL,False
v_25449040_1565,25449041.0,,4745.45,6695.05,1565.0,,,,SMBDL,True
v_25466027_1565,25466028.0,,4342.466666666667,6753.933333333333,1565.0,,,,SMBDR,True
v_25391617_1566,25391616.0,,2370.855,1690.7,1566.0,,,,SMBDL,True
25449040,v_25449040_1565,5.0,4747.95,6693.55,1566.0,-1.0,128.0,1767983439.0,SMBDL,False
25466028,25466029.0,5.0,4345.8,6746.6,1566.0,-1.0,128.0,1761782980.0,SMBDR,False
v_25414391_1566,v_25414391_1566,,6480.0,1601.6,1566.0,,,,SMBDR,True
25391617,v_25391617_1566,5.0,2373.855,1687.7,1567.0,-1.0,128.0,1757034353.0,SMBDL,False
25466029,v_25466029_1568,5.0,4355.8,6742.6,1567.0,-1.0,128.0,1761782980.0,SMBDR,False
25414391,v_25414391_1565,5.0,6480.0,1604.0,1567.0,-1.0,128.0,1767985174.0,SMBDR,False
v_25449039_1567,25449040.0,,4750.95,6659.05,1567.0,,,,SMBDL,True
25449039,v_25449039_1567,5.0,4751.95,6647.55,1568.0,-1.0,128.0,1767983439.0,SMBDL,False
v_25391618_1568,25391617.0,,2373.855,1686.2,1568.0,,,,SMBDL,True
v_25466029_1568,25466030.0,,4364.8,6738.6,1568.0,,,,SMBDR,True
25414392,25414391.0,5.0,6480.0,1584.0,1568.0,-1.0,128.0,1767985174.0,SMBDR,False
25466030,v_25466030_1570,5.0,4373.8,6734.6,1569.0,-1.0,128.0,1761782980.0,SMBDR,False
v_25449038_1569,25449039.0,,4759.45,6605.55,1569.0,,,,SMBDL,True
25391618,v_25391618_1568,5.0,2373.855,1685.7,1569.0,-1.0,128.0,1757034355.0,SMBDL,False
v_25414393_1569,25414392.0,,6473.0,1583.0,1569.0,,,,SMBDR,True
v_25414393_1570,v_25414393_1571,,6470.666666666667,1582.6666666666667,1570.0,,,,SMBDR,True
v_25466030_1570,25466031.0,,4378.8,6737.6,1570.0,,,,SMBDR,True
25449038,v_25449038_1569,5.0,4761.95,6591.55,1570.0,-1.0,128.0,1767983439.0,SMBDL,False
v_25391619_1570,25391618.0,,2379.855,1684.2,1570.0,,,,SMBDL,True
25391619,v_25391619_1570,5.0,2381.855,1683.7,1571.0,-1.0,128.0,1757034356.0,SMBDL,False
v_25449037_1571,25449038.0,,4767.95,6588.55,1571.0,,,,SMBDL,True
25466031,v_25466031_1572,5.0,4383.8,6740.6,1571.0,-1.0,128.0,1761782980.0,SMBDR,False
v_25414393_1571,v_25414393_1570,,6468.333333333333,1582.3333333333333,1571.0,,,,SMBDR,True
25449037,v_25449037_1571,5.0,4769.95,6587.55,1572.0,-1.0,128.0,1767983439.0,SMBDL,False
v_25391620_1572,25391619.0,,2383.355,1682.2,1572.0,,,,SMBDL,True
v_25466031_1572,25466032.0,,4386.8,6747.6,1572.0,,,,SMBDR,True
25414393,v_25414393_1569,5.0,6466.0,1582.0,1572.0,-1.0,128.0,1767985174.0,SMBDR,False
25466032,25466033.0,5.0,4389.8,6754.6,1573.0,-1.0,128.0,1761782980.0,SMBDR,False
v_25449036_1573,25449037.0,,4772.95,6574.05,1573.0,,,,SMBDL,True
v_25414394_1573,25414393.0,,6458.8,1576.0,1573.0,,,,SMBDR,True
25391620,v_25391620_1572,5.0,2383.855,1681.7,1573.0,-1.0,128.0,1757034357.0,SMBDL,False
25449036,v_25449036_1573,5.0,4773.95,6569.55,1574.0,-1.0,128.0,1767983439.0,SMBDL,False
25466033,25466034.0,5.0,4399.8,6762.6,1574.0,-1.0,128.0,1761782980.0,SMBDR,False
v_25391621_1574,25391620.0,,2382.355,1674.2,1574.0,,,,SMBDL,True
v_25414394_1574,v_25414394_1574,,6456.4,1574.0,1574.0,,,,SMBDR,True
25414394,v_25414394_1573,5.0,6454.0,1572.0,1575.0,-1.0,128.0,1767985174.0,SMBDR,False
25466034,25466035.0,5.0,4407.8,6790.6,1575.0,-1.0,128.0,1761782980.0,SMBDR,False
v_25449035_1575,25449036.0,,4773.95,6554.55,1575.0,,,,SMBDL,True
25391621,v_25391621_1574,5.0,2381.855,1671.7,1575.0,-1.0,128.0,1757034358.0,SMBDL,False
25466035,25466036.0,5.0,4401.8,6798.6,1576.0,-1.0,128.0,1761782980.0,SMBDR,False
25449035,v_25449035_1575,5.0,4773.95,6549.55,1576.0,-1.0,128.0,1767983439.0,SMBDL,False
v_25414395_1576,25414394.0,,6448.0,1579.5,1576.0,,,,SMBDR,True
v_25391622_1576,25391621.0,,2386.355,1670.2,1576.0,,,,SMBDL,True
25414395,v_25414395_1576,5.0,6446.0,1582.0,1577.0,-1.0,128.0,1767985174.0,SMBDR,False
25466036,v_25466036_1578,5.0,4399.8,6788.6,1577.0,-1.0,128.0,1761782980.0,SMBDR,False
v_25449034_1577,25449035.0,,4776.95,6563.05,1577.0,,,,SMBDL,True
25391622,v_25391622_1576,5.0,2387.855,1669.7,1577.0,-1.0,128.0,1757034359.0,SMBDL,False
25449034,v_25449034_1577,5.0,4777.95,6567.55,1578.0,-1.0,128.0,1767983439.0,SMBDL,False
v_25466036_1578,25466037.0,,4399.8,6788.6,1578.0,,,,SMBDR,True
v_25391623_1578,25391622.0,,2392.355,1663.7,1578.0,,,,SMBDL,True
v_25414396_1578,25414395.0,,6443.0,1579.0,1578.0,,,,SMBDR,True
v_25449033_1579,25449034.0,,4776.45,6579.55,1579.0,,,,SMBDL,True
25391623,v_25391623_1578,5.0,2393.855,1661.7,1579.0,-1.0,128.0,1757034360.0,SMBDL,False
25466037,25466038.0,5.0,4399.8,6788.6,1579.0,-1.0,128.0,1761782980.0,SMBDR,False
25414396,v_25414396_1578,5.0,6442.0,1578.0,1579.0,-1.0,128.0,1767985174.0,SMBDR,False
v_25391624_1580,25391623.0,,2399.855,1650.9,1580.0,,,,SMBDL,True
v_25414397_1580,25414396.0,,6456.4,1585.2,1580.0,,,,SMBDR,True
25466038,25466039.0,5.0,4423.8,6794.6,1580.0,-1.0,128.0,1761782980.0,SMBDR,False
25449033,v_25449033_1579,5.0,4775.95,6583.55,1580.0,-1.0,128.0,1767983439.0,SMBDL,False
25466039,v_25466039_1582,5.0,4431.8,6792.6,1581.0,-1.0,128.0,1761782980.0,SMBDR,False
v_25391624_1581,v_25391624_1581,,2401.855,1647.3,1581.0,,,,SMBDL,True
v_25414397_1581,v_25414397_1581,,6461.2,1587.6,1581.0,,,,SMBDR,True
v_25449032_1581,25449033.0,,4759.45,6603.05,1581.0,,,,SMBDL,True
25391624,v_25391624_1580,5.0,2403.855,1643.7,1582.0,-1.0,128.0,1757034362.0,SMBDL,False
v_25466039_1582,25466040.0,,4448.8,6785.6,1582.0,,,,SMBDR,True
25449032,v_25449032_1581,5.0,4753.95,6609.55,1582.0,-1.0,128.0,1767983439.0,SMBDL,False
25414397,v_25414397_1580,5.0,6466.0,1590.0,1582.0,-1.0,128.0,1767985174.0,SMBDR,False
v_25414398_1583,25414397.0,,6454.0,1579.2,1583.0,,,,SMBDR,True
v_25391625_1583,25391624.0,,2405.355,1636.2,1583.0,,,,SMBDL,True
25466040,25466041.0,5.0,4465.8,6778.6,1583.0,-1.0,128.0,1761782980.0,SMBDR,False
v_25449031_1583,25449032.0,,4734.45,6629.05,1583.0,,,,SMBDL,True
25391625,v_25391625_1583,5.0,2405.855,1633.7,1584.0,-1.0,128.0,1757034363.0,SMBDL,False
v_25414398_1584,v_25414398_1584,,6450.0,1575.6,1584.0,,,,SMBDR,True
25449031,v_25449031_1583,5.0,4727.95,6635.55,1584.0,-1.0,128.0,1767983439.0,SMBDL,False
25466041,25466042.0,5.0,4473.8,6778.6,1584.0,-1.0,128.0,1761782980.0,SMBDR,False
25414398,v_25414398_1583,5.0,6446.0,1572.0,1585.0,-1.0,128.0,1767985174.0,SMBDR,False
v_25449030_1585,25449031.0,,4696.45,6640.05,1585.0,,,,SMBDL,True
25466042,v_25466042_1586,5.0,4485.8,6772.6,1585.0,-1.0,128.0,1761782980.0,SMBDR,False
v_25391626_1585,25391625.0,,2405.855,1636.7,1585.0,,,,SMBDL,True
v_25414399_1586,25414398.0,,6453.0,1571.0,1586.0,,,,SMBDR,True
25449030,v_25449030_1585,5.0,4685.95,6641.55,1586.0,-1.0,128.0,1767983439.0,SMBDL,False
25391626,v_25391626_1585,5.0,2405.855,1637.7,1586.0,-1.0,128.0,1757034364.0,SMBDL,False
v_25466042_1586,25466043.0,,4486.8,6762.6,1586.0,,,,SMBDR,True
v_25391627_1587,25391626.0,,2410.355,1634.7,1587.0,,,,SMBDL,True
v_25449029_1587,25449030.0,,4675.45,6620.55,1587.0,,,,SMBDL,True
25466043,v_25466043_1588,5.0,4487.8,6752.6,1587.0,-1.0,128.0,1761782980.0,SMBDR,False
v_25414399_1587,v_25414399_1588,,6455.333333333333,1570.6666666666667,1587.0,,,,SMBDR,True
25391627,v_25391627_1587,5.0,2411.855,1633.7,1588.0,-1.0,128.0,1757034365.0,SMBDL,False
25449029,v_25449029_1587,5.0,4671.95,6613.55,1588.0,-1.0,128.0,1767983439.0,SMBDL,False
v_25466043_1588,25466044.0,,4488.8,6732.6,1588.0,,,,SMBDR,True
v_25414399_1588,v_25414399_1587,,6457.666666666667,1570.3333333333333,1588.0,,,,SMBDR,True
v_25449028_1589,25449029.0,,4679.45,6580.55,1589.0,,,,SMBDL,True
25466044,25466045.0,5.0,4489.8,6712.6,1589.0,-1.0,128.0,1761782980.0,SMBDR,False
25414399,v_25414399_1586,5.0,6460.0,1570.0,1589.0,-1.0,128.0,1767985174.0,SMBDR,False
v_25391628_1589,25391627.0,,2415.455,1628.9,1589.0,,,,SMBDL,True
v_25414400_1590,25414399.0,,6462.4,1562.8,1590.0,,,,SMBDR,True
25466045,25466046.0,5.0,4497.0,6700.5,1590.0,-1.0,128.0,1767419501.0,SMBDR,False
v_25391628_1590,v_25391628_1590,,2416.655,1627.3,1590.0,,,,SMBDL,True
25449028,v_25449028_1589,5.0,4681.95,6569.55,1590.0,-1.0,128.0,1767983439.0,SMBDL,False
25391628,v_25391628_1589,5.0,2417.855,1625.7,1591.0,-1.0,128.0,1757034366.0,SMBDL,False
v_25449027_1591,25449028.0,,4678.95,6556.05,1591.0,,,,SMBDL,True
v_25414400_1591,v_25414400_1591,,6463.2,1560.4,1591.0,,,,SMBDR,True
25466046,25466047.0,5.0,4505.8,6674.6,1591.0,-1.0,128.0,1761782980.0,SMBDR,False
25466047,25466048.0,5.0,4505.8,6654.6,1592.0,-1.0,128.0,1761782980.0,SMBDR,False
25449027,v_25449027_1591,5.0,4677.95,6551.55,1592.0,-1.0,128.0,1767983439.0,SMBDL,False
25414400,v_25414400_1590,5.0,6464.0,1558.0,1592.0,-1.0,128.0,1767985174.0,SMBDR,False
v_25391629_1592,25391628.0,,2422.655,1616.1,1592.0,,,,SMBDL,True
v_25391629_1593,v_25391629_1593,,2424.255,1612.9,1593.0,,,,SMBDL,True
v_25414401_1593,25414400.0,,6455.6,1560.4,1593.0,,,,SMBDR,True
25449026,25449027.0,5.0,4667.95,6535.55,1593.0,-1.0,128.0,1767983439.0,SMBDL,False
25466048,v_25466048_1594,5.0,4495.8,6630.6,1593.0,-1.0,128.0,1761782980.0,SMBDR,False
25449025,25449026.0,5.0,4707.95,6503.55,1594.0,-1.0,128.0,1767983439.0,SMBDL,False
v_25414401_1594,v_25414401_1594,,6452.8,1561.2,1594.0,,,,SMBDR,True
v_25466048_1594,25466049.0,,4484.8,6606.6,1594.0,,,,SMBDR,True
25391629,v_25391629_1592,5.0,2425.855,1609.7,1594.0,-1.0,128.0,1757034368.0,SMBDL,False
25449024,25449025.0,5.0,4735.95,6481.55,1595.0,-1.0,128.0,1767983439.0,SMBDL,False
25414401,v_25414401_1593,5.0,6450.0,1562.0,1595.0,-1.0,128.0,1767985174.0,SMBDR,False
v_25391630_1595,25391629.0,,2427.355,1602.2,1595.0,,,,SMBDL,True
25466049,25466050.0,5.0,4473.8,6582.6,1595.0,-1.0,128.0,1761782980.0,SMBDR,False
v_25414402_1596,25414401.0,,6450.0,1560.8,1596.0,,,,SMBDR,True
25466050,25466051.0,5.0,4473.8,6582.6,1596.0,-1.0,128.0,1761782980.0,SMBDR,False
25391630,v_25391630_1595,5.0,2427.855,1599.7,1596.0,-1.0,128.0,1757034369.0,SMBDL,False
25449023,25449024.0,5.0,4753.95,6479.55,1596.0,-1.0,128.0,1767983439.0,SMBDL,False
25466051,25466052.0,5.0,4457.8,6556.6,1597.0,-1.0,128.0,1761782980.0,SMBDR,False
v_25414402_1597,v_25414402_1597,,6450.0,1560.4,1597.0,,,,SMBDR,True
25449022,25449023.0,5.0,4799.95,6429.55,1597.0,-1.0,128.0,1767983439.0,SMBDL,False
v_25391631_1597,25391630.0,,2436.855,1592.2,1597.0,,,,SMBDL,True
25449021,25449022.0,5.0,4833.95,6405.55,1598.0,-1.0,128.0,1767983439.0,SMBDL,False
25414402,v_25414402_1596,5.0,6450.0,1560.0,1598.0,-1.0,128.0,1767985174.0,SMBDR,False
25391631,v_25391631_1597,5.0,2439.855,1589.7,1598.0,-1.0,128.0,1757034370.0,SMBDL,False
25466052,25466053.0,5.0,4443.8,6532.6,1598.0,-1.0,128.0,1761782980.0,SMBDR,False
25466053,25466054.0,5.0,4441.8,6534.6,1599.0,-1.0,128.0,1761782980.0,SMBDR,False
v_25391632_1599,25391631.0,,2439.855,1590.9,1599.0,,,,SMBDL,True
v_25449020_1599,25449021.0,,4863.95,6395.05,1599.0,,,,SMBDL,True
v_25414403_1599,25414402.0,,6457.5,1563.0,1599.0,,,,SMBDR,True
25466054,25466055.0,5.0,4439.8,6514.6,1600.0,-1.0,128.0,1761782980.0,SMBDR,False
v_25391632_1600,v_25391632_1600,,2439.855,1591.3,1600.0,,,,SMBDL,True
25449020,v_25449020_1599,5.0,4873.95,6391.55,1600.0,-1.0,128.0,1767983439.0,SMBDL,False
25414403,v_25414403_1599,5.0,6460.0,1564.0,1600.0,-1.0,128.0,1767985174.0,SMBDR,False
25391632,v_25391632_1599,5.0,2439.855,1591.7,1601.0,-1.0,128.0,1757034376.0,SMBDL,False
25449019,25449020.0,5.0,4869.95,6389.55,1601.0,-1.0,128.0,1767983439.0,SMBDL,False
25466055,25466056.0,5.0,4447.8,6524.6,1601.0,-1.0,128.0,1761782980.0,SMBDR,False
v_25414404_1601,25414403.0,,6460.0,1564.0,1601.0,,,,SMBDR,True
25414404,v_25414404_1601,5.0,6460.0,1564.0,1602.0,-1.0,128.0,1767985174.0,SMBDR,False
25466056,25466057.0,5.0,4447.8,6524.6,1602.0,-1.0,128.0,1761782980.0,SMBDR,False
25449018,25449019.0,5.0,4861.95,6363.55,1602.0,-1.0,128.0,1767983439.0,SMBDL,False
v_25391633_1602,25391632.0,,2457.855,1565.3,1602.0,,,,SMBDL,True
25466057,25466058.0,5.0,4377.8,6462.6,1603.0,-1.0,128.0,1761782980.0,SMBDR,False
25449017,25449018.0,5.0,4843.95,6333.55,1603.0,-1.0,128.0,1767983439.0,SMBDL,False
25414405,25414404.0,5.0,6472.0,1552.0,1603.0,-1.0,128.0,1767985174.0,SMBDR,False
v_25391633_1603,v_25391633_1603,,2463.855,1556.5,1603.0,,,,SMBDL,True
v_25414406_1604,25414405.0,,6474.4,1550.8,1604.0,,,,SMBDR,True
25391633,v_25391633_1602,5.0,2469.855,1547.7,1604.0,-1.0,128.0,1757034379.0,SMBDL,False
25466058,25466059.0,5.0,4383.8,6458.6,1604.0,-1.0,128.0,1761782980.0,SMBDR,False
25449016,25449017.0,5.0,4839.95,6319.55,1604.0,-1.0,128.0,1767983439.0,SMBDL,False
v_25414406_1605,v_25414406_1605,,6475.2,1550.4,1605.0,,,,SMBDR,True
v_25391634_1605,25391633.0,,2468.355,1550.7,1605.0,,,,SMBDL,True
v_25449015_1605,25449016.0,,4841.45,6310.55,1605.0,,,,SMBDL,True
25466059,v_25466059_1606,5.0,4389.8,6446.6,1605.0,-1.0,128.0,1761782980.0,SMBDR,False
25414406,v_25414406_1604,5.0,6476.0,1550.0,1606.0,-1.0,128.0,1767985174.0,SMBDR,False
v_25466059_1606,25466060.0,,4400.8,6442.6,1606.0,,,,SMBDR,True
25449015,v_25449015_1605,5.0,4841.95,6307.55,1606.0,-1.0,128.0,1767983439.0,SMBDL,False
25391634,v_25391634_1605,5.0,2467.855,1551.7,1606.0,-1.0,128.0,1757034380.0,SMBDL,False
v_25391635_1607,25391634.0,,2475.355,1545.7,1607.0,,,,SMBDL,True
v_25414407_1607,25414406.0,,6476.0,1550.0,1607.0,,,,SMBDR,True
25466060,v_25466060_1608,5.0,4411.8,6438.6,1607.0,-1.0,128.0,1761782980.0,SMBDR,False
25449014,25449015.0,5.0,4857.95,6293.55,1607.0,-1.0,128.0,1767983439.0,SMBDL,False
25391635,v_25391635_1607,5.0,2477.855,1543.7,1608.0,-1.0,128.0,1757034381.0,SMBDL,False
v_25466060_1608,25466061.0,,4413.8,6432.6,1608.0,,,,SMBDR,True
25449013,25449014.0,5.0,4887.95,6283.55,1608.0,-1.0,128.0,1767983439.0,SMBDL,False
v_25414407_1608,v_25414407_1608,,6476.0,1550.0,1608.0,,,,SMBDR,True
25466061,v_25466061_1610,5.0,4415.8,6426.6,1609.0,-1.0,128.0,1761782980.0,SMBDR,False
v_25449012_1609,25449013.0,,4916.45,6280.55,1609.0,,,,SMBDL,True
v_25391636_1609,25391635.0,,2482.655,1532.9,1609.0,,,,SMBDL,True
25414407,v_25414407_1607,5.0,6476.0,1550.0,1609.0,-1.0,128.0,1767985174.0,SMBDR,False
25449012,v_25449012_1609,5.0,4925.95,6279.55,1610.0,-1.0,128.0,1767983439.0,SMBDL,False
v_25466061_1610,v_25466061_1611,,4415.8,6426.6,1610.0,,,,SMBDR,True
v_25414408_1610,25414407.0,,6488.0,1550.0,1610.0,,,,SMBDR,True
v_25391636_1610,v_25391636_1610,,2484.255,1529.3,1610.0,,,,SMBDL,True
v_25466061_1611,25466062.0,,4415.8,6426.6,1611.0,,,,SMBDR,True
v_25449011_1611,25449012.0,,4940.349999999999,6269.95,1611.0,,,,SMBDL,True
v_25414408_1611,v_25414408_1611,,6492.0,1550.0,1611.0,,,,SMBDR,True
25391636,v_25391636_1609,5.0,2485.855,1525.7,1611.0,-1.0,128.0,1757034383.0,SMBDL,False
25466062,v_25466062_1613,5.0,4415.8,6426.6,1612.0,-1.0,128.0,1761782980.0,SMBDR,False
25414408,v_25414408_1610,5.0,6496.0,1550.0,1612.0,-1.0,128.0,1767985174.0,SMBDR,False
v_25391637_1612,25391636.0,,2490.655,1525.7,1612.0,,,,SMBDL,True
v_25449011_1612,v_25449011_1612,,4945.15,6266.75,1612.0,,,,SMBDL,True
v_25466062_1613,25466063.0,,4432.8,6421.6,1613.0,,,,SMBDR,True
25449011,v_25449011_1611,5.0,4949.95,6263.55,1613.0,-1.0,128.0,1767983439.0,SMBDL,False
v_25414409_1613,25414408.0,,6496.0,1550.0,1613.0,,,,SMBDR,True
v_25391637_1613,v_25391637_1613,,2492.255,1525.7,1613.0,,,,SMBDL,True
v_25449010_1614,25449011.0,,4973.95,6260.55,1614.0,,,,SMBDL,True
25391637,v_25391637_1612,5.0,2493.855,1525.7,1614.0,-1.0,128.0,1757034384.0,SMBDL,False
25466063,v_25466063_1615,5.0,4449.8,6416.6,1614.0,-1.0,128.0,1761782980.0,SMBDR,False
v_25414409_1614,v_25414409_1614,,6496.0,1550.0,1614.0,,,,SMBDR,True
v_25466063_1615,25466064.0,,4449.8,6416.6,1615.0,,,,SMBDR,True
v_25391638_1615,25391637.0,,2499.855,1523.3,1615.0,,,,SMBDL,True
25414409,v_25414409_1613,5.0,6496.0,1550.0,1615.0,-1.0,128.0,1767985174.0,SMBDR,False
25449010,v_25449010_1614,5.0,4981.95,6259.55,1615.0,-1.0,128.0,1767983439.0,SMBDL,False
v_25414410_1616,25414409.0,,6497.2,1552.4,1616.0,,,,SMBDR,True
v_25391638_1616,v_25391638_1616,,2501.855,1522.5,1616.0,,,,SMBDL,True
25449009,25449010.0,5.0,5015.95,6239.55,1616.0,-1.0,128.0,1767983439.0,SMBDL,False
25466064,v_25466064_1617,5.0,4449.8,6416.6,1616.0,-1.0,128.0,1761782980.0,SMBDR,False
v_25414410_1617,v_25414410_1617,,6497.6,1553.2,1617.0,,,,SMBDR,True
v_25449008_1617,25449009.0,,5036.95,6232.05,1617.0,,,,SMBDL,True
25391638,v_25391638_1615,5.0,2503.855,1521.7,1617.0,-1.0,128.0,1757034385.0,SMBDL,False
v_25466064_1617,25466065.0,,4449.8,6416.6,1617.0,,,,SMBDR,True
25466065,v_25466065_1619,5.0,4449.8,6416.6,1618.0,-1.0,128.0,1761782980.0,SMBDR,False
25449008,v_25449008_1617,5.0,5043.95,6229.55,1618.0,-1.0,128.0,1767983439.0,SMBDL,False
25414410,v_25414410_1616,5.0,6498.0,1554.0,1618.0,-1.0,128.0,1767985174.0,SMBDR,False
v_25391639_1618,25391638.0,,2505.355,1520.2,1618.0,,,,SMBDL,True
v_25449007_1619,25449008.0,,5054.45,6216.05,1619.0,,,,SMBDL,True
25391639,v_25391639_1618,5.0,2505.855,1519.7,1619.0,-1.0,128.0,1757034386.0,SMBDL,False
v_25466065_1619,25466066.0,,4449.8,6416.6,1619.0,,,,SMBDR,True
v_25414411_1619,25414410.0,,6490.5,1542.0,1619.0,,,,SMBDR,True
25466066,25466067.0,5.0,4449.8,6416.6,1620.0,-1.0,128.0,1761782980.0,SMBDR,False
v_25391640_1620,25391639.0,,2508.855,1515.2,1620.0,,,,SMBDL,True
25414411,v_25414411_1619,5.0,6488.0,1538.0,1620.0,-1.0,128.0,1767985174.0,SMBDR,False
25449007,v_25449007_1619,5.0,5057.95,6211.55,1620.0,-1.0,128.0,1767983439.0,SMBDL,False
v_25414412_1621,25414411.0,,6495.5,1539.5,1621.0,,,,SMBDR,True
25391640,v_25391640_1620,5.0,2509.855,1513.7,1621.0,-1.0,128.0,1757034387.0,SMBDL,False
v_25449006_1621,25449007.0,,5075.95,6205.55,1621.0,,,,SMBDL,True
25466067,25466068.0,5.0,4417.8,6456.6,1621.0,-1.0,128.0,1761782980.0,SMBDR,False
v_25391641_1622,25391640.0,,2508.655,1513.7,1622.0,,,,SMBDL,True
25466068,25466069.0,5.0,4401.8,6466.6,1622.0,-1.0,128.0,1761782980.0,SMBDR,False
25449006,v_25449006_1621,5.0,5081.95,6203.55,1622.0,-1.0,128.0,1767983439.0,SMBDL,False
25414412,v_25414412_1621,5.0,6498.0,1540.0,1622.0,-1.0,128.0,1767985174.0,SMBDR,False
25466069,25466070.0,5.0,4401.8,6478.6,1623.0,-1.0,128.0,1761782980.0,SMBDR,False
v_25414413_1623,25414412.0,,6499.2,1540.0,1623.0,,,,SMBDR,True
v_25391641_1623,v_25391641_1623,,2508.255,1513.7,1623.0,,,,SMBDL,True
v_25449005_1623,25449006.0,,5099.95,6202.05,1623.0,,,,SMBDL,True
25449005,v_25449005_1623,5.0,5105.95,6201.55,1624.0,-1.0,128.0,1767983439.0,SMBDL,False
v_25414413_1624,v_25414413_1624,,6499.6,1540.0,1624.0,,,,SMBDR,True
25391641,v_25391641_1622,5.0,2507.855,1513.7,1624.0,-1.0,128.0,1757034389.0,SMBDL,False
25466070,25466071.0,5.0,4401.8,6496.6,1624.0,-1.0,128.0,1761782980.0,SMBDR,False
25449004,25449005.0,5.0,5123.95,6189.55,1625.0,-1.0,128.0,1767983439.0,SMBDL,False
v_25391642_1625,25391641.0,,2513.855,1509.2,1625.0,,,,SMBDL,True
25414413,v_25414413_1623,5.0,6500.0,1540.0,1625.0,-1.0,128.0,1767985174.0,SMBDR,False
25466071,v_25466071_1626,5.0,4387.8,6508.6,1625.0,-1.0,128.0,1761782980.0,SMBDR,False
v_25466071_1626,25466072.0,,4376.8,6522.6,1626.0,,,,SMBDR,True
25449003,25449004.0,5.0,5149.95,6157.55,1626.0,-1.0,128.0,1767983439.0,SMBDL,False
25391642,v_25391642_1625,5.0,2515.855,1507.7,1626.0,-1.0,128.0,1757034390.0,SMBDL,False
25414414,25414413.0,5.0,6512.0,1536.0,1626.0,-1.0,128.0,1767985174.0,SMBDR,False
25466072,25466073.0,5.0,4365.8,6536.6,1627.0,-1.0,128.0,1761782980.0,SMBDR,False
25415843,25414414.0,5.0,6504.0,1536.0,1627.0,-1.0,128.0,1767985174.0,SMBDR,False
v_25391643_1627,25391642.0,,2517.355,1506.2,1627.0,,,,SMBDL,True
v_25449002_1627,25449003.0,,5149.95,6157.55,1627.0,,,,SMBDL,True
25391643,v_25391643_1627,5.0,2517.855,1505.7,1628.0,-1.0,128.0,1757034391.0,SMBDL,False
v_25415848_1628,25415843.0,,6513.6,1539.6,1628.0,,,,SMBDR,True
25466073,25466074.0,5.0,4357.8,6558.6,1628.0,-1.0,128.0,1761782980.0,SMBDR,False
25449002,v_25449002_1627,5.0,5149.95,6157.55,1628.0,-1.0,128.0,1767983439.0,SMBDL,False
