node_id,parent_id,confidence,x,y,z,radius,creator_id,edition_time,cell_name,is_vnode
25528613,v_25528613_1294,5.0,6411.0,6540.75,1293.0,-1.0,128.0,1766164319.0,SAAVR,False
v_25409164_1293,25409165.0,,2306.855,6857.7,1293.0,,,,SAAVL,True
25409165,v_25409165_1295,5.0,2306.855,6857.7,1294.0,-1.0,128.0,1767983033.0,SAAVL,False
v_25528613_1294,v_25528613_1295,,6411.5,6543.25,1294.0,,,,SAAVR,True
v_25409165_1295,25409166.0,,2306.855,6860.7,1295.0,,,,SAAVL,True
v_25528613_1295,v_25528613_1296,,6412.0,6545.75,1295.0,,,,SAAVR,True
v_25528613_1296,v_25528613_1297,,6412.5,6548.25,1296.0,,,,SAAVR,True
25409166,v_25409166_1297,5.0,2306.855,6863.7,1296.0,-1.0,128.0,1767983033.0,SAAVL,False
v_25409166_1297,v_25409166_1298,,2306.855,6863.7,1297.0,,,,SAAVL,True
v_25528613_1297,v_25528613_1298,,6413.0,6550.75,1297.0,,,,SAAVR,True
v_25528613_1298,v_25528613_1299,,6413.5,6553.25,1298.0,,,,SAAVR,True
v_25409166_1298,25409167.0,,2306.855,6863.7,1298.0,,,,SAAVL,True
25409167,v_25409167_1300,5.0,2306.855,6863.7,1299.0,-1.0,128.0,1767983033.0,SAAVL,False
v_25528613_1299,v_25528613_1300,,6414.0,6555.75,1299.0,,,,SAAVR,True
v_25528613_1300,v_25528613_1301,,6414.5,6558.25,1300.0,,,,SAAVR,True
v_25409167_1300,v_25409167_1301,,2304.855,6860.2,1300.0,,,,SAAVL,True
v_25409167_1301,v_25409167_1302,,2302.855,6856.7,1301.0,,,,SAAVL,True
v_25528613_1301,v_25528613_1302,,6415.0,6560.75,1301.0,,,,SAAVR,True
v_25528613_1302,v_25528613_1303,,6415.5,6563.25,1302.0,,,,SAAVR,True
v_25409167_1302,25409168.0,,2300.855,6853.2,1302.0,,,,SAAVL,True
v_25528613_1303,v_25528613_1304,,6416.0,6565.75,1303.0,,,,SAAVR,True
25409168,v_25409168_1304,5.0,2298.855,6849.7,1303.0,-1.0,128.0,1767983033.0,SAAVL,False
v_25409168_1304,v_25409168_1305,,2300.855,6851.7,1304.0,,,,SAAVL,True
v_25528613_1304,v_25528613_1305,,6416.5,6568.25,1304.0,,,,SAAVR,True
v_25409168_1305,25409169.0,,2302.855,6853.7,1305.0,,,,SAAVL,True
v_25528613_1305,v_25528613_1306,,6417.0,6570.75,1305.0,,,,SAAVR,True
25409169,v_25409169_1307,5.0,2304.855,6855.7,1306.0,-1.0,128.0,1767983033.0,SAAVL,False
v_25528613_1306,v_25528613_1307,,6417.5,6573.25,1306.0,,,,SAAVR,True
v_25528613_1307,v_25528613_1308,,6418.0,6575.75,1307.0,,,,SAAVR,True
v_25409169_1307,v_25409169_1308,,2309.355,6859.2,1307.0,,,,SAAVL,True
v_25528613_1308,25528612.0,,6418.5,6578.25,1308.0,,,,SAAVR,True
v_25409169_1308,v_25409169_1309,,2313.855,6862.7,1308.0,,,,SAAVL,True
v_25409169_1309,25409170.0,,2318.355,6866.2,1309.0,,,,SAAVL,True
25528612,v_25528612_1310,5.0,6419.0,6580.75,1309.0,-1.0,128.0,1766164316.0,SAAVR,False
25409170,v_25409170_1311,5.0,2322.855,6869.7,1310.0,-1.0,128.0,1767983033.0,SAAVL,False
v_25528612_1310,v_25528612_1311,,6420.111111111111,6580.972222222223,1310.0,,,,SAAVR,True
v_25409170_1311,v_25409170_1312,,2322.855,6869.7,1311.0,,,,SAAVL,True
v_25528612_1311,v_25528612_1312,,6421.222222222223,6581.194444444444,1311.0,,,,SAAVR,True
v_25528612_1312,v_25528612_1313,,6422.333333333333,6581.416666666667,1312.0,,,,SAAVR,True
v_25409170_1312,v_25409170_1313,,2322.855,6869.7,1312.0,,,,SAAVL,True
v_25409170_1313,v_25409170_1314,,2322.855,6869.7,1313.0,,,,SAAVL,True
v_25528612_1313,v_25528612_1314,,6423.444444444444,6581.638888888889,1313.0,,,,SAAVR,True
v_25409170_1314,25409171.0,,2322.855,6869.7,1314.0,,,,SAAVL,True
v_25528612_1314,v_25528612_1315,,6424.555555555556,6581.861111111111,1314.0,,,,SAAVR,True
v_25528612_1315,v_25528612_1316,,6425.666666666667,6582.083333333333,1315.0,,,,SAAVR,True
25409171,v_25409171_1316,5.0,2322.855,6869.7,1315.0,-1.0,128.0,1767983033.0,SAAVL,False
v_25528612_1316,v_25528612_1317,,6426.777777777777,6582.305555555556,1316.0,,,,SAAVR,True
v_25409171_1316,v_25409171_1317,,2322.855,6869.7,1316.0,,,,SAAVL,True
v_25528612_1317,v_25528612_1318,,6427.888888888889,6582.527777777777,1317.0,,,,SAAVR,True
v_25409171_1317,25409172.0,,2322.855,6869.7,1317.0,,,,SAAVL,True
v_25528612_1318,v_25528612_1319,,6429.0,6582.75,1318.0,,,,SAAVR,True
25409172,v_25409172_1319,5.0,2322.855,6869.7,1318.0,-1.0,128.0,1767983033.0,SAAVL,False
v_25528612_1319,v_25528612_1320,,6430.111111111111,6582.972222222223,1319.0,,,,SAAVR,True
v_25409172_1319,v_25409172_1320,,2322.855,6869.7,1319.0,,,,SAAVL,True
v_25528612_1320,v_25528612_1321,,6431.222222222223,6583.194444444444,1320.0,,,,SAAVR,True
v_25409172_1320,v_25409172_1321,,2322.855,6869.7,1320.0,,,,SAAVL,True
v_25528612_1321,v_25528612_1322,,6432.333333333333,6583.416666666667,1321.0,,,,SAAVR,True
v_25409172_1321,25409173.0,,2322.855,6869.7,1321.0,,,,SAAVL,True
25409173,v_25409173_1323,5.0,2322.855,6869.7,1322.0,-1.0,128.0,1767983033.0,SAAVL,False
v_25528612_1322,v_25528612_1323,,6433.444444444444,6583.638888888889,1322.0,,,,SAAVR,True
v_25528612_1323,v_25528612_1324,,6434.555555555556,6583.861111111111,1323.0,,,,SAAVR,True
v_25409173_1323,v_25409173_1324,,2323.855,6870.2,1323.0,,,,SAAVL,True
v_25528612_1324,v_25528612_1325,,6435.666666666667,6584.083333333333,1324.0,,,,SAAVR,True
v_25409173_1324,v_25409173_1325,,2324.855,6870.7,1324.0,,,,SAAVL,True
v_25409173_1325,25409174.0,,2325.855,6871.2,1325.0,,,,SAAVL,True
v_25528612_1325,v_25528612_1326,,6436.777777777777,6584.305555555556,1325.0,,,,SAAVR,True
v_25528612_1326,25528611.0,,6437.888888888889,6584.527777777777,1326.0,,,,SAAVR,True
25409174,v_25409174_1327,5.0,2326.855,6871.7,1326.0,-1.0,128.0,1767983033.0,SAAVL,False
v_25409174_1327,v_25409174_1328,,2327.355,6875.7,1327.0,,,,SAAVL,True
25528611,v_25528611_1328,5.0,6439.0,6584.75,1327.0,-1.0,128.0,1766164313.0,SAAVR,False
v_25409174_1328,v_25409174_1329,,2327.855,6879.7,1328.0,,,,SAAVL,True
v_25528611_1328,v_25528611_1329,,6437.666666666667,6588.483333333334,1328.0,,,,SAAVR,True
v_25409174_1329,25409175.0,,2328.355,6883.7,1329.0,,,,SAAVL,True
v_25528611_1329,v_25528611_1330,,6436.333333333333,6592.216666666666,1329.0,,,,SAAVR,True
25409175,v_25409175_1331,5.0,2328.855,6887.7,1330.0,-1.0,128.0,1767983033.0,SAAVL,False
v_25528611_1330,v_25528611_1331,,6435.0,6595.95,1330.0,,,,SAAVR,True
v_25528611_1331,v_25528611_1332,,6433.666666666667,6599.683333333333,1331.0,,,,SAAVR,True
v_25409175_1331,v_25409175_1332,,2328.855,6887.7,1331.0,,,,SAAVL,True
v_25528611_1332,v_25528611_1333,,6432.333333333333,6603.416666666667,1332.0,,,,SAAVR,True
v_25409175_1332,v_25409175_1333,,2328.855,6887.7,1332.0,,,,SAAVL,True
v_25528611_1333,v_25528611_1334,,6431.0,6607.15,1333.0,,,,SAAVR,True
v_25409175_1333,25409176.0,,2328.855,6887.7,1333.0,,,,SAAVL,True
v_25528611_1334,v_25528611_1335,,6429.666666666667,6610.883333333333,1334.0,,,,SAAVR,True
25409176,v_25409176_1335,5.0,2328.855,6887.7,1334.0,-1.0,128.0,1767983033.0,SAAVL,False
v_25528611_1335,v_25528611_1336,,6428.333333333333,6614.616666666667,1335.0,,,,SAAVR,True
v_25409176_1335,25409177.0,,2330.855,6897.7,1335.0,,,,SAAVL,True
25409177,25409178.0,5.0,2332.855,6907.7,1336.0,-1.0,128.0,1767983033.0,SAAVL,False
v_25528611_1336,v_25528611_1337,,6427.0,6618.35,1336.0,,,,SAAVR,True
v_25528611_1337,v_25528611_1338,,6425.666666666667,6622.083333333333,1337.0,,,,SAAVR,True
25409178,25409179.0,5.0,2366.855,6891.7,1337.0,-1.0,128.0,1767983033.0,SAAVL,False
25409179,25409180.0,5.0,2334.855,6909.7,1338.0,-1.0,128.0,1767983033.0,SAAVL,False
v_25528611_1338,v_25528611_1339,,6424.333333333333,6625.816666666667,1338.0,,,,SAAVR,True
25409180,v_25409180_1340,5.0,2334.855,6905.7,1339.0,-1.0,128.0,1767983033.0,SAAVL,False
v_25528611_1339,v_25528611_1340,,6423.0,6629.55,1339.0,,,,SAAVR,True
v_25528611_1340,v_25528611_1341,,6421.666666666667,6633.283333333334,1340.0,,,,SAAVR,True
v_25409180_1340,v_25409180_1341,,2334.855,6905.7,1340.0,,,,SAAVL,True
v_25409180_1341,v_25409180_1342,,2334.855,6905.7,1341.0,,,,SAAVL,True
v_25528611_1341,25528610.0,,6420.333333333333,6637.016666666666,1341.0,,,,SAAVR,True
25528610,v_25528610_1343,5.0,6419.0,6640.75,1342.0,-1.0,128.0,1766164310.0,SAAVR,False
v_25409180_1342,v_25409180_1343,,2334.855,6905.7,1342.0,,,,SAAVL,True
v_25409180_1343,25409181.0,,2334.855,6905.7,1343.0,,,,SAAVL,True
v_25528610_1343,v_25528610_1344,,6419.8,6642.35,1343.0,,,,SAAVR,True
v_25528610_1344,v_25528610_1345,,6420.6,6643.95,1344.0,,,,SAAVR,True
25409181,v_25409181_1345,5.0,2334.855,6905.7,1344.0,-1.0,128.0,1767983033.0,SAAVL,False
v_25409181_1345,v_25409181_1346,,2335.255,6906.099999999999,1345.0,,,,SAAVL,True
v_25528610_1345,v_25528610_1346,,6421.4,6645.55,1345.0,,,,SAAVR,True
v_25409181_1346,v_25409181_1347,,2335.655,6906.5,1346.0,,,,SAAVL,True
v_25528610_1346,25528609.0,,6422.2,6647.15,1346.0,,,,SAAVR,True
25528609,v_25528609_1348,5.0,6423.0,6648.75,1347.0,-1.0,128.0,1766164309.0,SAAVR,False
v_25409181_1347,v_25409181_1348,,2336.055,6906.9,1347.0,,,,SAAVL,True
v_25409181_1348,25409182.0,,2336.455,6907.3,1348.0,,,,SAAVL,True
v_25528609_1348,v_25528609_1349,,6423.0,6648.75,1348.0,,,,SAAVR,True
25409182,v_25409182_1350,5.0,2336.855,6907.7,1349.0,-1.0,128.0,1767983033.0,SAAVL,False
v_25528609_1349,v_25528609_1350,,6423.0,6648.75,1349.0,,,,SAAVR,True
v_25409182_1350,v_25409182_1351,,2338.188333333333,6917.7,1350.0,,,,SAAVL,True
v_25528609_1350,25528608.0,,6423.0,6648.75,1350.0,,,,SAAVR,True
v_25409182_1351,25409183.0,,2339.5216666666665,6927.7,1351.0,,,,SAAVL,True
25528608,v_25528608_1352,5.0,6423.0,6648.75,1351.0,-1.0,128.0,1766164308.0,SAAVR,False
25409183,v_25409183_1353,5.0,2340.855,6937.7,1352.0,-1.0,128.0,1767983033.0,SAAVL,False
v_25528608_1352,v_25528608_1353,,6419.0,6651.75,1352.0,,,,SAAVR,True
v_25409183_1353,v_25409183_1354,,2339.5216666666665,6940.366666666667,1353.0,,,,SAAVL,True
v_25528608_1353,v_25528608_1354,,6415.0,6654.75,1353.0,,,,SAAVR,True
v_25409183_1354,25409184.0,,2338.188333333333,6943.033333333333,1354.0,,,,SAAVL,True
v_25528608_1354,25528607.0,,6411.0,6657.75,1354.0,,,,SAAVR,True
25409184,v_25409184_1356,5.0,2336.855,6945.7,1355.0,-1.0,128.0,1767983033.0,SAAVL,False
25528607,v_25528607_1356,5.0,6407.0,6660.75,1355.0,-1.0,128.0,1766164305.0,SAAVR,False
v_25528607_1356,v_25528607_1357,,6412.6,6659.15,1356.0,,,,SAAVR,True
v_25409184_1356,v_25409184_1357,,2337.255,6948.099999999999,1356.0,,,,SAAVL,True
v_25528607_1357,v_25528607_1358,,6418.2,6657.55,1357.0,,,,SAAVR,True
v_25409184_1357,v_25409184_1358,,2337.655,6950.5,1357.0,,,,SAAVL,True
v_25528607_1358,v_25528607_1359,,6423.8,6655.95,1358.0,,,,SAAVR,True
v_25409184_1358,v_25409184_1359,,2338.055,6952.9,1358.0,,,,SAAVL,True
v_25409184_1359,25409185.0,,2338.455,6955.3,1359.0,,,,SAAVL,True
v_25528607_1359,25528606.0,,6429.4,6654.35,1359.0,,,,SAAVR,True
25528606,v_25528606_1361,5.0,6435.0,6652.75,1360.0,-1.0,128.0,1766164304.0,SAAVR,False
25409185,v_25409185_1361,5.0,2338.855,6957.7,1360.0,-1.0,128.0,1767983033.0,SAAVL,False
v_25528606_1361,v_25528606_1362,,6439.666666666667,6650.75,1361.0,,,,SAAVR,True
v_25409185_1361,v_25409185_1362,,2338.855,6962.366666666667,1361.0,,,,SAAVL,True
v_25528606_1362,25528605.0,,6444.333333333333,6648.75,1362.0,,,,SAAVR,True
v_25409185_1362,25409186.0,,2338.855,6967.033333333333,1362.0,,,,SAAVL,True
25528605,v_25528605_1364,5.0,6449.0,6646.75,1363.0,-1.0,128.0,1766164297.0,SAAVR,False
25409186,v_25409186_1364,5.0,2338.855,6971.7,1363.0,-1.0,128.0,1767983033.0,SAAVL,False
v_25409186_1364,v_25409186_1365,,2340.188333333333,6969.033333333333,1364.0,,,,SAAVL,True
v_25528605_1364,v_25528605_1365,,6452.0,6649.25,1364.0,,,,SAAVR,True
v_25409186_1365,25409187.0,,2341.5216666666665,6966.366666666667,1365.0,,,,SAAVL,True
v_25528605_1365,v_25528605_1366,,6455.0,6651.75,1365.0,,,,SAAVR,True
v_25528605_1366,v_25528605_1367,,6458.0,6654.25,1366.0,,,,SAAVR,True
25409187,v_25409187_1367,5.0,2342.855,6963.7,1366.0,-1.0,128.0,1767983033.0,SAAVL,False
v_25528605_1367,v_25528605_1368,,6461.0,6656.75,1367.0,,,,SAAVR,True
v_25409187_1367,v_25409187_1368,,2346.355,6964.7,1367.0,,,,SAAVL,True
v_25528605_1368,v_25528605_1369,,6464.0,6659.25,1368.0,,,,SAAVR,True
v_25409187_1368,v_25409187_1369,,2349.855,6965.7,1368.0,,,,SAAVL,True
v_25528605_1369,v_25528605_1370,,6467.0,6661.75,1369.0,,,,SAAVR,True
v_25409187_1369,25409188.0,,2353.355,6966.7,1369.0,,,,SAAVL,True
25409188,v_25409188_1371,5.0,2356.855,6967.7,1370.0,-1.0,128.0,1767983033.0,SAAVL,False
v_25528605_1370,25528604.0,,6470.0,6664.25,1370.0,,,,SAAVR,True
25528604,v_25528604_1372,5.0,6473.0,6666.75,1371.0,-1.0,128.0,1766164295.0,SAAVR,False
v_25409188_1371,v_25409188_1372,,2358.355,6967.2,1371.0,,,,SAAVL,True
v_25409188_1372,v_25409188_1373,,2359.855,6966.7,1372.0,,,,SAAVL,True
v_25528604_1372,v_25528604_1373,,6479.0,6662.75,1372.0,,,,SAAVR,True
v_25528604_1373,v_25528604_1374,,6485.0,6658.75,1373.0,,,,SAAVR,True
v_25409188_1373,25409189.0,,2361.355,6966.2,1373.0,,,,SAAVL,True
25409189,v_25409189_1375,5.0,2362.855,6965.7,1374.0,-1.0,128.0,1767983033.0,SAAVL,False
v_25528604_1374,25528603.0,,6491.0,6654.75,1374.0,,,,SAAVR,True
25528603,v_25528603_1376,5.0,6497.0,6650.75,1375.0,-1.0,128.0,1766164294.0,SAAVR,False
v_25409189_1375,v_25409189_1376,,2362.188333333333,6976.366666666667,1375.0,,,,SAAVL,True
v_25409189_1376,25409190.0,,2361.5216666666665,6987.033333333333,1376.0,,,,SAAVL,True
25421622,25421621.0,5.0,6296.0,3891.0,1376.0,-1.0,128.0,1760493996.0,SAAVL,False
v_25528603_1376,v_25528603_1377,,6486.428571428572,6667.035714285715,1376.0,,,,SAAVR,True
v_25528603_1377,v_25528603_1378,,6475.857142857143,6683.321428571428,1377.0,,,,SAAVR,True
25409190,v_25409190_1378,5.0,2360.855,6997.7,1377.0,-1.0,128.0,1767983033.0,SAAVL,False
25421621,25421620.0,5.0,6308.0,3869.0,1377.0,-1.0,128.0,1760493994.0,SAAVL,False
v_25409190_1378,v_25409190_1379,,2360.855,6998.099999999999,1378.0,,,,SAAVL,True
v_25528603_1378,v_25528603_1379,,6465.285714285715,6699.607142857143,1378.0,,,,SAAVR,True
25421620,25421619.0,5.0,6304.0,3863.0,1378.0,-1.0,128.0,1760493992.0,SAAVL,False
v_25409190_1379,v_25409190_1380,,2360.855,6998.5,1379.0,,,,SAAVL,True
25421626,25421625.0,5.0,4556.0,2619.0,1379.0,-1.0,128.0,1760494035.0,SAAVL,False
v_25528603_1379,v_25528603_1380,,6454.714285714285,6715.892857142857,1379.0,,,,SAAVR,True
25421619,25421618.0,5.0,6340.0,3829.0,1379.0,-1.0,128.0,1760493988.0,SAAVL,False
v_25528603_1380,v_25528603_1381,,6444.142857142857,6732.178571428572,1380.0,,,,SAAVR,True
v_25409190_1380,v_25409190_1381,,2360.855,6998.9,1380.0,,,,SAAVL,True
25421625,25421624.0,5.0,4566.0,2631.0,1380.0,-1.0,128.0,1760494034.0,SAAVL,False
25421618,25421617.0,5.0,6286.0,3879.0,1380.0,-1.0,128.0,1760493986.0,SAAVL,False
25421624,25421623.0,5.0,4618.0,2645.0,1381.0,-1.0,128.0,1760494022.0,SAAVL,False
v_25528603_1381,25528602.0,,6433.571428571428,6748.464285714285,1381.0,,,,SAAVR,True
25421617,25421616.0,5.0,6208.0,3939.0,1381.0,-1.0,128.0,1760493965.0,SAAVL,False
v_25409190_1381,25409191.0,,2360.855,6999.3,1381.0,,,,SAAVL,True
25528602,v_25528602_1383,5.0,6423.0,6764.75,1382.0,-1.0,128.0,1766164292.0,SAAVR,False
25421616,25421615.0,5.0,6170.0,3861.0,1382.0,-1.0,128.0,1760493963.0,SAAVL,False
25409191,v_25409191_1383,5.0,2360.855,6999.7,1382.0,-1.0,128.0,1767983033.0,SAAVL,False
25421623,25421271.0,5.0,4652.0,2643.0,1382.0,-1.0,128.0,1760494021.0,SAAVL,False
25488369,25488368.0,5.0,4394.835,2625.055,1382.0,-1.0,128.0,1767982651.0,SAAVR,False
25488368,25488367.0,5.0,4542.835,2577.055,1383.0,-1.0,128.0,1767982651.0,SAAVR,False
v_25528602_1383,v_25528602_1384,,6421.444444444444,6766.305555555556,1383.0,,,,SAAVR,True
25421271,25421270.0,5.0,4740.0,2642.0,1383.0,-1.0,128.0,1760491507.0,SAAVL,False
25421615,25421614.0,5.0,6142.0,3857.0,1383.0,-1.0,128.0,1760493959.0,SAAVL,False
v_25409191_1383,v_25409191_1384,,2360.855,6999.7,1383.0,,,,SAAVL,True
25421272,25421271.0,5.0,4372.0,2728.0,1384.0,-1.0,128.0,1760491514.0,SAAVL,False
25421614,25421613.0,5.0,6100.0,3831.0,1384.0,-1.0,128.0,1760493954.0,SAAVL,False
25421270,25421269.0,5.0,5024.0,2716.0,1384.0,-1.0,128.0,1760491500.0,SAAVL,False
v_25528602_1384,v_25528602_1385,,6419.888888888889,6767.861111111111,1384.0,,,,SAAVR,True
v_25409191_1384,25409192.0,,2360.855,6999.7,1384.0,,,,SAAVL,True
25488367,25488366.0,5.0,4538.835,2573.055,1384.0,-1.0,128.0,1767982651.0,SAAVR,False
25421269,25421268.0,5.0,5024.0,2720.0,1385.0,-1.0,128.0,1760491498.0,SAAVL,False
25421613,25421612.0,5.0,6080.0,3803.0,1385.0,-1.0,128.0,1760493953.0,SAAVL,False
25421273,25421272.0,5.0,4300.0,2744.0,1385.0,-1.0,128.0,1760491515.0,SAAVL,False
25488366,25488364.0,5.0,4522.835,2601.055,1385.0,-1.0,128.0,1767982651.0,SAAVR,False
v_25528602_1385,v_25528602_1386,,6418.333333333333,6769.416666666667,1385.0,,,,SAAVR,True
25409192,v_25409192_1386,5.0,2360.855,6999.7,1385.0,-1.0,128.0,1767983033.0,SAAVL,False
v_25528602_1386,v_25528602_1387,,6416.777777777777,6770.972222222223,1386.0,,,,SAAVR,True
25421612,25421611.0,5.0,6076.0,3779.0,1386.0,-1.0,128.0,1760493951.0,SAAVL,False
v_25409192_1386,25409193.0,,2360.855,7005.7,1386.0,,,,SAAVL,True
25421274,25421273.0,5.0,4240.0,2742.0,1386.0,-1.0,128.0,1760491518.0,SAAVL,False
25421268,25421267.0,5.0,5044.0,2722.0,1386.0,-1.0,128.0,1760491497.0,SAAVL,False
25488364,25488365.0,5.0,4454.835,2573.055,1386.0,-1.0,128.0,1767982651.0,SAAVR,False
25421275,25421274.0,5.0,4206.0,2746.0,1387.0,-1.0,128.0,1760491520.0,SAAVL,False
25421267,25421266.0,5.0,5092.0,2750.0,1387.0,-1.0,128.0,1760491496.0,SAAVL,False
v_25528602_1387,v_25528602_1388,,6415.222222222223,6772.527777777777,1387.0,,,,SAAVR,True
25409193,v_25409193_1388,5.0,2360.855,7011.7,1387.0,-1.0,128.0,1767983033.0,SAAVL,False
25421611,25557022.0,5.0,6060.0,3713.0,1387.0,-1.0,128.0,1770829471.0,SAAVL,False
25488363,25488364.0,5.0,4246.855,2637.055,1387.0,-1.0,128.0,1767982651.0,SAAVR,False
25488365,25488376.0,5.0,4778.855,2669.055,1387.0,-1.0,128.0,1767982651.0,SAAVR,False
25421266,25421265.0,5.0,5194.0,2768.0,1388.0,-1.0,128.0,1760491494.0,SAAVL,False
25421276,25421275.0,5.0,4160.0,2748.0,1388.0,-1.0,128.0,1760491521.0,SAAVL,False
v_25409193_1388,v_25409193_1389,,2360.855,7016.366666666667,1388.0,,,,SAAVL,True
25488376,25488377.0,5.0,4854.835,2705.055,1388.0,-1.0,128.0,1767982651.0,SAAVR,False
25488362,25488363.0,5.0,4038.835,2737.055,1388.0,-1.0,128.0,1767982651.0,SAAVR,False
25557022,25421610.0,5.0,6060.0,3710.0,1388.0,-1.0,128.0,1770829471.0,SAAVL,False
v_25528602_1388,v_25528602_1389,,6413.666666666667,6774.083333333333,1388.0,,,,SAAVR,True
25488361,25488362.0,5.0,4018.835,2777.055,1389.0,-1.0,128.0,1767982651.0,SAAVR,False
25488377,25488378.0,5.0,4966.835,2833.055,1389.0,-1.0,128.0,1767982651.0,SAAVR,False
v_25409193_1389,25409194.0,,2360.855,7021.033333333333,1389.0,,,,SAAVL,True
v_25528602_1389,v_25528602_1390,,6412.111111111111,6775.638888888889,1389.0,,,,SAAVR,True
25421265,25421264.0,5.0,5262.0,2806.0,1389.0,-1.0,128.0,1760491493.0,SAAVL,False
25421277,25421276.0,5.0,4142.0,2758.0,1389.0,-1.0,128.0,1760491530.0,SAAVL,False
25421610,25421609.0,5.0,6060.0,3707.0,1389.0,-1.0,128.0,1760493948.0,SAAVL,False
25421278,25421277.0,5.0,4114.0,2758.0,1390.0,-1.0,128.0,1760491531.0,SAAVL,False
25488378,25488380.0,5.0,4994.835,2893.055,1390.0,-1.0,128.0,1767982651.0,SAAVR,False
25488360,25488361.0,5.0,3958.835,2777.055,1390.0,-1.0,128.0,1767982651.0,SAAVR,False
25409194,v_25409194_1391,5.0,2360.855,7025.7,1390.0,-1.0,128.0,1767983033.0,SAAVL,False
25421264,25421263.0,5.0,5322.0,2828.0,1390.0,-1.0,128.0,1760491489.0,SAAVL,False
25421609,25421608.0,5.0,6094.0,3649.0,1390.0,-1.0,128.0,1760493947.0,SAAVL,False
v_25528602_1390,25528601.0,,6410.555555555556,6777.194444444444,1390.0,,,,SAAVR,True
25421608,v_25421608_1392,5.0,6098.0,3615.0,1391.0,-1.0,128.0,1760493946.0,SAAVL,False
25421279,25421278.0,5.0,4076.0,2764.0,1391.0,-1.0,128.0,1760491532.0,SAAVL,False
25421263,25421261.0,5.0,5430.0,2892.0,1391.0,-1.0,128.0,1760491487.0,SAAVL,False
25488379,25488378.0,5.0,4850.835,2701.055,1391.0,-1.0,128.0,1767982651.0,SAAVR,False
25528601,v_25528601_1392,5.0,6409.0,6778.75,1391.0,-1.0,128.0,1766164291.0,SAAVR,False
v_25409194_1391,25409195.0,,2365.855,7032.7,1391.0,,,,SAAVL,True
v_25488359_1391,25488360.0,,3931.835,2777.055,1391.0,,,,SAAVR,True
25488380,25488381.0,5.0,5146.85,2969.055,1391.0,-1.0,128.0,1767982651.0,SAAVR,False
25488359,v_25488359_1391,5.0,3922.835,2777.055,1392.0,-1.0,128.0,1767982651.0,SAAVR,False
25409195,v_25409195_1393,5.0,2370.855,7039.7,1392.0,-1.0,128.0,1767983033.0,SAAVL,False
25421280,25421279.0,5.0,4048.0,2770.0,1392.0,-1.0,128.0,1760491533.0,SAAVL,False
v_25421608_1392,25421607.0,,6098.0,3604.0,1392.0,,,,SAAVL,True
25488474,25488379.0,5.0,4897.835,2719.065,1392.0,-1.0,128.0,1767982651.0,SAAVR,False
25488381,25488382.0,5.0,5194.85,2997.055,1392.0,-1.0,128.0,1767982651.0,SAAVR,False
25421261,25421260.0,5.0,5478.0,2910.0,1392.0,-1.0,128.0,1760491475.0,SAAVL,False
v_25528601_1392,v_25528601_1393,,6408.2,6784.083333333333,1392.0,,,,SAAVR,True
25421607,25421606.0,5.0,6098.0,3593.0,1393.0,-1.0,128.0,1760493945.0,SAAVL,False
25421260,25421259.0,5.0,5622.0,3092.0,1393.0,-1.0,128.0,1760491469.0,SAAVL,False
25488382,25488383.0,5.0,5282.85,3033.055,1393.0,-1.0,128.0,1767982651.0,SAAVR,False
25421262,25421261.0,5.0,5300.15,2763.29,1393.0,-1.0,128.0,1764565022.0,SAAVL,False
v_25409195_1393,v_25409195_1394,,2370.855,7041.7,1393.0,,,,SAAVL,True
25421281,25421280.0,5.0,4032.0,2768.0,1393.0,-1.0,128.0,1760491534.0,SAAVL,False
v_25528601_1393,v_25528601_1394,,6407.4,6789.416666666667,1393.0,,,,SAAVR,True
25488358,25488359.0,5.0,3878.835,2781.055,1393.0,-1.0,128.0,1767982651.0,SAAVR,False
25421282,25421281.0,5.0,3996.0,2770.0,1394.0,-1.0,128.0,1760491535.0,SAAVL,False
v_25528601_1394,v_25528601_1395,,6406.6,6794.75,1394.0,,,,SAAVR,True
25488357,25488358.0,5.0,3858.835,2761.055,1394.0,-1.0,128.0,1767982651.0,SAAVR,False
25421606,25421605.0,5.0,6126.0,3573.0,1394.0,-1.0,128.0,1760493944.0,SAAVL,False
25421259,25421258.0,5.0,5654.0,3098.0,1394.0,-1.0,128.0,1760491466.0,SAAVL,False
25488383,25488384.0,5.0,5354.85,3073.055,1394.0,-1.0,128.0,1767982651.0,SAAVR,False
v_25409195_1394,25409196.0,,2370.855,7043.7,1394.0,,,,SAAVL,True
25409196,v_25409196_1396,5.0,2370.855,7045.7,1395.0,-1.0,128.0,1767983033.0,SAAVL,False
v_25528601_1395,v_25528601_1396,,6405.8,6800.083333333333,1395.0,,,,SAAVR,True
25421258,25421256.0,5.0,5706.0,3160.0,1395.0,-1.0,128.0,1760491464.0,SAAVL,False
25421283,25421282.0,5.0,3930.0,2784.0,1395.0,-1.0,128.0,1760491536.0,SAAVL,False
25421605,25421257.0,5.0,6122.0,3549.0,1395.0,-1.0,128.0,1760493943.0,SAAVL,False
25488384,25488385.0,5.0,5394.85,3081.055,1395.0,-1.0,128.0,1767982651.0,SAAVR,False
25488356,25488357.0,5.0,3790.835,2765.055,1395.0,-1.0,128.0,1767982651.0,SAAVR,False
v_25409196_1396,v_25409196_1397,,2374.355,7053.7,1396.0,,,,SAAVL,True
25488385,25488386.0,5.0,5646.85,3229.055,1396.0,-1.0,128.0,1767982651.0,SAAVR,False
25488355,25488356.0,5.0,3782.835,2733.055,1396.0,-1.0,128.0,1767982651.0,SAAVR,False
25421256,25421255.0,5.0,5756.0,3182.0,1396.0,-1.0,128.0,1760491455.0,SAAVL,False
25421257,25421255.0,5.0,6114.0,3496.0,1396.0,-1.0,128.0,1760491458.0,SAAVL,False
v_25528601_1396,v_25528601_1397,,6405.0,6805.416666666667,1396.0,,,,SAAVR,True
25421284,25421283.0,5.0,3914.0,2788.0,1396.0,-1.0,128.0,1760492371.0,SAAVL,False
25488354,25488355.0,5.0,3762.835,2705.055,1397.0,-1.0,128.0,1767982651.0,SAAVR,False
v_25528601_1397,v_25528601_1398,,6404.2,6810.75,1397.0,,,,SAAVR,True
25488386,25488387.0,5.0,5718.85,3253.055,1397.0,-1.0,128.0,1767982651.0,SAAVR,False
v_25409196_1397,v_25409196_1398,,2377.855,7061.7,1397.0,,,,SAAVL,True
25421285,25421284.0,5.0,3890.0,2798.0,1397.0,-1.0,128.0,1760492373.0,SAAVL,False
25421255,25421254.0,5.0,5950.0,3270.0,1397.0,-1.0,128.0,1760491452.0,SAAVL,False
v_25409196_1398,25409197.0,,2381.355,7069.7,1398.0,,,,SAAVL,True
v_25528601_1398,v_25528601_1399,,6403.4,6816.083333333333,1398.0,,,,SAAVR,True
25421254,25421253.0,5.0,5948.0,3282.0,1398.0,-1.0,128.0,1760491450.0,SAAVL,False
25421286,25421285.0,5.0,3890.0,2758.0,1398.0,-1.0,128.0,1760492374.0,SAAVL,False
25488353,25488354.0,5.0,3726.835,2697.055,1398.0,-1.0,128.0,1767982651.0,SAAVR,False
25488387,25488388.0,5.0,5794.85,3301.055,1398.0,-1.0,128.0,1767982651.0,SAAVR,False
v_25528601_1399,v_25528601_1400,,6402.6,6821.416666666667,1399.0,,,,SAAVR,True
25488473,25488472.0,5.0,2447.835,3853.085,1399.0,-1.0,128.0,1767982651.0,SAAVR,False
25488388,25488389.0,5.0,6122.85,3561.055,1399.0,-1.0,128.0,1767982651.0,SAAVR,False
25488352,25488353.0,5.0,3678.835,2813.055,1399.0,-1.0,128.0,1767982651.0,SAAVR,False
25421253,25421252.0,5.0,5964.0,3330.0,1399.0,-1.0,128.0,1760491447.0,SAAVL,False
25421287,25421286.0,5.0,3774.0,2934.0,1399.0,-1.0,128.0,1760492422.0,SAAVL,False
25409197,v_25409197_1400,5.0,2384.855,7077.7,1399.0,-1.0,128.0,1767983033.0,SAAVL,False
v_25409197_1400,v_25409197_1401,,2386.188333333333,7081.033333333333,1400.0,,,,SAAVL,True
v_25488351_1400,25488352.0,,3711.835,2813.055,1400.0,,,,SAAVR,True
v_25528601_1400,v_25528601_1401,,6401.8,6826.75,1400.0,,,,SAAVR,True
25488472,v_25488472_1401,5.0,2473.835,3843.085,1400.0,-1.0,128.0,1767982651.0,SAAVR,False
25488389,25488390.0,5.0,6210.85,3629.055,1400.0,-1.0,128.0,1767982651.0,SAAVR,False
25421288,25421287.0,5.0,3758.0,2954.0,1400.0,-1.0,128.0,1760492424.0,SAAVL,False
25421252,25421251.0,5.0,5980.0,3362.0,1400.0,-1.0,128.0,1760491446.0,SAAVL,False
v_25488472_1401,25488471.0,,2479.835,3834.085,1401.0,,,,SAAVR,True
v_25528601_1401,v_25528601_1402,,6401.0,6832.083333333333,1401.0,,,,SAAVR,True
25489391,v_25489391_1402,5.0,6768.55,4354.2,1401.0,-1.0,128.0,1767982651.0,SAAVR,False
25488390,25489391.0,5.0,6358.85,3789.055,1401.0,-1.0,128.0,1767982651.0,SAAVR,False
25488351,v_25488351_1400,5.0,3722.835,2813.055,1401.0,-1.0,128.0,1767982651.0,SAAVR,False
25421290,25421288.0,5.0,3818.0,2920.0,1401.0,-1.0,128.0,1760492430.0,SAAVL,False
25421289,25421288.0,5.0,3634.0,3050.0,1401.0,-1.0,128.0,1760492427.0,SAAVL,False
25421251,25421250.0,5.0,5980.0,3360.0,1401.0,-1.0,128.0,1760491445.0,SAAVL,False
v_25409197_1401,25409198.0,,2387.5216666666665,7084.366666666667,1401.0,,,,SAAVL,True
v_25489391_1402,25489390.0,,6765.05,4369.955,1402.0,,,,SAAVR,True
25421291,25421289.0,5.0,3606.0,3066.0,1402.0,-1.0,128.0,1760492435.0,SAAVL,False
v_25528601_1402,v_25528601_1403,,6400.2,6837.416666666667,1402.0,,,,SAAVR,True
25421250,25421248.0,5.0,5970.0,3364.0,1402.0,-1.0,128.0,1760491444.0,SAAVL,False
25488392,25488390.0,5.0,6490.85,3889.055,1402.0,-1.0,128.0,1767982651.0,SAAVR,False
25488350,25488351.0,5.0,3686.835,2805.055,1402.0,-1.0,128.0,1767982651.0,SAAVR,False
25488471,25488470.0,5.0,2485.835,3825.085,1402.0,-1.0,128.0,1767982651.0,SAAVR,False
25488391,25488390.0,5.0,6194.85,3645.055,1402.0,-1.0,128.0,1767982651.0,SAAVR,False
25421627,25421290.0,5.0,3838.0,2909.0,1402.0,-1.0,128.0,1760494051.0,SAAVL,False
25409198,v_25409198_1403,5.0,2388.855,7087.7,1402.0,-1.0,128.0,1767983033.0,SAAVL,False
25488470,25488469.0,5.0,2547.835,3805.085,1403.0,-1.0,128.0,1767982651.0,SAAVR,False
25489390,25489157.0,5.0,6761.55,4385.71,1403.0,-1.0,128.0,1771722914.0,SAAVR,False
25421292,25421291.0,5.0,3578.0,3080.0,1403.0,-1.0,128.0,1760492436.0,SAAVL,False
25421628,25421627.0,5.0,3828.0,2881.0,1403.0,-1.0,128.0,1760494052.0,SAAVL,False
25421248,25421247.0,5.0,6006.0,3404.0,1403.0,-1.0,128.0,1760491433.0,SAAVL,False
25488349,25488350.0,5.0,3646.835,2829.055,1403.0,-1.0,128.0,1767982651.0,SAAVR,False
v_25528601_1403,v_25528601_1404,,6399.4,6842.75,1403.0,,,,SAAVR,True
v_25409198_1403,v_25409198_1404,,2396.855,7091.033333333333,1403.0,,,,SAAVL,True
25489157,v_25489157_1405,5.0,6738.55,4514.2,1404.0,-1.0,128.0,1771722951.0,SAAVR,False
25488469,25557015.0,5.0,2511.835,3773.085,1404.0,-1.0,128.0,1770829154.0,SAAVR,False
25488393,25488349.0,5.0,3612.835,2837.075,1404.0,-1.0,128.0,1767982651.0,SAAVR,False
v_25528601_1404,v_25528601_1405,,6398.6,6848.083333333333,1404.0,,,,SAAVR,True
25421247,25421246.0,5.0,6140.0,3458.0,1404.0,-1.0,128.0,1760491429.0,SAAVL,False
25421293,25421292.0,5.0,3542.0,3098.0,1404.0,-1.0,128.0,1760492437.0,SAAVL,False
25421249,25421248.0,5.0,5886.0,3328.0,1404.0,-1.0,128.0,1760491437.0,SAAVL,False
v_25409198_1404,25409199.0,,2404.855,7094.366666666667,1404.0,,,,SAAVL,True
v_25489157_1405,v_25489157_1406,,6738.55,4535.7,1405.0,,,,SAAVR,True
v_25528601_1405,25528600.0,,6397.8,6853.416666666667,1405.0,,,,SAAVR,True
25421246,25421245.0,5.0,6136.0,3452.0,1405.0,-1.0,128.0,1760491428.0,SAAVL,False
25557015,v_25557015_1406,5.0,2528.5,3767.75,1405.0,-1.0,128.0,1770829154.0,SAAVR,False
25488394,25488393.0,5.0,3556.835,2905.075,1405.0,-1.0,128.0,1767982651.0,SAAVR,False
25421294,25421293.0,5.0,3482.0,3114.0,1405.0,-1.0,128.0,1760492438.0,SAAVL,False
25409199,v_25409199_1406,5.0,2412.855,7097.7,1405.0,-1.0,128.0,1767983033.0,SAAVL,False
25421295,25421294.0,5.0,3398.0,3156.0,1406.0,-1.0,128.0,1760492440.0,SAAVL,False
25528600,v_25528600_1407,5.0,6397.0,6858.75,1406.0,-1.0,128.0,1766164288.0,SAAVR,False
25488395,25488394.0,5.0,3500.835,2977.075,1406.0,-1.0,128.0,1767982651.0,SAAVR,False
v_25489157_1406,25558980.0,,6738.55,4557.2,1406.0,,,,SAAVR,True
v_25557015_1406,25488468.0,,2545.1675,3762.4175,1406.0,,,,SAAVR,True
v_25409199_1406,25409200.0,,2420.855,7112.7,1406.0,,,,SAAVL,True
25421245,25421244.0,5.0,6172.0,3446.0,1406.0,-1.0,128.0,1760491427.0,SAAVL,False
v_25528600_1407,v_25528600_1408,,6394.692307692308,6862.75,1407.0,,,,SAAVR,True
25421244,25435588.0,5.0,6158.0,3452.0,1407.0,-1.0,128.0,1760841429.0,SAAVL,False
25421296,25421295.0,5.0,3370.0,3162.0,1407.0,-1.0,128.0,1760492444.0,SAAVL,False
25488468,v_25488468_1408,5.0,2561.835,3757.085,1407.0,-1.0,128.0,1767982651.0,SAAVR,False
25488396,25488395.0,5.0,3496.835,3025.075,1407.0,-1.0,128.0,1767982651.0,SAAVR,False
25558980,25489158.0,5.0,6738.55,4578.7,1407.0,-1.0,128.0,1771722951.0,SAAVR,False
25409200,v_25409200_1408,5.0,2428.855,7127.7,1407.0,-1.0,128.0,1767983033.0,SAAVL,False
v_25488397_1408,25488396.0,,3454.835,3069.075,1408.0,,,,SAAVR,True
25489158,v_25489158_1409,5.0,6738.55,4600.2,1408.0,-1.0,128.0,1771722935.0,SAAVR,False
v_25409200_1408,v_25409200_1409,,2430.855,7129.033333333333,1408.0,,,,SAAVL,True
25435588,25421243.0,5.0,6159.65,3462.835,1408.0,-1.0,128.0,1760841429.0,SAAVL,False
25421297,25421296.0,5.0,3352.0,3175.0,1408.0,-1.0,128.0,1760495562.0,SAAVL,False
v_25488468_1408,25488467.0,,2561.835,3744.085,1408.0,,,,SAAVR,True
v_25528600_1408,v_25528600_1409,,6392.384615384615,6866.75,1408.0,,,,SAAVR,True
v_25409200_1409,25409201.0,,2432.855,7130.366666666667,1409.0,,,,SAAVL,True
25421243,25421242.0,5.0,6164.0,3466.0,1409.0,-1.0,128.0,1760491424.0,SAAVL,False
v_25488397_1409,v_25488397_1410,,3440.835,3083.7416666666663,1409.0,,,,SAAVR,True
v_25489158_1409,v_25489158_1410,,6716.05,4641.7,1409.0,,,,SAAVR,True
25488467,v_25488467_1410,5.0,2561.835,3731.085,1409.0,-1.0,128.0,1767982651.0,SAAVR,False
v_25528600_1409,v_25528600_1410,,6390.076923076923,6870.75,1409.0,,,,SAAVR,True
25421298,25421297.0,5.0,3314.0,3208.0,1409.0,-1.0,128.0,1760492452.0,SAAVL,False
v_25489158_1410,25558978.0,,6693.55,4683.2,1410.0,,,,SAAVR,True
v_25488467_1410,v_25488467_1411,,2555.835,3724.4183333333335,1410.0,,,,SAAVR,True
v_25488397_1410,v_25488397_1409,,3426.835,3098.4083333333333,1410.0,,,,SAAVR,True
25409201,v_25409201_1411,5.0,2434.855,7131.7,1410.0,-1.0,128.0,1767983033.0,SAAVL,False
25421299,25421298.0,5.0,3290.0,3226.0,1410.0,-1.0,128.0,1760496531.0,SAAVL,False
v_25528600_1410,v_25528600_1411,,6387.769230769231,6874.75,1410.0,,,,SAAVR,True
25421242,25421241.0,5.0,6166.0,3486.0,1410.0,-1.0,128.0,1760491423.0,SAAVL,False
v_25409201_1411,v_25409201_1412,,2437.5216666666665,7130.366666666667,1411.0,,,,SAAVL,True
25421300,25421299.0,5.0,3282.0,3240.0,1411.0,-1.0,128.0,1760492454.0,SAAVL,False
25488397,v_25488397_1408,5.0,3412.835,3113.075,1411.0,-1.0,128.0,1767982651.0,SAAVR,False
25558978,25489159.0,5.0,6671.05,4724.7,1411.0,-1.0,128.0,1771722935.0,SAAVR,False
25421241,25421240.0,5.0,6176.0,3490.0,1411.0,-1.0,128.0,1760491422.0,SAAVL,False
v_25528600_1411,v_25528600_1412,,6385.461538461538,6878.75,1411.0,,,,SAAVR,True
v_25488467_1411,25488466.0,,2549.835,3717.7516666666666,1411.0,,,,SAAVR,True
v_25528600_1412,v_25528600_1413,,6383.153846153846,6882.75,1412.0,,,,SAAVR,True
25421240,v_25421240_1413,5.0,6198.0,3512.0,1412.0,-1.0,128.0,1760491421.0,SAAVL,False
25489159,25558982.0,5.0,6648.55,4766.2,1412.0,-1.0,128.0,1771722969.0,SAAVR,False
25488466,v_25488466_1413,5.0,2543.835,3711.085,1412.0,-1.0,128.0,1767982651.0,SAAVR,False
25488398,25488397.0,5.0,3376.835,3149.075,1412.0,-1.0,128.0,1767982651.0,SAAVR,False
v_25409201_1412,25409202.0,,2440.188333333333,7129.033333333333,1412.0,,,,SAAVL,True
25421301,25421300.0,5.0,3238.0,3278.0,1412.0,-1.0,128.0,1760492458.0,SAAVL,False
v_25421240_1413,25421239.0,,6209.0,3522.0,1413.0,,,,SAAVL,True
25558982,v_25558982_1414,5.0,6623.0,4831.065,1413.0,-1.0,128.0,1771722975.0,SAAVR,False
v_25488399_1413,25488398.0,,3343.835,3155.075,1413.0,,,,SAAVR,True
25409202,v_25409202_1414,5.0,2442.855,7127.7,1413.0,-1.0,128.0,1767983033.0,SAAVL,False
25421302,25421301.0,5.0,3214.0,3304.0,1413.0,-1.0,128.0,1760492462.0,SAAVL,False
v_25528600_1413,v_25528600_1414,,6380.846153846154,6886.75,1413.0,,,,SAAVR,True
v_25488466_1413,v_25488466_1414,,2557.168333333333,3686.4183333333335,1413.0,,,,SAAVR,True
25421239,25421238.0,5.0,6220.0,3532.0,1414.0,-1.0,128.0,1760491420.0,SAAVL,False
v_25558982_1414,25489160.0,,6592.775,4898.6325,1414.0,,,,SAAVR,True
25488399,v_25488399_1413,5.0,3332.835,3157.075,1414.0,-1.0,128.0,1767982651.0,SAAVR,False
v_25528600_1414,v_25528600_1415,,6378.538461538462,6890.75,1414.0,,,,SAAVR,True
v_25409202_1414,v_25409202_1415,,2442.188333333333,7136.366666666667,1414.0,,,,SAAVL,True
25421303,25421302.0,5.0,3202.0,3308.0,1414.0,-1.0,128.0,1760492463.0,SAAVL,False
v_25488466_1414,25488465.0,,2570.5016666666666,3661.7516666666666,1414.0,,,,SAAVR,True
v_25528600_1415,v_25528600_1416,,6376.2307692307695,6894.75,1415.0,,,,SAAVR,True
25488465,v_25488465_1416,5.0,2583.835,3637.085,1415.0,-1.0,128.0,1767982651.0,SAAVR,False
25488400,25488399.0,5.0,3272.855,3157.075,1415.0,-1.0,128.0,1767982651.0,SAAVR,False
25489160,v_25489160_1416,5.0,6562.55,4966.2,1415.0,-1.0,128.0,1767982651.0,SAAVR,False
25421238,25421237.0,5.0,6240.0,3540.0,1415.0,-1.0,128.0,1760491419.0,SAAVL,False
v_25409202_1415,25409203.0,,2441.5216666666665,7145.033333333333,1415.0,,,,SAAVL,True
25421304,25421303.0,5.0,3186.0,3334.0,1415.0,-1.0,128.0,1760492467.0,SAAVL,False
25409203,v_25409203_1417,5.0,2440.855,7153.7,1416.0,-1.0,128.0,1767983033.0,SAAVL,False
v_25528600_1416,v_25528600_1417,,6373.923076923077,6898.75,1416.0,,,,SAAVR,True
25421237,25421236.0,5.0,6254.0,3548.0,1416.0,-1.0,128.0,1760491418.0,SAAVL,False
25488401,25488400.0,5.0,3104.85,3305.075,1416.0,-1.0,128.0,1767982651.0,SAAVR,False
25488402,25488400.0,5.0,3284.835,3177.075,1416.0,-1.0,128.0,1767982651.0,SAAVR,False
25421305,25421304.0,5.0,3148.0,3387.0,1416.0,-1.0,128.0,1760495550.0,SAAVL,False
v_25488465_1416,v_25488465_1417,,2581.168333333333,3649.7516666666666,1416.0,,,,SAAVR,True
v_25489160_1416,25489161.0,,6519.55,5025.2,1416.0,,,,SAAVR,True
25421236,25421235.0,5.0,6268.0,3552.0,1417.0,-1.0,128.0,1760491417.0,SAAVL,False
v_25528600_1417,v_25528600_1418,,6371.615384615385,6902.75,1417.0,,,,SAAVR,True
25489161,25489162.0,5.0,6476.55,5084.2,1417.0,-1.0,128.0,1767982651.0,SAAVR,False
v_25409203_1417,v_25409203_1418,,2442.188333333333,7151.033333333333,1417.0,,,,SAAVL,True
v_25488465_1417,25488464.0,,2578.5016666666666,3662.4183333333335,1417.0,,,,SAAVR,True
25488404,25488401.0,5.0,3064.835,3309.075,1417.0,-1.0,128.0,1767982651.0,SAAVR,False
25488403,25488402.0,5.0,3256.835,3181.075,1417.0,-1.0,128.0,1767982651.0,SAAVR,False
25421306,25421305.0,5.0,3114.0,3409.0,1417.0,-1.0,128.0,1760495554.0,SAAVL,False
v_25488405_1418,25488404.0,,3010.835,3342.075,1418.0,,,,SAAVR,True
25421235,25421234.0,5.0,6294.0,3562.0,1418.0,-1.0,128.0,1760491416.0,SAAVL,False
25421307,25421306.0,5.0,3096.0,3414.0,1418.0,-1.0,128.0,1760492476.0,SAAVL,False
25489162,25489163.0,5.0,6448.55,5156.2,1418.0,-1.0,128.0,1767982651.0,SAAVR,False
25488464,25557004.0,5.0,2575.835,3675.085,1418.0,-1.0,128.0,1770828841.0,SAAVR,False
v_25528600_1418,25528599.0,,6369.307692307692,6906.75,1418.0,,,,SAAVR,True
v_25409203_1418,25409204.0,,2443.5216666666665,7148.366666666667,1418.0,,,,SAAVL,True
25409204,v_25409204_1420,5.0,2444.855,7145.7,1419.0,-1.0,128.0,1767983033.0,SAAVL,False
25557004,25488463.0,5.0,2583.835,3665.085,1419.0,-1.0,128.0,1770828841.0,SAAVR,False
25488405,v_25488405_1418,5.0,2992.835,3353.075,1419.0,-1.0,128.0,1767982651.0,SAAVR,False
25489163,25489164.0,5.0,6438.55,5186.2,1419.0,-1.0,128.0,1767982651.0,SAAVR,False
25528599,v_25528599_1420,5.0,6367.0,6910.75,1419.0,-1.0,128.0,1766164286.0,SAAVR,False
25421234,25421233.0,5.0,6320.0,3570.0,1419.0,-1.0,128.0,1760491415.0,SAAVL,False
25421308,25421307.0,5.0,3064.0,3442.0,1419.0,-1.0,128.0,1760492478.0,SAAVL,False
v_25528599_1420,v_25528599_1421,,6362.5,6918.75,1420.0,,,,SAAVR,True
25421233,25421232.0,5.0,6326.0,3584.0,1420.0,-1.0,128.0,1760491414.0,SAAVL,False
25489164,25489165.0,5.0,6418.55,5204.2,1420.0,-1.0,128.0,1767982651.0,SAAVR,False
25421309,25421308.0,5.0,3022.0,3460.0,1420.0,-1.0,128.0,1760492483.0,SAAVL,False
25488463,25488462.0,5.0,2591.835,3655.085,1420.0,-1.0,128.0,1767982651.0,SAAVR,False
25488406,25488405.0,5.0,2980.835,3357.075,1420.0,-1.0,128.0,1767982651.0,SAAVR,False
v_25409204_1420,25409205.0,,2451.855,7150.7,1420.0,,,,SAAVL,True
25421232,25421231.0,5.0,6334.0,3588.0,1421.0,-1.0,128.0,1760491413.0,SAAVL,False
25489165,v_25489165_1422,5.0,6388.55,5240.2,1421.0,-1.0,128.0,1767982651.0,SAAVR,False
25488462,25488410.0,5.0,2629.835,3575.085,1421.0,-1.0,128.0,1767982651.0,SAAVR,False
25488407,25488406.0,5.0,2968.835,3361.075,1421.0,-1.0,128.0,1767982651.0,SAAVR,False
v_25528599_1421,v_25528599_1422,,6358.0,6926.75,1421.0,,,,SAAVR,True
25421310,25421309.0,5.0,3018.0,3464.0,1421.0,-1.0,128.0,1760492484.0,SAAVL,False
25409205,v_25409205_1422,5.0,2458.855,7155.7,1421.0,-1.0,128.0,1767983033.0,SAAVL,False
v_25528599_1422,v_25528599_1423,,6353.5,6934.75,1422.0,,,,SAAVR,True
v_25409205_1422,25409206.0,,2459.855,7159.7,1422.0,,,,SAAVL,True
25488408,25488407.0,5.0,2964.835,3385.075,1422.0,-1.0,128.0,1767982651.0,SAAVR,False
25488410,25488409.0,5.0,2668.835,3521.075,1422.0,-1.0,128.0,1767982651.0,SAAVR,False
25421311,25421310.0,5.0,3010.0,3470.0,1422.0,-1.0,128.0,1760492486.0,SAAVL,False
v_25489165_1422,25489166.0,,6361.55,5254.2,1422.0,,,,SAAVR,True
25421231,25421230.0,5.0,6390.0,3594.0,1422.0,-1.0,128.0,1760491412.0,SAAVL,False
25409206,v_25409206_1424,5.0,2460.855,7163.7,1423.0,-1.0,128.0,1767983033.0,SAAVL,False
25421312,25421311.0,5.0,3004.0,3484.0,1423.0,-1.0,128.0,1760492489.0,SAAVL,False
25488409,25488408.0,5.0,2784.835,3417.075,1423.0,-1.0,128.0,1767982651.0,SAAVR,False
25489166,25489167.0,5.0,6334.55,5268.2,1423.0,-1.0,128.0,1767982651.0,SAAVR,False
25421230,25421229.0,5.0,6468.0,3596.0,1423.0,-1.0,128.0,1760491404.0,SAAVL,False
v_25528599_1423,v_25528599_1424,,6349.0,6942.75,1423.0,,,,SAAVR,True
25421229,25421228.0,5.0,6554.0,3608.0,1424.0,-1.0,128.0,1760491392.0,SAAVL,False
25489167,25489168.0,5.0,6294.55,5350.2,1424.0,-1.0,128.0,1767982651.0,SAAVR,False
25488411,25488409.0,5.0,2788.835,3437.075,1424.0,-1.0,128.0,1767982651.0,SAAVR,False
v_25528599_1424,v_25528599_1425,,6344.5,6950.75,1424.0,,,,SAAVR,True
v_25409206_1424,v_25409206_1425,,2477.5216666666665,7171.7,1424.0,,,,SAAVL,True
25421313,25421312.0,5.0,2952.0,3498.0,1424.0,-1.0,128.0,1760492490.0,SAAVL,False
25488412,25488411.0,5.0,2756.835,3453.075,1425.0,-1.0,128.0,1767982651.0,SAAVR,False
25421314,25421313.0,5.0,2932.0,3510.0,1425.0,-1.0,128.0,1760492492.0,SAAVL,False
25489168,v_25489168_1426,5.0,6254.55,5392.2,1425.0,-1.0,128.0,1767982651.0,SAAVR,False
25421228,25421227.0,5.0,6580.0,3616.0,1425.0,-1.0,128.0,1760491391.0,SAAVL,False
v_25528599_1425,v_25528599_1426,,6340.0,6958.75,1425.0,,,,SAAVR,True
v_25409206_1425,25409207.0,,2494.188333333333,7179.7,1425.0,,,,SAAVL,True
25421227,25421226.0,5.0,6594.0,3620.0,1426.0,-1.0,128.0,1760491389.0,SAAVL,False
25421315,25421314.0,5.0,2892.0,3542.0,1426.0,-1.0,128.0,1760492493.0,SAAVL,False
25421331,25421330.0,5.0,1934.0,4366.0,1426.0,-1.0,128.0,1760492611.0,SAAVL,False
v_25489168_1426,25489169.0,,6246.55,5403.2,1426.0,,,,SAAVR,True
v_25528599_1426,25528598.0,,6335.5,6966.75,1426.0,,,,SAAVR,True
25409207,25409208.0,5.0,2510.855,7187.7,1426.0,-1.0,128.0,1767983033.0,SAAVL,False
25488413,25488412.0,5.0,2808.835,3469.075,1426.0,-1.0,128.0,1767982651.0,SAAVR,False
25409208,25409209.0,5.0,2526.855,7193.7,1427.0,-1.0,128.0,1767983033.0,SAAVL,False
25421330,25421329.0,5.0,1950.0,4374.0,1427.0,-1.0,128.0,1760492605.0,SAAVL,False
25421316,25421315.0,5.0,2870.0,3546.0,1427.0,-1.0,128.0,1760492494.0,SAAVL,False
25421226,25421225.0,5.0,6606.0,3638.0,1427.0,-1.0,128.0,1760491388.0,SAAVL,False
25489169,25489170.0,5.0,6238.55,5414.2,1427.0,-1.0,128.0,1767982651.0,SAAVR,False
25528598,v_25528598_1428,5.0,6331.0,6974.75,1427.0,-1.0,128.0,1766164285.0,SAAVR,False
25488414,25488413.0,5.0,2800.835,3485.075,1427.0,-1.0,128.0,1767982651.0,SAAVR,False
25421317,25421316.0,5.0,2826.0,3572.0,1428.0,-1.0,128.0,1760492504.0,SAAVL,False
25421329,25421328.0,5.0,1982.0,4386.0,1428.0,-1.0,128.0,1760492604.0,SAAVL,False
25421319,25421318.0,5.0,2524.0,3756.0,1428.0,-1.0,128.0,1760492515.0,SAAVL,False
25488415,25488414.0,5.0,2772.835,3501.075,1428.0,-1.0,128.0,1767982651.0,SAAVR,False
25489170,v_25489170_1429,5.0,6252.55,5400.2,1428.0,-1.0,128.0,1767982651.0,SAAVR,False
25409209,v_25409209_1429,5.0,2532.855,7211.7,1428.0,-1.0,128.0,1767983033.0,SAAVL,False
v_25528598_1428,v_25528598_1429,,6325.923076923077,6981.057692307692,1428.0,,,,SAAVR,True
25421225,25421224.0,5.0,6590.0,3636.0,1428.0,-1.0,128.0,1760491387.0,SAAVL,False
v_25489170_1429,25489171.0,,6223.55,5414.2,1429.0,,,,SAAVR,True
25421224,25421223.0,5.0,6624.0,3638.0,1429.0,-1.0,128.0,1760491383.0,SAAVL,False
25421318,25421317.0,5.0,2644.0,3676.0,1429.0,-1.0,128.0,1760494455.0,SAAVL,False
25421328,25421327.0,5.0,1998.0,4386.0,1429.0,-1.0,128.0,1760492603.0,SAAVL,False
v_25528598_1429,v_25528598_1430,,6320.846153846154,6987.365384615385,1429.0,,,,SAAVR,True
25488416,25488415.0,5.0,2744.835,3497.075,1429.0,-1.0,128.0,1767982651.0,SAAVR,False
v_25409209_1429,25409210.0,,2535.855,7219.7,1429.0,,,,SAAVL,True
25489171,v_25489171_1431,5.0,6194.55,5428.2,1430.0,-1.0,128.0,1767982651.0,SAAVR,False
25488417,25488416.0,5.0,2736.835,3493.075,1430.0,-1.0,128.0,1767982651.0,SAAVR,False
25409210,v_25409210_1431,5.0,2538.855,7227.7,1430.0,-1.0,128.0,1767983033.0,SAAVL,False
v_25528598_1430,v_25528598_1431,,6315.769230769231,6993.673076923077,1430.0,,,,SAAVR,True
25421223,25421222.0,5.0,6654.0,3626.0,1430.0,-1.0,128.0,1760491378.0,SAAVL,False
25421320,25421318.0,5.0,2566.0,3724.0,1430.0,-1.0,128.0,1760494507.0,SAAVL,False
25421327,25421326.0,5.0,1996.0,4388.0,1430.0,-1.0,128.0,1760492602.0,SAAVL,False
v_25409210_1431,25409211.0,,2543.855,7228.7,1431.0,,,,SAAVL,True
25488418,25488417.0,5.0,2736.835,3493.075,1431.0,-1.0,128.0,1767982651.0,SAAVR,False
v_25489171_1431,25489172.0,,6175.55,5437.2,1431.0,,,,SAAVR,True
v_25528598_1431,v_25528598_1432,,6310.692307692308,6999.9807692307695,1431.0,,,,SAAVR,True
25421222,25421221.0,5.0,6670.0,3622.0,1431.0,-1.0,128.0,1760491377.0,SAAVL,False
25421321,25421320.0,5.0,2410.0,3860.0,1431.0,-1.0,128.0,1760492540.0,SAAVL,False
25421326,25421325.0,5.0,2022.0,4348.0,1431.0,-1.0,128.0,1760492601.0,SAAVL,False
25409211,v_25409211_1433,5.0,2548.855,7229.7,1432.0,-1.0,128.0,1767983033.0,SAAVL,False
25489172,25558987.0,5.0,6156.55,5446.2,1432.0,-1.0,128.0,1771723025.0,SAAVR,False
25421221,25421220.0,5.0,6680.0,3618.0,1432.0,-1.0,128.0,1760491376.0,SAAVL,False
v_25488419_1432,25488418.0,,2724.835,3499.075,1432.0,,,,SAAVR,True
25421323,25421321.0,5.0,2236.0,3956.0,1432.0,-1.0,128.0,1760492573.0,SAAVL,False
25421325,25421324.0,5.0,2030.0,4318.0,1432.0,-1.0,128.0,1760492585.0,SAAVL,False
v_25528598_1432,v_25528598_1433,,6305.615384615385,7006.288461538462,1432.0,,,,SAAVR,True
25421220,25421219.0,5.0,6686.0,3610.0,1433.0,-1.0,128.0,1760491375.0,SAAVL,False
25421324,25421323.0,5.0,2020.0,4314.0,1433.0,-1.0,128.0,1760492640.0,SAAVL,False
v_25528598_1433,v_25528598_1434,,6300.538461538462,7012.596153846154,1433.0,,,,SAAVR,True
25558987,v_25558987_1434,5.0,6134.05,5455.2,1433.0,-1.0,128.0,1771723025.0,SAAVR,False
25488419,v_25488419_1432,5.0,2720.835,3501.075,1433.0,-1.0,128.0,1767982651.0,SAAVR,False
v_25409211_1433,v_25409211_1434,,2549.5216666666665,7229.7,1433.0,,,,SAAVL,True
25488420,25488419.0,5.0,2728.835,3521.075,1434.0,-1.0,128.0,1767982651.0,SAAVR,False
v_25528598_1434,v_25528598_1435,,6295.461538461538,7018.903846153846,1434.0,,,,SAAVR,True
v_25409211_1434,25409212.0,,2550.188333333333,7229.7,1434.0,,,,SAAVL,True
25421332,25421324.0,5.0,2018.0,4406.0,1434.0,-1.0,128.0,1760492643.0,SAAVL,False
v_25558987_1434,v_25558987_1435,,6114.216666666667,5472.2,1434.0,,,,SAAVR,True
25421219,25421218.0,5.0,6712.0,3608.0,1434.0,-1.0,128.0,1760491373.0,SAAVL,False
v_25558987_1435,25489173.0,,6094.383333333333,5489.2,1435.0,,,,SAAVR,True
25421333,25421332.0,5.0,2022.0,4456.0,1435.0,-1.0,128.0,1760492644.0,SAAVL,False
v_25528598_1435,v_25528598_1436,,6290.384615384615,7025.211538461538,1435.0,,,,SAAVR,True
v_25488421_1435,25488420.0,,2701.835,3527.075,1435.0,,,,SAAVR,True
25421218,25421217.0,5.0,6720.0,3610.0,1435.0,-1.0,128.0,1760491372.0,SAAVL,False
25409212,v_25409212_1436,5.0,2550.855,7229.7,1435.0,-1.0,128.0,1767983033.0,SAAVL,False
25489173,v_25489173_1437,5.0,6074.55,5506.2,1436.0,-1.0,128.0,1767982651.0,SAAVR,False
25421334,25421333.0,5.0,2054.0,4556.0,1436.0,-1.0,128.0,1760492645.0,SAAVL,False
25421217,25421216.0,5.0,6722.0,3604.0,1436.0,-1.0,128.0,1760491371.0,SAAVL,False
25488421,v_25488421_1435,5.0,2692.835,3529.075,1436.0,-1.0,128.0,1767982651.0,SAAVR,False
v_25528598_1436,v_25528598_1437,,6285.307692307692,7031.519230769231,1436.0,,,,SAAVR,True
v_25409212_1436,v_25409212_1437,,2557.5216666666665,7238.366666666667,1436.0,,,,SAAVL,True
25421216,v_25421216_1438,5.0,6734.0,3600.0,1437.0,-1.0,128.0,1760491370.0,SAAVL,False
v_25409212_1437,25409213.0,,2564.188333333333,7247.033333333333,1437.0,,,,SAAVL,True
v_25489173_1437,25489174.0,,6024.55,5528.2,1437.0,,,,SAAVR,True
25488422,25488421.0,5.0,2691.835,3519.065,1437.0,-1.0,128.0,1767982651.0,SAAVR,False
v_25528598_1437,v_25528598_1438,,6280.2307692307695,7037.826923076923,1437.0,,,,SAAVR,True
25421335,25421334.0,5.0,2092.0,4598.0,1437.0,-1.0,128.0,1760492648.0,SAAVL,False
25409213,v_25409213_1439,5.0,2570.855,7255.7,1438.0,-1.0,128.0,1767983033.0,SAAVL,False
v_25528598_1438,v_25528598_1439,,6275.153846153846,7044.134615384615,1438.0,,,,SAAVR,True
25489174,25489175.0,5.0,5974.55,5550.2,1438.0,-1.0,128.0,1767982651.0,SAAVR,False
v_25421216_1438,25421215.0,,6742.0,3597.0,1438.0,,,,SAAVL,True
v_25488423_1438,25488422.0,,2663.335,3531.065,1438.0,,,,SAAVR,True
25421336,25421335.0,5.0,2098.0,4644.0,1438.0,-1.0,128.0,1760492650.0,SAAVL,False
25488423,v_25488423_1438,5.0,2653.835,3535.065,1439.0,-1.0,128.0,1767982651.0,SAAVR,False
v_25528598_1439,25528597.0,,6270.076923076923,7050.442307692308,1439.0,,,,SAAVR,True
v_25409213_1439,25409214.0,,2570.855,7255.7,1439.0,,,,SAAVL,True
25421337,25421336.0,5.0,2167.01,4818.01,1439.0,-1.0,128.0,1771728787.0,SAAVL,False
25489175,25489176.0,5.0,5924.55,5584.2,1439.0,-1.0,128.0,1767982651.0,SAAVR,False
25421215,v_25421215_1440,5.0,6750.0,3594.0,1439.0,-1.0,128.0,1760491369.0,SAAVL,False
25421338,25421337.0,5.0,2214.0,4888.0,1440.0,-1.0,128.0,1760492657.0,SAAVL,False
25488424,25488423.0,5.0,2647.835,3543.065,1440.0,-1.0,128.0,1767982651.0,SAAVR,False
v_25421215_1440,25421214.0,,6750.0,3597.0,1440.0,,,,SAAVL,True
25489176,v_25489176_1441,5.0,5882.55,5610.2,1440.0,-1.0,128.0,1767982651.0,SAAVR,False
25409214,25409215.0,5.0,2570.855,7255.7,1440.0,-1.0,128.0,1767983033.0,SAAVL,False
25528597,v_25528597_1441,5.0,6265.0,7056.75,1440.0,-1.0,128.0,1766164282.0,SAAVR,False
v_25528597_1441,v_25528597_1442,,6263.0,7057.25,1441.0,,,,SAAVR,True
25421339,25421338.0,5.0,2288.0,4996.0,1441.0,-1.0,128.0,1760492675.0,SAAVL,False
v_25488425_1441,25488424.0,,2607.335,3550.565,1441.0,,,,SAAVR,True
25421214,25421213.0,5.0,6750.0,3600.0,1441.0,-1.0,128.0,1760491367.0,SAAVL,False
v_25489176_1441,25489177.0,,5845.55,5638.2,1441.0,,,,SAAVR,True
25409215,v_25409215_1442,5.0,2564.855,7261.7,1441.0,-1.0,128.0,1767983033.0,SAAVL,False
25421340,25421339.0,5.0,2346.0,5076.0,1442.0,-1.0,128.0,1760492677.0,SAAVL,False
v_25528597_1442,v_25528597_1443,,6261.0,7057.75,1442.0,,,,SAAVR,True
25488425,v_25488425_1441,5.0,2593.835,3553.065,1442.0,-1.0,128.0,1767982651.0,SAAVR,False
v_25409215_1442,25409216.0,,2566.855,7259.7,1442.0,,,,SAAVL,True
25489177,25489178.0,5.0,5808.55,5666.2,1442.0,-1.0,128.0,1767982651.0,SAAVR,False
25421213,25421212.0,5.0,6758.0,3588.0,1442.0,-1.0,128.0,1760491366.0,SAAVL,False
25489178,25489179.0,5.0,5776.55,5688.2,1443.0,-1.0,128.0,1767982651.0,SAAVR,False
25409216,v_25409216_1444,5.0,2568.855,7257.7,1443.0,-1.0,128.0,1767983033.0,SAAVL,False
25421212,25421211.0,5.0,6756.0,3588.0,1443.0,-1.0,128.0,1760491365.0,SAAVL,False
v_25488426_1443,25488425.0,,2571.335,3553.065,1443.0,,,,SAAVR,True
25421341,25421340.0,5.0,2396.0,5112.0,1443.0,-1.0,128.0,1760492678.0,SAAVL,False
v_25528597_1443,25528596.0,,6259.0,7058.25,1443.0,,,,SAAVR,True
v_25409216_1444,v_25409216_1445,,2570.188333333333,7263.033333333333,1444.0,,,,SAAVL,True
25489179,25489180.0,5.0,5738.55,5718.2,1444.0,-1.0,128.0,1767982651.0,SAAVR,False
25528596,v_25528596_1445,5.0,6257.0,7058.75,1444.0,-1.0,128.0,1766164213.0,SAAVR,False
25421211,25421210.0,5.0,6764.0,3596.0,1444.0,-1.0,128.0,1760491364.0,SAAVL,False
25421342,25421341.0,5.0,2426.0,5116.0,1444.0,-1.0,128.0,1760492679.0,SAAVL,False
25488426,v_25488426_1443,5.0,2563.835,3553.065,1444.0,-1.0,128.0,1767982651.0,SAAVR,False
25489180,v_25489180_1446,5.0,5686.55,5738.2,1445.0,-1.0,128.0,1767982651.0,SAAVR,False
v_25409216_1445,25409217.0,,2571.5216666666665,7268.366666666667,1445.0,,,,SAAVL,True
25488427,25488426.0,5.0,2553.835,3559.065,1445.0,-1.0,128.0,1767982651.0,SAAVR,False
v_25528596_1445,v_25528596_1446,,6256.25,7062.0,1445.0,,,,SAAVR,True
25421343,25421342.0,5.0,2424.0,5122.0,1445.0,-1.0,128.0,1760492680.0,SAAVL,False
25421210,25421209.0,5.0,6770.0,3604.0,1445.0,-1.0,128.0,1760491363.0,SAAVL,False
v_25528596_1446,v_25528596_1447,,6255.5,7065.25,1446.0,,,,SAAVR,True
25421209,25421208.0,5.0,6778.0,3628.0,1446.0,-1.0,128.0,1760491361.0,SAAVL,False
25409217,v_25409217_1447,5.0,2572.855,7273.7,1446.0,-1.0,128.0,1767983033.0,SAAVL,False
v_25489180_1446,25489181.0,,5653.55,5747.2,1446.0,,,,SAAVR,True
v_25488428_1446,25488427.0,,2540.335,3565.065,1446.0,,,,SAAVR,True
25421344,25421343.0,5.0,2444.0,5160.0,1446.0,-1.0,128.0,1760492681.0,SAAVL,False
25421208,v_25421208_1448,5.0,6782.0,3620.0,1447.0,-1.0,128.0,1760491359.0,SAAVL,False
v_25528596_1447,v_25528596_1448,,6254.75,7068.5,1447.0,,,,SAAVR,True
25421345,25421344.0,5.0,2478.0,5196.0,1447.0,-1.0,128.0,1760492682.0,SAAVL,False
v_25409217_1447,v_25409217_1448,,2574.188333333333,7277.7,1447.0,,,,SAAVL,True
25489181,25489182.0,5.0,5620.55,5756.2,1447.0,-1.0,128.0,1767982651.0,SAAVR,False
25488428,v_25488428_1446,5.0,2535.835,3567.065,1447.0,-1.0,128.0,1767982651.0,SAAVR,False
v_25528596_1448,v_25528596_1449,,6254.0,7071.75,1448.0,,,,SAAVR,True
v_25409217_1448,25409218.0,,2575.5216666666665,7281.7,1448.0,,,,SAAVL,True
25421346,25421345.0,5.0,2500.0,5224.0,1448.0,-1.0,128.0,1760492685.0,SAAVL,False
25489182,25489183.0,5.0,5604.55,5776.2,1448.0,-1.0,128.0,1767982651.0,SAAVR,False
v_25421208_1448,25421207.0,,6784.0,3624.0,1448.0,,,,SAAVL,True
v_25488429_1448,25488428.0,,2502.835,3562.565,1448.0,,,,SAAVR,True
25409218,v_25409218_1450,5.0,2576.855,7285.7,1449.0,-1.0,128.0,1767983033.0,SAAVL,False
25488429,v_25488429_1448,5.0,2491.835,3561.065,1449.0,-1.0,128.0,1767982651.0,SAAVR,False
25489183,25489184.0,5.0,5570.55,5812.2,1449.0,-1.0,128.0,1767982651.0,SAAVR,False
25421347,25421346.0,5.0,2532.01,5260.5,1449.0,-1.0,128.0,1771728752.0,SAAVL,False
v_25528596_1449,v_25528596_1450,,6253.25,7075.0,1449.0,,,,SAAVR,True
25421207,v_25421207_1450,5.0,6786.0,3628.0,1449.0,-1.0,128.0,1760491354.0,SAAVL,False
25488430,25488429.0,5.0,2455.835,3559.065,1450.0,-1.0,128.0,1767982651.0,SAAVR,False
25489184,v_25489184_1451,5.0,5546.55,5822.2,1450.0,-1.0,128.0,1767982651.0,SAAVR,False
25421348,25421347.0,5.0,2558.0,5296.0,1450.0,-1.0,128.0,1760492688.0,SAAVL,False
v_25528596_1450,v_25528596_1451,,6252.5,7078.25,1450.0,,,,SAAVR,True
v_25409218_1450,v_25409218_1451,,2579.5216666666665,7287.033333333333,1450.0,,,,SAAVL,True
v_25421207_1450,25421206.0,,6789.0,3630.0,1450.0,,,,SAAVL,True
25421349,25421348.0,5.0,2582.0,5320.0,1451.0,-1.0,128.0,1760492689.0,SAAVL,False
v_25528596_1451,25528595.0,,6251.75,7081.5,1451.0,,,,SAAVR,True
25421206,25421205.0,5.0,6792.0,3632.0,1451.0,-1.0,128.0,1760491353.0,SAAVL,False
25488431,25488430.0,5.0,2377.835,3571.065,1451.0,-1.0,128.0,1767982651.0,SAAVR,False
v_25489184_1451,v_25489184_1452,,5519.883333333333,5830.2,1451.0,,,,SAAVR,True
v_25409218_1451,25409219.0,,2582.188333333333,7288.366666666667,1451.0,,,,SAAVL,True
25421350,25421349.0,5.0,2600.0,5358.0,1452.0,-1.0,128.0,1760492690.0,SAAVL,False
v_25489184_1452,25489185.0,,5493.216666666667,5838.2,1452.0,,,,SAAVR,True
25528595,v_25528595_1453,5.0,6251.0,7084.75,1452.0,-1.0,128.0,1766164211.0,SAAVR,False
25488432,25488431.0,5.0,2331.835,3577.065,1452.0,-1.0,128.0,1767982651.0,SAAVR,False
25421205,v_25421205_1453,5.0,6796.0,3638.0,1452.0,-1.0,128.0,1760491351.0,SAAVL,False
25409219,v_25409219_1453,5.0,2584.855,7289.7,1452.0,-1.0,128.0,1767983033.0,SAAVL,False
v_25409219_1453,v_25409219_1454,,2584.855,7291.7,1453.0,,,,SAAVL,True
v_25421205_1453,25421204.0,,6801.0,3652.0,1453.0,,,,SAAVL,True
25489185,v_25489185_1454,5.0,5466.55,5846.2,1453.0,-1.0,128.0,1771723056.0,SAAVR,False
v_25528595_1453,v_25528595_1454,,6248.555555555556,7088.972222222223,1453.0,,,,SAAVR,True
v_25488433_1453,25488432.0,,2289.835,3565.065,1453.0,,,,SAAVR,True
25421351,25421350.0,5.0,2638.0,5396.0,1453.0,-1.0,128.0,1760492692.0,SAAVL,False
v_25409219_1454,v_25409219_1455,,2584.855,7293.7,1454.0,,,,SAAVL,True
v_25528595_1454,v_25528595_1455,,6246.111111111111,7093.194444444444,1454.0,,,,SAAVR,True
25421352,25421351.0,5.0,2656.0,5430.0,1454.0,-1.0,128.0,1760492693.0,SAAVL,False
25421204,25421203.0,5.0,6806.0,3666.0,1454.0,-1.0,128.0,1760491349.0,SAAVL,False
v_25489185_1454,25558990.0,,5444.55,5858.875,1454.0,,,,SAAVR,True
25488433,v_25488433_1453,5.0,2275.835,3561.065,1454.0,-1.0,128.0,1767982651.0,SAAVR,False
25421353,25421352.0,5.0,2688.0,5470.0,1455.0,-1.0,128.0,1760492694.0,SAAVL,False
25421203,25421202.0,5.0,6798.0,3682.0,1455.0,-1.0,128.0,1760491348.0,SAAVL,False
25488434,25488433.0,5.0,2251.835,3569.065,1455.0,-1.0,128.0,1767982651.0,SAAVR,False
25558990,25489186.0,5.0,5422.55,5871.55,1455.0,-1.0,128.0,1771723056.0,SAAVR,False
v_25409219_1455,25409220.0,,2584.855,7295.7,1455.0,,,,SAAVL,True
v_25528595_1455,v_25528595_1456,,6243.666666666667,7097.416666666667,1455.0,,,,SAAVR,True
25489186,v_25489186_1457,5.0,5400.55,5884.2,1456.0,-1.0,128.0,1767982651.0,SAAVR,False
v_25488435_1456,25488434.0,,2242.835,3575.065,1456.0,,,,SAAVR,True
25409220,v_25409220_1457,5.0,2584.855,7297.7,1456.0,-1.0,128.0,1767983033.0,SAAVL,False
25421354,25421353.0,5.0,2746.0,5520.0,1456.0,-1.0,128.0,1760492697.0,SAAVL,False
25421202,v_25421202_1457,5.0,6798.0,3692.0,1456.0,-1.0,128.0,1760491347.0,SAAVL,False
v_25528595_1456,v_25528595_1457,,6241.222222222223,7101.638888888889,1456.0,,,,SAAVR,True
v_25409220_1457,v_25409220_1458,,2589.655,7301.7,1457.0,,,,SAAVL,True
v_25421202_1457,25421201.0,,6792.0,3695.89,1457.0,,,,SAAVL,True
v_25528595_1457,v_25528595_1458,,6238.777777777777,7105.861111111111,1457.0,,,,SAAVR,True
25421355,25421354.0,5.0,2772.0,5560.0,1457.0,-1.0,128.0,1760492701.0,SAAVL,False
25488435,v_25488435_1456,5.0,2239.835,3577.065,1457.0,-1.0,128.0,1767982651.0,SAAVR,False
v_25489186_1457,v_25489186_1458,,5389.883333333333,5885.533333333333,1457.0,,,,SAAVR,True
v_25409220_1458,v_25409220_1459,,2594.455,7305.7,1458.0,,,,SAAVL,True
v_25528595_1458,v_25528595_1459,,6236.333333333333,7110.083333333333,1458.0,,,,SAAVR,True
v_25489186_1458,25489187.0,,5379.216666666667,5886.866666666667,1458.0,,,,SAAVR,True
25421201,25421200.0,5.0,6786.0,3699.78,1458.0,-1.0,128.0,1767380729.0,SAAVL,False
25421362,25421361.0,5.0,3108.0,6094.0,1458.0,-1.0,128.0,1760492746.0,SAAVL,False
25421356,25421355.0,5.0,2792.0,5588.0,1458.0,-1.0,128.0,1760492702.0,SAAVL,False
v_25488436_1458,25488435.0,,2223.335,3584.565,1458.0,,,,SAAVR,True
25488436,v_25488436_1458,5.0,2217.835,3587.065,1459.0,-1.0,128.0,1767982651.0,SAAVR,False
v_25409220_1459,v_25409220_1460,,2599.255,7309.7,1459.0,,,,SAAVL,True
v_25528595_1459,v_25528595_1460,,6233.888888888889,7114.305555555556,1459.0,,,,SAAVR,True
25421357,25421356.0,5.0,2810.0,5602.0,1459.0,-1.0,128.0,1760492703.0,SAAVL,False
25421361,25421360.0,5.0,3094.0,6010.0,1459.0,-1.0,128.0,1760492730.0,SAAVL,False
25421200,25421199.0,5.0,6798.0,3718.0,1459.0,-1.0,128.0,1760491345.0,SAAVL,False
25489187,v_25489187_1460,5.0,5368.55,5888.2,1459.0,-1.0,128.0,1767982651.0,SAAVR,False
v_25488437_1460,25488436.0,,2202.835,3585.565,1460.0,,,,SAAVR,True
v_25409220_1460,25409221.0,,2604.055,7313.7,1460.0,,,,SAAVL,True
v_25528595_1460,25528594.0,,6231.444444444444,7118.527777777777,1460.0,,,,SAAVR,True
v_25489187_1460,v_25489187_1461,,5347.216666666667,5888.2,1460.0,,,,SAAVR,True
25421199,25421198.0,5.0,6798.0,3732.0,1460.0,-1.0,128.0,1760491344.0,SAAVL,False
25421360,25421359.0,5.0,3056.0,5916.0,1460.0,-1.0,128.0,1760492727.0,SAAVL,False
25421358,25421357.0,5.0,2898.0,5686.0,1460.0,-1.0,128.0,1760492711.0,SAAVL,False
25421359,25421358.0,5.0,3008.0,5848.0,1461.0,-1.0,128.0,1760492750.0,SAAVL,False
25409221,v_25409221_1462,5.0,2608.855,7317.7,1461.0,-1.0,128.0,1767983033.0,SAAVL,False
25488437,v_25488437_1460,5.0,2197.835,3585.065,1461.0,-1.0,128.0,1767982651.0,SAAVR,False
25528594,v_25528594_1462,5.0,6229.0,7122.75,1461.0,-1.0,128.0,1766164209.0,SAAVR,False
v_25489187_1461,25489188.0,,5325.883333333333,5888.2,1461.0,,,,SAAVR,True
25421198,25421197.0,5.0,6792.0,3732.0,1461.0,-1.0,128.0,1760491343.0,SAAVL,False
25421197,v_25421197_1463,5.0,6774.0,3756.0,1462.0,-1.0,128.0,1760491339.0,SAAVL,False
25421363,25421359.0,5.0,3040.0,5842.0,1462.0,-1.0,128.0,1760492756.0,SAAVL,False
v_25488438_1462,25488437.0,,2151.335,3597.065,1462.0,,,,SAAVR,True
v_25409221_1462,v_25409221_1463,,2614.355,7322.2,1462.0,,,,SAAVL,True
25489188,v_25489188_1463,5.0,5304.55,5888.2,1462.0,-1.0,128.0,1767982651.0,SAAVR,False
v_25528594_1462,v_25528594_1463,,6220.2,7133.95,1462.0,,,,SAAVR,True
v_25489188_1463,v_25489188_1464,,5293.216666666667,5890.866666666667,1463.0,,,,SAAVR,True
25488438,v_25488438_1462,5.0,2135.835,3601.065,1463.0,-1.0,128.0,1767982651.0,SAAVR,False
25421364,25421363.0,5.0,3076.0,5856.0,1463.0,-1.0,128.0,1760492757.0,SAAVL,False
v_25409221_1463,v_25409221_1464,,2619.855,7326.7,1463.0,,,,SAAVL,True
v_25528594_1463,v_25528594_1464,,6211.4,7145.15,1463.0,,,,SAAVR,True
v_25421197_1463,v_25421197_1464,,6762.666666666667,3763.3333333333335,1463.0,,,,SAAVL,True
v_25528594_1464,v_25528594_1465,,6202.6,7156.35,1464.0,,,,SAAVR,True
v_25489188_1464,25489189.0,,5281.883333333333,5893.533333333333,1464.0,,,,SAAVR,True
v_25488439_1464,25488438.0,,2116.335,3619.065,1464.0,,,,SAAVR,True
v_25421197_1464,25421196.0,,6751.333333333333,3770.6666666666665,1464.0,,,,SAAVL,True
v_25409221_1464,25409222.0,,2625.355,7331.2,1464.0,,,,SAAVL,True
25421365,25421364.0,5.0,3170.0,5922.0,1464.0,-1.0,128.0,1760492765.0,SAAVL,False
25409222,v_25409222_1466,5.0,2630.855,7335.7,1465.0,-1.0,128.0,1767983033.0,SAAVL,False
v_25528594_1465,25528593.0,,6193.8,7167.55,1465.0,,,,SAAVR,True
25421366,25421365.0,5.0,3230.0,5940.0,1465.0,-1.0,128.0,1760492773.0,SAAVL,False
25421196,v_25421196_1466,5.0,6740.0,3778.0,1465.0,-1.0,128.0,1760491337.0,SAAVL,False
25489189,25489190.0,5.0,5270.55,5896.2,1465.0,-1.0,128.0,1767982651.0,SAAVR,False
25488439,v_25488439_1464,5.0,2109.835,3625.065,1465.0,-1.0,128.0,1767982651.0,SAAVR,False
v_25421196_1466,25421195.0,,6734.0,3787.0,1466.0,,,,SAAVL,True
v_25409222_1466,v_25409222_1467,,2634.188333333333,7338.366666666667,1466.0,,,,SAAVL,True
25421367,25421366.0,5.0,3278.0,5958.0,1466.0,-1.0,128.0,1760492774.0,SAAVL,False
v_25488440_1466,25488439.0,,2096.335,3640.065,1466.0,,,,SAAVR,True
25528593,v_25528593_1467,5.0,6185.0,7178.75,1466.0,-1.0,128.0,1766164208.0,SAAVR,False
25489190,25558992.0,5.0,5244.55,5934.2,1466.0,-1.0,128.0,1771723084.0,SAAVR,False
25421195,25421194.0,5.0,6728.0,3796.0,1467.0,-1.0,128.0,1760491336.0,SAAVL,False
v_25409222_1467,25409223.0,,2637.5216666666665,7341.033333333333,1467.0,,,,SAAVL,True
25421368,25421367.0,5.0,3324.0,5996.0,1467.0,-1.0,128.0,1760492776.0,SAAVL,False
25488440,v_25488440_1466,5.0,2091.835,3645.065,1467.0,-1.0,128.0,1767982651.0,SAAVR,False
25558992,v_25558992_1468,5.0,5226.05,5941.7,1467.0,-1.0,128.0,1771723084.0,SAAVR,False
v_25528593_1467,v_25528593_1468,,6181.285714285715,7183.035714285715,1467.0,,,,SAAVR,True
v_25558992_1468,v_25558992_1469,,5207.55,5949.2,1468.0,,,,SAAVR,True
v_25488441_1468,25488440.0,,2070.835,3660.065,1468.0,,,,SAAVR,True
25421194,25559790.0,5.0,6708.0,3816.0,1468.0,-1.0,128.0,1779988285.0,SAAVL,False
25409223,v_25409223_1469,5.0,2640.855,7343.7,1468.0,-1.0,128.0,1767983033.0,SAAVL,False
25421369,25421368.0,5.0,3342.0,6016.0,1468.0,-1.0,128.0,1760492777.0,SAAVL,False
v_25528593_1468,v_25528593_1469,,6177.571428571428,7187.321428571428,1468.0,,,,SAAVR,True
v_25558992_1469,25489191.0,,5189.05,5956.7,1469.0,,,,SAAVR,True
v_25528593_1469,v_25528593_1470,,6173.857142857143,7191.607142857143,1469.0,,,,SAAVR,True
25488441,v_25488441_1468,5.0,2063.835,3665.065,1469.0,-1.0,128.0,1767982651.0,SAAVR,False
25421370,25421369.0,5.0,3360.0,6032.0,1469.0,-1.0,128.0,1760492778.0,SAAVL,False
v_25409223_1469,v_25409223_1470,,2648.855,7355.7,1469.0,,,,SAAVL,True
25559790,25421193.0,5.0,6687.8,3838.95,1469.0,-1.0,128.0,1779988288.0,SAAVL,False
v_25528593_1470,v_25528593_1471,,6170.142857142857,7195.892857142857,1470.0,,,,SAAVR,True
25489191,v_25489191_1471,5.0,5170.55,5964.2,1470.0,-1.0,128.0,1767982651.0,SAAVR,False
v_25488442_1470,25488441.0,,2036.835,3686.065,1470.0,,,,SAAVR,True
25421193,25421192.0,5.0,6658.0,3834.0,1470.0,-1.0,128.0,1760491330.0,SAAVL,False
25421371,25421370.0,5.0,3408.0,6036.0,1470.0,-1.0,128.0,1760492780.0,SAAVL,False
v_25409223_1470,25409224.0,,2656.855,7367.7,1470.0,,,,SAAVL,True
25409224,v_25409224_1472,5.0,2664.855,7379.7,1471.0,-1.0,128.0,1767983033.0,SAAVL,False
v_25528593_1471,v_25528593_1472,,6166.428571428572,7200.178571428572,1471.0,,,,SAAVR,True
25421372,25421371.0,5.0,3414.0,6054.0,1471.0,-1.0,128.0,1760492781.0,SAAVL,False
v_25489191_1471,25489192.0,,5134.55,5983.2,1471.0,,,,SAAVR,True
25488442,v_25488442_1470,5.0,2027.835,3693.065,1471.0,-1.0,128.0,1767982651.0,SAAVR,False
25421192,25421191.0,5.0,6652.0,3844.0,1471.0,-1.0,128.0,1760491329.0,SAAVL,False
25421191,v_25421191_1473,5.0,6616.0,3840.0,1472.0,-1.0,128.0,1760491328.0,SAAVL,False
v_25528593_1472,25528592.0,,6162.714285714285,7204.464285714285,1472.0,,,,SAAVR,True
v_25409224_1472,25409225.0,,2671.855,7381.7,1472.0,,,,SAAVL,True
25489192,v_25489192_1473,5.0,5098.55,6002.2,1472.0,-1.0,128.0,1767982651.0,SAAVR,False
v_25488443_1472,25488442.0,,2019.435,3709.865,1472.0,,,,SAAVR,True
25421373,25421372.0,5.0,3432.0,6066.0,1472.0,-1.0,128.0,1760492782.0,SAAVL,False
25409225,v_25409225_1474,5.0,2678.855,7383.7,1473.0,-1.0,128.0,1767983033.0,SAAVL,False
v_25421191_1473,25421190.0,,6591.0,3845.0,1473.0,,,,SAAVL,True
v_25489192_1473,25489193.0,,5073.55,6014.2,1473.0,,,,SAAVR,True
25528592,v_25528592_1474,5.0,6159.0,7208.75,1473.0,-1.0,128.0,1766164206.0,SAAVR,False
25421374,25421373.0,5.0,3430.0,6042.0,1473.0,-1.0,128.0,1760492783.0,SAAVL,False
v_25488443_1473,v_25488443_1473,,2016.635,3715.465,1473.0,,,,SAAVR,True
25488443,v_25488443_1472,5.0,2013.835,3721.065,1474.0,-1.0,128.0,1767982651.0,SAAVR,False
25489193,v_25489193_1475,5.0,5048.55,6026.2,1474.0,-1.0,128.0,1767982651.0,SAAVR,False
v_25409225_1474,25409226.0,,2686.855,7395.7,1474.0,,,,SAAVL,True
25421375,25421374.0,5.0,3470.0,6052.0,1474.0,-1.0,128.0,1760492784.0,SAAVL,False
v_25528592_1474,v_25528592_1475,,6154.2,7213.55,1474.0,,,,SAAVR,True
25421190,25421189.0,5.0,6566.0,3850.0,1474.0,-1.0,128.0,1760491327.0,SAAVL,False
v_25528592_1475,v_25528592_1476,,6149.4,7218.35,1475.0,,,,SAAVR,True
25421189,25421188.0,5.0,6538.0,3858.0,1475.0,-1.0,128.0,1760491326.0,SAAVL,False
v_25488444_1475,25488443.0,,1998.835,3751.065,1475.0,,,,SAAVR,True
25421376,25421375.0,5.0,3518.0,6028.0,1475.0,-1.0,128.0,1760492785.0,SAAVL,False
v_25489193_1475,v_25489193_1476,,5051.216666666667,6011.533333333333,1475.0,,,,SAAVR,True
25409226,v_25409226_1476,5.0,2694.855,7407.7,1475.0,-1.0,128.0,1767983033.0,SAAVL,False
25488444,v_25488444_1475,5.0,1993.835,3761.065,1476.0,-1.0,128.0,1767982651.0,SAAVR,False
v_25528592_1476,v_25528592_1477,,6144.6,7223.15,1476.0,,,,SAAVR,True
25421188,v_25421188_1477,5.0,6496.0,3852.0,1476.0,-1.0,128.0,1760491325.0,SAAVL,False
25421377,25421376.0,5.0,3560.0,6026.0,1476.0,-1.0,128.0,1760492787.0,SAAVL,False
v_25489193_1476,25489194.0,,5053.883333333333,5996.866666666667,1476.0,,,,SAAVR,True
v_25409226_1476,25409227.0,,2698.855,7415.7,1476.0,,,,SAAVL,True
v_25488445_1477,25488444.0,,1995.035,3779.065,1477.0,,,,SAAVR,True
25489194,25489195.0,5.0,5056.55,5982.2,1477.0,-1.0,128.0,1767982651.0,SAAVR,False
v_25528592_1477,25528591.0,,6139.8,7227.95,1477.0,,,,SAAVR,True
25409227,v_25409227_1478,5.0,2702.855,7423.7,1477.0,-1.0,128.0,1767983033.0,SAAVL,False
v_25421188_1477,25421187.0,,6467.0,3855.0,1477.0,,,,SAAVL,True
25421378,25421377.0,5.0,3618.0,6034.0,1477.0,-1.0,128.0,1760492788.0,SAAVL,False
25489195,v_25489195_1479,5.0,5044.55,5966.2,1478.0,-1.0,128.0,1767982651.0,SAAVR,False
v_25488445_1478,v_25488445_1478,,1995.435,3785.065,1478.0,,,,SAAVR,True
25528591,v_25528591_1479,5.0,6135.0,7232.75,1478.0,-1.0,128.0,1766164205.0,SAAVR,False
v_25409227_1478,25409228.0,,2708.855,7422.7,1478.0,,,,SAAVL,True
25421187,25421186.0,5.0,6438.0,3858.0,1478.0,-1.0,128.0,1760491323.0,SAAVL,False
25421379,25421378.0,5.0,3646.0,6042.0,1478.0,-1.0,128.0,1760492789.0,SAAVL,False
v_25489195_1479,v_25489195_1480,,5044.55,5960.2,1479.0,,,,SAAVR,True
v_25528591_1479,v_25528591_1480,,6126.0,7240.75,1479.0,,,,SAAVR,True
25421186,25421185.0,5.0,6396.0,3838.0,1479.0,-1.0,128.0,1760491321.0,SAAVL,False
25421380,25421379.0,5.0,3668.0,6046.0,1479.0,-1.0,128.0,1760492790.0,SAAVL,False
25409228,v_25409228_1480,5.0,2714.855,7421.7,1479.0,-1.0,128.0,1767983033.0,SAAVL,False
25488445,v_25488445_1477,5.0,1995.835,3791.065,1479.0,-1.0,128.0,1767982651.0,SAAVR,False
v_25528591_1480,v_25528591_1481,,6117.0,7248.75,1480.0,,,,SAAVR,True
v_25488446_1480,25488445.0,,2013.835,3806.665,1480.0,,,,SAAVR,True
25421381,25421380.0,5.0,3732.0,6052.0,1480.0,-1.0,128.0,1760492791.0,SAAVL,False
25421185,25421184.0,5.0,6160.0,3682.0,1480.0,-1.0,128.0,1760491270.0,SAAVL,False
v_25409228_1480,v_25409228_1481,,2720.855,7426.366666666667,1480.0,,,,SAAVL,True
v_25489195_1480,25489196.0,,5044.55,5954.2,1480.0,,,,SAAVR,True
v_25488446_1481,v_25488446_1481,,2019.835,3811.865,1481.0,,,,SAAVR,True
25421184,v_25421184_1482,5.0,6080.0,3674.0,1481.0,-1.0,128.0,1760491261.0,SAAVL,False
25421382,25421381.0,5.0,3756.0,6052.0,1481.0,-1.0,128.0,1760492792.0,SAAVL,False
25489196,v_25489196_1482,5.0,5044.55,5948.2,1481.0,-1.0,128.0,1767982651.0,SAAVR,False
v_25528591_1481,v_25528591_1482,,6108.0,7256.75,1481.0,,,,SAAVR,True
v_25409228_1481,25409229.0,,2726.855,7431.033333333333,1481.0,,,,SAAVL,True
v_25528591_1482,v_25528591_1483,,6099.0,7264.75,1482.0,,,,SAAVR,True
25488446,v_25488446_1480,5.0,2025.835,3817.065,1482.0,-1.0,128.0,1767982651.0,SAAVR,False
25421383,25421382.0,5.0,3792.0,6050.0,1482.0,-1.0,128.0,1760492793.0,SAAVL,False
v_25489196_1482,25489197.0,,5038.55,5947.2,1482.0,,,,SAAVR,True
v_25421184_1482,25421183.0,,6056.0,3680.0,1482.0,,,,SAAVL,True
25409229,v_25409229_1483,5.0,2732.855,7435.7,1482.0,-1.0,128.0,1767983033.0,SAAVL,False
25421183,v_25421183_1484,5.0,6032.0,3686.0,1483.0,-1.0,128.0,1760491260.0,SAAVL,False
v_25488447_1483,25488446.0,,2029.435,3831.465,1483.0,,,,SAAVR,True
25559015,25421383.0,5.0,3791.335,6052.0,1483.0,-1.0,128.0,1771727129.0,SAAVL,False
v_25409229_1483,25409230.0,,2740.855,7439.7,1483.0,,,,SAAVL,True
v_25528591_1483,25528590.0,,6090.0,7272.75,1483.0,,,,SAAVR,True
25489197,v_25489197_1484,5.0,5032.55,5946.2,1483.0,-1.0,128.0,1767982651.0,SAAVR,False
v_25421183_1484,25421182.0,,6024.0,3692.0,1484.0,,,,SAAVL,True
v_25489197_1484,v_25489197_1485,,5022.55,5944.2,1484.0,,,,SAAVR,True
25528590,v_25528590_1485,5.0,6081.0,7280.75,1484.0,-1.0,128.0,1766164203.0,SAAVR,False
v_25488447_1484,v_25488447_1484,,2030.635,3836.265,1484.0,,,,SAAVR,True
25409230,v_25409230_1485,5.0,2748.855,7443.7,1484.0,-1.0,128.0,1767983033.0,SAAVL,False
v_25421384_1484,25559015.0,,3790.33375,6055.0,1484.0,,,,SAAVL,True
25421182,25421181.0,5.0,6016.0,3698.0,1485.0,-1.0,128.0,1760491258.0,SAAVL,False
v_25489197_1485,v_25489197_1486,,5012.55,5942.2,1485.0,,,,SAAVR,True
25421384,v_25421384_1484,5.0,3790.0,6056.0,1485.0,-1.0,128.0,1771727125.0,SAAVL,False
25488447,v_25488447_1483,5.0,2031.835,3841.065,1485.0,-1.0,128.0,1767982651.0,SAAVR,False
v_25528590_1485,v_25528590_1486,,6076.333333333333,7286.75,1485.0,,,,SAAVR,True
v_25409230_1485,v_25409230_1486,,2753.5216666666665,7446.366666666667,1485.0,,,,SAAVL,True
v_25409230_1486,25409231.0,,2758.188333333333,7449.033333333333,1486.0,,,,SAAVL,True
v_25488448_1486,25488447.0,,2048.635,3845.865,1486.0,,,,SAAVR,True
25421181,25421180.0,5.0,5976.0,3706.0,1486.0,-1.0,128.0,1760491257.0,SAAVL,False
v_25528590_1486,v_25528590_1487,,6071.666666666667,7292.75,1486.0,,,,SAAVR,True
v_25421385_1486,25421384.0,,3826.0,6051.5,1486.0,,,,SAAVL,True
v_25489197_1486,25489198.0,,5002.55,5940.2,1486.0,,,,SAAVR,True
v_25528590_1487,v_25528590_1488,,6067.0,7298.75,1487.0,,,,SAAVR,True
25421385,v_25421385_1486,5.0,3838.0,6050.0,1487.0,-1.0,128.0,1760492800.0,SAAVL,False
25421180,25421179.0,5.0,5948.0,3722.0,1487.0,-1.0,128.0,1760491256.0,SAAVL,False
25489198,v_25489198_1488,5.0,4992.55,5938.2,1487.0,-1.0,128.0,1767982651.0,SAAVR,False
25409231,v_25409231_1488,5.0,2762.855,7451.7,1487.0,-1.0,128.0,1767983033.0,SAAVL,False
v_25488448_1487,v_25488448_1487,,2054.235,3847.465,1487.0,,,,SAAVR,True
25488448,v_25488448_1486,5.0,2059.835,3849.065,1488.0,-1.0,128.0,1767982651.0,SAAVR,False
25421386,25421385.0,5.0,3840.0,6050.0,1488.0,-1.0,128.0,1760492802.0,SAAVL,False
v_25409231_1488,v_25409231_1489,,2766.355,7459.2,1488.0,,,,SAAVL,True
v_25489198_1488,25489199.0,,4983.55,5938.2,1488.0,,,,SAAVR,True
v_25528590_1488,v_25528590_1489,,6062.333333333333,7304.75,1488.0,,,,SAAVR,True
25421179,25421178.0,5.0,5916.0,3710.0,1488.0,-1.0,128.0,1760491255.0,SAAVL,False
25421177,25421176.0,5.0,5992.0,3122.0,1489.0,-1.0,128.0,1760491245.0,SAAVL,False
25421178,25421177.0,5.0,5888.0,3694.0,1489.0,-1.0,128.0,1760491248.0,SAAVL,False
25489199,v_25489199_1490,5.0,4974.55,5938.2,1489.0,-1.0,128.0,1767982651.0,SAAVR,False
v_25528590_1489,25528589.0,,6057.666666666667,7310.75,1489.0,,,,SAAVR,True
25421387,25421386.0,5.0,3868.0,6068.0,1489.0,-1.0,128.0,1760492803.0,SAAVL,False
v_25488449_1489,25488448.0,,2074.835,3843.065,1489.0,,,,SAAVR,True
v_25409231_1489,v_25409231_1490,,2769.855,7466.7,1489.0,,,,SAAVL,True
25421176,25421175.0,5.0,5892.0,3702.0,1490.0,-1.0,128.0,1760491233.0,SAAVL,False
v_25559011_1490,25421387.0,,3884.99875,6084.987499999999,1490.0,,,,SAAVL,True
v_25489199_1490,v_25489199_1491,,4965.883333333333,5926.2,1490.0,,,,SAAVR,True
25528589,v_25528589_1491,5.0,6053.0,7316.75,1490.0,-1.0,128.0,1766164201.0,SAAVR,False
25488449,v_25488449_1489,5.0,2079.835,3841.065,1490.0,-1.0,128.0,1767982651.0,SAAVR,False
v_25409231_1490,25409232.0,,2773.355,7474.2,1490.0,,,,SAAVL,True
25421175,25421174.0,5.0,5904.0,3710.0,1491.0,-1.0,128.0,1760491228.0,SAAVL,False
v_25489199_1491,25489200.0,,4957.216666666667,5914.2,1491.0,,,,SAAVR,True
25488450,25488449.0,5.0,2103.835,3833.065,1491.0,-1.0,128.0,1767982651.0,SAAVR,False
25409232,v_25409232_1492,5.0,2776.855,7481.7,1491.0,-1.0,128.0,1767983033.0,SAAVL,False
25559011,v_25559011_1490,5.0,3890.665,6090.65,1491.0,-1.0,128.0,1771727105.0,SAAVL,False
v_25528589_1491,v_25528589_1492,,6047.0,7326.35,1491.0,,,,SAAVR,True
v_25409232_1492,25409233.0,,2781.855,7500.7,1492.0,,,,SAAVL,True
25421388,25559011.0,5.0,3902.0,6102.0,1492.0,-1.0,128.0,1771727105.0,SAAVL,False
25488451,25488450.0,5.0,2125.835,3827.065,1492.0,-1.0,128.0,1767982651.0,SAAVR,False
25421174,25421173.0,5.0,5892.0,3730.0,1492.0,-1.0,128.0,1760491227.0,SAAVL,False
v_25528589_1492,v_25528589_1493,,6041.0,7335.95,1492.0,,,,SAAVR,True
25489200,25558995.0,5.0,4948.55,5902.2,1492.0,-1.0,128.0,1771723128.0,SAAVR,False
25558995,v_25558995_1494,5.0,4934.55,5906.2,1493.0,-1.0,128.0,1771723128.0,SAAVR,False
25409233,v_25409233_1494,5.0,2786.855,7519.7,1493.0,-1.0,128.0,1767983033.0,SAAVL,False
25421173,25557042.0,5.0,5900.0,3730.0,1493.0,-1.0,128.0,1770829795.0,SAAVL,False
25421389,25421388.0,5.0,3922.0,6120.0,1493.0,-1.0,128.0,1760492805.0,SAAVL,False
v_25528589_1493,v_25528589_1494,,6035.0,7345.55,1493.0,,,,SAAVR,True
v_25488452_1493,25488451.0,,2143.835,3839.065,1493.0,,,,SAAVR,True
v_25558995_1494,25489201.0,,4920.55,5910.2,1494.0,,,,SAAVR,True
v_25409233_1494,25409234.0,,2792.855,7529.7,1494.0,,,,SAAVL,True
v_25421390_1494,25421389.0,,3932.5,6108.0,1494.0,,,,SAAVL,True
25557042,25421172.0,5.0,5926.0,3738.0,1494.0,-1.0,128.0,1770829795.0,SAAVL,False
v_25488452_1494,v_25488452_1494,,2149.835,3843.065,1494.0,,,,SAAVR,True
v_25528589_1494,25528588.0,,6029.0,7355.15,1494.0,,,,SAAVR,True
25409234,v_25409234_1496,5.0,2798.855,7539.7,1495.0,-1.0,128.0,1767983033.0,SAAVL,False
25489201,v_25489201_1496,5.0,4906.55,5914.2,1495.0,-1.0,128.0,1770354194.0,SAAVR,False
25421390,v_25421390_1494,5.0,3936.0,6104.0,1495.0,-1.0,128.0,1760492806.0,SAAVL,False
25488452,v_25488452_1493,5.0,2155.835,3847.065,1495.0,-1.0,128.0,1767982651.0,SAAVR,False
25421172,25421171.0,5.0,5952.0,3746.0,1495.0,-1.0,128.0,1760491224.0,SAAVL,False
25528588,v_25528588_1496,5.0,6023.0,7364.75,1495.0,-1.0,128.0,1766164200.0,SAAVR,False
25421171,25421170.0,5.0,5956.0,3746.0,1496.0,-1.0,128.0,1760491223.0,SAAVL,False
v_25528588_1496,v_25528588_1497,,6011.0,7373.95,1496.0,,,,SAAVR,True
25421391,25421390.0,5.0,3948.0,6100.0,1496.0,-1.0,128.0,1760492807.0,SAAVL,False
25488453,25488452.0,5.0,2181.835,3847.065,1496.0,-1.0,128.0,1767982651.0,SAAVR,False
v_25409234_1496,25409235.0,,2807.855,7545.7,1496.0,,,,SAAVL,True
v_25489201_1496,25556159.0,,4901.8825,5915.525,1496.0,,,,SAAVR,True
25488454,25488453.0,5.0,2199.835,3841.065,1497.0,-1.0,128.0,1767982651.0,SAAVR,False
25421392,25421391.0,5.0,3946.0,6100.0,1497.0,-1.0,128.0,1760492808.0,SAAVL,False
v_25528588_1497,v_25528588_1498,,5999.0,7383.15,1497.0,,,,SAAVR,True
25409235,v_25409235_1498,5.0,2816.855,7551.7,1497.0,-1.0,128.0,1767983033.0,SAAVL,False
25556159,25489202.0,5.0,4897.215,5916.85,1497.0,-1.0,128.0,1770354194.0,SAAVR,False
25421170,25421169.0,5.0,5960.0,3742.0,1497.0,-1.0,128.0,1760491222.0,SAAVL,False
v_25528588_1498,v_25528588_1499,,5987.0,7392.35,1498.0,,,,SAAVR,True
25489202,v_25489202_1499,5.0,4892.55,5918.2,1498.0,-1.0,128.0,1767982651.0,SAAVR,False
v_25409235_1498,v_25409235_1499,,2826.855,7562.366666666667,1498.0,,,,SAAVL,True
25421169,v_25421169_1499,5.0,5960.0,3742.0,1498.0,-1.0,128.0,1760491216.0,SAAVL,False
25488455,25488454.0,5.0,2225.835,3811.065,1498.0,-1.0,128.0,1767982651.0,SAAVR,False
25421393,25421392.0,5.0,3946.0,6100.0,1498.0,-1.0,128.0,1760492809.0,SAAVL,False
v_25489202_1499,v_25489202_1500,,4883.216666666667,5923.533333333333,1499.0,,,,SAAVR,True
v_25409235_1499,25409236.0,,2836.855,7573.033333333333,1499.0,,,,SAAVL,True
25488456,25488455.0,5.0,2261.835,3781.065,1499.0,-1.0,128.0,1767982651.0,SAAVR,False
v_25528588_1499,25528587.0,,5975.0,7401.55,1499.0,,,,SAAVR,True
v_25421169_1499,25421168.0,,5960.0,3742.0,1499.0,,,,SAAVL,True
25421394,25421393.0,5.0,3946.0,6100.0,1499.0,-1.0,128.0,1760492811.0,SAAVL,False
25488457,25488456.0,5.0,2279.835,3765.065,1500.0,-1.0,128.0,1767982651.0,SAAVR,False
25409236,25409237.0,5.0,2846.855,7583.7,1500.0,-1.0,128.0,1767983033.0,SAAVL,False
25421395,25421394.0,5.0,3940.0,6102.0,1500.0,-1.0,128.0,1760492838.0,SAAVL,False
25421168,25421167.0,5.0,5960.0,3742.0,1500.0,-1.0,128.0,1760491214.0,SAAVL,False
25528587,v_25528587_1501,5.0,5963.0,7410.75,1500.0,-1.0,128.0,1766164198.0,SAAVR,False
v_25489202_1500,25489203.0,,4873.883333333333,5928.866666666667,1500.0,,,,SAAVR,True
v_25421396_1501,25421395.0,,3941.5,6102.0,1501.0,,,,SAAVL,True
v_25528587_1501,v_25528587_1502,,5953.0,7422.75,1501.0,,,,SAAVR,True
25409237,v_25409237_1502,5.0,2844.855,7585.7,1501.0,-1.0,128.0,1767983033.0,SAAVL,False
25421167,25421166.0,5.0,5960.0,3742.0,1501.0,-1.0,128.0,1760491213.0,SAAVL,False
25488458,25488457.0,5.0,2277.835,3789.065,1501.0,-1.0,128.0,1767982651.0,SAAVR,False
25489203,v_25489203_1502,5.0,4864.55,5934.2,1501.0,-1.0,128.0,1767982651.0,SAAVR,False
25502785,25502784.0,5.0,3031.625,3396.75,1502.0,-1.0,128.0,1767982651.0,SAAVR,False
25421166,25421148.0,5.0,5956.0,3738.0,1502.0,-1.0,128.0,1760491208.0,SAAVL,False
25421396,v_25421396_1501,5.0,3942.0,6102.0,1502.0,-1.0,128.0,1760492839.0,SAAVL,False
v_25528587_1502,v_25528587_1503,,5943.0,7434.75,1502.0,,,,SAAVR,True
v_25409237_1502,25409238.0,,2858.855,7588.7,1502.0,,,,SAAVL,True
v_25489203_1502,v_25489203_1503,,4866.95,5939.0,1502.0,,,,SAAVR,True
v_25488459_1502,25488458.0,,2303.335,3774.065,1502.0,,,,SAAVR,True
25421148,v_25421148_1504,5.0,5952.0,3718.0,1503.0,-1.0,128.0,1760491206.0,SAAVL,False
v_25528587_1503,25528586.0,,5933.0,7446.75,1503.0,,,,SAAVR,True
25409238,v_25409238_1504,5.0,2872.855,7591.7,1503.0,-1.0,128.0,1767983033.0,SAAVL,False
v_25489203_1503,v_25489203_1504,,4869.35,5943.8,1503.0,,,,SAAVR,True
v_25421397_1503,25421396.0,,3958.5,6097.5,1503.0,,,,SAAVL,True
25502784,25502783.0,5.0,3023.625,3396.75,1503.0,-1.0,128.0,1767982651.0,SAAVR,False
25488459,v_25488459_1502,5.0,2311.835,3769.065,1503.0,-1.0,128.0,1767982651.0,SAAVR,False
25528586,v_25528586_1505,5.0,5923.0,7458.75,1504.0,-1.0,128.0,1766164197.0,SAAVR,False
v_25409238_1504,25409239.0,,2872.855,7598.7,1504.0,,,,SAAVL,True
v_25489203_1504,v_25489203_1505,,4871.75,5948.599999999999,1504.0,,,,SAAVR,True
25488460,25488459.0,5.0,2387.835,3711.065,1504.0,-1.0,128.0,1767982651.0,SAAVR,False
25502783,25502782.0,5.0,3075.625,3536.75,1504.0,-1.0,128.0,1767982651.0,SAAVR,False
v_25421148_1504,v_25421148_1505,,5946.666666666667,3715.3333333333335,1504.0,,,,SAAVL,True
25421397,v_25421397_1503,5.0,3964.0,6096.0,1504.0,-1.0,128.0,1760492840.0,SAAVL,False
25421398,25421397.0,5.0,3968.025,6085.75,1505.0,-1.0,128.0,1760493048.0,SAAVL,False
v_25528586_1505,v_25528586_1506,,5904.2,7466.75,1505.0,,,,SAAVR,True
25502782,25502780.0,5.0,3159.625,3576.75,1505.0,-1.0,128.0,1767982651.0,SAAVR,False
25488461,25488460.0,3.0,2441.835,3713.065,1505.0,-1.0,128.0,1767982651.0,SAAVR,False
v_25489203_1505,25489204.0,,4874.150000000001,5953.4,1505.0,,,,SAAVR,True
25409239,v_25409239_1506,5.0,2872.855,7605.7,1505.0,-1.0,128.0,1767983033.0,SAAVL,False
v_25421148_1505,25421147.0,,5941.333333333333,3712.6666666666665,1505.0,,,,SAAVL,True
25489204,v_25489204_1507,5.0,4876.55,5958.2,1506.0,-1.0,128.0,1767982651.0,SAAVR,False
25421147,v_25421147_1507,5.0,5936.0,3710.0,1506.0,-1.0,128.0,1779988319.0,SAAVL,False
v_25528586_1506,v_25528586_1507,,5885.4,7474.75,1506.0,,,,SAAVR,True
25421399,25421398.0,5.0,3994.0,6070.0,1506.0,-1.0,128.0,1760492851.0,SAAVL,False
25528732,25528733.0,5.0,2916.435,3679.865,1506.0,-1.0,99.0,1767982651.0,SAAVR,False
25502780,25528732.0,5.0,3195.625,3636.75,1506.0,-1.0,128.0,1767982651.0,SAAVR,False
25528734,25488461.0,5.0,2506.835,3747.065,1506.0,-1.0,99.0,1767982651.0,SAAVR,False
v_25409239_1506,25409240.0,,2891.855,7620.7,1506.0,,,,SAAVL,True
25528733,25528734.0,5.0,2729.235,3635.065,1506.0,-1.0,99.0,1767982651.0,SAAVR,False
25502779,25502780.0,5.0,3207.625,3600.75,1507.0,-1.0,128.0,1767982651.0,SAAVR,False
v_25528586_1507,v_25528586_1508,,5866.6,7482.75,1507.0,,,,SAAVR,True
v_25421147_1507,25559793.0,,5943.9,3714.475,1507.0,,,,SAAVL,True
25409240,v_25409240_1508,5.0,2910.855,7635.7,1507.0,-1.0,128.0,1767983033.0,SAAVL,False
25421400,25421399.0,5.0,4008.0,6064.0,1507.0,-1.0,128.0,1760492852.0,SAAVL,False
v_25489204_1507,25489205.0,,4881.55,5967.2,1507.0,,,,SAAVR,True
25502778,25502779.0,5.0,3207.625,3600.75,1508.0,-1.0,128.0,1767982651.0,SAAVR,False
v_25409240_1508,25409241.0,,2927.855,7640.7,1508.0,,,,SAAVL,True
25559793,25421146.0,5.0,5951.8,3718.95,1508.0,-1.0,128.0,1779988319.0,SAAVL,False
25489205,v_25489205_1509,5.0,4886.55,5976.2,1508.0,-1.0,128.0,1767982651.0,SAAVR,False
v_25528586_1508,25528585.0,,5847.8,7490.75,1508.0,,,,SAAVR,True
25421401,25421400.0,5.0,4008.0,6064.0,1508.0,-1.0,128.0,1760492853.0,SAAVL,False
25421402,25421401.0,5.0,3998.0,6068.0,1509.0,-1.0,128.0,1760492855.0,SAAVL,False
25502777,25502778.0,5.0,3203.625,3636.75,1509.0,-1.0,128.0,1767982651.0,SAAVR,False
25421146,25421150.0,5.0,5936.0,3710.0,1509.0,-1.0,128.0,1760491092.0,SAAVL,False
25489246,25489245.0,5.0,4934.55,5718.2,1509.0,-1.0,128.0,1767982651.0,SAAVR,False
25409241,v_25409241_1510,5.0,2944.855,7645.7,1509.0,-1.0,128.0,1767983033.0,SAAVL,False
25528585,v_25528585_1510,5.0,5829.0,7498.75,1509.0,-1.0,128.0,1766164195.0,SAAVR,False
v_25489205_1509,25489206.0,,4887.55,5977.2,1509.0,,,,SAAVR,True
25463882,25421146.0,5.0,6613.8,3392.95,1510.0,-1.0,128.0,1761753048.0,SAAVL,False
v_25409241_1510,25409242.0,,2959.855,7655.7,1510.0,,,,SAAVL,True
25489206,v_25489206_1511,5.0,4888.55,5978.2,1510.0,-1.0,128.0,1767982651.0,SAAVR,False
v_25557007_1510,25502777.0,,3183.6262500000003,3606.75,1510.0,,,,SAAVR,True
25489245,25489208.0,5.0,4920.55,5734.2,1510.0,-1.0,128.0,1767982651.0,SAAVR,False
25421150,v_25421150_1511,5.0,5936.0,3734.0,1510.0,816.0,128.0,1760491098.0,SAAVL,False
v_25528585_1510,v_25528585_1511,,5810.333333333333,7506.75,1510.0,,,,SAAVR,True
25421403,25421402.0,5.0,3996.0,6062.0,1510.0,-1.0,128.0,1760492856.0,SAAVL,False
v_25421150_1511,25421145.0,,5928.0,3738.0,1511.0,,,,SAAVL,True
v_25528585_1511,25528584.0,,5791.666666666667,7514.75,1511.0,,,,SAAVR,True
25421404,25421403.0,5.0,3990.0,6054.0,1511.0,-1.0,128.0,1760492869.0,SAAVL,False
v_25489206_1511,25489207.0,,4909.55,5901.2,1511.0,,,,SAAVR,True
25463883,25463882.0,5.0,6621.8,3384.95,1511.0,-1.0,128.0,1761753050.0,SAAVL,False
25409242,v_25409242_1512,5.0,2974.855,7665.7,1511.0,-1.0,128.0,1767983033.0,SAAVL,False
25489208,25489207.0,5.0,4914.55,5722.2,1511.0,-1.0,128.0,1767982651.0,SAAVR,False
25557007,v_25557007_1510,5.0,3176.96,3596.75,1511.0,-1.0,128.0,1770828964.0,SAAVR,False
25421405,25421404.0,5.0,3988.0,6050.0,1512.0,-1.0,128.0,1760492870.0,SAAVL,False
25528584,v_25528584_1513,5.0,5773.0,7522.75,1512.0,-1.0,128.0,1766164194.0,SAAVR,False
25489207,25489209.0,5.0,4930.55,5824.2,1512.0,-1.0,128.0,1767982651.0,SAAVR,False
v_25409242_1512,25409243.0,,2988.855,7670.7,1512.0,,,,SAAVL,True
25502776,25557007.0,5.0,3163.625,3576.75,1512.0,-1.0,128.0,1770828964.0,SAAVR,False
25463884,25463883.0,5.0,6655.8,3364.95,1512.0,-1.0,128.0,1761753051.0,SAAVL,False
25421145,25422299.0,5.0,5920.0,3742.0,1512.0,816.0,128.0,1760502215.0,SAAVL,False
25421406,25421405.0,5.0,3980.0,6034.0,1513.0,-1.0,128.0,1760492871.0,SAAVL,False
25422299,v_25422299_1514,5.0,5912.0,3742.0,1513.0,816.0,128.0,1760502215.0,SAAVL,False
v_25528584_1513,v_25528584_1514,,5750.5,7540.75,1513.0,,,,SAAVR,True
25409243,25409244.0,5.0,3002.855,7675.7,1513.0,-1.0,128.0,1767983033.0,SAAVL,False
25463885,25463884.0,5.0,6709.8,3340.95,1513.0,-1.0,128.0,1761753055.0,SAAVL,False
25489209,v_25489209_1514,5.0,4906.55,5826.2,1513.0,-1.0,128.0,1767982651.0,SAAVR,False
25559223,25502776.0,5.0,3160.96,3568.75,1513.0,-1.0,128.0,1771818447.0,SAAVR,False
v_25422299_1514,25421144.0,,5916.0,3742.0,1514.0,,,,SAAVL,True
25409244,25409245.0,5.0,3052.855,7713.7,1514.0,-1.0,128.0,1767983033.0,SAAVL,False
v_25528584_1514,v_25528584_1515,,5728.0,7558.75,1514.0,,,,SAAVR,True
v_25502775_1514,25559223.0,,3156.95875,3556.75,1514.0,,,,SAAVR,True
25421407,25421406.0,5.0,3988.0,6016.0,1514.0,-1.0,128.0,1760492874.0,SAAVL,False
v_25489209_1514,25489210.0,,4894.55,5828.2,1514.0,,,,SAAVR,True
25463886,25463885.0,5.0,6719.8,3330.95,1514.0,-1.0,128.0,1761753056.0,SAAVL,False
v_25528584_1515,25528583.0,,5705.5,7576.75,1515.0,,,,SAAVR,True
25421144,25421149.0,5.0,5920.0,3742.0,1515.0,816.0,128.0,1760491098.0,SAAVL,False
25489210,v_25489210_1516,5.0,4882.55,5830.2,1515.0,-1.0,128.0,1767982651.0,SAAVR,False
25421408,25421407.0,5.0,3986.0,6006.0,1515.0,-1.0,128.0,1760492874.0,SAAVL,False
25463887,25463886.0,5.0,6743.8,3330.95,1515.0,-1.0,128.0,1761753057.0,SAAVL,False
25502775,v_25502775_1514,5.0,3155.625,3552.75,1515.0,-1.0,128.0,1771818447.0,SAAVR,False
25409245,25409246.0,5.0,3126.855,7737.7,1515.0,-1.0,128.0,1767983033.0,SAAVL,False
v_25489210_1516,25489211.0,,4872.55,5826.2,1516.0,,,,SAAVR,True
v_25502774_1516,25502775.0,,3125.625,3510.75,1516.0,,,,SAAVR,True
25421409,25421408.0,5.0,3980.0,6006.0,1516.0,-1.0,128.0,1760492876.0,SAAVL,False
25409246,25409247.0,5.0,3158.855,7751.7,1516.0,-1.0,128.0,1767983033.0,SAAVL,False
25463888,25463887.0,5.0,6783.8,3334.95,1516.0,-1.0,128.0,1761753058.0,SAAVL,False
25421149,,5.0,5920.0,3742.0,1516.0,816.0,128.0,1760491098.0,SAAVL,False
25528583,v_25528583_1517,5.0,5683.0,7594.75,1516.0,-1.0,128.0,1766164193.0,SAAVR,False
25409247,25409248.0,5.0,3218.855,7785.7,1517.0,-1.0,128.0,1767983033.0,SAAVL,False
25463889,25463888.0,5.0,6823.8,3332.95,1517.0,-1.0,128.0,1761753061.0,SAAVL,False
v_25528583_1517,v_25528583_1518,,5670.333333333333,7599.416666666667,1517.0,,,,SAAVR,True
25421410,25421409.0,5.0,3988.0,5998.0,1517.0,-1.0,128.0,1760492877.0,SAAVL,False
25489211,v_25489211_1518,5.0,4862.55,5822.2,1517.0,-1.0,128.0,1771723182.0,SAAVR,False
v_25421143_1517,25421149.0,,5920.0,3742.0,1517.0,,,,SAAVL,True
25502774,v_25502774_1516,5.0,3115.625,3496.75,1517.0,-1.0,128.0,1767982651.0,SAAVR,False
v_25528583_1518,25528582.0,,5657.666666666667,7604.083333333333,1518.0,,,,SAAVR,True
25463890,25463889.0,5.0,6847.8,3332.95,1518.0,-1.0,128.0,1761753062.0,SAAVL,False
25421411,25421410.0,5.0,3976.0,5982.0,1518.0,-1.0,128.0,1760492878.0,SAAVL,False
v_25502773_1518,25502774.0,,3105.4475,3509.54875,1518.0,,,,SAAVR,True
25421143,v_25421143_1517,5.0,5920.0,3742.0,1518.0,-1.0,128.0,1760491087.0,SAAVL,False
v_25489211_1518,25559000.0,,4854.55,5826.2,1518.0,,,,SAAVR,True
25409248,25409249.0,5.0,3234.855,7783.7,1518.0,-1.0,128.0,1767983033.0,SAAVL,False
25528582,v_25528582_1520,5.0,5645.0,7608.75,1519.0,-1.0,128.0,1766164191.0,SAAVR,False
v_25421138_1519,25421143.0,,5912.950000000001,3735.0625,1519.0,,,,SAAVL,True
25421412,25421411.0,5.0,3956.0,5960.0,1519.0,-1.0,128.0,1760492879.0,SAAVL,False
25559000,25489212.0,5.0,4846.55,5830.2,1519.0,-1.0,128.0,1771723182.0,SAAVR,False
25409249,25409250.0,5.0,3250.855,7789.7,1519.0,-1.0,128.0,1767983033.0,SAAVL,False
25502773,v_25502773_1518,5.0,3102.055,3513.815,1519.0,-1.0,128.0,1767982651.0,SAAVR,False
25463891,25463890.0,5.0,6895.8,3346.95,1519.0,-1.0,128.0,1761753064.0,SAAVL,False
25489212,25489213.0,5.0,4838.55,5834.2,1520.0,-1.0,128.0,1767982651.0,SAAVR,False
v_25502772_1520,25502773.0,,3102.78625,3504.9875,1520.0,,,,SAAVR,True
25421413,25421412.0,5.0,3946.0,5938.0,1520.0,-1.0,128.0,1760492880.0,SAAVL,False
25409250,25409251.0,5.0,3296.855,7805.7,1520.0,-1.0,128.0,1767983033.0,SAAVL,False
25421138,v_25421138_1519,5.0,5910.6,3732.75,1520.0,-1.0,128.0,1765578649.0,SAAVL,False
v_25528582_1520,25528581.0,,5622.0,7631.75,1520.0,,,,SAAVR,True
25463892,25463891.0,5.0,6945.8,3340.95,1520.0,-1.0,128.0,1761753066.0,SAAVL,False
25421414,25421413.0,5.0,3944.0,5920.0,1521.0,-1.0,128.0,1760492882.0,SAAVL,False
25528581,25528580.0,5.0,5599.0,7654.75,1521.0,-1.0,128.0,1766164190.0,SAAVR,False
25489213,25489214.0,5.0,4836.55,5812.2,1521.0,-1.0,128.0,1767982651.0,SAAVR,False
25502772,v_25502772_1520,5.0,3103.03,3502.045,1521.0,-1.0,128.0,1767982651.0,SAAVR,False
25421141,25421138.0,5.0,5871.05,3766.045,1521.0,-1.0,128.0,1765513009.0,SAAVL,False
25463893,25463892.0,5.0,7005.8,3316.95,1521.0,-1.0,128.0,1761753072.0,SAAVL,False
25409251,25409252.0,5.0,3322.855,7821.7,1521.0,-1.0,128.0,1767983033.0,SAAVL,False
25409252,25409253.0,5.0,3374.855,7841.7,1522.0,-1.0,128.0,1767983033.0,SAAVL,False
v_25502771_1522,25502772.0,,3097.47625,3480.07375,1522.0,,,,SAAVR,True
v_25535592_1522,25463893.0,,7080.583333333333,3262.1666666666665,1522.0,,,,SAAVL,True
25421142,25421141.0,5.0,5856.0,3806.0,1522.0,-1.0,128.0,1760491067.0,SAAVL,False
25528580,v_25528580_1523,5.0,5467.0,7700.75,1522.0,-1.0,128.0,1766164188.0,SAAVR,False
25421415,25421414.0,5.0,3998.0,5890.0,1522.0,-1.0,128.0,1760492897.0,SAAVL,False
25489214,25489215.0,5.0,4840.55,5738.2,1522.0,-1.0,128.0,1767982651.0,SAAVR,False
25421416,25421415.0,5.0,4024.0,5880.0,1523.0,-1.0,128.0,1760492898.0,SAAVL,False
v_25535592_1523,v_25535592_1527,,7105.511111111111,3243.905555555556,1523.0,,,,SAAVL,True
25409253,25409254.0,5.0,3480.855,7881.7,1523.0,-1.0,128.0,1767983033.0,SAAVL,False
v_25528580_1523,25528579.0,,5450.0,7713.75,1523.0,,,,SAAVR,True
25502771,v_25502771_1522,5.0,3095.625,3472.75,1523.0,-1.0,128.0,1767982651.0,SAAVR,False
25421157,25421142.0,5.0,5792.0,3830.0,1523.0,-1.0,128.0,1760491163.0,SAAVL,False
25489215,25489216.0,5.0,4850.55,5704.2,1523.0,-1.0,128.0,1767982651.0,SAAVR,False
25421417,25421416.0,5.0,4028.0,5878.0,1524.0,-1.0,128.0,1760492899.0,SAAVL,False
25489216,25489217.0,5.0,4850.55,5676.2,1524.0,-1.0,128.0,1767982651.0,SAAVR,False
v_25502787_1524,25502771.0,,3085.62375,3464.7512500000003,1524.0,,,,SAAVR,True
25528579,v_25528579_1525,5.0,5433.0,7726.75,1524.0,-1.0,128.0,1766164187.0,SAAVR,False
25421158,25421157.0,5.0,5768.0,3854.0,1524.0,-1.0,128.0,1760491164.0,SAAVL,False
25409254,25409255.0,5.0,3544.855,7881.7,1524.0,-1.0,128.0,1767983033.0,SAAVL,False
v_25535592_1524,v_25535592_1526,,7130.438888888889,3225.644444444444,1524.0,,,,SAAVL,True
25489217,v_25489217_1526,5.0,4838.55,5684.2,1525.0,-1.0,128.0,1767982651.0,SAAVR,False
v_25535592_1525,v_25535592_1525,,7155.366666666667,3207.383333333333,1525.0,,,,SAAVL,True
v_25421159_1525,25421158.0,,5744.0,3854.0,1525.0,,,,SAAVL,True
25409255,25409256.0,5.0,3612.855,7897.7,1525.0,-1.0,128.0,1767983033.0,SAAVL,False
v_25528579_1525,25528578.0,,5407.0,7735.75,1525.0,,,,SAAVR,True
v_25421418_1525,25421417.0,,4040.0,5869.0,1525.0,,,,SAAVL,True
25502787,v_25502787_1524,5.0,3082.29,3462.085,1525.0,676.0,128.0,1767982651.0,SAAVR,False
25502770,25502787.0,5.0,3075.625,3456.75,1526.0,676.0,128.0,1767982651.0,SAAVR,False
25421418,v_25421418_1525,5.0,4044.0,5866.0,1526.0,-1.0,128.0,1760492900.0,SAAVL,False
v_25489217_1526,25489218.0,,4838.55,5672.2,1526.0,,,,SAAVR,True
v_25535592_1526,v_25535592_1524,,7180.294444444444,3189.1222222222223,1526.0,,,,SAAVL,True
25409256,25409257.0,5.0,3662.855,7931.7,1526.0,-1.0,128.0,1767983033.0,SAAVL,False
25421159,v_25421159_1525,5.0,5736.0,3854.0,1526.0,-1.0,128.0,1760491165.0,SAAVL,False
25528578,25528577.0,5.0,5381.0,7744.75,1526.0,-1.0,128.0,1766164186.0,SAAVR,False
25528577,25528576.0,5.0,5318.55,7766.25,1527.0,-1.0,128.0,1767935880.0,SAAVR,False
v_25559772_1527,25502770.0,,3057.27625,3470.1525,1527.0,,,,SAAVR,True
25409257,25409258.0,5.0,3666.855,7909.7,1527.0,-1.0,128.0,1767983033.0,SAAVL,False
v_25421419_1527,25421418.0,,4059.0,5855.5,1527.0,,,,SAAVL,True
25489218,25489219.0,5.0,4838.55,5660.2,1527.0,-1.0,128.0,1767982651.0,SAAVR,False
v_25535592_1527,v_25535592_1523,,7205.222222222222,3170.861111111111,1527.0,,,,SAAVL,True
25421160,25421159.0,5.0,5800.0,3866.0,1527.0,-1.0,128.0,1760491176.0,SAAVL,False
25409258,25409259.0,5.0,3706.855,7915.7,1528.0,-1.0,128.0,1767983033.0,SAAVL,False
25489219,v_25489219_1529,5.0,4844.55,5646.2,1528.0,-1.0,128.0,1767982651.0,SAAVR,False
25421161,25421160.0,5.0,5708.0,3914.0,1528.0,-1.0,128.0,1760491178.0,SAAVL,False
25535592,v_25535592_1522,5.0,7230.15,3152.6,1528.0,-1.0,99.0,1767904350.0,SAAVL,False
25528576,25528575.0,5.0,5309.0,7778.75,1528.0,-1.0,128.0,1766164184.0,SAAVR,False
25421419,v_25421419_1527,5.0,4064.0,5852.0,1528.0,-1.0,128.0,1760492901.0,SAAVL,False
25559772,v_25559772_1527,5.0,3051.16,3474.62,1528.0,676.0,128.0,1776047433.0,SAAVR,False
25535591,25535592.0,5.0,7274.15,3146.6,1529.0,-1.0,99.0,1767904350.0,SAAVL,False
25421420,25421419.0,5.0,4094.0,5842.0,1529.0,-1.0,128.0,1760492902.0,SAAVL,False
25528575,v_25528575_1530,5.0,5089.0,7826.75,1529.0,-1.0,128.0,1766164181.0,SAAVR,False
25421162,25421161.0,5.0,5688.0,3914.0,1529.0,-1.0,128.0,1760491180.0,SAAVL,False
v_25489219_1529,25489220.0,,4852.55,5637.2,1529.0,,,,SAAVR,True
v_25502769_1529,25559772.0,,3036.50875,3476.2175,1529.0,,,,SAAVR,True
25409259,25409260.0,5.0,3712.855,7921.7,1529.0,-1.0,128.0,1767983033.0,SAAVL,False
v_25528575_1530,25528574.0,,5025.0,7849.75,1530.0,,,,SAAVR,True
25421163,25421162.0,5.0,5696.0,3918.0,1530.0,-1.0,128.0,1760491190.0,SAAVL,False
25489220,v_25489220_1531,5.0,4860.55,5628.2,1530.0,-1.0,128.0,1767982651.0,SAAVR,False
v_25421421_1530,25421420.0,,4107.5,5809.0,1530.0,,,,SAAVL,True
25502769,v_25502769_1529,5.0,3031.625,3476.75,1530.0,676.0,128.0,1776047433.0,SAAVR,False
25409260,25409261.0,5.0,3740.855,7919.7,1530.0,-1.0,128.0,1767983033.0,SAAVL,False
25535590,25535591.0,5.0,7272.15,3162.6,1530.0,-1.0,99.0,1767904347.0,SAAVL,False
25409261,v_25409261_1532,5.0,3762.855,7919.7,1531.0,-1.0,128.0,1767983033.0,SAAVL,False
25535589,25535590.0,5.0,7260.15,3166.6,1531.0,-1.0,99.0,1767904344.0,SAAVL,False
v_25489220_1531,25489221.0,,4872.55,5622.2,1531.0,,,,SAAVR,True
25528574,25528573.0,5.0,4961.0,7872.75,1531.0,-1.0,128.0,1766164180.0,SAAVR,False
v_25502786_1531,25502769.0,,3031.625,3476.75,1531.0,,,,SAAVR,True
25421164,25421163.0,5.0,5680.0,3906.0,1531.0,-1.0,128.0,1760491191.0,SAAVL,False
25421421,v_25421421_1530,5.0,4112.0,5798.0,1531.0,-1.0,128.0,1760492904.0,SAAVL,False
25528573,,5.0,4915.0,7872.75,1532.0,-1.0,128.0,1766164177.0,SAAVR,False
25421422,25421421.0,5.0,4128.0,5778.0,1532.0,-1.0,128.0,1760492905.0,SAAVL,False
v_25502786_1532,v_25502786_1532,,3031.625,3476.75,1532.0,,,,SAAVR,True
25489221,v_25489221_1533,5.0,4884.55,5616.2,1532.0,-1.0,128.0,1767982651.0,SAAVR,False
25421165,25421164.0,5.0,5668.0,3914.0,1532.0,-1.0,128.0,1760491193.0,SAAVL,False
v_25409261_1532,25409262.0,,3765.855,7920.7,1532.0,,,,SAAVL,True
25535588,25535589.0,5.0,7298.15,3192.6,1532.0,-1.0,99.0,1767904341.0,SAAVL,False
v_25489221_1533,25489222.0,,4896.55,5618.2,1533.0,,,,SAAVR,True
25528670,25528573.0,5.0,4875.0,7872.75,1533.0,-1.0,128.0,1766164439.0,SAAVR,False
25502786,v_25502786_1531,5.0,3031.625,3476.75,1533.0,676.0,128.0,1767982651.0,SAAVR,False
25409262,v_25409262_1534,5.0,3768.855,7921.7,1533.0,-1.0,128.0,1767983033.0,SAAVL,False
v_25421423_1533,25421422.0,,4126.8,5778.0,1533.0,,,,SAAVL,True
25535182,25535588.0,5.0,7338.25,3211.15,1533.0,-1.0,128.0,1767904340.0,SAAVL,False
25535998,25535997.0,5.0,2144.625,3344.75,1534.0,-1.0,99.0,1767982857.0,SAAVR,False
25502768,25502786.0,5.0,3031.625,3476.75,1534.0,-1.0,128.0,1767982651.0,SAAVR,False
v_25409262_1534,25409263.0,,3782.855,7927.7,1534.0,,,,SAAVL,True
v_25528671_1534,25528670.0,,4846.5,7871.25,1534.0,,,,SAAVR,True
v_25421423_1534,v_25421423_1534,,4126.4,5778.0,1534.0,,,,SAAVL,True
25525862,25535998.0,3.0,2045.625,3228.75,1534.0,-1.0,128.0,1767982863.0,SAAVR,False
25535181,25535182.0,5.0,7314.25,3203.15,1534.0,-1.0,128.0,1767814650.0,SAAVL,False
25489222,v_25489222_1535,5.0,4908.55,5620.2,1534.0,-1.0,128.0,1767982651.0,SAAVR,False
25421423,v_25421423_1533,5.0,4126.0,5778.0,1535.0,-1.0,128.0,1760492906.0,SAAVL,False
25535180,25535181.0,5.0,7312.25,3201.15,1535.0,-1.0,128.0,1767814650.0,SAAVL,False
25409263,25409264.0,5.0,3796.855,7933.7,1535.0,-1.0,128.0,1767983033.0,SAAVL,False
v_25502767_1535,25502768.0,,3031.625,3491.15,1535.0,,,,SAAVR,True
v_25489222_1535,25489223.0,,4927.55,5622.2,1535.0,,,,SAAVR,True
25525861,25525862.0,5.0,2017.625,3230.75,1535.0,-1.0,128.0,1767982859.0,SAAVR,False
25535997,25535996.0,5.0,2146.625,3334.75,1535.0,-1.0,99.0,1767982855.0,SAAVR,False
25528671,v_25528671_1534,5.0,4837.0,7870.75,1535.0,-1.0,128.0,1766164440.0,SAAVR,False
v_25502767_1536,v_25502767_1536,,3031.625,3495.95,1536.0,,,,SAAVR,True
25409264,v_25409264_1537,5.0,3814.855,7941.7,1536.0,-1.0,128.0,1767983033.0,SAAVL,False
v_25421424_1536,25421423.0,,4123.0,5772.0,1536.0,,,,SAAVL,True
v_25528672_1536,25528671.0,,4792.0,7879.75,1536.0,,,,SAAVR,True
25535996,25535995.0,3.0,2164.625,3346.75,1536.0,-1.0,99.0,1767982854.0,SAAVR,False
25489223,v_25489223_1537,5.0,4946.55,5624.2,1536.0,-1.0,128.0,1767982651.0,SAAVR,False
v_25525860_1536,25525861.0,,1999.625,3244.25,1536.0,,,,SAAVR,True
25526894,25535180.0,5.0,7284.25,3195.15,1536.0,-1.0,128.0,1767814650.0,SAAVL,False
25525860,v_25525860_1536,5.0,1993.625,3248.75,1537.0,-1.0,128.0,1767982859.0,SAAVR,False
25528672,v_25528672_1536,5.0,4777.0,7882.75,1537.0,-1.0,128.0,1766164441.0,SAAVR,False
25535995,25535994.0,5.0,2168.625,3348.75,1537.0,-1.0,99.0,1767982852.0,SAAVR,False
25535994,25535993.0,5.0,2270.625,3344.75,1537.0,-1.0,99.0,1767982851.0,SAAVR,False
25421424,v_25421424_1536,5.0,4122.0,5770.0,1537.0,-1.0,128.0,1760492908.0,SAAVL,False
25526893,25526894.0,5.0,7280.25,3183.15,1537.0,-1.0,128.0,1767814650.0,SAAVL,False
25502767,v_25502767_1535,5.0,3031.625,3500.75,1537.0,-1.0,128.0,1767982651.0,SAAVR,False
v_25489223_1537,25489224.0,,4962.55,5623.2,1537.0,,,,SAAVR,True
v_25409264_1537,25409265.0,,3833.855,7948.7,1537.0,,,,SAAVL,True
v_25525859_1538,25525860.0,,1960.625,3271.25,1538.0,,,,SAAVR,True
25535993,25535992.0,5.0,2268.625,3346.75,1538.0,-1.0,99.0,1767982840.0,SAAVR,False
25502766,25502767.0,5.0,3043.625,3508.75,1538.0,-1.0,128.0,1767982651.0,SAAVR,False
25489224,v_25489224_1539,5.0,4978.55,5622.2,1538.0,-1.0,128.0,1767982651.0,SAAVR,False
v_25421425_1538,25421424.0,,4128.0,5764.0,1538.0,,,,SAAVL,True
v_25528673_1538,25528672.0,,4766.2,7876.75,1538.0,,,,SAAVR,True
25526892,25526893.0,5.0,7297.25,3187.15,1538.0,-1.0,128.0,1767814650.0,SAAVL,False
25409265,25409266.0,5.0,3852.855,7955.7,1538.0,-1.0,128.0,1767983033.0,SAAVL,False
25409266,25409267.0,5.0,3882.855,7967.7,1539.0,-1.0,128.0,1767983033.0,SAAVL,False
25502765,25502766.0,5.0,3043.625,3508.75,1539.0,-1.0,128.0,1767982651.0,SAAVR,False
25421425,v_25421425_1538,5.0,4130.0,5762.0,1539.0,-1.0,128.0,1760492909.0,SAAVL,False
25526891,25526892.0,5.0,7326.25,3193.15,1539.0,-1.0,128.0,1767814650.0,SAAVL,False
25525859,v_25525859_1538,5.0,1949.625,3278.75,1539.0,-1.0,128.0,1767982859.0,SAAVR,False
v_25489224_1539,25489225.0,,4983.55,5611.2,1539.0,,,,SAAVR,True
v_25528673_1539,v_25528673_1539,,4762.6,7874.75,1539.0,,,,SAAVR,True
25535992,25535991.0,5.0,2274.625,3350.75,1539.0,-1.0,99.0,1767982839.0,SAAVR,False
25489225,v_25489225_1541,5.0,4988.55,5600.2,1540.0,-1.0,128.0,1767982651.0,SAAVR,False
25528673,v_25528673_1538,5.0,4759.0,7872.75,1540.0,-1.0,128.0,1766164443.0,SAAVR,False
v_25526890_1540,25526891.0,,7349.05,3181.75,1540.0,,,,SAAVL,True
v_25421426_1540,25421425.0,,4130.0,5739.5,1540.0,,,,SAAVL,True
25409267,25409268.0,5.0,3948.855,7947.7,1540.0,-1.0,128.0,1767983033.0,SAAVL,False
25525851,25525852.0,5.0,1575.625,3154.75,1540.0,-1.0,128.0,1767982859.0,SAAVR,False
25535990,25502764.0,5.0,2532.625,3238.75,1540.0,-1.0,99.0,1767982832.0,SAAVR,False
25525858,25525859.0,5.0,1923.625,3296.75,1540.0,-1.0,128.0,1767982859.0,SAAVR,False
25535991,25535990.0,5.0,2306.625,3340.75,1540.0,-1.0,99.0,1767982832.0,SAAVR,False
25502764,25502765.0,5.0,3043.625,3508.75,1540.0,-1.0,128.0,1767982651.0,SAAVR,False
25409268,25409269.0,5.0,3958.855,7937.7,1541.0,-1.0,128.0,1767983033.0,SAAVL,False
25525852,25525858.0,5.0,1811.625,3164.75,1541.0,-1.0,128.0,1767982859.0,SAAVR,False
25525850,25525851.0,5.0,1507.625,3282.75,1541.0,-1.0,128.0,1767982859.0,SAAVR,False
v_25528674_1541,25528673.0,,4744.6,7854.75,1541.0,,,,SAAVR,True
v_25489225_1541,v_25489225_1542,,5003.216666666667,5603.533333333333,1541.0,,,,SAAVR,True
v_25502763_1541,25502764.0,,3043.625,3508.75,1541.0,,,,SAAVR,True
25421426,v_25421426_1540,5.0,4130.0,5732.0,1541.0,-1.0,128.0,1760492910.0,SAAVL,False
v_25526890_1541,v_25526890_1541,,7356.65,3177.9500000000003,1541.0,,,,SAAVL,True
25525853,25525852.0,5.0,1845.625,3182.75,1542.0,-1.0,128.0,1767982859.0,SAAVR,False
v_25489225_1542,25489226.0,,5017.883333333333,5606.866666666667,1542.0,,,,SAAVR,True
v_25528674_1542,v_25528674_1542,,4739.8,7848.75,1542.0,,,,SAAVR,True
25525849,25525850.0,5.0,1443.625,3334.75,1542.0,-1.0,128.0,1767982859.0,SAAVR,False
25526890,v_25526890_1540,5.0,7364.25,3174.15,1542.0,-1.0,128.0,1767814650.0,SAAVL,False
25409269,25535999.0,5.0,3962.855,7917.7,1542.0,-1.0,128.0,1767983033.0,SAAVL,False
v_25421427_1542,25421426.0,,4139.0,5723.0,1542.0,,,,SAAVL,True
25502763,v_25502763_1541,5.0,3043.625,3508.75,1542.0,-1.0,128.0,1767982651.0,SAAVR,False
25535999,25536000.0,5.0,3983.855,7923.7,1543.0,-1.0,99.0,1767983033.0,SAAVL,False
v_25526889_1543,25526890.0,,7377.107142857143,3163.0071428571428,1543.0,,,,SAAVL,True
25489226,25489227.0,5.0,5032.55,5610.2,1543.0,-1.0,128.0,1767982651.0,SAAVR,False
25528674,v_25528674_1541,5.0,4735.0,7842.75,1543.0,-1.0,128.0,1766164444.0,SAAVR,False
25502762,25502763.0,5.0,3057.625,3500.75,1543.0,-1.0,128.0,1767982651.0,SAAVR,False
25525854,25525853.0,5.0,1845.625,3182.75,1543.0,-1.0,128.0,1767982859.0,SAAVR,False
v_25525848_1543,25525849.0,,1454.125,3303.25,1543.0,,,,SAAVR,True
25421427,v_25421427_1542,5.0,4142.0,5720.0,1543.0,-1.0,128.0,1760492911.0,SAAVL,False
v_25525855_1544,25525854.0,,1824.625,3166.25,1544.0,,,,SAAVR,True
v_25421428_1544,25421427.0,,4146.5,5712.5,1544.0,,,,SAAVL,True
25536001,25536002.0,5.0,4073.855,7919.7,1544.0,-1.0,99.0,1767983033.0,SAAVL,False
25536000,25536001.0,5.0,4029.855,7925.7,1544.0,-1.0,99.0,1767983033.0,SAAVL,False
v_25526889_1544,v_25526889_1546,,7381.392857142857,3159.292857142857,1544.0,,,,SAAVL,True
25525848,v_25525848_1543,5.0,1457.625,3292.75,1544.0,-1.0,128.0,1767982859.0,SAAVR,False
25528675,25528674.0,5.0,4743.0,7832.75,1544.0,-1.0,128.0,1766164446.0,SAAVR,False
25489227,v_25489227_1545,5.0,5036.55,5618.2,1544.0,-1.0,128.0,1767982651.0,SAAVR,False
25502761,25502762.0,5.0,3057.625,3500.75,1544.0,-1.0,128.0,1767982651.0,SAAVR,False
25421428,v_25421428_1544,5.0,4148.0,5710.0,1545.0,-1.0,128.0,1760492913.0,SAAVL,False
v_25489227_1545,25489228.0,,5039.55,5614.2,1545.0,,,,SAAVR,True
25536002,25536003.0,5.0,4067.855,7911.7,1545.0,-1.0,99.0,1767983033.0,SAAVL,False
v_25526889_1545,v_25526889_1545,,7385.678571428572,3155.578571428572,1545.0,,,,SAAVL,True
25525855,v_25525855_1544,5.0,1817.625,3160.75,1545.0,-1.0,128.0,1767982859.0,SAAVR,False
25502759,25502761.0,5.0,3073.625,3514.75,1545.0,-1.0,128.0,1767982651.0,SAAVR,False
25528676,25528675.0,5.0,4711.0,7846.75,1545.0,-1.0,128.0,1766164448.0,SAAVR,False
25525847,25525848.0,5.0,1477.625,3278.75,1545.0,-1.0,128.0,1767982859.0,SAAVR,False
25525846,25525847.0,5.0,1525.625,3220.75,1546.0,-1.0,128.0,1767982859.0,SAAVR,False
v_25525856_1546,25525855.0,,1795.125,3162.25,1546.0,,,,SAAVR,True
v_25526889_1546,v_25526889_1544,,7389.964285714285,3151.864285714286,1546.0,,,,SAAVL,True
v_25421429_1546,25421428.0,,4148.0,5695.6,1546.0,,,,SAAVL,True
25536003,25536004.0,5.0,4073.855,7907.7,1546.0,-1.0,99.0,1767983033.0,SAAVL,False
25489228,25489229.0,5.0,5042.55,5610.2,1546.0,-1.0,128.0,1767982651.0,SAAVR,False
25502758,25502759.0,5.0,3005.625,3462.75,1546.0,-1.0,128.0,1767982651.0,SAAVR,False
25535987,25528676.0,5.0,4709.55,7824.2,1546.0,-1.0,99.0,1767982638.0,SAAVR,False
25502760,25502759.0,5.0,3327.625,3784.75,1546.0,-1.0,128.0,1767982651.0,SAAVR,False
25525856,v_25525856_1546,5.0,1787.625,3162.75,1547.0,-1.0,128.0,1767982859.0,SAAVR,False
25502756,25502758.0,5.0,2997.625,3460.75,1547.0,-1.0,128.0,1767982651.0,SAAVR,False
25525833,25502760.0,5.0,3327.625,3790.75,1547.0,-1.0,128.0,1767982651.0,SAAVR,False
25489229,25489330.0,5.0,5042.55,5620.2,1547.0,-1.0,128.0,1767982651.0,SAAVR,False
25536004,25536005.0,5.0,4073.855,7885.7,1547.0,-1.0,99.0,1767983033.0,SAAVL,False
v_25421429_1547,v_25421429_1547,,4148.0,5690.8,1547.0,,,,SAAVL,True
v_25535988_1547,25535987.0,,4686.407142857143,7807.914285714285,1547.0,,,,SAAVR,True
v_25525845_1547,25525846.0,,1521.125,3225.25,1547.0,,,,SAAVR,True
25526889,v_25526889_1543,5.0,7394.25,3148.15,1547.0,-1.0,128.0,1767814650.0,SAAVL,False
25525834,25525833.0,5.0,3329.625,3796.75,1548.0,-1.0,128.0,1767982651.0,SAAVR,False
25525845,v_25525845_1547,5.0,1519.625,3226.75,1548.0,-1.0,128.0,1767982859.0,SAAVR,False
v_25535988_1548,v_25535988_1550,,4678.692857142857,7802.485714285714,1548.0,,,,SAAVR,True
25525857,25525856.0,5.0,1761.625,3168.75,1548.0,-1.0,128.0,1767982859.0,SAAVR,False
25502757,25502756.0,5.0,2981.625,3424.75,1548.0,-1.0,128.0,1767982651.0,SAAVR,False
25489330,25489331.0,5.0,5054.55,5604.2,1548.0,-1.0,128.0,1767982651.0,SAAVR,False
v_25557048_1548,25526889.0,,7403.549999999999,3142.15,1548.0,,,,SAAVL,True
25536005,25536006.0,5.0,4075.855,7889.7,1548.0,-1.0,99.0,1767983033.0,SAAVL,False
25421429,v_25421429_1546,5.0,4148.0,5686.0,1548.0,-1.0,128.0,1760492914.0,SAAVL,False
25489331,v_25489331_1550,5.0,5081.55,5644.2,1549.0,-1.0,128.0,1767982651.0,SAAVR,False
v_25535988_1549,v_25535988_1549,,4670.978571428572,7797.057142857143,1549.0,,,,SAAVR,True
25536006,25536007.0,5.0,4105.855,7917.7,1549.0,-1.0,99.0,1767983033.0,SAAVL,False
25557048,v_25557048_1548,5.0,7406.65,3140.15,1549.0,-1.0,128.0,1770829870.0,SAAVL,False
25421430,25421429.0,5.0,4160.0,5686.0,1549.0,-1.0,128.0,1760492921.0,SAAVL,False
25502788,25502757.0,5.0,2910.29,3414.085,1549.0,-1.0,128.0,1767982651.0,SAAVR,False
25525835,25525834.0,5.0,3313.625,3812.75,1549.0,-1.0,128.0,1767982651.0,SAAVR,False
25525844,25525845.0,5.0,1403.625,3222.75,1549.0,-1.0,128.0,1767982859.0,SAAVR,False
25421431,25421430.0,5.0,4152.0,5684.0,1550.0,-1.0,128.0,1760492922.0,SAAVL,False
25525843,25525844.0,5.0,1409.625,3228.75,1550.0,-1.0,128.0,1767982859.0,SAAVR,False
v_25526888_1550,25557048.0,,7417.809999999999,3132.9500000000003,1550.0,,,,SAAVL,True
v_25489331_1550,25489332.0,,5102.55,5634.7,1550.0,,,,SAAVR,True
25525836,25525835.0,5.0,3295.625,3842.75,1550.0,-1.0,128.0,1767982651.0,SAAVR,False
25502789,25502788.0,5.0,2938.29,3434.085,1550.0,-1.0,128.0,1767982651.0,SAAVR,False
25536007,25536008.0,5.0,4105.855,7909.7,1550.0,-1.0,99.0,1767983033.0,SAAVL,False
v_25535988_1550,v_25535988_1548,,4663.2642857142855,7791.628571428571,1550.0,,,,SAAVR,True
25502790,25502789.0,5.0,2994.29,3434.085,1551.0,-1.0,128.0,1767982651.0,SAAVR,False
25489332,v_25489332_1552,5.0,5123.55,5625.2,1551.0,-1.0,128.0,1767982651.0,SAAVR,False
v_25525842_1551,25525843.0,,1419.225,3225.15,1551.0,,,,SAAVR,True
v_25526888_1551,v_25526888_1551,,7421.53,3130.55,1551.0,,,,SAAVL,True
v_25421432_1551,25421431.0,,4152.0,5684.0,1551.0,,,,SAAVL,True
25536008,25536009.0,5.0,4103.855,7833.7,1551.0,-1.0,99.0,1767983033.0,SAAVL,False
25535988,v_25535988_1547,5.0,4655.55,7786.2,1551.0,-1.0,99.0,1767982642.0,SAAVR,False
v_25489332_1552,v_25489332_1553,,5133.216666666667,5619.2,1552.0,,,,SAAVR,True
25502791,25502790.0,5.0,2946.29,3422.085,1552.0,-1.0,128.0,1767982651.0,SAAVR,False
25421432,v_25421432_1551,5.0,4152.0,5684.0,1552.0,-1.0,128.0,1760492923.0,SAAVL,False
v_25535989_1552,25535988.0,,4665.55,7772.2,1552.0,,,,SAAVR,True
v_25525842_1552,v_25525842_1552,,1422.425,3223.95,1552.0,,,,SAAVR,True
25536009,25536019.0,5.0,4103.855,7867.7,1552.0,-1.0,99.0,1767983033.0,SAAVL,False
25526888,v_25526888_1550,5.0,7425.25,3128.15,1552.0,-1.0,128.0,1770829870.0,SAAVL,False
v_25526887_1553,25526888.0,,7428.25,3123.65,1553.0,,,,SAAVL,True
v_25421433_1553,25421432.0,,4140.0,5673.5,1553.0,,,,SAAVL,True
v_25489332_1553,25489333.0,,5142.883333333333,5613.2,1553.0,,,,SAAVR,True
25525842,v_25525842_1551,5.0,1425.625,3222.75,1553.0,-1.0,128.0,1767982859.0,SAAVR,False
25502792,25502791.0,5.0,2898.29,3386.085,1553.0,-1.0,128.0,1767982651.0,SAAVR,False
25536019,25536018.0,5.0,4100.855,7865.7,1553.0,-1.0,99.0,1767983030.0,SAAVL,False
v_25535989_1553,v_25535989_1554,,4668.883333333333,7767.533333333333,1553.0,,,,SAAVR,True
25421433,v_25421433_1553,5.0,4136.0,5670.0,1554.0,-1.0,128.0,1760492924.0,SAAVL,False
v_25526887_1554,v_25526887_1555,,7429.25,3122.15,1554.0,,,,SAAVL,True
v_25535989_1554,v_25535989_1553,,4672.216666666667,7762.866666666667,1554.0,,,,SAAVR,True
25489333,25489334.0,5.0,5152.55,5607.2,1554.0,-1.0,128.0,1767982651.0,SAAVR,False
25536018,25536017.0,5.0,4104.855,7859.7,1554.0,-1.0,99.0,1767983028.0,SAAVL,False
v_25525841_1554,25525842.0,,1410.625,3211.75,1554.0,,,,SAAVR,True
25502793,25502792.0,5.0,2854.29,3334.085,1554.0,-1.0,128.0,1767982651.0,SAAVR,False
25535989,v_25535989_1552,5.0,4675.55,7758.2,1555.0,-1.0,99.0,1767982644.0,SAAVR,False
v_25421434_1555,25421433.0,,4103.0,5673.0,1555.0,,,,SAAVL,True
25489334,25489335.0,5.0,5164.55,5602.2,1555.0,-1.0,128.0,1767982651.0,SAAVR,False
25502794,25502793.0,5.0,2854.29,3238.085,1555.0,-1.0,128.0,1767982651.0,SAAVR,False
25536017,25536016.0,5.0,4090.855,7865.7,1555.0,-1.0,99.0,1767983026.0,SAAVL,False
v_25525841_1555,v_25525841_1556,,1405.625,3208.083333333333,1555.0,,,,SAAVR,True
v_25526887_1555,v_25526887_1554,,7430.25,3120.65,1555.0,,,,SAAVL,True
v_25525841_1556,v_25525841_1555,,1400.625,3204.4166666666665,1556.0,,,,SAAVR,True
v_25488939_1556,25535989.0,,4673.05,7761.2,1556.0,,,,SAAVR,True
25502795,25502794.0,5.0,2818.29,3206.085,1556.0,-1.0,128.0,1767982651.0,SAAVR,False
25489335,v_25489335_1557,5.0,5171.55,5610.2,1556.0,-1.0,128.0,1767982651.0,SAAVR,False
25421434,v_25421434_1555,5.0,4092.0,5674.0,1556.0,-1.0,128.0,1760492926.0,SAAVL,False
25536016,25536015.0,5.0,4104.855,7861.7,1556.0,-1.0,99.0,1767983024.0,SAAVL,False
25526887,v_25526887_1553,5.0,7431.25,3119.15,1556.0,-1.0,128.0,1767814650.0,SAAVL,False
v_25526886_1557,25526887.0,,7424.875,3113.525,1557.0,,,,SAAVL,True
v_25502796_1557,25502795.0,,2786.79,3198.585,1557.0,,,,SAAVR,True
v_25489335_1557,25489336.0,,5171.55,5610.2,1557.0,,,,SAAVR,True
25525841,v_25525841_1554,5.0,1395.625,3200.75,1557.0,-1.0,128.0,1767982859.0,SAAVR,False
25421676,25421434.0,5.0,4074.0,5671.0,1557.0,-1.0,128.0,1760494539.0,SAAVL,False
25536015,25536014.0,5.0,4098.855,7851.7,1557.0,-1.0,99.0,1767983021.0,SAAVL,False
v_25488939_1557,v_25488939_1558,,4672.216666666667,7762.2,1557.0,,,,SAAVR,True
v_25488939_1558,v_25488939_1557,,4671.383333333333,7763.2,1558.0,,,,SAAVR,True
v_25525840_1558,25525841.0,,1394.425,3189.95,1558.0,,,,SAAVR,True
v_25526886_1558,v_25526886_1561,,7422.75,3111.65,1558.0,,,,SAAVL,True
25421677,25421676.0,5.0,4054.0,5685.0,1558.0,-1.0,128.0,1760494540.0,SAAVL,False
25536014,25535885.0,5.0,4096.855,7845.7,1558.0,-1.0,99.0,1767983020.0,SAAVL,False
25489336,25489337.0,5.0,5171.55,5610.2,1558.0,-1.0,128.0,1767982651.0,SAAVR,False
25502796,v_25502796_1557,5.0,2776.29,3196.085,1558.0,-1.0,128.0,1767982651.0,SAAVR,False
v_25525840_1559,v_25525840_1559,,1394.025,3186.35,1559.0,,,,SAAVR,True
25489337,25489338.0,5.0,5173.55,5663.2,1559.0,-1.0,128.0,1767982651.0,SAAVR,False
25421678,25421677.0,5.0,4022.0,5709.0,1559.0,-1.0,128.0,1760494622.0,SAAVL,False
25535885,25535886.0,5.0,4112.855,7821.7,1559.0,-1.0,99.0,1767983007.0,SAAVL,False
v_25526886_1559,v_25526886_1560,,7420.625,3109.775,1559.0,,,,SAAVL,True
25488939,v_25488939_1556,3.0,4670.55,7764.2,1559.0,-1.0,128.0,1767982659.0,SAAVR,False
25421679,25421678.0,5.0,4024.0,5729.0,1560.0,-1.0,128.0,1760494626.0,SAAVL,False
25525840,v_25525840_1558,5.0,1393.625,3182.75,1560.0,-1.0,128.0,1767982859.0,SAAVR,False
25489338,v_25489338_1561,5.0,5171.55,5666.2,1560.0,-1.0,128.0,1767982651.0,SAAVR,False
v_25488938_1560,25488939.0,,4640.55,7744.7,1560.0,,,,SAAVR,True
25535886,25535887.0,5.0,4106.855,7815.7,1560.0,-1.0,99.0,1767983007.0,SAAVL,False
v_25526886_1560,v_25526886_1559,,7418.5,3107.9,1560.0,,,,SAAVL,True
25488938,v_25488938_1560,5.0,4630.55,7738.2,1561.0,-1.0,128.0,1767982651.0,SAAVR,False
v_25489338_1561,25489339.0,,5176.55,5671.2,1561.0,,,,SAAVR,True
v_25421680_1561,25421679.0,,4024.0,5739.5,1561.0,,,,SAAVL,True
25535887,25535888.0,5.0,4112.855,7813.7,1561.0,-1.0,99.0,1767983007.0,SAAVL,False
v_25526886_1561,v_25526886_1558,,7416.375,3106.025,1561.0,,,,SAAVL,True
v_25525839_1561,25525840.0,,1411.625,3165.95,1561.0,,,,SAAVR,True
v_25525839_1562,v_25525839_1562,,1417.625,3160.35,1562.0,,,,SAAVR,True
25421680,v_25421680_1561,5.0,4024.0,5743.0,1562.0,-1.0,128.0,1760494627.0,SAAVL,False
v_25535694_1562,25488938.0,,4627.55,7726.2375,1562.0,,,,SAAVR,True
25526886,v_25526886_1557,5.0,7414.25,3104.15,1562.0,-1.0,128.0,1767814650.0,SAAVL,False
25535888,25535889.0,5.0,4102.855,7799.7,1562.0,-1.0,99.0,1767983007.0,SAAVL,False
25489339,v_25489339_1563,5.0,5181.55,5676.2,1562.0,-1.0,128.0,1767982651.0,SAAVR,False
25535889,25535890.0,5.0,4104.855,7811.7,1563.0,-1.0,99.0,1767983007.0,SAAVL,False
25535694,v_25535694_1562,5.0,4626.55,7722.25,1563.0,-1.0,128.0,1767982651.0,SAAVR,False
v_25489339_1563,25489340.0,,5186.05,5682.7,1563.0,,,,SAAVR,True
25525839,v_25525839_1561,5.0,1423.625,3154.75,1563.0,-1.0,128.0,1767982859.0,SAAVR,False
v_25555505_1563,25526886.0,,7419.45,3100.95,1563.0,,,,SAAVL,True
v_25421681_1563,25421680.0,,4027.6,5761.0,1563.0,,,,SAAVL,True
v_25525838_1564,25525839.0,,1426.025,3151.15,1564.0,,,,SAAVR,True
v_25555505_1564,v_25555505_1565,,7421.183333333333,3099.883333333333,1564.0,,,,SAAVL,True
v_25421681_1564,v_25421681_1564,,4028.8,5767.0,1564.0,,,,SAAVL,True
25535890,25535891.0,5.0,4110.855,7797.7,1564.0,-1.0,99.0,1767983007.0,SAAVL,False
25489340,v_25489340_1565,5.0,5190.55,5689.2,1564.0,-1.0,128.0,1767982651.0,SAAVR,False
25488937,25535694.0,5.0,4640.55,7724.2,1564.0,-1.0,128.0,1767982651.0,SAAVR,False
25421681,v_25421681_1563,5.0,4030.0,5773.0,1565.0,-1.0,128.0,1760494628.0,SAAVL,False
v_25555505_1565,v_25555505_1564,,7422.916666666666,3098.8166666666666,1565.0,,,,SAAVL,True
v_25525838_1565,v_25525838_1565,,1426.825,3149.95,1565.0,,,,SAAVR,True
25535891,25535892.0,5.0,4108.855,7795.7,1565.0,-1.0,99.0,1767983007.0,SAAVL,False
v_25488936_1565,25488937.0,,4657.05,7718.2,1565.0,,,,SAAVR,True
v_25489340_1565,25489341.0,,5205.55,5703.2,1565.0,,,,SAAVR,True
25535892,25535893.0,5.0,4094.855,7781.7,1566.0,-1.0,99.0,1767983007.0,SAAVL,False
25525838,v_25525838_1564,5.0,1427.625,3148.75,1566.0,-1.0,128.0,1767982859.0,SAAVR,False
25489341,v_25489341_1567,5.0,5220.55,5717.2,1566.0,-1.0,128.0,1767982651.0,SAAVR,False
25488936,v_25488936_1565,5.0,4662.55,7716.2,1566.0,-1.0,128.0,1767982651.0,SAAVR,False
25555505,v_25555505_1563,5.0,7424.65,3097.75,1566.0,-1.0,128.0,1769799120.0,SAAVL,False
v_25421682_1566,25421681.0,,4031.5,5773.0,1566.0,,,,SAAVL,True
v_25525837_1567,25525838.0,,1427.625,3154.75,1567.0,,,,SAAVR,True
v_25488935_1567,25488936.0,,4677.55,7692.2,1567.0,,,,SAAVR,True
v_25489341_1567,25489342.0,,5227.05,5725.7,1567.0,,,,SAAVR,True
25526885,25555505.0,5.0,7427.25,3096.15,1567.0,-1.0,128.0,1769799120.0,SAAVL,False
25421682,v_25421682_1566,5.0,4032.0,5773.0,1567.0,-1.0,128.0,1760494629.0,SAAVL,False
25535893,25535894.0,5.0,4096.855,7785.7,1567.0,-1.0,99.0,1767983007.0,SAAVL,False
25488935,v_25488935_1567,5.0,4682.55,7684.2,1568.0,-1.0,128.0,1767982651.0,SAAVR,False
25489342,v_25489342_1569,5.0,5233.55,5734.2,1568.0,-1.0,128.0,1767982651.0,SAAVR,False
v_25525837_1568,v_25525837_1568,,1427.625,3156.75,1568.0,,,,SAAVR,True
25535894,25535895.0,5.0,4096.855,7791.7,1568.0,-1.0,99.0,1767983007.0,SAAVL,False
v_25421683_1568,25421682.0,,4038.0,5764.0,1568.0,,,,SAAVL,True
v_25526884_1568,25526885.0,,7427.25,3096.15,1568.0,,,,SAAVL,True
v_25526884_1569,v_25526884_1571,,7427.25,3096.15,1569.0,,,,SAAVL,True
25421683,v_25421683_1568,5.0,4040.0,5761.0,1569.0,-1.0,128.0,1760494630.0,SAAVL,False
25535895,25535896.0,5.0,4092.855,7773.7,1569.0,-1.0,99.0,1767983007.0,SAAVL,False
v_25489342_1569,25489343.0,,5241.05,5746.2,1569.0,,,,SAAVR,True
v_25488934_1569,25488935.0,,4649.55375,7679.7375,1569.0,,,,SAAVR,True
25525837,v_25525837_1567,5.0,1427.625,3158.75,1569.0,-1.0,128.0,1767982859.0,SAAVR,False
v_25526884_1570,v_25526884_1570,,7427.25,3096.15,1570.0,,,,SAAVL,True
v_25525863_1570,25525837.0,,1429.625,3162.75,1570.0,,,,SAAVR,True
25489343,v_25489343_1571,5.0,5248.55,5758.2,1570.0,-1.0,128.0,1767982651.0,SAAVR,False
25488934,v_25488934_1569,5.0,4638.555,7678.25,1570.0,-1.0,128.0,1767982651.0,SAAVR,False
25421684,25421683.0,5.0,4040.0,5791.0,1570.0,-1.0,128.0,1760494632.0,SAAVL,False
25535896,25535897.0,5.0,4088.855,7789.7,1570.0,-1.0,99.0,1767983007.0,SAAVL,False
25535897,25535898.0,5.0,4088.855,7779.7,1571.0,-1.0,99.0,1767983007.0,SAAVL,False
v_25421685_1571,25421684.0,,4040.0,5791.0,1571.0,,,,SAAVL,True
25488933,25488934.0,5.0,4676.55,7660.2,1571.0,-1.0,128.0,1767982651.0,SAAVR,False
v_25489343_1571,v_25489343_1572,,5249.883333333333,5762.533333333333,1571.0,,,,SAAVR,True
v_25525863_1571,v_25525863_1572,,1430.2916666666667,3164.083333333333,1571.0,,,,SAAVR,True
v_25526884_1571,v_25526884_1569,,7427.25,3096.15,1571.0,,,,SAAVL,True
v_25525863_1572,v_25525863_1571,,1430.9583333333333,3165.4166666666665,1572.0,,,,SAAVR,True
25488932,25488933.0,5.0,4686.55,7646.2,1572.0,-1.0,128.0,1767982651.0,SAAVR,False
25421685,v_25421685_1571,5.0,4040.0,5791.0,1572.0,-1.0,128.0,1760494633.0,SAAVL,False
v_25489343_1572,25489344.0,,5251.216666666667,5766.866666666667,1572.0,,,,SAAVR,True
25526884,v_25526884_1568,5.0,7427.25,3096.15,1572.0,-1.0,128.0,1767814650.0,SAAVL,False
25535898,25535899.0,5.0,4088.855,7791.7,1572.0,-1.0,99.0,1767983007.0,SAAVL,False
v_25488931_1573,25488932.0,,4718.05,7608.7,1573.0,,,,SAAVR,True
25526883,25526884.0,5.0,7427.25,3096.15,1573.0,-1.0,128.0,1767814650.0,SAAVL,False
25421686,25421685.0,5.0,4042.0,5809.0,1573.0,-1.0,128.0,1760494634.0,SAAVL,False
25525863,v_25525863_1570,5.0,1431.625,3166.75,1573.0,-1.0,128.0,1767982859.0,SAAVR,False
25489344,v_25489344_1574,5.0,5252.55,5771.2,1573.0,-1.0,128.0,1767982651.0,SAAVR,False
25535899,25535900.0,5.0,4084.855,7783.7,1573.0,-1.0,99.0,1767983007.0,SAAVL,False
v_25526882_1574,25526883.0,,7407.45,3105.75,1574.0,,,,SAAVL,True
v_25525864_1574,25525863.0,,1437.625,3195.8928571428573,1574.0,,,,SAAVR,True
25488931,v_25488931_1573,5.0,4728.55,7596.2,1574.0,-1.0,128.0,1767982651.0,SAAVR,False
25535900,25535901.0,5.0,4088.855,7781.7,1574.0,-1.0,99.0,1767983007.0,SAAVL,False
25421687,25421686.0,5.0,4042.0,5825.0,1574.0,-1.0,128.0,1760494635.0,SAAVL,False
v_25489344_1574,25489345.0,,5267.05,5789.7,1574.0,,,,SAAVR,True
25535901,25535902.0,5.0,4074.855,7769.7,1575.0,-1.0,99.0,1767983007.0,SAAVL,False
v_25526882_1575,v_25526882_1575,,7400.85,3108.9500000000003,1575.0,,,,SAAVL,True
25489345,25489346.0,5.0,5281.55,5808.2,1575.0,-1.0,128.0,1767982651.0,SAAVR,False
v_25525864_1575,v_25525864_1577,,1439.625,3205.6071428571427,1575.0,,,,SAAVR,True
v_25421688_1575,25421687.0,,4045.795,5833.924999999999,1575.0,,,,SAAVL,True
v_25488930_1575,25488931.0,,4748.05,7588.7,1575.0,,,,SAAVR,True
25526882,v_25526882_1574,5.0,7394.25,3112.15,1576.0,-1.0,128.0,1767814650.0,SAAVL,False
v_25525864_1576,v_25525864_1576,,1441.625,3215.3214285714284,1576.0,,,,SAAVR,True
25535902,25535903.0,5.0,4076.855,7773.7,1576.0,-1.0,99.0,1767983007.0,SAAVL,False
25488930,v_25488930_1575,5.0,4754.55,7586.2,1576.0,-1.0,128.0,1767982651.0,SAAVR,False
25421688,v_25421688_1575,5.0,4047.06,5836.9,1576.0,-1.0,128.0,1771727001.0,SAAVL,False
25489346,25489347.0,5.0,5306.55,5857.2,1576.0,-1.0,128.0,1767982651.0,SAAVR,False
v_25525864_1577,v_25525864_1575,,1443.625,3225.035714285714,1577.0,,,,SAAVR,True
25489347,25489348.0,5.0,5308.55,5863.2,1577.0,-1.0,128.0,1767982651.0,SAAVR,False
25535903,25535904.0,5.0,4076.855,7755.7,1577.0,-1.0,99.0,1767983007.0,SAAVL,False
25488929,25488930.0,5.0,4776.55,7582.2,1577.0,-1.0,128.0,1767982651.0,SAAVR,False
v_25526881_1577,25526882.0,,7393.821428571428,3121.578571428572,1577.0,,,,SAAVL,True
v_25421689_1577,25421688.0,,4046.265,5866.975,1577.0,,,,SAAVL,True
25525864,v_25525864_1574,5.0,1445.625,3234.75,1578.0,-1.0,128.0,1767982859.0,SAAVR,False
25535904,25535905.0,5.0,4076.855,7771.7,1578.0,-1.0,99.0,1767983007.0,SAAVL,False
25489348,25489349.0,5.0,5308.55,5863.2,1578.0,-1.0,128.0,1767982651.0,SAAVR,False
v_25526881_1578,v_25526881_1580,,7393.678571428572,3124.7214285714285,1578.0,,,,SAAVL,True
v_25558164_1578,25488929.0,,4796.54875,7580.2125,1578.0,,,,SAAVR,True
25421689,v_25421689_1577,5.0,4046.0,5877.0,1578.0,-1.0,128.0,1760494637.0,SAAVL,False
25535905,25535906.0,5.0,4072.855,7777.7,1579.0,-1.0,99.0,1767983007.0,SAAVL,False
v_25526881_1579,v_25526881_1579,,7393.535714285715,3127.864285714286,1579.0,,,,SAAVL,True
25421690,25421689.0,5.0,4048.0,5915.0,1579.0,-1.0,128.0,1760494638.0,SAAVL,False
25558164,v_25558164_1578,5.0,4803.215,7579.55,1579.0,-1.0,128.0,1771430833.0,SAAVR,False
25489349,v_25489349_1580,5.0,5318.55,5885.2,1579.0,-1.0,128.0,1767982651.0,SAAVR,False
v_25525865_1579,25525864.0,,1433.625,3229.75,1579.0,,,,SAAVR,True
25488928,25558164.0,5.0,4816.55,7578.2,1580.0,-1.0,128.0,1771430833.0,SAAVR,False
v_25525865_1580,v_25525865_1581,,1429.625,3228.083333333333,1580.0,,,,SAAVR,True
25535906,25535907.0,5.0,4074.855,7753.7,1580.0,-1.0,99.0,1767983007.0,SAAVL,False
v_25526881_1580,v_25526881_1578,,7393.392857142857,3131.0071428571428,1580.0,,,,SAAVL,True
v_25489349_1580,25489350.0,,5325.55,5896.2,1580.0,,,,SAAVR,True
25421691,25421690.0,5.0,4054.0,5933.0,1580.0,-1.0,128.0,1760494639.0,SAAVL,False
25421692,25421691.0,5.0,4056.0,5955.0,1581.0,-1.0,128.0,1760494640.0,SAAVL,False
25535907,25535908.0,5.0,4078.855,7753.7,1581.0,-1.0,99.0,1767983007.0,SAAVL,False
v_25525865_1581,v_25525865_1580,,1425.625,3226.4166666666665,1581.0,,,,SAAVR,True
25526881,v_25526881_1577,5.0,7393.25,3134.15,1581.0,-1.0,128.0,1767814650.0,SAAVL,False
25489350,v_25489350_1582,5.0,5332.55,5907.2,1581.0,-1.0,128.0,1767982651.0,SAAVR,False
v_25488927_1581,25488928.0,,4836.05,7564.7,1581.0,,,,SAAVR,True
25535908,25535909.0,5.0,4064.855,7747.7,1582.0,-1.0,99.0,1767983007.0,SAAVL,False
v_25526880_1582,25526881.0,,7392.392857142857,3131.15,1582.0,,,,SAAVL,True
25525865,v_25525865_1579,5.0,1421.625,3224.75,1582.0,-1.0,128.0,1767982859.0,SAAVR,False
v_25488927_1582,v_25488927_1585,,4842.55,7560.2,1582.0,,,,SAAVR,True
v_25489350_1582,25489351.0,,5338.55,5921.7,1582.0,,,,SAAVR,True
25421693,25421692.0,5.0,4036.0,6001.0,1582.0,-1.0,128.0,1760494647.0,SAAVL,False
v_25557011_1583,25525865.0,,1424.3592857142858,3187.9142857142856,1583.0,,,,SAAVR,True
v_25526880_1583,v_25526880_1585,,7392.107142857143,3130.15,1583.0,,,,SAAVL,True
v_25488927_1583,v_25488927_1584,,4849.05,7555.7,1583.0,,,,SAAVR,True
25535909,25535910.0,5.0,4056.855,7743.7,1583.0,-1.0,99.0,1767983007.0,SAAVL,False
25489351,v_25489351_1584,5.0,5344.55,5936.2,1583.0,-1.0,128.0,1767982651.0,SAAVR,False
25421694,25421693.0,5.0,4042.0,6025.0,1583.0,-1.0,128.0,1760494648.0,SAAVL,False
v_25557011_1584,v_25557011_1586,,1425.2707142857143,3175.6357142857146,1584.0,,,,SAAVR,True
v_25488927_1584,v_25488927_1583,,4855.55,7551.2,1584.0,,,,SAAVR,True
v_25489351_1584,25489352.0,,5343.05,5954.7,1584.0,,,,SAAVR,True
25535910,25535911.0,5.0,4058.855,7739.7,1584.0,-1.0,99.0,1767983007.0,SAAVL,False
v_25526880_1584,v_25526880_1584,,7391.821428571428,3129.15,1584.0,,,,SAAVL,True
25421695,25421694.0,5.0,4044.0,6041.0,1584.0,-1.0,128.0,1760494649.0,SAAVL,False
25421696,25421695.0,5.0,4036.0,6057.0,1585.0,-1.0,128.0,1760494650.0,SAAVL,False
25489352,25489353.0,5.0,5341.55,5973.2,1585.0,-1.0,128.0,1767982651.0,SAAVR,False
v_25488927_1585,v_25488927_1582,,4862.05,7546.7,1585.0,,,,SAAVR,True
25535911,25535912.0,5.0,4050.855,7749.7,1585.0,-1.0,99.0,1767983007.0,SAAVL,False
v_25557011_1585,v_25557011_1585,,1426.182142857143,3163.357142857143,1585.0,,,,SAAVR,True
v_25526880_1585,v_25526880_1583,,7391.535714285715,3128.15,1585.0,,,,SAAVL,True
25535912,25535913.0,5.0,4054.855,7741.7,1586.0,-1.0,99.0,1767983007.0,SAAVL,False
v_25557011_1586,v_25557011_1584,,1427.0935714285715,3151.078571428572,1586.0,,,,SAAVR,True
25489353,v_25489353_1587,5.0,5355.55,5966.2,1586.0,-1.0,128.0,1767982651.0,SAAVR,False
25421697,25421696.0,5.0,4028.0,6073.0,1586.0,-1.0,128.0,1760494651.0,SAAVL,False
25488927,v_25488927_1581,5.0,4868.55,7542.2,1586.0,-1.0,128.0,1767982651.0,SAAVR,False
25526880,v_25526880_1582,5.0,7391.25,3127.15,1586.0,-1.0,128.0,1767814650.0,SAAVL,False
v_25526879_1587,25526880.0,,7387.5,3128.65,1587.0,,,,SAAVL,True
25488926,25488927.0,5.0,4854.55,7544.2,1587.0,-1.0,128.0,1767982651.0,SAAVR,False
25421698,25421697.0,5.0,4040.0,6073.0,1587.0,-1.0,128.0,1760494652.0,SAAVL,False
25535913,25535914.0,5.0,4056.855,7743.7,1587.0,-1.0,99.0,1767983007.0,SAAVL,False
v_25489353_1587,v_25489353_1588,,5361.216666666667,5984.2,1587.0,,,,SAAVR,True
25557011,v_25557011_1583,5.0,1428.005,3138.8,1587.0,-1.0,128.0,1771969193.0,SAAVR,False
25421699,25421698.0,5.0,4036.0,6111.0,1588.0,-1.0,128.0,1760494655.0,SAAVL,False
25488925,25488926.0,5.0,4886.55,7520.2,1588.0,-1.0,128.0,1767982651.0,SAAVR,False
25535914,25535915.0,5.0,4044.855,7723.7,1588.0,-1.0,99.0,1767983007.0,SAAVL,False
25525866,25557011.0,5.0,1429.625,3126.75,1588.0,-1.0,128.0,1770829043.0,SAAVR,False
25526879,v_25526879_1587,5.0,7386.25,3129.15,1588.0,-1.0,128.0,1767814650.0,SAAVL,False
v_25489353_1588,25489354.0,,5366.883333333333,6002.2,1588.0,,,,SAAVR,True
25489354,25489355.0,5.0,5372.55,6020.2,1589.0,-1.0,128.0,1767982651.0,SAAVR,False
v_25525867_1589,25525866.0,,1460.825,3125.55,1589.0,,,,SAAVR,True
25535915,25535916.0,5.0,4042.855,7733.7,1589.0,-1.0,99.0,1767983007.0,SAAVL,False
v_25526878_1589,25526879.0,,7386.25,3117.15,1589.0,,,,SAAVL,True
25421700,25421699.0,5.0,4036.0,6131.0,1589.0,-1.0,128.0,1760494659.0,SAAVL,False
25488924,25488925.0,5.0,4868.55,7532.2,1589.0,-1.0,128.0,1767982651.0,SAAVR,False
v_25526878_1590,v_25526878_1592,,7386.25,3113.15,1590.0,,,,SAAVL,True
25488923,25488924.0,5.0,4888.55,7516.2,1590.0,-1.0,128.0,1767982651.0,SAAVR,False
25421701,25421700.0,5.0,4048.0,6185.0,1590.0,-1.0,128.0,1760494663.0,SAAVL,False
25535916,25535917.0,5.0,4054.855,7727.7,1590.0,-1.0,99.0,1767983007.0,SAAVL,False
v_25525867_1590,v_25525867_1590,,1471.225,3125.15,1590.0,,,,SAAVR,True
25489355,25489356.0,5.0,5398.55,6035.2,1590.0,-1.0,128.0,1767982651.0,SAAVR,False
25421702,25421701.0,5.0,4068.0,6237.0,1591.0,-1.0,128.0,1760494670.0,SAAVL,False
25489356,v_25489356_1592,5.0,5399.55,6052.2,1591.0,-1.0,128.0,1767982651.0,SAAVR,False
25488922,25488923.0,5.0,4888.55,7504.2,1591.0,-1.0,128.0,1767982651.0,SAAVR,False
v_25526878_1591,v_25526878_1591,,7386.25,3109.15,1591.0,,,,SAAVL,True
25525867,v_25525867_1589,5.0,1481.625,3124.75,1591.0,-1.0,128.0,1767982859.0,SAAVR,False
25535917,25535918.0,5.0,4052.855,7715.7,1591.0,-1.0,99.0,1767983007.0,SAAVL,False
25535918,25535919.0,5.0,4046.855,7705.7,1592.0,-1.0,99.0,1767983007.0,SAAVL,False
v_25525868_1592,25525867.0,,1479.625,3148.75,1592.0,,,,SAAVR,True
v_25526878_1592,v_25526878_1590,,7386.25,3105.15,1592.0,,,,SAAVL,True
25488921,25488922.0,5.0,4910.55,7480.2,1592.0,-1.0,128.0,1767982651.0,SAAVR,False
25421703,25421702.0,5.0,4072.0,6267.0,1592.0,-1.0,128.0,1760494673.0,SAAVL,False
v_25489356_1592,25489357.0,,5406.55,6068.2,1592.0,,,,SAAVR,True
25489357,v_25489357_1594,5.0,5413.55,6084.2,1593.0,-1.0,128.0,1767982651.0,SAAVR,False
v_25525868_1593,v_25525868_1594,,1478.9583333333333,3156.75,1593.0,,,,SAAVR,True
25421704,25421703.0,5.0,4074.0,6299.0,1593.0,-1.0,128.0,1760494674.0,SAAVL,False
25526878,v_25526878_1589,5.0,7386.25,3101.15,1593.0,-1.0,128.0,1767814650.0,SAAVL,False
v_25488920_1593,25488921.0,,4933.05,7451.7,1593.0,,,,SAAVR,True
25535919,25535920.0,5.0,4044.855,7695.7,1593.0,-1.0,99.0,1767983007.0,SAAVL,False
25421705,25421704.0,5.0,4076.0,6301.0,1594.0,-1.0,128.0,1760494675.0,SAAVL,False
v_25489357_1594,25489358.0,,5418.55,6102.2,1594.0,,,,SAAVR,True
v_25525868_1594,v_25525868_1593,,1478.2916666666667,3164.75,1594.0,,,,SAAVR,True
v_25526877_1594,25526878.0,,7392.583333333333,3093.8166666666666,1594.0,,,,SAAVL,True
25535920,25535921.0,5.0,4044.855,7701.7,1594.0,-1.0,99.0,1767983007.0,SAAVL,False
25488920,v_25488920_1593,5.0,4940.55,7442.2,1594.0,-1.0,128.0,1767982651.0,SAAVR,False
25525868,v_25525868_1592,5.0,1477.625,3172.75,1595.0,-1.0,128.0,1767982859.0,SAAVR,False
25488919,25488920.0,5.0,4950.55,7424.2,1595.0,-1.0,128.0,1767982651.0,SAAVR,False
25421706,25421705.0,5.0,4068.0,6309.0,1595.0,-1.0,128.0,1760494680.0,SAAVL,False
25489358,25489359.0,5.0,5423.55,6120.2,1595.0,-1.0,128.0,1767982651.0,SAAVR,False
25535921,25535922.0,5.0,4046.855,7685.7,1595.0,-1.0,99.0,1767983007.0,SAAVL,False
v_25526877_1595,v_25526877_1599,,7394.694444444444,3091.3722222222223,1595.0,,,,SAAVL,True
25421707,25421706.0,5.0,4066.0,6335.0,1596.0,-1.0,128.0,1760494682.0,SAAVL,False
v_25526877_1596,v_25526877_1598,,7396.805555555556,3088.927777777778,1596.0,,,,SAAVL,True
v_25525869_1596,25525868.0,,1461.625,3177.75,1596.0,,,,SAAVR,True
25488918,25488919.0,5.0,4964.55,7410.2,1596.0,-1.0,128.0,1767982651.0,SAAVR,False
25489359,25489360.0,5.0,5403.55,6144.2,1596.0,-1.0,128.0,1767982651.0,SAAVR,False
25535922,25535923.0,5.0,4046.855,7691.7,1596.0,-1.0,99.0,1767983007.0,SAAVL,False
v_25526877_1597,v_25526877_1597,,7398.916666666667,3086.4833333333336,1597.0,,,,SAAVL,True
25488917,25488918.0,5.0,5002.55,7398.2,1597.0,-1.0,128.0,1767982651.0,SAAVR,False
v_25525869_1597,v_25525869_1598,,1456.2916666666667,3179.4166666666665,1597.0,,,,SAAVR,True
25421708,25421707.0,5.0,4076.0,6397.0,1597.0,-1.0,128.0,1760494692.0,SAAVL,False
25535923,25535924.0,5.0,4044.855,7681.7,1597.0,-1.0,99.0,1767983007.0,SAAVL,False
25489360,25489361.0,5.0,5365.55,6228.2,1597.0,-1.0,128.0,1767982651.0,SAAVR,False
25535924,25535925.0,5.0,4046.855,7695.7,1598.0,-1.0,99.0,1767983007.0,SAAVL,False
v_25526877_1598,v_25526877_1596,,7401.027777777777,3084.038888888889,1598.0,,,,SAAVL,True
v_25525869_1598,v_25525869_1597,,1450.9583333333333,3181.083333333333,1598.0,,,,SAAVR,True
25421709,25421708.0,5.0,4080.0,6421.0,1598.0,-1.0,128.0,1760494693.0,SAAVL,False
25488916,25488917.0,5.0,5014.55,7406.2,1598.0,-1.0,128.0,1767982651.0,SAAVR,False
25489361,v_25489361_1599,5.0,5379.55,6256.2,1598.0,-1.0,128.0,1767982651.0,SAAVR,False
25535925,25535926.0,5.0,4056.855,7691.7,1599.0,-1.0,99.0,1767983007.0,SAAVL,False
25421710,25421709.0,5.0,4074.0,6433.0,1599.0,-1.0,128.0,1760494694.0,SAAVL,False
25525869,v_25525869_1596,5.0,1445.625,3182.75,1599.0,-1.0,128.0,1767982859.0,SAAVR,False
v_25488915_1599,25488916.0,,5008.55,7388.2375,1599.0,,,,SAAVR,True
v_25526877_1599,v_25526877_1595,,7403.138888888889,3081.5944444444444,1599.0,,,,SAAVL,True
v_25489361_1599,25489362.0,,5373.55,6273.2,1599.0,,,,SAAVR,True
v_25421711_1600,25421710.0,,4060.8,6461.8,1600.0,,,,SAAVL,True
25535926,25535927.0,5.0,4054.855,7679.7,1600.0,-1.0,99.0,1767983007.0,SAAVL,False
25488915,v_25488915_1599,5.0,5006.55,7382.25,1600.0,-1.0,128.0,1767982651.0,SAAVR,False
v_25525870_1600,25525869.0,,1451.625,3139.035714285714,1600.0,,,,SAAVR,True
25489362,v_25489362_1601,5.0,5367.55,6290.2,1600.0,-1.0,128.0,1767982651.0,SAAVR,False
25526877,v_25526877_1594,5.0,7405.25,3079.15,1600.0,-1.0,128.0,1767814650.0,SAAVL,False
v_25526876_1601,25526877.0,,7415.535714285715,3076.15,1601.0,,,,SAAVL,True
v_25421711_1601,v_25421711_1601,,4056.4,6471.4,1601.0,,,,SAAVL,True
v_25525870_1601,v_25525870_1603,,1453.625,3124.464285714286,1601.0,,,,SAAVR,True
v_25489362_1601,25489363.0,,5368.55,6332.2,1601.0,,,,SAAVR,True
v_25488914_1601,25488915.0,,5024.55,7373.2125,1601.0,,,,SAAVR,True
25535927,25535928.0,5.0,4056.855,7673.7,1601.0,-1.0,99.0,1767983007.0,SAAVL,False
25488914,v_25488914_1601,5.0,5030.55,7370.2,1602.0,-1.0,128.0,1767982651.0,SAAVR,False
25489363,25488897.0,5.0,5369.55,6374.2,1602.0,-1.0,128.0,1767982651.0,SAAVR,False
25421711,v_25421711_1600,5.0,4052.0,6481.0,1602.0,-1.0,128.0,1760494697.0,SAAVL,False
25535928,25535929.0,3.0,4050.855,7663.7,1602.0,-1.0,99.0,1767983007.0,SAAVL,False
v_25525870_1602,v_25525870_1602,,1455.625,3109.8928571428573,1602.0,,,,SAAVR,True
v_25526876_1602,v_25526876_1604,,7418.964285714285,3075.15,1602.0,,,,SAAVL,True
25421712,25421711.0,5.0,3938.0,6463.0,1603.0,-1.0,128.0,1760494736.0,SAAVL,False
v_25525870_1603,v_25525870_1601,,1457.625,3095.3214285714284,1603.0,,,,SAAVR,True
v_25526876_1603,v_25526876_1603,,7422.392857142857,3074.15,1603.0,,,,SAAVL,True
25535929,25535930.0,5.0,3966.855,7573.7,1603.0,-1.0,99.0,1767983007.0,SAAVL,False
25488897,25488899.0,5.0,5414.55,6714.2,1603.0,-1.0,128.0,1767982651.0,SAAVR,False
25488913,25488914.0,5.0,4990.55,7302.2,1603.0,-1.0,128.0,1767982651.0,SAAVR,False
v_25526876_1604,v_25526876_1602,,7425.821428571428,3073.15,1604.0,,,,SAAVL,True
25525870,v_25525870_1600,5.0,1459.625,3080.75,1604.0,-1.0,128.0,1767982859.0,SAAVR,False
25488899,25488900.0,5.0,5390.55,6670.2,1604.0,-1.0,128.0,1767982651.0,SAAVR,False
25535930,25535931.0,5.0,3952.855,7559.7,1604.0,-1.0,99.0,1767983007.0,SAAVL,False
25421713,25421712.0,5.0,3946.0,6493.0,1604.0,-1.0,128.0,1760494737.0,SAAVL,False
25488912,25488913.0,5.0,5014.55,7302.25,1604.0,-1.0,128.0,1767982651.0,SAAVR,False
25488911,25488912.0,5.0,5014.55,7272.2,1605.0,-1.0,128.0,1767982651.0,SAAVR,False
25488900,v_25488900_1606,5.0,5384.55,6686.2,1605.0,-1.0,128.0,1767982651.0,SAAVR,False
25526876,v_25526876_1601,5.0,7429.25,3072.15,1605.0,-1.0,128.0,1767814650.0,SAAVL,False
v_25525871_1605,25525870.0,,1459.625,3079.035714285714,1605.0,,,,SAAVR,True
25421714,25421713.0,5.0,3956.0,6501.0,1605.0,-1.0,128.0,1760494738.0,SAAVL,False
25535931,25535932.0,5.0,3948.855,7553.7,1605.0,-1.0,99.0,1767983007.0,SAAVL,False
v_25525871_1606,v_25525871_1608,,1459.625,3078.464285714286,1606.0,,,,SAAVR,True
25535932,25535933.0,5.0,3942.855,7553.7,1606.0,-1.0,99.0,1767983007.0,SAAVL,False
v_25488910_1606,25488911.0,,5032.55,7267.7,1606.0,,,,SAAVR,True
v_25488900_1606,25488901.0,,5365.55,6729.2,1606.0,,,,SAAVR,True
v_25526875_1606,25526876.0,,7436.107142857143,3071.7214285714285,1606.0,,,,SAAVL,True
v_25421715_1606,25421714.0,,3950.0,6514.2,1606.0,,,,SAAVL,True
v_25526875_1607,v_25526875_1609,,7438.392857142857,3071.578571428572,1607.0,,,,SAAVL,True
v_25421715_1607,v_25421715_1607,,3948.0,6518.6,1607.0,,,,SAAVL,True
v_25525871_1607,v_25525871_1607,,1459.625,3077.8928571428573,1607.0,,,,SAAVR,True
25535933,25535934.0,5.0,3938.855,7563.7,1607.0,-1.0,99.0,1767983007.0,SAAVL,False
25488901,25488902.0,5.0,5346.55,6772.2,1607.0,-1.0,128.0,1767982651.0,SAAVR,False
25488910,v_25488910_1606,5.0,5038.55,7266.2,1607.0,-1.0,128.0,1767982651.0,SAAVR,False
25421715,v_25421715_1606,5.0,3946.0,6523.0,1608.0,-1.0,128.0,1760494740.0,SAAVL,False
v_25526875_1608,v_25526875_1608,,7440.678571428572,3071.4357142857143,1608.0,,,,SAAVL,True
25535934,25535935.0,5.0,3954.855,7561.7,1608.0,-1.0,99.0,1767983007.0,SAAVL,False
25488902,25488903.0,5.0,5294.55,6868.2,1608.0,-1.0,128.0,1767982651.0,SAAVR,False
v_25525871_1608,v_25525871_1606,,1459.625,3077.3214285714284,1608.0,,,,SAAVR,True
25488909,25488910.0,5.0,5042.55,7258.2,1608.0,-1.0,128.0,1767982651.0,SAAVR,False
v_25421716_1609,25421715.0,,3950.8,6565.0,1609.0,,,,SAAVL,True
25535935,25535936.0,5.0,3952.855,7555.7,1609.0,-1.0,99.0,1767983007.0,SAAVL,False
25525871,v_25525871_1605,5.0,1459.625,3076.75,1609.0,-1.0,128.0,1767982859.0,SAAVR,False
v_25526875_1609,v_25526875_1607,,7442.964285714285,3071.292857142857,1609.0,,,,SAAVL,True
25488903,25488904.0,5.0,5238.55,6936.2,1609.0,-1.0,128.0,1767982651.0,SAAVR,False
25488905,25488909.0,5.0,5068.55,7232.2,1609.0,-1.0,128.0,1767982651.0,SAAVR,False
v_25525872_1610,25525871.0,,1448.625,3076.75,1610.0,,,,SAAVR,True
25535936,25535937.0,5.0,3940.855,7541.7,1610.0,-1.0,99.0,1767983007.0,SAAVL,False
25488904,25488905.0,5.0,5158.55,7048.2,1610.0,-1.0,128.0,1767982651.0,SAAVR,False
25526875,v_25526875_1606,5.0,7445.25,3071.15,1610.0,-1.0,128.0,1767814650.0,SAAVL,False
v_25421716_1610,v_25421716_1610,,3952.4,6579.0,1610.0,,,,SAAVL,True
25535937,25535938.0,5.0,3934.855,7535.7,1611.0,-1.0,99.0,1767983007.0,SAAVL,False
25507338,25488906.0,5.0,5050.55,7214.25,1611.0,-1.0,128.0,1767982651.0,SAAVR,False
25488906,25488904.0,5.0,5140.55,7078.2,1611.0,-1.0,128.0,1767982651.0,SAAVR,False
v_25526874_1611,25526875.0,,7450.392857142857,3071.578571428572,1611.0,,,,SAAVL,True
v_25525872_1611,v_25525872_1612,,1444.9583333333333,3076.75,1611.0,,,,SAAVR,True
25421716,v_25421716_1609,5.0,3954.0,6593.0,1611.0,-1.0,128.0,1760494742.0,SAAVL,False
v_25525872_1612,v_25525872_1611,,1441.2916666666667,3076.75,1612.0,,,,SAAVR,True
v_25507337_1612,25507338.0,,5056.8875,7217.0625,1612.0,,,,SAAVR,True
v_25526874_1612,v_25526874_1614,,7452.107142857143,3071.7214285714285,1612.0,,,,SAAVL,True
25535938,25535939.0,5.0,3914.855,7523.7,1612.0,-1.0,99.0,1767983007.0,SAAVL,False
25421717,25421716.0,5.0,3952.0,6639.0,1612.0,-1.0,128.0,1760494743.0,SAAVL,False
25488907,25488906.0,5.0,5114.55,7098.2,1612.0,-1.0,128.0,1767982651.0,SAAVR,False
v_25526874_1613,v_25526874_1613,,7453.821428571428,3071.864285714286,1613.0,,,,SAAVL,True
25507337,v_25507337_1612,5.0,5059.0,7218.0,1613.0,-1.0,128.0,1767982651.0,SAAVR,False
25488908,25488907.0,5.0,5095.0,7120.05,1613.0,-1.0,128.0,1767982651.0,SAAVR,False
25525872,v_25525872_1610,5.0,1437.625,3076.75,1613.0,-1.0,128.0,1767982859.0,SAAVR,False
25535939,25535940.0,5.0,3918.855,7517.7,1613.0,-1.0,99.0,1767983007.0,SAAVL,False
25421718,25421717.0,5.0,3956.0,6679.0,1613.0,-1.0,128.0,1760494744.0,SAAVL,False
25535940,25536010.0,5.0,3914.855,7503.7,1614.0,-1.0,99.0,1767983007.0,SAAVL,False
25421719,25421718.0,5.0,3966.0,6717.0,1614.0,-1.0,128.0,1760494745.0,SAAVL,False
v_25507336_1614,25507337.0,,5069.5,7216.5,1614.0,,,,SAAVR,True
v_25525873_1614,25525872.0,,1429.625,3086.75,1614.0,,,,SAAVR,True
v_25526874_1614,v_25526874_1612,,7455.535714285715,3072.0071428571428,1614.0,,,,SAAVL,True
v_25525873_1615,v_25525873_1616,,1426.9583333333333,3090.083333333333,1615.0,,,,SAAVR,True
25526874,v_25526874_1611,5.0,7457.25,3072.15,1615.0,-1.0,128.0,1767814650.0,SAAVL,False
25507336,v_25507336_1614,5.0,5073.0,7216.0,1615.0,-1.0,128.0,1767982651.0,SAAVR,False
25421720,25421719.0,5.0,3972.0,6769.0,1615.0,-1.0,128.0,1760494746.0,SAAVL,False
25536010,25536011.0,5.0,3886.855,7469.7,1615.0,-1.0,99.0,1767983007.0,SAAVL,False
v_25525873_1616,v_25525873_1615,,1424.2916666666667,3093.4166666666665,1616.0,,,,SAAVR,True
v_25507335_1616,25507336.0,,5079.0,7202.5,1616.0,,,,SAAVR,True
v_25526895_1616,25526874.0,,7458.75,3069.15,1616.0,,,,SAAVL,True
25536011,25536012.0,5.0,3906.855,7477.7,1616.0,-1.0,99.0,1767983007.0,SAAVL,False
25421721,25421720.0,5.0,3988.0,6835.0,1616.0,-1.0,128.0,1760494782.0,SAAVL,False
v_25526895_1617,v_25526895_1617,,7459.25,3068.15,1617.0,,,,SAAVL,True
25525873,v_25525873_1614,5.0,1421.625,3096.75,1617.0,-1.0,128.0,1767982859.0,SAAVR,False
25536012,25536013.0,5.0,3914.855,7473.7,1617.0,-1.0,99.0,1767983007.0,SAAVL,False
25507335,v_25507335_1616,5.0,5081.0,7198.0,1617.0,-1.0,128.0,1767982651.0,SAAVR,False
25421722,25421721.0,5.0,3986.0,6887.0,1617.0,-1.0,128.0,1760494783.0,SAAVL,False
v_25525874_1618,25525873.0,,1421.625,3097.75,1618.0,,,,SAAVR,True
25536013,25526573.0,5.0,3904.855,7451.7,1618.0,-1.0,99.0,1767983007.0,SAAVL,False
25421723,25421722.0,5.0,3972.0,6929.0,1618.0,-1.0,128.0,1760494784.0,SAAVL,False
v_25507334_1618,25507335.0,,5073.1625,7195.1875,1618.0,,,,SAAVR,True
25526895,v_25526895_1616,5.0,7459.75,3067.15,1618.0,-1.0,128.0,1767814650.0,SAAVL,False
25421724,25421723.0,5.0,3956.0,6975.0,1619.0,-1.0,128.0,1760494786.0,SAAVL,False
25507334,v_25507334_1618,5.0,5070.55,7194.25,1619.0,-1.0,128.0,1767982651.0,SAAVR,False
25526573,25526572.0,5.0,3904.45,7453.55,1619.0,-1.0,128.0,1765470968.0,SAAVL,False
v_25525874_1619,v_25525874_1620,,1421.625,3098.083333333333,1619.0,,,,SAAVR,True
v_25526896_1619,25526895.0,,7456.75,3069.775,1619.0,,,,SAAVL,True
25526572,25526571.0,5.0,3905.45,7439.55,1620.0,-1.0,128.0,1765470967.0,SAAVL,False
v_25526896_1620,v_25526896_1623,,7455.75,3070.65,1620.0,,,,SAAVL,True
25421725,25421724.0,5.0,3930.0,7039.0,1620.0,-1.0,128.0,1760494790.0,SAAVL,False
v_25525874_1620,v_25525874_1619,,1421.625,3098.4166666666665,1620.0,,,,SAAVR,True
25421726,25421725.0,5.0,3912.0,7073.0,1621.0,-1.0,128.0,1760494797.0,SAAVL,False
25526571,25526570.0,5.0,3923.95,7454.55,1621.0,-1.0,128.0,1765470947.0,SAAVL,False
25525874,v_25525874_1618,5.0,1421.625,3098.75,1621.0,-1.0,128.0,1767982859.0,SAAVR,False
v_25526896_1621,v_25526896_1622,,7454.75,3071.525,1621.0,,,,SAAVL,True
25526570,25526569.0,5.0,3947.95,7462.55,1622.0,-1.0,128.0,1765470946.0,SAAVL,False
v_25526896_1622,v_25526896_1621,,7453.75,3072.4,1622.0,,,,SAAVL,True
v_25525875_1622,25525874.0,,1421.625,3099.75,1622.0,,,,SAAVR,True
25421727,25421726.0,5.0,3900.0,7113.0,1622.0,-1.0,128.0,1760494798.0,SAAVL,False
v_25526896_1623,v_25526896_1620,,7452.75,3073.275,1623.0,,,,SAAVL,True
v_25525875_1623,v_25525875_1624,,1421.625,3100.083333333333,1623.0,,,,SAAVR,True
25526569,25526568.0,5.0,3931.95,7460.55,1623.0,-1.0,128.0,1765470945.0,SAAVL,False
25421728,25421727.0,5.0,3890.0,7151.0,1623.0,-1.0,128.0,1760494799.0,SAAVL,False
25526896,v_25526896_1619,5.0,7451.75,3074.15,1624.0,-1.0,128.0,1767814650.0,SAAVL,False
25421729,25421728.0,5.0,3884.0,7173.0,1624.0,-1.0,128.0,1760494800.0,SAAVL,False
v_25525875_1624,v_25525875_1623,,1421.625,3100.4166666666665,1624.0,,,,SAAVR,True
25526568,25463894.0,5.0,3947.95,7460.55,1624.0,-1.0,128.0,1765470944.0,SAAVL,False
25525875,v_25525875_1622,5.0,1421.625,3100.75,1625.0,-1.0,128.0,1767982859.0,SAAVR,False
25463894,25421733.0,5.0,3935.0,7453.0,1625.0,-1.0,128.0,1761753118.0,SAAVL,False
v_25526897_1625,25526896.0,,7452.178571428572,3072.0071428571428,1625.0,,,,SAAVL,True
25421730,25421729.0,5.0,3876.0,7209.0,1625.0,-1.0,128.0,1760494801.0,SAAVL,False
25421731,25421730.0,5.0,3880.0,7233.0,1626.0,-1.0,128.0,1760494802.0,SAAVL,False
25421733,25421732.0,5.0,3920.0,7435.0,1626.0,-1.0,128.0,1760494837.0,SAAVL,False
v_25526897_1626,v_25526897_1628,,7452.321428571428,3071.292857142857,1626.0,,,,SAAVL,True
v_25525876_1626,25525875.0,,1436.625,3091.75,1626.0,,,,SAAVR,True
25421732,25421731.0,5.0,3888.0,7305.0,1627.0,-1.0,128.0,1760494832.0,SAAVL,False
v_25525876_1627,v_25525876_1628,,1441.625,3088.75,1627.0,,,,SAAVR,True
v_25526897_1627,v_25526897_1627,,7452.464285714285,3070.578571428572,1627.0,,,,SAAVL,True
v_25526897_1628,v_25526897_1626,,7452.607142857143,3069.864285714286,1628.0,,,,SAAVL,True
25421734,25421732.0,5.0,3898.0,7311.0,1628.0,-1.0,128.0,1760494841.0,SAAVL,False
v_25525876_1628,v_25525876_1627,,1446.625,3085.75,1628.0,,,,SAAVR,True
