node_id,parent_id,confidence,x,y,z,radius,creator_id,edition_time,cell_name,is_vnode
25475002,25475001.0,5.0,5111.15,3515.6,1397.0,-1.0,128.0,1762443716.0,AVBR,False
25475001,25475000.0,5.0,5087.15,3507.6,1398.0,-1.0,128.0,1762443709.0,AVBR,False
25475000,25474999.0,5.0,5107.15,3563.6,1399.0,-1.0,128.0,1762443699.0,AVBR,False
25474999,25474998.0,5.0,5107.15,3563.6,1400.0,-1.0,128.0,1762443698.0,AVBR,False
25551434,25551433.0,5.0,4697.15,2896.6,1401.0,-1.0,128.0,1768929475.0,AVBR,False
25474998,25474997.0,5.0,5083.15,3535.6,1401.0,-1.0,128.0,1762443697.0,AVBR,False
25474996,25474994.0,5.0,5295.15,3615.6,1402.0,-1.0,128.0,1762443687.0,AVBR,False
25474997,25474995.0,5.0,5067.15,3511.6,1402.0,-1.0,128.0,1762443695.0,AVBR,False
25551433,25551432.0,5.0,4671.15,2892.6,1402.0,-1.0,128.0,1768929486.0,AVBR,False
25474994,25474993.0,5.0,5307.15,3583.6,1403.0,-1.0,128.0,1762443683.0,AVBR,False
25474995,25474993.0,5.0,5047.15,3463.6,1403.0,-1.0,128.0,1762443692.0,AVBR,False
25475003,25474992.0,5.0,5235.15,3101.6,1403.0,-1.0,128.0,1762443739.0,AVBR,False
25551432,25551431.0,5.0,4707.15,2908.6,1403.0,-1.0,128.0,1768929473.0,AVBR,False
25510697,25510696.0,5.0,4485.0,3140.75,1404.0,-1.0,128.0,1765823027.0,AVBL,False
25474993,25474991.0,5.0,5079.15,3467.6,1404.0,-1.0,128.0,1762443676.0,AVBR,False
25474992,25474991.0,5.0,5255.15,3111.6,1404.0,-1.0,128.0,1762443663.0,AVBR,False
25551431,25551430.0,5.0,4691.15,2884.6,1404.0,-1.0,128.0,1768929469.0,AVBR,False
25510696,25510695.0,5.0,4435.0,3110.75,1405.0,-1.0,128.0,1765823027.0,AVBL,False
25474991,25474990.0,5.0,4975.15,3112.6,1405.0,-1.0,128.0,1768929466.0,AVBR,False
25551430,25474991.0,5.0,4699.15,2926.6,1405.0,-1.0,128.0,1768929467.0,AVBR,False
25510695,25510694.0,5.0,4427.0,3084.75,1406.0,-1.0,128.0,1765823027.0,AVBL,False
25474990,25474989.0,5.0,5055.15,3095.6,1406.0,-1.0,128.0,1762443651.0,AVBR,False
25474988,25474987.0,5.0,5723.15,3051.6,1407.0,-1.0,128.0,1762443638.0,AVBR,False
25510701,25510700.0,5.0,3859.0,3492.75,1407.0,-1.0,128.0,1765823027.0,AVBL,False
25510694,25510693.0,5.0,4415.0,3046.75,1407.0,-1.0,128.0,1765823027.0,AVBL,False
25474989,25474987.0,5.0,5115.15,3187.6,1407.0,-1.0,128.0,1762443644.0,AVBR,False
25510693,25510692.0,5.0,4445.0,3044.75,1408.0,-1.0,128.0,1765823027.0,AVBL,False
25510700,v_25510700_1409,5.0,3861.0,3480.75,1408.0,-1.0,128.0,1765823027.0,AVBL,False
25474987,25474679.0,5.0,5267.15,3191.6,1408.0,-1.0,128.0,1762443630.0,AVBR,False
25474681,25474680.0,5.0,5899.15,3125.6,1409.0,-1.0,128.0,1762410062.0,AVBR,False
25474679,25474678.0,5.0,5335.15,3165.6,1409.0,-1.0,128.0,1762410050.0,AVBR,False
25510692,v_25510692_1410,5.0,4367.0,3014.75,1409.0,-1.0,128.0,1765823027.0,AVBL,False
v_25510700_1409,25510699.0,,3874.0,3456.75,1409.0,,,,AVBL,True
25510699,v_25510699_1411,5.0,3887.0,3432.75,1410.0,-1.0,128.0,1765823027.0,AVBL,False
25552377,v_25552377_1411,5.0,5367.65,3424.6,1410.0,-1.0,128.0,1769201174.0,AVBL,False
v_25510692_1410,25510691.0,,4346.0,3024.75,1410.0,,,,AVBL,True
25474680,25474679.0,5.0,5747.15,3065.6,1410.0,-1.0,128.0,1762410055.0,AVBR,False
25474678,25474664.0,5.0,4757.15,3074.6,1410.0,-1.0,128.0,1762410040.0,AVBR,False
25474682,25474680.0,5.0,5783.15,3105.6,1411.0,-1.0,128.0,1762410079.0,AVBR,False
v_25510699_1411,25510698.0,,3880.0,3414.75,1411.0,,,,AVBL,True
v_25552377_1411,25552376.0,,5372.65,3412.1,1411.0,,,,AVBL,True
25474664,25474663.0,5.0,4729.15,3057.6,1411.0,-1.0,128.0,1762409904.0,AVBR,False
25510691,25510690.0,5.0,4325.0,3034.75,1411.0,-1.0,128.0,1765823027.0,AVBL,False
25510690,25510689.0,5.0,4293.0,3014.75,1412.0,-1.0,128.0,1765823027.0,AVBL,False
25510698,25510688.0,5.0,3873.0,3396.75,1412.0,-1.0,128.0,1765823027.0,AVBL,False
25474663,v_25474663_1413,5.0,4589.15,2775.6,1412.0,-1.0,128.0,1762409898.0,AVBR,False
25474665,25474664.0,5.0,4719.15,3077.6,1412.0,-1.0,128.0,1762409905.0,AVBR,False
25474666,25474664.0,5.0,5017.15,3149.6,1412.0,-1.0,128.0,1762409908.0,AVBR,False
25474727,25474726.0,5.0,6843.15,4173.6,1412.0,-1.0,128.0,1762410236.0,AVBR,False
25552376,25552375.0,5.0,5377.65,3399.6,1412.0,-1.0,128.0,1769201173.0,AVBL,False
25510667,25510666.0,5.0,5231.0,3004.75,1412.0,-1.0,128.0,1765822995.0,AVBL,False
25474683,25474682.0,5.0,5823.15,3161.6,1412.0,-1.0,128.0,1762410082.0,AVBR,False
v_25474663_1413,25474662.0,,4577.15,2773.6,1413.0,,,,AVBR,True
25474675,25474666.0,5.0,5045.15,3192.6,1413.0,-1.0,128.0,1762409949.0,AVBR,False
25474667,25474665.0,5.0,4733.15,3097.6,1413.0,-1.0,128.0,1762409919.0,AVBR,False
25510666,25510665.0,5.0,5283.0,3056.75,1413.0,-1.0,128.0,1765822995.0,AVBL,False
25552375,25552374.0,5.0,5385.65,3386.6,1413.0,-1.0,128.0,1769201172.0,AVBL,False
25474684,25474683.0,5.0,5859.15,3217.6,1413.0,-1.0,128.0,1762410083.0,AVBR,False
25474726,25474725.0,5.0,6823.15,4173.6,1413.0,-1.0,128.0,1762410235.0,AVBR,False
25510688,25510687.0,5.0,3891.0,3332.75,1413.0,-1.0,128.0,1765823027.0,AVBL,False
25510689,25510687.0,5.0,4267.0,3016.75,1413.0,-1.0,128.0,1765823027.0,AVBL,False
25474725,v_25474725_1415,5.0,6827.15,4325.6,1414.0,-1.0,128.0,1762410232.0,AVBR,False
25510687,25510686.0,5.0,4067.0,3020.75,1414.0,-1.0,128.0,1765823027.0,AVBL,False
25474668,25474667.0,5.0,4739.15,3127.6,1414.0,-1.0,128.0,1762409920.0,AVBR,False
25474662,25474661.0,5.0,4565.15,2771.6,1414.0,-1.0,128.0,1762409896.0,AVBR,False
25474685,25474684.0,5.0,5903.15,3233.6,1414.0,-1.0,128.0,1762410084.0,AVBR,False
25510665,25510664.0,5.0,5311.0,3096.75,1414.0,-1.0,128.0,1765822995.0,AVBL,False
25474676,25474675.0,5.0,5053.15,3208.6,1414.0,-1.0,128.0,1762409950.0,AVBR,False
25552374,25510664.0,5.0,5385.65,3386.6,1414.0,-1.0,128.0,1769201171.0,AVBL,False
25474669,25474668.0,5.0,4741.15,3157.6,1415.0,-1.0,128.0,1762409921.0,AVBR,False
25474677,25474676.0,5.0,5071.15,3222.6,1415.0,-1.0,128.0,1762409953.0,AVBR,False
v_25474725_1415,25474724.0,,6821.15,4329.6,1415.0,,,,AVBR,True
25474661,25474660.0,5.0,4559.15,2769.6,1415.0,-1.0,128.0,1762409895.0,AVBR,False
25510686,25510685.0,5.0,4137.0,3028.75,1415.0,-1.0,128.0,1765823027.0,AVBL,False
25510664,25510663.0,5.0,5299.0,3128.75,1415.0,-1.0,128.0,1765822995.0,AVBL,False
25474686,25474685.0,5.0,5955.15,3285.6,1415.0,-1.0,128.0,1762410085.0,AVBR,False
25474724,v_25474724_1417,5.0,6815.15,4333.6,1416.0,-1.0,128.0,1762410231.0,AVBR,False
25474687,25474686.0,5.0,5981.0,3306.75,1416.0,-1.0,128.0,1765578053.0,AVBR,False
25474660,25474659.0,5.0,4491.15,2753.6,1416.0,-1.0,128.0,1762409893.0,AVBR,False
25474670,25474669.0,5.0,4741.15,3181.6,1416.0,-1.0,128.0,1762409922.0,AVBR,False
25510685,25510684.0,5.0,4137.0,3028.75,1416.0,-1.0,128.0,1765823027.0,AVBL,False
25555274,25555273.0,5.0,4606.05,2766.72,1416.0,-1.0,128.0,1769771102.0,AVBL,False
25510914,25510913.0,5.0,3409.0,3610.75,1416.0,-1.0,128.0,1765823027.0,AVBL,False
25510663,25510661.0,5.0,5299.0,3164.75,1416.0,-1.0,128.0,1765822995.0,AVBL,False
25510661,25510660.0,5.0,5407.0,3226.75,1417.0,-1.0,128.0,1765822995.0,AVBL,False
25474688,25474687.0,5.0,5995.15,3329.6,1417.0,-1.0,128.0,1762410087.0,AVBR,False
25510913,25510912.0,5.0,3399.0,3606.75,1417.0,-1.0,128.0,1765823027.0,AVBL,False
25474671,25474670.0,5.0,4765.15,3231.6,1417.0,-1.0,128.0,1762409923.0,AVBR,False
25474659,25474658.0,5.0,4419.15,2747.6,1417.0,-1.0,128.0,1762409892.0,AVBR,False
25510684,25510683.0,5.0,4185.0,3018.75,1417.0,-1.0,128.0,1765823027.0,AVBL,False
v_25474724_1417,25474723.0,,6811.15,4341.6,1417.0,,,,AVBR,True
25555273,25510685.0,5.0,4522.05,2804.72,1417.0,-1.0,128.0,1769771101.0,AVBL,False
25510662,25510661.0,5.0,5007.0,2908.75,1418.0,-1.0,128.0,1765822995.0,AVBL,False
25510660,25510658.0,5.0,5505.0,3244.75,1418.0,-1.0,128.0,1765822995.0,AVBL,False
25474658,25555277.0,5.0,4395.15,2785.6,1418.0,-1.0,128.0,1769771123.0,AVBR,False
25510912,v_25510912_1419,5.0,3425.0,3582.75,1418.0,-1.0,128.0,1765823027.0,AVBL,False
25510683,25510681.0,5.0,4175.0,3008.75,1418.0,-1.0,128.0,1765823027.0,AVBL,False
25510932,25510931.0,5.0,3559.0,3088.75,1418.0,-1.0,128.0,1765823027.0,AVBL,False
25474723,25474722.0,5.0,6807.15,4349.6,1418.0,-1.0,128.0,1762410227.0,AVBR,False
25474689,25474688.0,5.0,6027.15,3369.6,1418.0,-1.0,128.0,1762410088.0,AVBR,False
25474672,25474671.0,5.0,4799.15,3251.6,1418.0,-1.0,128.0,1762409924.0,AVBR,False
v_25510912_1419,25510911.0,,3429.0,3566.75,1419.0,,,,AVBL,True
25510931,25510930.0,5.0,3543.0,3078.75,1419.0,-1.0,128.0,1765823027.0,AVBL,False
25510681,25510680.0,5.0,4249.0,3004.75,1419.0,-1.0,128.0,1765823027.0,AVBL,False
25510668,25510662.0,5.0,4987.0,2888.75,1419.0,-1.0,128.0,1765822995.0,AVBL,False
25510658,25510657.0,5.0,5589.0,3264.75,1419.0,-1.0,128.0,1765822995.0,AVBL,False
25474690,25474689.0,5.0,6067.15,3365.6,1419.0,-1.0,128.0,1762410090.0,AVBR,False
25474722,25474721.0,5.0,6795.15,4345.6,1419.0,-1.0,128.0,1762410226.0,AVBR,False
25474673,25474672.0,5.0,4837.15,3293.6,1419.0,-1.0,128.0,1762409926.0,AVBR,False
25555277,25474657.0,5.0,4376.15,2789.6,1419.0,-1.0,128.0,1769771123.0,AVBR,False
25474691,25474690.0,5.0,6108.85,3387.91,1420.0,-1.0,128.0,1769618608.0,AVBR,False
25474674,25474673.0,5.0,4905.15,3349.6,1420.0,-1.0,128.0,1762409930.0,AVBR,False
25474657,v_25474657_1421,5.0,4357.15,2793.6,1420.0,-1.0,128.0,1762409886.0,AVBR,False
25510911,25510910.0,5.0,3433.0,3550.75,1420.0,-1.0,128.0,1765823027.0,AVBL,False
25474721,v_25474721_1421,5.0,6775.15,4349.6,1420.0,-1.0,128.0,1762410225.0,AVBR,False
25474984,25474983.0,5.0,6595.15,5027.6,1420.0,-1.0,128.0,1762443568.0,AVBR,False
25510657,25510656.0,5.0,5767.0,3398.75,1420.0,-1.0,128.0,1765822995.0,AVBL,False
25510659,25510658.0,5.0,5209.0,3206.75,1420.0,-1.0,128.0,1765822995.0,AVBL,False
25510680,25510679.0,5.0,4541.0,2830.75,1420.0,-1.0,128.0,1765823027.0,AVBL,False
25510682,25510681.0,5.0,4035.0,3066.75,1420.0,-1.0,128.0,1765823027.0,AVBL,False
25510669,25510668.0,5.0,4971.0,2880.75,1420.0,-1.0,128.0,1765822995.0,AVBL,False
25510930,25510705.0,5.0,3557.0,3056.75,1420.0,-1.0,128.0,1765823027.0,AVBL,False
25474692,25474691.0,5.0,6151.15,3369.6,1421.0,-1.0,128.0,1762410093.0,AVBR,False
25510656,25555556.0,5.0,5773.0,3450.75,1421.0,-1.0,128.0,1769802475.0,AVBL,False
25510933,25510659.0,5.0,5215.0,3200.75,1421.0,-1.0,128.0,1765822995.0,AVBL,False
25510910,25510909.0,5.0,3451.0,3522.75,1421.0,-1.0,128.0,1765823027.0,AVBL,False
25552589,25552588.0,5.0,6801.15,4714.61,1421.0,-1.0,128.0,1769311204.0,AVBR,False
25474983,25474982.0,5.0,6599.15,4995.6,1421.0,-1.0,128.0,1762443567.0,AVBR,False
25510679,25510678.0,5.0,4521.0,2836.75,1421.0,-1.0,128.0,1765823027.0,AVBL,False
25510670,25510669.0,5.0,4959.605,2863.765,1421.0,-1.0,128.0,1767681695.0,AVBL,False
25510702,25510682.0,5.0,3761.0,3200.75,1421.0,-1.0,128.0,1765823027.0,AVBL,False
25510705,25510704.0,5.0,3523.0,3100.75,1421.0,-1.0,128.0,1765823027.0,AVBL,False
25510703,25510682.0,5.0,4229.0,3072.75,1421.0,-1.0,128.0,1765823027.0,AVBL,False
v_25474721_1421,25474720.0,,6775.15,4349.6,1421.0,,,,AVBR,True
v_25474657_1421,25474656.0,,4328.15,2785.6,1421.0,,,,AVBR,True
25474656,25534609.0,5.0,4299.15,2777.6,1422.0,-1.0,128.0,1767810482.0,AVBR,False
25474982,25474981.0,5.0,6567.15,4963.6,1422.0,-1.0,128.0,1762443566.0,AVBR,False
25474693,25474692.0,5.0,6187.15,3425.6,1422.0,-1.0,128.0,1762410095.0,AVBR,False
25510704,25510702.0,5.0,3619.0,3092.75,1422.0,-1.0,128.0,1765823027.0,AVBL,False
25510678,25510677.0,5.0,4559.0,2814.75,1422.0,-1.0,128.0,1765823027.0,AVBL,False
25555556,25510655.0,5.0,5795.0,3465.75,1422.0,-1.0,128.0,1769802475.0,AVBL,False
25474720,25555822.0,5.0,6775.15,4349.6,1422.0,-1.0,128.0,1770239945.0,AVBR,False
25510671,25510670.0,5.0,4875.0,2814.75,1422.0,-1.0,128.0,1765822995.0,AVBL,False
25510909,25510708.0,5.0,3473.0,3506.75,1422.0,-1.0,128.0,1765823027.0,AVBL,False
25552588,25552587.0,5.0,6799.15,4740.61,1422.0,-1.0,128.0,1769311203.0,AVBR,False
25555822,25474719.0,5.0,6743.15,4351.6,1423.0,-1.0,128.0,1770239945.0,AVBR,False
25552587,25552586.0,5.0,6799.15,4756.61,1423.0,-1.0,128.0,1769311203.0,AVBR,False
25534609,v_25534609_1424,5.0,4283.65,2781.7,1423.0,-1.0,99.0,1767810482.0,AVBR,False
25474694,25474693.0,5.0,6231.15,3449.6,1423.0,-1.0,128.0,1762410096.0,AVBR,False
25474981,25474980.0,5.0,6539.15,4967.6,1423.0,-1.0,128.0,1762443565.0,AVBR,False
25510655,25554804.0,5.0,5817.0,3480.75,1423.0,-1.0,128.0,1769724536.0,AVBL,False
25510677,25510675.0,5.0,4607.0,2766.75,1423.0,-1.0,128.0,1765823027.0,AVBL,False
25510706,25510704.0,5.0,3595.0,3130.75,1423.0,-1.0,128.0,1765823027.0,AVBL,False
25510708,25510707.0,5.0,3477.0,3478.75,1423.0,-1.0,128.0,1765823027.0,AVBL,False
25510672,25510671.0,5.0,4803.605,2767.765,1423.0,-1.0,128.0,1767681716.0,AVBL,False
25474719,25474717.0,5.0,6711.15,4353.6,1424.0,-1.0,128.0,1762410223.0,AVBR,False
25474980,25474718.0,5.0,6535.15,4967.6,1424.0,-1.0,128.0,1762443564.0,AVBR,False
25474695,25474694.0,5.0,6275.15,3457.6,1424.0,-1.0,128.0,1762410097.0,AVBR,False
25510675,25510673.0,5.0,4621.0,2746.75,1424.0,-1.0,128.0,1765823027.0,AVBL,False
25510707,25510706.0,5.0,3527.0,3154.75,1424.0,-1.0,128.0,1765823027.0,AVBL,False
25554804,25510654.0,5.0,5849.0,3512.75,1424.0,-1.0,128.0,1769724536.0,AVBL,False
25510673,25510672.0,5.0,4813.0,2786.75,1424.0,-1.0,128.0,1765822995.0,AVBL,False
25552586,25552585.0,5.0,6779.15,4762.61,1424.0,-1.0,128.0,1769311202.0,AVBR,False
v_25534609_1424,25474655.0,,4272.4,2782.65,1424.0,,,,AVBR,True
25552585,25474718.0,5.0,6721.15,4818.61,1425.0,-1.0,128.0,1769311201.0,AVBR,False
25510654,v_25510654_1426,5.0,5881.0,3544.75,1425.0,-1.0,128.0,1765822995.0,AVBL,False
25510674,25510673.0,5.0,4801.0,2802.75,1425.0,-1.0,128.0,1765822995.0,AVBL,False
25474696,25474695.0,5.0,6303.15,3453.6,1425.0,-1.0,128.0,1762410098.0,AVBR,False
25474655,v_25474655_1426,5.0,4261.15,2783.6,1425.0,-1.0,128.0,1762409884.0,AVBR,False
25510709,25510707.0,5.0,3453.0,3252.75,1425.0,-1.0,128.0,1765823027.0,AVBL,False
25474718,25474716.0,5.0,6519.15,4929.6,1425.0,-1.0,128.0,1762410218.0,AVBR,False
25474717,25474716.0,5.0,6675.15,4397.6,1425.0,-1.0,128.0,1762410216.0,AVBR,False
25510676,25510675.0,5.0,4625.0,2748.75,1425.0,-1.0,128.0,1765823027.0,AVBL,False
25510712,25510709.0,5.0,3755.0,3210.75,1426.0,-1.0,128.0,1765823027.0,AVBL,False
25510711,25510709.0,5.0,3451.0,3248.75,1426.0,-1.0,128.0,1765823027.0,AVBL,False
25510710,25510709.0,5.0,3369.0,3592.75,1426.0,-1.0,128.0,1765823027.0,AVBL,False
25474716,25474715.0,5.0,6623.15,4693.6,1426.0,-1.0,128.0,1762410213.0,AVBR,False
25474697,25474696.0,5.0,6343.15,3461.6,1426.0,-1.0,128.0,1762410099.0,AVBR,False
v_25510654_1426,25510653.0,,5896.0,3564.75,1426.0,,,,AVBL,True
v_25474655_1426,25474654.0,,4248.4575,2797.245,1426.0,,,,AVBR,True
v_25474698_1427,25474697.0,,6358.15,3473.6,1427.0,,,,AVBR,True
25552429,25552428.0,5.0,3650.65,3267.6,1427.0,-1.0,128.0,1769202651.0,AVBR,False
25474654,v_25474654_1428,5.0,4235.765,2810.89,1427.0,-1.0,128.0,1769659649.0,AVBR,False
25474715,25474714.0,5.0,6591.15,4681.6,1427.0,-1.0,128.0,1762410211.0,AVBR,False
25510653,v_25510653_1428,5.0,5911.0,3584.75,1427.0,-1.0,128.0,1765822995.0,AVBL,False
25510926,25510712.0,5.0,3793.0,3206.75,1427.0,-1.0,128.0,1765823027.0,AVBL,False
25510917,25510710.0,5.0,3363.0,3592.75,1427.0,-1.0,128.0,1765823027.0,AVBL,False
25510713,25510711.0,5.0,3427.0,3266.75,1427.0,-1.0,128.0,1765823027.0,AVBL,False
25510927,25510926.0,5.0,3849.0,3200.75,1428.0,-1.0,128.0,1765823027.0,AVBL,False
25552428,25552427.0,5.0,3614.65,3294.6,1428.0,-1.0,128.0,1769202650.0,AVBR,False
v_25474654_1428,25474653.0,,4215.4575,2825.245,1428.0,,,,AVBR,True
25510918,25510917.0,5.0,3351.0,3612.75,1428.0,-1.0,128.0,1765823027.0,AVBL,False
25510714,25510713.0,5.0,3347.0,3256.75,1428.0,-1.0,128.0,1765823027.0,AVBL,False
25474698,v_25474698_1427,5.0,6363.15,3477.6,1428.0,-1.0,128.0,1762410100.0,AVBR,False
25474652,25474651.0,5.0,3943.15,3077.6,1428.0,-1.0,128.0,1762409870.0,AVBR,False
25474714,25474712.0,5.0,6583.15,4681.6,1428.0,-1.0,128.0,1762410210.0,AVBR,False
v_25510653_1428,25510652.0,,5941.0,3594.75,1428.0,,,,AVBL,True
25474712,v_25474712_1430,5.0,6503.15,4765.6,1429.0,-1.0,128.0,1762410207.0,AVBR,False
25474653,25474650.0,5.0,4195.15,2839.6,1429.0,-1.0,128.0,1762409881.0,AVBR,False
25474651,25474649.0,5.0,3939.15,3077.6,1429.0,-1.0,128.0,1762409837.0,AVBR,False
25552427,25552426.0,5.0,3586.65,3323.6,1429.0,-1.0,128.0,1769202649.0,AVBR,False
25474699,25474698.0,5.0,6387.15,3521.6,1429.0,-1.0,128.0,1762410104.0,AVBR,False
25510938,25510937.0,5.0,6387.0,4118.75,1429.0,-1.0,128.0,1765822995.0,AVBL,False
v_25510715_1429,25510714.0,,3342.5,3252.25,1429.0,,,,AVBL,True
25510919,25510918.0,5.0,3329.0,3654.75,1429.0,-1.0,128.0,1765823027.0,AVBL,False
25510928,25510927.0,5.0,3877.0,3178.75,1429.0,-1.0,128.0,1765823027.0,AVBL,False
25510652,v_25510652_1430,5.0,5971.0,3604.75,1429.0,-1.0,128.0,1765822995.0,AVBL,False
25510715,v_25510715_1429,5.0,3341.0,3250.75,1430.0,-1.0,128.0,1765823027.0,AVBL,False
v_25474712_1430,25474711.0,,6525.15,4589.6,1430.0,,,,AVBR,True
25510929,25510928.0,5.0,3863.0,3180.75,1430.0,-1.0,128.0,1765823027.0,AVBL,False
25510920,25510919.0,5.0,3305.0,3678.75,1430.0,-1.0,128.0,1765823027.0,AVBL,False
v_25510652_1430,25510651.0,,5975.0,3608.75,1430.0,,,,AVBL,True
25510937,25510936.0,5.0,6377.0,4140.75,1430.0,-1.0,128.0,1765822995.0,AVBL,False
25552426,25552425.0,5.0,3607.65,3301.6,1430.0,-1.0,128.0,1769202648.0,AVBR,False
25474700,25474699.0,5.0,6395.15,3529.6,1430.0,-1.0,128.0,1762410107.0,AVBR,False
25474713,25474712.0,5.0,6427.15,4997.6,1430.0,-1.0,128.0,1762410202.0,AVBR,False
25474649,25474648.0,5.0,3957.15,3045.6,1430.0,-1.0,128.0,1762409822.0,AVBR,False
25474650,25474648.0,5.0,4169.15,2847.6,1430.0,-1.0,128.0,1762409877.0,AVBR,False
25474728,25474713.0,5.0,6343.15,5057.6,1431.0,-1.0,128.0,1762410255.0,AVBR,False
v_25510921_1431,25510920.0,,3294.5,3689.25,1431.0,,,,AVBL,True
25552425,25474647.0,5.0,3637.65,3256.6,1431.0,-1.0,128.0,1769202644.0,AVBR,False
25474648,25474647.0,5.0,3992.965,3006.09,1431.0,-1.0,128.0,1769659815.0,AVBR,False
25510651,25510650.0,5.0,5979.0,3612.75,1431.0,-1.0,128.0,1765822995.0,AVBL,False
25510716,25510715.0,5.0,3323.0,3254.75,1431.0,-1.0,128.0,1765823027.0,AVBL,False
25510936,25510935.0,5.0,6335.0,4156.75,1431.0,-1.0,128.0,1765822995.0,AVBL,False
25474711,25474709.0,5.0,6547.15,4413.6,1431.0,-1.0,128.0,1762410186.0,AVBR,False
25474701,25474700.0,5.0,6399.15,3569.6,1431.0,-1.0,128.0,1762410108.0,AVBR,False
25510921,v_25510921_1431,5.0,3291.0,3692.75,1432.0,-1.0,128.0,1765823027.0,AVBL,False
25474647,25474646.0,5.0,3917.15,3073.6,1432.0,-1.0,128.0,1762409816.0,AVBR,False
25510935,25510934.0,5.0,6335.0,4156.75,1432.0,-1.0,128.0,1765822995.0,AVBL,False
25510650,25510649.0,5.0,6073.0,3660.75,1432.0,-1.0,128.0,1765822995.0,AVBL,False
25474702,25474701.0,5.0,6351.15,3617.6,1432.0,-1.0,128.0,1762410112.0,AVBR,False
25510717,25510716.0,5.0,3263.0,3262.75,1432.0,-1.0,128.0,1765823027.0,AVBL,False
25474729,25474728.0,5.0,6319.15,5101.6,1432.0,-1.0,128.0,1762410258.0,AVBR,False
25474709,25474705.0,5.0,6531.15,4357.6,1432.0,-1.0,128.0,1762410177.0,AVBR,False
25474730,25474729.0,5.0,6307.15,5149.6,1433.0,-1.0,128.0,1762410259.0,AVBR,False
25510649,25510647.0,5.0,6089.0,3694.75,1433.0,-1.0,128.0,1765822995.0,AVBL,False
25474710,25474709.0,5.0,6523.15,4589.6,1433.0,-1.0,128.0,1762410182.0,AVBR,False
25474646,25555313.0,5.0,3871.15,3105.6,1433.0,-1.0,128.0,1769772221.0,AVBR,False
25510934,25510648.0,5.0,6329.0,4134.75,1433.0,-1.0,128.0,1765822995.0,AVBL,False
v_25510922_1433,25510921.0,,3289.5,3707.75,1433.0,,,,AVBL,True
v_25510718_1433,25510717.0,,3236.0,3267.25,1433.0,,,,AVBL,True
25474705,25474704.0,5.0,6459.15,4097.6,1433.0,-1.0,128.0,1762410130.0,AVBR,False
25474703,25474702.0,5.0,6319.15,3669.6,1433.0,-1.0,128.0,1762410114.0,AVBR,False
25510922,v_25510922_1433,5.0,3289.0,3712.75,1434.0,-1.0,128.0,1765823027.0,AVBL,False
25474985,25474710.0,5.0,6531.15,4627.6,1434.0,-1.0,128.0,1762443582.0,AVBR,False
25555313,25474645.0,5.0,3822.15,3114.6,1434.0,-1.0,128.0,1769772221.0,AVBR,False
25510718,v_25510718_1433,5.0,3227.0,3268.75,1434.0,-1.0,128.0,1765823027.0,AVBL,False
v_25474731_1434,25474730.0,,6289.15,5164.6,1434.0,,,,AVBR,True
25510647,25510646.0,5.0,6153.0,3750.75,1434.0,-1.0,128.0,1765822995.0,AVBL,False
25510648,25510646.0,5.0,6343.0,4148.75,1434.0,-1.0,128.0,1765822995.0,AVBL,False
25474704,25474703.0,5.0,6427.15,3801.6,1434.0,-1.0,128.0,1762410127.0,AVBR,False
25474731,v_25474731_1434,5.0,6283.15,5169.6,1435.0,-1.0,128.0,1762410260.0,AVBR,False
25510719,25510718.0,5.0,3117.0,3266.75,1435.0,-1.0,128.0,1765823027.0,AVBL,False
25474706,25474704.0,5.0,6427.15,3817.6,1435.0,-1.0,128.0,1762410134.0,AVBR,False
25474645,v_25474645_1436,5.0,3773.15,3123.6,1435.0,-1.0,128.0,1762409813.0,AVBR,False
25474986,25474985.0,5.0,6531.15,4643.6,1435.0,-1.0,128.0,1762443586.0,AVBR,False
v_25510923_1435,25510922.0,,3296.5,3720.25,1435.0,,,,AVBL,True
25510646,25510645.0,5.0,6297.0,3972.75,1435.0,-1.0,128.0,1765822995.0,AVBL,False
25510923,v_25510923_1435,5.0,3299.0,3722.75,1436.0,-1.0,128.0,1765823027.0,AVBL,False
25510645,25510644.0,5.0,6275.0,4028.75,1436.0,-1.0,128.0,1765822995.0,AVBL,False
25474707,25474706.0,5.0,6379.15,3841.6,1436.0,-1.0,128.0,1762410135.0,AVBR,False
v_25474645_1436,25474644.0,,3752.15,3128.6,1436.0,,,,AVBR,True
v_25510720_1436,25510719.0,,3081.0,3269.75,1436.0,,,,AVBL,True
25556642,25474731.0,5.0,6259.15,5175.6,1436.0,-1.0,128.0,1770522701.0,AVBR,False
25510644,25510643.0,5.0,6273.0,4222.75,1437.0,-1.0,128.0,1765822995.0,AVBL,False
25510720,v_25510720_1436,5.0,3069.0,3270.75,1437.0,-1.0,128.0,1765823027.0,AVBL,False
25474644,25436657.0,5.0,3731.15,3133.6,1437.0,-1.0,128.0,1762409812.0,AVBR,False
25474708,25474707.0,5.0,6379.15,3841.6,1437.0,-1.0,128.0,1762410138.0,AVBR,False
v_25510924_1437,25510923.0,,3321.5,3722.75,1437.0,,,,AVBL,True
25474732,25556642.0,5.0,6235.15,5181.6,1437.0,-1.0,128.0,1770522701.0,AVBR,False
25554905,25510720.0,5.0,3031.0,3276.75,1438.0,-1.0,128.0,1769746528.0,AVBL,False
25510924,v_25510924_1437,5.0,3329.0,3722.75,1438.0,-1.0,128.0,1765823027.0,AVBL,False
v_25474733_1438,25474732.0,,6205.15,5190.6,1438.0,,,,AVBR,True
25436657,,5.0,3675.15,3150.6,1438.0,-1.0,128.0,1762409787.0,AVBR,False
25510643,25510642.0,5.0,6257.0,4286.75,1438.0,-1.0,128.0,1765822995.0,AVBL,False
25474567,25436657.0,5.0,3637.15,3169.6,1439.0,-1.0,128.0,1762409787.0,AVBR,False
25510721,25554905.0,5.0,2993.0,3282.75,1439.0,-1.0,128.0,1769746528.0,AVBL,False
25510925,25510924.0,5.0,3333.0,3724.75,1439.0,-1.0,128.0,1765823027.0,AVBL,False
25474733,v_25474733_1438,5.0,6195.15,5193.6,1439.0,-1.0,128.0,1762410263.0,AVBR,False
25510642,25510641.0,5.0,6233.0,4360.75,1439.0,-1.0,128.0,1765822995.0,AVBL,False
25474568,25474567.0,5.0,3583.15,3165.6,1440.0,-1.0,128.0,1762409787.0,AVBR,False
v_25474734_1440,25474733.0,,6174.15,5208.6,1440.0,,,,AVBR,True
25510641,v_25510641_1441,5.0,6231.0,4422.75,1440.0,-1.0,128.0,1765822995.0,AVBL,False
25510722,25510721.0,5.0,2967.0,3306.75,1440.0,-1.0,128.0,1765823027.0,AVBL,False
25474734,v_25474734_1440,5.0,6167.15,5213.6,1441.0,-1.0,128.0,1762410264.0,AVBR,False
v_25474569_1441,25474568.0,,3487.15,3197.1,1441.0,,,,AVBR,True
v_25510723_1441,25510722.0,,2941.5,3341.25,1441.0,,,,AVBL,True
v_25510641_1441,25510640.0,,6220.0,4423.75,1441.0,,,,AVBL,True
25510640,25510639.0,5.0,6209.0,4424.75,1442.0,-1.0,128.0,1765822995.0,AVBL,False
25510620,25510619.0,5.0,5759.0,4568.75,1442.0,-1.0,128.0,1765822995.0,AVBL,False
25474569,v_25474569_1441,5.0,3455.15,3207.6,1442.0,-1.0,128.0,1762409787.0,AVBR,False
25475004,25474572.0,5.0,3125.15,3393.6,1442.0,-1.0,128.0,1762443778.0,AVBR,False
25510723,v_25510723_1441,5.0,2933.0,3352.75,1442.0,-1.0,128.0,1765823027.0,AVBL,False
v_25474735_1442,25474734.0,,6121.549999999999,5225.6,1442.0,,,,AVBR,True
25474572,25474571.0,5.0,3097.15,3403.6,1443.0,-1.0,128.0,1762409787.0,AVBR,False
25474570,25474569.0,5.0,3383.15,3255.6,1443.0,-1.0,128.0,1762409787.0,AVBR,False
25510724,25510723.0,5.0,2919.0,3362.75,1443.0,-1.0,128.0,1765823027.0,AVBL,False
v_25474735_1443,v_25474735_1443,,6106.349999999999,5229.6,1443.0,,,,AVBR,True
25510639,25510638.0,5.0,6225.0,4440.75,1443.0,-1.0,128.0,1765822995.0,AVBL,False
25510619,25510618.0,5.0,5741.0,4590.75,1443.0,-1.0,128.0,1765822995.0,AVBL,False
25474571,25474570.0,5.0,3217.15,3335.6,1444.0,-1.0,128.0,1762409787.0,AVBR,False
25510618,25510617.0,5.0,5684.6,4606.75,1444.0,-1.0,128.0,1768928909.0,AVBL,False
25474735,v_25474735_1442,5.0,6091.15,5233.6,1444.0,-1.0,128.0,1762410266.0,AVBR,False
25510638,25510637.0,5.0,6161.0,4486.75,1444.0,-1.0,128.0,1765822995.0,AVBL,False
25510725,25510724.0,5.0,2873.0,3406.75,1444.0,-1.0,128.0,1765823027.0,AVBL,False
25510726,25510725.0,5.0,2871.0,3434.75,1445.0,-1.0,128.0,1765823027.0,AVBL,False
v_25474736_1445,25474735.0,,6067.15,5239.6,1445.0,,,,AVBR,True
25474573,25474571.0,5.0,3199.15,3357.6,1445.0,-1.0,128.0,1762409787.0,AVBR,False
25510617,25510616.0,5.0,5707.0,4550.75,1445.0,-1.0,128.0,1765822995.0,AVBL,False
25510637,25510636.0,5.0,6143.0,4500.75,1445.0,-1.0,128.0,1765822995.0,AVBL,False
25510759,25510758.0,5.0,2165.0,5102.75,1446.0,-1.0,128.0,1765823027.0,AVBL,False
25510727,25510726.0,5.0,2849.0,3450.75,1446.0,-1.0,128.0,1765823027.0,AVBL,False
25510636,25510635.0,5.0,6095.0,4562.75,1446.0,-1.0,128.0,1765822995.0,AVBL,False
25510908,25510907.0,5.0,2065.0,4310.75,1446.0,-1.0,128.0,1765823027.0,AVBL,False
25510616,25510615.0,5.0,5717.0,4488.75,1446.0,-1.0,128.0,1765822995.0,AVBL,False
25474736,v_25474736_1445,5.0,6059.15,5241.6,1446.0,-1.0,128.0,1762410267.0,AVBR,False
25474574,25474573.0,5.0,3167.15,3383.6,1446.0,-1.0,128.0,1762409787.0,AVBR,False
25510907,25510906.0,5.0,2065.0,4306.75,1447.0,-1.0,128.0,1765823027.0,AVBL,False
25474575,25474574.0,5.0,3121.15,3425.6,1447.0,-1.0,128.0,1762409787.0,AVBR,False
v_25474737_1447,25474736.0,,6026.15,5205.6,1447.0,,,,AVBR,True
25510615,v_25510615_1448,5.0,5695.0,4482.75,1447.0,-1.0,128.0,1765822995.0,AVBL,False
25510758,25510757.0,5.0,2173.0,5102.75,1447.0,-1.0,128.0,1765823027.0,AVBL,False
25510728,25510727.0,5.0,2823.0,3496.75,1447.0,-1.0,128.0,1765823027.0,AVBL,False
25510635,v_25510635_1448,5.0,6063.0,4582.75,1447.0,-1.0,128.0,1765822995.0,AVBL,False
25474737,v_25474737_1447,5.0,6015.15,5193.6,1448.0,-1.0,128.0,1762410268.0,AVBR,False
25510757,25510756.0,5.0,2177.0,5086.75,1448.0,-1.0,128.0,1765823027.0,AVBL,False
v_25510729_1448,25510728.0,,2808.0,3517.75,1448.0,,,,AVBL,True
v_25510635_1448,25510634.0,,6052.0,4608.75,1448.0,,,,AVBL,True
v_25510615_1448,25510614.0,,5695.0,4482.75,1448.0,,,,AVBL,True
25510906,25510905.0,5.0,2065.0,4290.75,1448.0,-1.0,128.0,1765823027.0,AVBL,False
25474576,25474575.0,5.0,3119.15,3439.6,1448.0,-1.0,128.0,1762409787.0,AVBR,False
25551491,25474576.0,5.0,3076.485,3468.935,1449.0,-1.0,128.0,1768937660.0,AVBR,False
25510634,25510613.0,5.0,6041.0,4634.75,1449.0,-1.0,128.0,1765822995.0,AVBL,False
25510614,25510612.0,5.0,5695.0,4482.75,1449.0,-1.0,128.0,1765822995.0,AVBL,False
25474738,25474737.0,5.0,6027.15,5185.6,1449.0,-1.0,128.0,1762410269.0,AVBR,False
25510756,25510755.0,5.0,2221.0,5070.75,1449.0,-1.0,128.0,1765823027.0,AVBL,False
25510729,v_25510729_1448,5.0,2803.0,3524.75,1449.0,-1.0,128.0,1765823027.0,AVBL,False
25510905,v_25510905_1450,5.0,2085.0,4290.75,1449.0,-1.0,128.0,1765823027.0,AVBL,False
25510755,v_25510755_1451,5.0,2257.0,5066.75,1450.0,-1.0,128.0,1765823027.0,AVBL,False
25510613,25510611.0,5.0,6005.0,4636.75,1450.0,-1.0,128.0,1765822995.0,AVBL,False
25510612,25510611.0,5.0,5793.0,4470.75,1450.0,-1.0,128.0,1765822995.0,AVBL,False
25510730,25510729.0,5.0,2773.0,3594.75,1450.0,-1.0,128.0,1765823027.0,AVBL,False
v_25510905_1450,25510904.0,,2095.0,4292.75,1450.0,,,,AVBL,True
v_25474739_1450,25474738.0,,6030.15,5170.6,1450.0,,,,AVBR,True
v_25474577_1450,25551491.0,,3012.4837500000003,3512.93375,1450.0,,,,AVBR,True
v_25510755_1451,25510754.0,,2269.0,5054.75,1451.0,,,,AVBL,True
25474739,v_25474739_1450,5.0,6031.15,5165.6,1451.0,-1.0,128.0,1762410270.0,AVBR,False
25474577,v_25474577_1450,5.0,2991.15,3527.6,1451.0,-1.0,128.0,1768937660.0,AVBR,False
25510731,25510730.0,5.0,2755.0,3594.75,1451.0,-1.0,128.0,1765823027.0,AVBL,False
25510904,25510903.0,5.0,2105.0,4294.75,1451.0,-1.0,128.0,1765823027.0,AVBL,False
25510611,v_25510611_1452,5.0,5887.0,4572.75,1451.0,-1.0,128.0,1765822995.0,AVBL,False
25510754,25510753.0,5.0,2281.0,5042.75,1452.0,-1.0,128.0,1765823027.0,AVBL,False
25510903,25510902.0,5.0,2161.0,4282.75,1452.0,-1.0,128.0,1765823027.0,AVBL,False
v_25474740_1452,25474739.0,,6010.15,5165.6,1452.0,,,,AVBR,True
25510732,25510731.0,5.0,2765.0,3610.75,1452.0,-1.0,128.0,1765823027.0,AVBL,False
25554833,25474577.0,5.0,2952.485,3564.265,1452.0,-1.0,128.0,1769744517.0,AVBR,False
v_25510611_1452,25510610.0,,5920.0,4608.75,1452.0,,,,AVBL,True
25474740,v_25474740_1452,5.0,6003.15,5165.6,1453.0,-1.0,128.0,1762410272.0,AVBR,False
25510753,25510752.0,5.0,2313.0,5030.75,1453.0,-1.0,128.0,1765823027.0,AVBL,False
25510610,v_25510610_1454,5.0,5953.0,4644.75,1453.0,-1.0,128.0,1765822995.0,AVBL,False
25510733,25510732.0,5.0,2737.0,3612.75,1453.0,-1.0,128.0,1765823027.0,AVBL,False
v_25474578_1453,25554833.0,,2894.4837500000003,3619.26625,1453.0,,,,AVBR,True
25510902,25510901.0,5.0,2213.0,4308.75,1453.0,-1.0,128.0,1765823027.0,AVBL,False
25474578,v_25474578_1453,5.0,2875.15,3637.6,1454.0,-1.0,128.0,1769744517.0,AVBR,False
25474741,25474740.0,5.0,5981.15,5182.6,1454.0,-1.0,128.0,1762410283.0,AVBR,False
25510901,25510750.0,5.0,2224.95,4322.415,1454.0,-1.0,128.0,1766176238.0,AVBL,False
25510734,25510733.0,5.0,2737.0,3676.75,1454.0,-1.0,128.0,1765823027.0,AVBL,False
25510752,25510751.0,5.0,2349.0,5026.75,1454.0,-1.0,128.0,1765823027.0,AVBL,False
v_25510610_1454,25510609.0,,5937.0,4668.75,1454.0,,,,AVBL,True
25510609,25554846.0,5.0,5921.0,4692.75,1455.0,-1.0,128.0,1769744912.0,AVBL,False
25474579,25474578.0,5.0,2853.15,3679.6,1455.0,-1.0,128.0,1762409787.0,AVBR,False
25475010,25475009.0,5.0,2611.15,4427.6,1455.0,-1.0,128.0,1762443805.0,AVBR,False
v_25474742_1455,25474741.0,,5954.15,5199.1,1455.0,,,,AVBR,True
25510735,25510734.0,5.0,2725.0,3704.75,1455.0,-1.0,128.0,1765823027.0,AVBL,False
25510750,25510749.0,5.0,2257.0,4326.75,1455.0,-1.0,128.0,1765823027.0,AVBL,False
25510751,25510749.0,5.0,2417.0,4974.75,1455.0,-1.0,128.0,1765823027.0,AVBL,False
25474580,25474579.0,5.0,2817.15,3743.6,1456.0,-1.0,128.0,1762409787.0,AVBR,False
25510736,25510735.0,5.0,2711.0,3772.75,1456.0,-1.0,128.0,1765823027.0,AVBL,False
25510749,25510748.0,5.0,2405.0,4638.75,1456.0,-1.0,128.0,1765823027.0,AVBL,False
25474742,v_25474742_1455,5.0,5945.15,5204.6,1456.0,-1.0,128.0,1762410284.0,AVBR,False
25554846,25554797.0,5.0,5921.0,4700.75,1456.0,-1.0,128.0,1769744912.0,AVBL,False
25475009,25475008.0,5.0,2603.15,4436.6,1456.0,-1.0,128.0,1762443801.0,AVBR,False
25510737,25510736.0,5.0,2701.0,3832.75,1457.0,-1.0,128.0,1765823027.0,AVBL,False
25510748,25510740.0,5.0,2405.0,4618.75,1457.0,-1.0,128.0,1765823027.0,AVBL,False
v_25474743_1457,25474742.0,,5919.65,5225.6,1457.0,,,,AVBR,True
25554797,25510608.0,5.0,5921.0,4708.75,1457.0,-1.0,128.0,1769724456.0,AVBL,False
v_25474581_1457,25474580.0,,2794.65,3806.6,1457.0,,,,AVBR,True
25475008,25475007.0,5.0,2599.15,4448.6,1457.0,-1.0,128.0,1762443799.0,AVBR,False
25510738,25510737.0,5.0,2655.0,3914.75,1458.0,-1.0,128.0,1765823027.0,AVBL,False
25510740,25510739.0,5.0,2393.0,4530.75,1458.0,-1.0,128.0,1765823027.0,AVBL,False
25510608,v_25510608_1459,5.0,5921.0,4716.75,1458.0,-1.0,128.0,1765822995.0,AVBL,False
25475007,25475006.0,5.0,2583.15,4448.6,1458.0,-1.0,128.0,1762443798.0,AVBR,False
25474581,v_25474581_1457,5.0,2787.15,3827.6,1458.0,-1.0,128.0,1762409787.0,AVBR,False
25474743,v_25474743_1457,5.0,5911.15,5232.6,1458.0,-1.0,128.0,1762410286.0,AVBR,False
25474866,25474746.0,5.0,5693.15,5197.6,1459.0,-1.0,128.0,1762410649.0,AVBR,False
v_25474582_1459,25474581.0,,2743.65,3865.1,1459.0,,,,AVBR,True
25475006,25475005.0,5.0,2583.15,4412.6,1459.0,-1.0,128.0,1762443797.0,AVBR,False
v_25510608_1459,25510607.0,,5893.0,4742.75,1459.0,,,,AVBL,True
25510739,25510738.0,5.0,2417.0,4406.75,1459.0,-1.0,128.0,1765823027.0,AVBL,False
v_25474744_1459,25474743.0,,5900.65,5241.6,1459.0,,,,AVBR,True
25475005,25474585.0,5.0,2583.15,4344.6,1460.0,-1.0,128.0,1762443795.0,AVBR,False
25510607,v_25510607_1461,5.0,5865.0,4768.75,1460.0,-1.0,128.0,1769724397.0,AVBL,False
25510760,25510739.0,5.0,2525.0,5110.75,1460.0,-1.0,128.0,1765823027.0,AVBL,False
25510741,25510739.0,5.0,2481.0,4158.75,1460.0,-1.0,128.0,1765823027.0,AVBL,False
25474746,25474745.0,5.0,5701.15,5196.6,1460.0,-1.0,128.0,1762410291.0,AVBR,False
25474582,v_25474582_1459,5.0,2729.15,3877.6,1460.0,-1.0,128.0,1762409787.0,AVBR,False
25474744,v_25474744_1459,5.0,5897.15,5244.6,1460.0,-1.0,128.0,1762410287.0,AVBR,False
v_25510607_1461,25554795.0,,5859.0,4784.75,1461.0,,,,AVBL,True
25510742,25510741.0,5.0,2489.0,4122.75,1461.0,-1.0,128.0,1765823027.0,AVBL,False
25510761,25510760.0,5.0,2545.0,5166.75,1461.0,-1.0,128.0,1765823027.0,AVBL,False
25474585,25474584.0,5.0,2623.15,4214.6,1461.0,-1.0,128.0,1762409787.0,AVBR,False
25474745,25474744.0,5.0,5777.15,5228.6,1461.0,-1.0,128.0,1762410293.0,AVBR,False
25474583,25474582.0,5.0,2725.15,3901.6,1461.0,-1.0,128.0,1762409787.0,AVBR,False
25474584,25474583.0,5.0,2643.15,4072.6,1462.0,-1.0,128.0,1762409787.0,AVBR,False
25475017,25475016.0,5.0,2947.15,4899.6,1462.0,-1.0,128.0,1762443845.0,AVBR,False
25510762,25510761.0,5.0,2545.0,5134.75,1462.0,-1.0,128.0,1765823027.0,AVBL,False
25554795,25510606.0,5.0,5853.0,4800.75,1462.0,-1.0,128.0,1769724397.0,AVBL,False
25510743,25510742.0,5.0,2305.0,4210.75,1462.0,-1.0,128.0,1765823027.0,AVBL,False
25510744,25510742.0,5.0,2473.0,4310.75,1462.0,-1.0,128.0,1765823027.0,AVBL,False
25474747,25474745.0,5.0,5777.15,5232.6,1462.0,-1.0,128.0,1762410294.0,AVBR,False
25474586,25474584.0,5.0,2669.15,4142.6,1463.0,-1.0,128.0,1762409787.0,AVBR,False
25513574,25513573.0,5.0,5488.0,5226.75,1463.0,-1.0,128.0,1765822995.0,AVBL,False
25474748,25474747.0,5.0,5773.15,5252.6,1463.0,-1.0,128.0,1762410295.0,AVBR,False
25475016,25475015.0,5.0,2949.15,4891.6,1463.0,-1.0,128.0,1762443844.0,AVBR,False
25510745,25510743.0,5.0,2425.0,4082.75,1463.0,-1.0,128.0,1765823027.0,AVBL,False
25510747,25510744.0,5.0,2421.0,4374.75,1463.0,-1.0,128.0,1765823027.0,AVBL,False
v_25510763_1463,25510762.0,,2575.0,5155.75,1463.0,,,,AVBL,True
25510606,v_25510606_1464,5.0,5847.0,4816.75,1463.0,-1.0,128.0,1769724379.0,AVBL,False
25474587,25474586.0,5.0,2695.15,4166.6,1464.0,-1.0,128.0,1762409787.0,AVBR,False
25513573,25513572.0,5.0,5478.0,5212.75,1464.0,-1.0,128.0,1765822995.0,AVBL,False
25474615,25474614.0,5.0,3293.15,4532.6,1464.0,-1.0,128.0,1762409787.0,AVBR,False
v_25474749_1464,25474748.0,,5777.65,5267.6,1464.0,,,,AVBR,True
25475015,25475014.0,5.0,2991.15,4925.6,1464.0,-1.0,128.0,1762443840.0,AVBR,False
25510763,v_25510763_1463,5.0,2585.0,5162.75,1464.0,-1.0,128.0,1765823027.0,AVBL,False
v_25510606_1464,v_25510606_1465,,5839.5,4822.75,1464.0,,,,AVBL,True
25510746,25510745.0,5.0,2393.0,4146.75,1464.0,-1.0,128.0,1765823027.0,AVBL,False
25475014,25475013.0,5.0,2987.15,4917.6,1465.0,-1.0,128.0,1762443839.0,AVBR,False
v_25510606_1465,25554793.0,,5832.0,4828.75,1465.0,,,,AVBL,True
25474614,25474613.0,5.0,3279.15,4549.6,1465.0,-1.0,128.0,1768929883.0,AVBR,False
25513572,25513571.0,5.0,5516.0,5202.75,1465.0,-1.0,128.0,1765822995.0,AVBL,False
25510764,25510763.0,5.0,2617.0,5182.75,1465.0,-1.0,128.0,1765823027.0,AVBL,False
25474588,25474587.0,5.0,2715.15,4174.6,1465.0,-1.0,128.0,1762409787.0,AVBR,False
25474598,25474597.0,5.0,3119.15,4287.6,1465.0,-1.0,128.0,1762409787.0,AVBR,False
25474749,v_25474749_1464,5.0,5779.15,5272.6,1465.0,-1.0,128.0,1762410297.0,AVBR,False
25474597,25474596.0,5.0,3123.15,4309.6,1466.0,-1.0,128.0,1762409787.0,AVBR,False
25475013,25475012.0,5.0,2991.15,4921.6,1466.0,-1.0,128.0,1762443838.0,AVBR,False
25474613,25474612.0,5.0,3267.15,4594.6,1466.0,-1.0,128.0,1762409787.0,AVBR,False
25555584,25474588.0,5.0,2725.15,4202.6,1466.0,-1.0,128.0,1769803351.0,AVBR,False
v_25474750_1466,25474749.0,,5767.15,5283.1,1466.0,,,,AVBR,True
v_25510765_1466,25510764.0,,2617.0,5212.75,1466.0,,,,AVBL,True
25513571,25513570.0,5.0,5522.0,5200.75,1466.0,-1.0,128.0,1765822995.0,AVBL,False
25554793,25510605.0,5.0,5824.5,4834.75,1466.0,-1.0,128.0,1769724379.0,AVBL,False
25513570,25513569.0,5.0,5526.0,5162.75,1467.0,-1.0,128.0,1765822995.0,AVBL,False
25474750,v_25474750_1466,5.0,5763.15,5286.6,1467.0,-1.0,128.0,1762410298.0,AVBR,False
25474589,25555584.0,5.0,2735.15,4230.6,1467.0,-1.0,128.0,1769803351.0,AVBR,False
25474596,25474592.0,5.0,3125.15,4319.6,1467.0,-1.0,128.0,1762409787.0,AVBR,False
25475012,25474611.0,5.0,2993.15,4919.6,1467.0,-1.0,128.0,1762443837.0,AVBR,False
25474612,25474610.0,5.0,3241.15,4642.6,1467.0,-1.0,128.0,1762409787.0,AVBR,False
25510605,v_25510605_1468,5.0,5817.0,4840.75,1467.0,-1.0,128.0,1765822995.0,AVBL,False
25510765,v_25510765_1466,5.0,2617.0,5222.75,1467.0,-1.0,128.0,1765823027.0,AVBL,False
v_25510605_1468,25510604.0,,5815.0,4841.75,1468.0,,,,AVBL,True
v_25510766_1468,25510765.0,,2611.0,5279.75,1468.0,,,,AVBL,True
25474592,25474591.0,5.0,3101.15,4306.6,1468.0,-1.0,128.0,1762409787.0,AVBR,False
25474590,25474589.0,5.0,2759.15,4282.6,1468.0,-1.0,128.0,1766178426.0,AVBR,False
25513569,25513568.0,5.0,5542.0,5124.75,1468.0,-1.0,128.0,1765822995.0,AVBL,False
25474611,25474609.0,5.0,2999.15,4906.6,1468.0,-1.0,128.0,1762409787.0,AVBR,False
25474751,25474750.0,5.0,5727.15,5282.6,1468.0,-1.0,128.0,1762410300.0,AVBR,False
25474610,25474609.0,5.0,3193.15,4674.6,1468.0,-1.0,128.0,1762409787.0,AVBR,False
25510766,v_25510766_1468,5.0,2609.0,5298.75,1469.0,-1.0,128.0,1765823027.0,AVBL,False
25510604,v_25510604_1470,5.0,5813.0,4842.75,1469.0,-1.0,128.0,1765822995.0,AVBL,False
25474609,25474602.0,5.0,3087.15,4796.6,1469.0,-1.0,128.0,1762409787.0,AVBR,False
25474591,25474590.0,5.0,2960.0,4248.0,1469.0,-1.0,128.0,1779393323.0,AVBR,False
25474752,25474751.0,5.0,5655.15,5268.6,1469.0,-1.0,128.0,1762410302.0,AVBR,False
25513568,25513567.0,5.0,5544.0,5122.75,1469.0,-1.0,128.0,1765822995.0,AVBL,False
25474753,25474752.0,5.0,5645.15,5268.6,1470.0,-1.0,128.0,1762410303.0,AVBR,False
v_25510604_1470,25510603.0,,5805.0,4850.75,1470.0,,,,AVBL,True
v_25510767_1470,25510766.0,,2648.0,5349.75,1470.0,,,,AVBL,True
25513567,25552512.0,5.0,5568.0,5072.75,1470.0,-1.0,128.0,1769205929.0,AVBL,False
25474599,25474591.0,5.0,2899.15,4267.6,1470.0,-1.0,128.0,1762409787.0,AVBR,False
25474602,25474600.0,5.0,3063.15,4797.6,1470.0,-1.0,128.0,1762409787.0,AVBR,False
25474600,25474599.0,5.0,2767.15,4569.6,1471.0,-1.0,128.0,1762409787.0,AVBR,False
25474754,25474753.0,5.0,5455.15,5266.6,1471.0,-1.0,128.0,1762410305.0,AVBR,False
25474755,25474753.0,5.0,5737.15,5326.6,1471.0,-1.0,128.0,1762410309.0,AVBR,False
25474601,25474599.0,5.0,3055.15,4297.6,1471.0,-1.0,128.0,1762409787.0,AVBR,False
25552512,25513566.0,5.0,5566.0,5076.75,1471.0,-1.0,128.0,1769205929.0,AVBL,False
25510603,v_25510603_1472,5.0,5797.0,4858.75,1471.0,-1.0,128.0,1765822995.0,AVBL,False
25510767,v_25510767_1470,5.0,2661.0,5366.75,1471.0,-1.0,128.0,1765823027.0,AVBL,False
25474759,25474755.0,5.0,5723.15,5367.6,1472.0,-1.0,128.0,1762410334.0,AVBR,False
25474756,25474754.0,5.0,5415.15,5262.6,1472.0,-1.0,128.0,1762410313.0,AVBR,False
25474616,25474600.0,5.0,2785.15,4600.6,1472.0,-1.0,128.0,1762409787.0,AVBR,False
25513566,25513565.0,5.0,5564.0,5080.75,1472.0,-1.0,128.0,1765822995.0,AVBL,False
25474603,25474601.0,5.0,3079.15,4313.6,1472.0,-1.0,128.0,1762409787.0,AVBR,False
v_25510603_1472,25510602.0,,5789.0,4876.75,1472.0,,,,AVBL,True
v_25510768_1472,25510767.0,,2640.0,5381.75,1472.0,,,,AVBL,True
25474757,25474756.0,5.0,5409.15,5262.6,1473.0,-1.0,128.0,1762410314.0,AVBR,False
25474617,25474616.0,5.0,2803.15,4614.6,1473.0,-1.0,128.0,1762409787.0,AVBR,False
25474979,25474978.0,5.0,3117.15,5341.6,1473.0,-1.0,128.0,1762443543.0,AVBR,False
v_25474760_1473,25474759.0,,5712.65,5373.6,1473.0,,,,AVBR,True
v_25474604_1473,25474603.0,,3079.15,4313.6,1473.0,,,,AVBR,True
25513565,25513564.0,5.0,5592.0,5060.75,1473.0,-1.0,128.0,1765822995.0,AVBL,False
25510602,25510601.0,5.0,5781.0,4894.75,1473.0,-1.0,128.0,1765822995.0,AVBL,False
25510768,v_25510768_1472,5.0,2633.0,5386.75,1473.0,-1.0,128.0,1765823027.0,AVBL,False
25513564,25513563.0,5.0,5618.0,5046.75,1474.0,-1.0,128.0,1765822995.0,AVBL,False
25510601,25513563.0,5.0,5763.0,4906.75,1474.0,-1.0,128.0,1765822995.0,AVBL,False
25510769,25510768.0,5.0,2649.0,5494.75,1474.0,-1.0,128.0,1765823027.0,AVBL,False
25474758,25474757.0,5.0,5423.15,5246.6,1474.0,-1.0,128.0,1762410316.0,AVBR,False
25474760,v_25474760_1473,5.0,5709.15,5375.6,1474.0,-1.0,128.0,1762410336.0,AVBR,False
25474618,25474617.0,5.0,2819.15,4610.6,1474.0,-1.0,128.0,1766178851.0,AVBR,False
25474604,v_25474604_1473,5.0,3079.15,4313.6,1474.0,-1.0,128.0,1762409787.0,AVBR,False
25474978,25474977.0,5.0,3189.15,5277.6,1474.0,-1.0,128.0,1762443541.0,AVBR,False
25474619,25474618.0,5.0,2851.15,4640.6,1475.0,-1.0,128.0,1762409787.0,AVBR,False
25474977,25474976.0,5.0,3233.15,5245.6,1475.0,-1.0,128.0,1762443540.0,AVBR,False
25474605,25474604.0,5.0,3083.15,4299.6,1475.0,-1.0,128.0,1762409787.0,AVBR,False
25513563,25510600.0,5.0,5737.0,4922.75,1475.0,-1.0,128.0,1765822995.0,AVBL,False
25510771,25510769.0,5.0,2691.0,5402.75,1475.0,-1.0,128.0,1765823027.0,AVBL,False
25510770,25510769.0,5.0,2705.0,5702.75,1475.0,-1.0,128.0,1765823027.0,AVBL,False
25474761,25474760.0,5.0,5693.15,5395.6,1475.0,-1.0,128.0,1762410337.0,AVBR,False
25474620,25474619.0,5.0,2937.15,4700.6,1476.0,-1.0,128.0,1762409787.0,AVBR,False
25474606,25474605.0,5.0,3083.15,4299.6,1476.0,-1.0,128.0,1762409787.0,AVBR,False
25474976,25559704.0,5.0,3233.15,5257.6,1476.0,-1.0,128.0,1772739294.0,AVBR,False
v_25474762_1476,25474761.0,,5660.75,5423.200000000001,1476.0,,,,AVBR,True
25510600,v_25510600_1477,5.0,5711.0,4938.75,1476.0,-1.0,128.0,1771966238.0,AVBL,False
25510773,25510771.0,5.0,2701.0,5370.75,1476.0,-1.0,128.0,1765823027.0,AVBL,False
25510772,25510770.0,5.0,2717.0,5726.75,1476.0,-1.0,128.0,1765823027.0,AVBL,False
25559704,25474975.0,5.0,3235.15,5237.6,1477.0,-1.0,128.0,1772739294.0,AVBR,False
25474607,25474606.0,5.0,3077.15,4293.6,1477.0,-1.0,128.0,1762409787.0,AVBR,False
25474621,25474620.0,5.0,2965.15,4741.6,1477.0,-1.0,128.0,1762443488.0,AVBR,False
25474865,25474864.0,5.0,5305.15,5212.6,1477.0,-1.0,128.0,1762410640.0,AVBR,False
v_25474762_1477,v_25474762_1477,,5649.95,5432.400000000001,1477.0,,,,AVBR,True
v_25510600_1477,25559480.0,,5694.0,4944.235000000001,1477.0,,,,AVBL,True
v_25510774_1477,25510773.0,,2710.0,5370.75,1477.0,,,,AVBL,True
25474864,v_25474864_1479,5.0,5305.15,5216.6,1478.0,-1.0,128.0,1762410637.0,AVBR,False
v_25474608_1478,25474607.0,,3071.15,4295.1,1478.0,,,,AVBR,True
25559480,25555403.0,5.0,5677.0,4949.72,1478.0,-1.0,128.0,1771966238.0,AVBL,False
25510774,v_25510774_1477,5.0,2713.0,5370.75,1478.0,-1.0,128.0,1765823027.0,AVBL,False
25474975,v_25474975_1479,5.0,3237.15,5217.6,1478.0,-1.0,128.0,1762443536.0,AVBR,False
v_25474622_1478,25474621.0,,2984.65,4769.35,1478.0,,,,AVBR,True
25474762,v_25474762_1476,5.0,5639.15,5441.6,1478.0,-1.0,128.0,1762410339.0,AVBR,False
25555403,v_25555403_1480,5.0,5683.0,4943.72,1479.0,-1.0,128.0,1771966140.0,AVBL,False
v_25474975_1479,25474974.0,,3227.15,5193.6,1479.0,,,,AVBR,True
v_25510775_1479,25510774.0,,2767.0,5388.75,1479.0,,,,AVBL,True
25474622,v_25474622_1478,5.0,2991.15,4778.6,1479.0,-1.0,128.0,1762409787.0,AVBR,False
v_25474763_1479,25474762.0,,5622.65,5464.1,1479.0,,,,AVBR,True
v_25474864_1479,25474863.0,,5329.15,5238.6,1479.0,,,,AVBR,True
25474608,v_25474608_1478,5.0,3069.15,4295.6,1479.0,-1.0,128.0,1762409787.0,AVBR,False
25474863,25474862.0,5.0,5353.15,5260.6,1480.0,-1.0,128.0,1762410636.0,AVBR,False
25474763,v_25474763_1479,5.0,5617.15,5471.6,1480.0,-1.0,128.0,1762410342.0,AVBR,False
v_25555403_1480,25510598.0,,5683.0,4945.235000000001,1480.0,,,,AVBL,True
25474974,25474973.0,5.0,3217.15,5169.6,1480.0,-1.0,128.0,1762443535.0,AVBR,False
v_25474623_1480,25474622.0,,3003.15,4781.6,1480.0,,,,AVBR,True
25510775,v_25510775_1479,5.0,2785.0,5394.75,1480.0,-1.0,128.0,1765823027.0,AVBL,False
25474862,25474861.0,5.0,5361.15,5270.6,1481.0,-1.0,128.0,1762410635.0,AVBR,False
25510776,25510775.0,5.0,2823.0,5422.75,1481.0,-1.0,128.0,1765823027.0,AVBL,False
25474973,v_25474973_1482,5.0,3213.15,5121.6,1481.0,-1.0,128.0,1762443534.0,AVBR,False
25474623,v_25474623_1480,5.0,3007.15,4782.6,1481.0,-1.0,128.0,1762409787.0,AVBR,False
25510598,v_25510598_1482,5.0,5683.0,4946.75,1481.0,-1.0,128.0,1765822995.0,AVBL,False
v_25474764_1481,25474763.0,,5587.15,5489.6,1481.0,,,,AVBR,True
25474861,v_25474861_1483,5.0,5379.15,5308.6,1482.0,-1.0,128.0,1762410629.0,AVBR,False
v_25474973_1482,25474972.0,,3205.15,5087.6,1482.0,,,,AVBR,True
v_25510598_1482,v_25510598_1483,,5682.333333333333,4967.416666666667,1482.0,,,,AVBL,True
25474764,v_25474764_1481,5.0,5577.15,5495.6,1482.0,-1.0,128.0,1762410348.0,AVBR,False
25510777,25510776.0,5.0,2871.0,5414.75,1482.0,-1.0,128.0,1765823027.0,AVBL,False
25474624,25474623.0,5.0,3015.15,4800.6,1482.0,-1.0,128.0,1762409787.0,AVBR,False
v_25510598_1483,25510597.0,,5681.666666666667,4988.083333333333,1483.0,,,,AVBL,True
v_25474861_1483,25474860.0,,5367.15,5315.6,1483.0,,,,AVBR,True
v_25474625_1483,25474624.0,,3028.65,4820.1,1483.0,,,,AVBR,True
v_25474765_1483,25474764.0,,5566.65,5497.1,1483.0,,,,AVBR,True
25510778,25510777.0,5.0,2873.0,5432.75,1483.0,-1.0,128.0,1765823027.0,AVBL,False
25474972,25474627.0,5.0,3197.15,5053.6,1483.0,-1.0,128.0,1762443533.0,AVBR,False
25474765,v_25474765_1483,5.0,5563.15,5497.6,1484.0,-1.0,128.0,1762410349.0,AVBR,False
25510597,25558124.0,5.0,5681.0,5008.75,1484.0,-1.0,128.0,1771428768.0,AVBL,False
v_25510779_1484,25510778.0,,2892.5,5443.25,1484.0,,,,AVBL,True
25474625,v_25474625_1483,5.0,3033.15,4826.6,1484.0,-1.0,128.0,1762409787.0,AVBR,False
25474627,25474626.0,5.0,3181.15,5014.6,1484.0,-1.0,128.0,1762409787.0,AVBR,False
25474860,v_25474860_1485,5.0,5355.15,5322.6,1484.0,-1.0,128.0,1762410628.0,AVBR,False
25510779,v_25510779_1484,5.0,2899.0,5446.75,1485.0,-1.0,128.0,1765823027.0,AVBL,False
25474626,25474625.0,5.0,3107.15,4932.6,1485.0,-1.0,128.0,1762409787.0,AVBR,False
25558124,v_25558124_1486,5.0,5682.35,5012.1,1485.0,-1.0,128.0,1771428768.0,AVBL,False
v_25474766_1485,25474765.0,,5555.65,5526.1,1485.0,,,,AVBR,True
v_25474860_1485,25474859.0,,5347.15,5330.6,1485.0,,,,AVBR,True
25510780,25510779.0,5.0,2917.0,5440.75,1486.0,-1.0,128.0,1765823027.0,AVBL,False
25474628,25474626.0,5.0,3109.15,4938.6,1486.0,-1.0,128.0,1762409787.0,AVBR,False
25474766,v_25474766_1485,5.0,5553.15,5535.6,1486.0,-1.0,128.0,1762410351.0,AVBR,False
25474859,25474769.0,5.0,5339.15,5338.6,1486.0,-1.0,128.0,1762410627.0,AVBR,False
v_25558124_1486,25510596.0,,5683.675,5015.425,1486.0,,,,AVBL,True
25474769,25474768.0,5.0,5337.15,5357.6,1487.0,-1.0,128.0,1762410357.0,AVBR,False
25474767,25474766.0,5.0,5539.15,5549.6,1487.0,-1.0,128.0,1762410352.0,AVBR,False
25510781,25510780.0,5.0,2929.0,5474.75,1487.0,-1.0,128.0,1765823027.0,AVBL,False
25474629,25474628.0,5.0,3113.15,4946.6,1487.0,-1.0,128.0,1762409787.0,AVBR,False
25510596,v_25510596_1488,5.0,5685.0,5018.75,1487.0,-1.0,128.0,1765822995.0,AVBL,False
25474768,25474767.0,5.0,5447.15,5537.6,1488.0,-1.0,128.0,1762410355.0,AVBR,False
v_25474630_1488,25474629.0,,3114.65,4942.1,1488.0,,,,AVBR,True
v_25510596_1488,v_25510596_1489,,5685.0,5018.75,1488.0,,,,AVBL,True
v_25510782_1488,25510781.0,,2945.5,5510.75,1488.0,,,,AVBL,True
v_25510596_1489,25510595.0,,5685.0,5018.75,1489.0,,,,AVBL,True
25510782,v_25510782_1488,5.0,2951.0,5522.75,1489.0,-1.0,128.0,1765823027.0,AVBL,False
25474630,v_25474630_1488,5.0,3115.15,4940.6,1489.0,-1.0,128.0,1762409787.0,AVBR,False
25474770,25474768.0,5.0,5445.15,5537.6,1489.0,-1.0,128.0,1762410361.0,AVBR,False
25550481,25474630.0,5.0,3119.15,4948.6,1490.0,-1.0,128.0,1768623150.0,AVBR,False
25555589,25510782.0,5.0,2974.0,5537.75,1490.0,-1.0,128.0,1769803433.0,AVBL,False
25474771,25474770.0,5.0,5449.15,5541.6,1490.0,-1.0,128.0,1762410362.0,AVBR,False
25510595,v_25510595_1491,5.0,5685.0,5018.75,1490.0,-1.0,128.0,1765822995.0,AVBL,False
v_25474772_1491,25474771.0,,5450.65,5540.1,1491.0,,,,AVBR,True
25510783,25555589.0,5.0,2997.0,5552.75,1491.0,-1.0,128.0,1769803433.0,AVBL,False
25474631,25550481.0,5.0,3123.15,4956.6,1491.0,-1.0,128.0,1768623150.0,AVBR,False
v_25510595_1491,25510594.0,,5690.0,5024.75,1491.0,,,,AVBL,True
25474772,v_25474772_1491,5.0,5451.15,5539.6,1492.0,-1.0,128.0,1762410363.0,AVBR,False
25510594,v_25510594_1493,5.0,5695.0,5030.75,1492.0,-1.0,128.0,1765822995.0,AVBL,False
25510784,25510783.0,5.0,3023.0,5550.75,1492.0,-1.0,128.0,1765823027.0,AVBL,False
25474632,25474631.0,5.0,3127.15,4960.6,1492.0,-1.0,128.0,1762409787.0,AVBR,False
25474633,25474632.0,5.0,3133.15,4994.6,1493.0,-1.0,128.0,1762409787.0,AVBR,False
v_25474773_1493,25474772.0,,5449.65,5590.6,1493.0,,,,AVBR,True
v_25510594_1493,25510593.0,,5704.0,5096.75,1493.0,,,,AVBL,True
25510785,25510784.0,5.0,3071.0,5584.75,1493.0,-1.0,128.0,1765823027.0,AVBL,False
25510786,25510785.0,5.0,3091.0,5594.75,1494.0,-1.0,128.0,1765823027.0,AVBL,False
25474634,25474633.0,5.0,3117.15,5002.6,1494.0,-1.0,128.0,1762409787.0,AVBR,False
25474773,v_25474773_1493,5.0,5449.15,5607.6,1494.0,-1.0,128.0,1762410364.0,AVBR,False
25510593,v_25510593_1495,5.0,5713.0,5162.75,1494.0,-1.0,128.0,1765822995.0,AVBL,False
v_25474774_1495,25474773.0,,5441.65,5613.6,1495.0,,,,AVBR,True
v_25510593_1495,25510592.0,,5704.0,5167.75,1495.0,,,,AVBL,True
v_25510787_1495,25510786.0,,3113.5,5618.75,1495.0,,,,AVBL,True
25474635,25474634.0,5.0,3117.15,5004.6,1495.0,-1.0,128.0,1762409787.0,AVBR,False
25510592,25510591.0,5.0,5695.0,5172.75,1496.0,-1.0,128.0,1765822995.0,AVBL,False
25510787,v_25510787_1495,5.0,3121.0,5626.75,1496.0,-1.0,128.0,1765823027.0,AVBL,False
25474774,v_25474774_1495,5.0,5439.15,5615.6,1496.0,-1.0,128.0,1762410365.0,AVBR,False
v_25474636_1496,25474635.0,,3121.65,5025.6,1496.0,,,,AVBR,True
25510788,25510787.0,5.0,3165.0,5646.75,1497.0,-1.0,128.0,1765823027.0,AVBL,False
25510591,25510547.0,5.0,5691.0,5174.75,1497.0,-1.0,128.0,1765822995.0,AVBL,False
25474636,v_25474636_1496,5.0,3123.15,5032.6,1497.0,-1.0,128.0,1762409787.0,AVBR,False
v_25474775_1497,25474774.0,,5436.15,5618.6,1497.0,,,,AVBR,True
25474637,25474636.0,5.0,3109.15,5070.6,1498.0,-1.0,128.0,1762409787.0,AVBR,False
25474775,v_25474775_1497,5.0,5435.15,5619.6,1498.0,-1.0,128.0,1762410367.0,AVBR,False
v_25510789_1498,25510788.0,,3197.4,5635.95,1498.0,,,,AVBL,True
25510547,25510546.0,5.0,5601.0,5380.75,1498.0,-1.0,128.0,1765822995.0,AVBL,False
25510916,25510915.0,5.0,3411.0,5500.75,1499.0,-1.0,128.0,1765823027.0,AVBL,False
25474638,25474637.0,5.0,3097.15,5118.6,1499.0,-1.0,128.0,1762409787.0,AVBR,False
v_25510789_1499,v_25510789_1499,,3208.2,5632.35,1499.0,,,,AVBL,True
25510546,v_25510546_1500,5.0,5591.0,5434.75,1499.0,-1.0,128.0,1765822995.0,AVBL,False
v_25474776_1499,25474775.0,,5432.15,5628.6,1499.0,,,,AVBR,True
25510915,25510793.0,5.0,3419.0,5518.75,1500.0,-1.0,128.0,1765823027.0,AVBL,False
25510789,v_25510789_1498,5.0,3219.0,5628.75,1500.0,-1.0,128.0,1765823027.0,AVBL,False
25474639,25474638.0,5.0,3097.15,5120.6,1500.0,-1.0,128.0,1762409787.0,AVBR,False
25474776,v_25474776_1499,5.0,5431.15,5631.6,1500.0,-1.0,128.0,1762410368.0,AVBR,False
v_25510546_1500,v_25510546_1501,,5587.666666666667,5452.75,1500.0,,,,AVBL,True
v_25474640_1501,25474639.0,,3094.15,5122.1,1501.0,,,,AVBR,True
v_25474777_1501,25474776.0,,5416.15,5631.6,1501.0,,,,AVBR,True
v_25510546_1501,25510545.0,,5584.333333333333,5470.75,1501.0,,,,AVBL,True
25510790,25510789.0,5.0,3277.0,5640.75,1501.0,-1.0,128.0,1765823027.0,AVBL,False
25510793,25510792.0,5.0,3419.0,5524.75,1501.0,-1.0,128.0,1765823027.0,AVBL,False
25474640,v_25474640_1501,5.0,3093.15,5122.6,1502.0,-1.0,128.0,1762409787.0,AVBR,False
25474777,v_25474777_1501,5.0,5411.15,5631.6,1502.0,-1.0,128.0,1762410369.0,AVBR,False
25510545,25535721.0,5.0,5581.0,5488.75,1502.0,-1.0,128.0,1767938796.0,AVBL,False
25510792,25510790.0,5.0,3298.0,5637.75,1502.0,-1.0,128.0,1765823027.0,AVBL,False
25510791,25510792.0,5.0,3319.0,5634.75,1503.0,-1.0,128.0,1765823027.0,AVBL,False
25535721,25510544.0,5.0,5572.0,5499.2,1503.0,-1.0,128.0,1767938796.0,AVBL,False
25474641,25474640.0,5.0,3087.15,5154.6,1503.0,-1.0,128.0,1762409787.0,AVBR,False
v_25474778_1503,25474777.0,,5397.65,5643.6,1503.0,,,,AVBR,True
25510544,25510543.0,5.0,5575.0,5506.75,1504.0,-1.0,128.0,1765822995.0,AVBL,False
25474778,v_25474778_1503,5.0,5393.15,5647.6,1504.0,-1.0,128.0,1762410370.0,AVBR,False
25510794,25510791.0,5.0,3323.0,5636.75,1504.0,-1.0,128.0,1765823027.0,AVBL,False
25474642,25474641.0,5.0,3083.15,5200.6,1504.0,-1.0,128.0,1762409787.0,AVBR,False
25474643,25474642.0,5.0,3067.15,5264.6,1505.0,-1.0,128.0,1762409787.0,AVBR,False
25510543,25510542.0,5.0,5575.0,5506.75,1505.0,-1.0,128.0,1765822995.0,AVBL,False
25551456,25510794.0,5.0,3348.0,5631.75,1505.0,-1.0,128.0,1768932227.0,AVBL,False
25474779,25474778.0,5.0,5381.15,5653.6,1505.0,-1.0,128.0,1762410374.0,AVBR,False
v_25474780_1506,25474779.0,,5352.349999999999,5684.8,1506.0,,,,AVBR,True
25510542,25510541.0,5.0,5575.0,5596.75,1506.0,-1.0,128.0,1765822995.0,AVBL,False
25474867,25474643.0,5.0,3083.15,5467.6,1506.0,-1.0,128.0,1762410672.0,AVBR,False
25510795,25551456.0,5.0,3373.0,5626.75,1506.0,-1.0,128.0,1768932227.0,AVBL,False
25474868,25474867.0,5.0,3095.15,5511.6,1507.0,-1.0,128.0,1762410679.0,AVBR,False
25510541,v_25510541_1508,5.0,5557.0,5646.75,1507.0,-1.0,128.0,1765822995.0,AVBL,False
v_25474780_1507,v_25474780_1507,,5342.75,5695.200000000001,1507.0,,,,AVBR,True
v_25510796_1507,25510795.0,,3394.0,5643.25,1507.0,,,,AVBL,True
v_25510541_1508,25510540.0,,5541.0,5654.75,1508.0,,,,AVBL,True
25510796,v_25510796_1507,5.0,3401.0,5648.75,1508.0,-1.0,128.0,1765823027.0,AVBL,False
25474780,v_25474780_1506,5.0,5333.15,5705.6,1508.0,-1.0,128.0,1762410375.0,AVBR,False
25474869,25474868.0,5.0,3103.15,5545.6,1508.0,-1.0,128.0,1762410683.0,AVBR,False
25474870,25474869.0,5.0,3109.15,5571.6,1509.0,-1.0,128.0,1762410683.0,AVBR,False
25510540,25510539.0,5.0,5525.0,5662.75,1509.0,-1.0,128.0,1765822995.0,AVBL,False
25474781,25474780.0,5.0,5333.15,5713.6,1509.0,-1.0,128.0,1762410376.0,AVBR,False
v_25510797_1509,25510796.0,,3410.0,5668.25,1509.0,,,,AVBL,True
25555649,25474781.0,5.0,5322.15,5728.6,1510.0,-1.0,128.0,1770062445.0,AVBR,False
25474871,25474870.0,5.0,3117.15,5583.6,1510.0,-1.0,128.0,1762410684.0,AVBR,False
25510539,v_25510539_1511,5.0,5523.0,5684.75,1510.0,-1.0,128.0,1765822995.0,AVBL,False
25510797,v_25510797_1509,5.0,3413.0,5674.75,1510.0,-1.0,128.0,1765823027.0,AVBL,False
v_25510539_1511,25510538.0,,5501.0,5707.75,1511.0,,,,AVBL,True
25474782,25555649.0,5.0,5311.15,5743.6,1511.0,-1.0,128.0,1770062445.0,AVBR,False
v_25551453_1511,25510797.0,,3431.0,5684.762500000001,1511.0,,,,AVBL,True
25474872,25474871.0,5.0,3137.15,5605.6,1511.0,-1.0,128.0,1762410687.0,AVBR,False
v_25474783_1512,25474782.0,,5317.15,5770.6,1512.0,,,,AVBR,True
25474873,25474872.0,5.0,3163.15,5629.6,1512.0,-1.0,128.0,1762410688.0,AVBR,False
25551453,v_25551453_1511,5.0,3437.0,5688.1,1512.0,-1.0,128.0,1768932218.0,AVBL,False
25510538,v_25510538_1513,5.0,5479.0,5730.75,1512.0,-1.0,128.0,1765822995.0,AVBL,False
25474874,25474873.0,5.0,3211.15,5673.6,1513.0,-1.0,128.0,1762410689.0,AVBR,False
25474783,v_25474783_1512,5.0,5319.15,5779.6,1513.0,-1.0,128.0,1762410379.0,AVBR,False
25510798,25551453.0,5.0,3449.0,5694.75,1513.0,-1.0,128.0,1768932218.0,AVBL,False
v_25510538_1513,v_25510538_1514,,5471.666666666667,5734.083333333333,1513.0,,,,AVBL,True
v_25474784_1514,25474783.0,,5315.15,5789.6,1514.0,,,,AVBR,True
v_25510538_1514,25510537.0,,5464.333333333333,5737.416666666667,1514.0,,,,AVBL,True
25551422,25510798.0,5.0,3468.0,5696.75,1514.0,-1.0,128.0,1768929266.0,AVBL,False
25474875,25474874.0,5.0,3231.15,5701.6,1514.0,-1.0,128.0,1762410690.0,AVBR,False
25510537,25532813.0,5.0,5457.0,5740.75,1515.0,-1.0,128.0,1767681796.0,AVBL,False
v_25474784_1515,v_25474784_1516,,5313.816666666667,5792.933333333333,1515.0,,,,AVBR,True
25510799,25551422.0,5.0,3487.0,5698.75,1515.0,-1.0,128.0,1768929266.0,AVBL,False
v_25474876_1515,25474875.0,,3231.15,5737.6,1515.0,,,,AVBR,True
25532813,25510536.0,5.0,5459.6,5749.75,1516.0,-1.0,128.0,1767681796.0,AVBL,False
v_25510800_1516,25510799.0,,3503.5,5719.75,1516.0,,,,AVBL,True
25510900,25510899.0,5.0,3535.0,5564.75,1516.0,-1.0,128.0,1765823027.0,AVBL,False
25474876,v_25474876_1515,5.0,3231.15,5749.6,1516.0,-1.0,128.0,1762410692.0,AVBR,False
v_25474784_1516,v_25474784_1515,,5312.483333333333,5796.266666666667,1516.0,,,,AVBR,True
25474877,25474876.0,5.0,3257.15,5781.6,1517.0,-1.0,128.0,1762410694.0,AVBR,False
25510899,25510898.0,5.0,3555.0,5552.75,1517.0,-1.0,128.0,1765823027.0,AVBL,False
25474784,v_25474784_1514,5.0,5311.15,5799.6,1517.0,-1.0,128.0,1762410381.0,AVBR,False
25510800,v_25510800_1516,5.0,3509.0,5726.75,1517.0,-1.0,128.0,1765823027.0,AVBL,False
25510536,v_25510536_1518,5.0,5465.0,5762.75,1517.0,-1.0,128.0,1765822995.0,AVBL,False
v_25510536_1518,25510535.0,,5469.0,5762.75,1518.0,,,,AVBL,True
25510898,25510897.0,5.0,3563.0,5564.75,1518.0,-1.0,128.0,1765823027.0,AVBL,False
25555907,25510800.0,5.0,3520.0,5737.75,1518.0,-1.0,128.0,1770319598.0,AVBL,False
v_25474785_1518,25474784.0,,5294.349999999999,5816.400000000001,1518.0,,,,AVBR,True
v_25474878_1518,25474877.0,,3275.15,5796.6,1518.0,,,,AVBR,True
v_25474785_1519,v_25474785_1519,,5288.75,5822.0,1519.0,,,,AVBR,True
25510801,25555907.0,5.0,3531.0,5748.75,1519.0,-1.0,128.0,1770319598.0,AVBL,False
25510535,25554852.0,5.0,5473.0,5762.75,1519.0,-1.0,128.0,1769745049.0,AVBL,False
25474878,v_25474878_1518,5.0,3281.15,5801.6,1519.0,-1.0,128.0,1762410696.0,AVBR,False
25510897,25510804.0,5.0,3563.0,5590.75,1519.0,-1.0,128.0,1765823027.0,AVBL,False
25474879,25474878.0,5.0,3297.15,5835.6,1520.0,-1.0,128.0,1762410697.0,AVBR,False
25474785,v_25474785_1518,5.0,5283.15,5827.6,1520.0,-1.0,128.0,1762410381.0,AVBR,False
25554852,25510534.0,5.0,5468.0,5778.75,1520.0,-1.0,128.0,1769745049.0,AVBL,False
25510802,25510801.0,5.0,3555.0,5762.75,1520.0,-1.0,128.0,1765823027.0,AVBL,False
25510804,25510803.0,5.0,3575.0,5584.75,1520.0,-1.0,128.0,1765823027.0,AVBL,False
25510803,25510802.0,5.0,3565.0,5754.75,1521.0,-1.0,128.0,1765823027.0,AVBL,False
25510534,v_25510534_1522,5.0,5463.0,5794.75,1521.0,-1.0,128.0,1765822995.0,AVBL,False
v_25474786_1521,25474785.0,,5223.15,5811.1,1521.0,,,,AVBR,True
25474880,25474879.0,5.0,3321.15,5897.6,1521.0,-1.0,128.0,1762410700.0,AVBR,False
25474881,25474880.0,5.0,3365.15,5955.6,1522.0,-1.0,128.0,1762410701.0,AVBR,False
v_25510534_1522,25510533.0,,5457.0,5815.75,1522.0,,,,AVBL,True
25510805,25510803.0,5.0,3595.0,5818.75,1522.0,-1.0,128.0,1765823027.0,AVBL,False
25474786,v_25474786_1521,5.0,5203.15,5805.6,1522.0,-1.0,128.0,1762410383.0,AVBR,False
25555563,25474786.0,5.0,5192.15,5829.6,1523.0,-1.0,128.0,1769802639.0,AVBR,False
25510806,25510805.0,5.0,3595.0,5852.75,1523.0,-1.0,128.0,1765823027.0,AVBL,False
25510533,v_25510533_1524,5.0,5451.0,5836.75,1523.0,-1.0,128.0,1765822995.0,AVBL,False
25474882,25474881.0,5.0,3391.15,5977.6,1523.0,-1.0,128.0,1762410702.0,AVBR,False
25474787,25555563.0,5.0,5181.15,5853.6,1524.0,-1.0,128.0,1769802639.0,AVBR,False
v_25474883_1524,25474882.0,,3404.65,5997.1,1524.0,,,,AVBR,True
v_25510807_1524,25510806.0,,3599.5,5851.25,1524.0,,,,AVBL,True
v_25510533_1524,25510532.0,,5447.0,5845.75,1524.0,,,,AVBL,True
25510532,v_25510532_1526,5.0,5443.0,5854.75,1525.0,-1.0,128.0,1765822995.0,AVBL,False
25474883,v_25474883_1524,5.0,3409.15,6003.6,1525.0,-1.0,128.0,1762410703.0,AVBR,False
25551467,25474787.0,5.0,5176.5,5860.95,1525.0,-1.0,128.0,1768932558.0,AVBR,False
25510807,v_25510807_1524,5.0,3601.0,5850.75,1525.0,-1.0,128.0,1765823027.0,AVBL,False
v_25510532_1526,25510531.0,,5440.0,5859.75,1526.0,,,,AVBL,True
v_25474884_1526,25474883.0,,3389.65,6039.6,1526.0,,,,AVBR,True
v_25510808_1526,25510807.0,,3634.0,5859.75,1526.0,,,,AVBL,True
v_25474788_1526,25551467.0,,5169.487499999999,5871.9375,1526.0,,,,AVBR,True
25474788,v_25474788_1526,5.0,5167.15,5875.6,1527.0,-1.0,128.0,1768932558.0,AVBR,False
25510808,v_25510808_1526,5.0,3645.0,5862.75,1527.0,-1.0,128.0,1765823027.0,AVBL,False
25474884,v_25474884_1526,5.0,3383.15,6051.6,1527.0,-1.0,128.0,1762410704.0,AVBR,False
25510531,v_25510531_1528,5.0,5437.0,5864.75,1527.0,-1.0,128.0,1765822995.0,AVBL,False
v_25474789_1528,25474788.0,,5161.15,5877.1,1528.0,,,,AVBR,True
v_25474885_1528,25474884.0,,3387.65,6090.6,1528.0,,,,AVBR,True
v_25510809_1528,25510808.0,,3687.0,5889.75,1528.0,,,,AVBL,True
v_25510531_1528,25510530.0,,5433.0,5879.75,1528.0,,,,AVBL,True
25474789,v_25474789_1528,5.0,5159.15,5877.6,1529.0,-1.0,128.0,1762410386.0,AVBR,False
25510530,v_25510530_1530,5.0,5429.0,5894.75,1529.0,-1.0,128.0,1765822995.0,AVBL,False
25474885,v_25474885_1528,5.0,3389.15,6103.6,1529.0,-1.0,128.0,1762410706.0,AVBR,False
25510809,v_25510809_1528,5.0,3701.0,5898.75,1529.0,-1.0,128.0,1765823027.0,AVBL,False
25510810,25510809.0,5.0,3751.0,5912.75,1530.0,-1.0,128.0,1765823027.0,AVBL,False
v_25510530_1530,25510529.0,,5429.0,5902.75,1530.0,,,,AVBL,True
25474886,25474885.0,5.0,3421.15,6117.6,1530.0,-1.0,128.0,1762410707.0,AVBR,False
v_25474790_1530,25474789.0,,5100.65,5885.1,1530.0,,,,AVBR,True
v_25510811_1531,25510810.0,,3788.5,5912.75,1531.0,,,,AVBL,True
25474790,v_25474790_1530,5.0,5081.15,5887.6,1531.0,-1.0,128.0,1762410387.0,AVBR,False
25555621,25474886.0,5.0,3439.15,6132.25,1531.0,-1.0,128.0,1769804296.0,AVBR,False
25510529,v_25510529_1532,5.0,5429.0,5910.75,1531.0,-1.0,128.0,1765822995.0,AVBL,False
v_25510529_1532,25510528.0,,5439.3,5916.25,1532.0,,,,AVBL,True
25510811,v_25510811_1531,5.0,3801.0,5912.75,1532.0,-1.0,128.0,1765823027.0,AVBL,False
25474791,25474790.0,5.0,5097.15,5901.6,1532.0,-1.0,128.0,1762410390.0,AVBR,False
v_25474887_1532,25555621.0,,3466.15,6154.262500000001,1532.0,,,,AVBR,True
25510528,v_25510528_1534,5.0,5449.6,5921.75,1533.0,-1.0,128.0,1767681803.0,AVBL,False
25555904,25474791.0,5.0,5101.15,5903.6,1533.0,-1.0,128.0,1770319514.0,AVBR,False
25474887,v_25474887_1532,5.0,3475.15,6161.6,1533.0,-1.0,128.0,1769804296.0,AVBR,False
25551418,25510811.0,5.0,3801.5,5915.25,1533.0,-1.0,128.0,1768929181.0,AVBL,False
v_25510812_1534,25551418.0,,3802.4,5919.75,1534.0,,,,AVBL,True
v_25510528_1534,25510527.0,,5448.3,5930.25,1534.0,,,,AVBL,True
25474792,25555904.0,5.0,5105.15,5905.6,1534.0,-1.0,128.0,1770319514.0,AVBR,False
25474888,25474887.0,5.0,3505.15,6179.6,1534.0,-1.0,128.0,1762410709.0,AVBR,False
v_25474793_1535,25474792.0,,5127.65,5895.1,1535.0,,,,AVBR,True
v_25510812_1535,v_25510812_1535,,3802.7,5921.25,1535.0,,,,AVBL,True
25510527,25510526.0,5.0,5447.0,5938.75,1535.0,-1.0,128.0,1765822995.0,AVBL,False
25474889,25474888.0,5.0,3517.15,6193.6,1535.0,-1.0,128.0,1762410710.0,AVBR,False
v_25474890_1536,25474889.0,,3532.15,6211.6,1536.0,,,,AVBR,True
25474793,v_25474793_1535,5.0,5135.15,5891.6,1536.0,-1.0,128.0,1762410392.0,AVBR,False
25510812,v_25510812_1534,5.0,3803.0,5922.75,1536.0,-1.0,128.0,1768929181.0,AVBL,False
25510526,25510525.0,5.0,5451.0,5948.75,1536.0,-1.0,128.0,1765822995.0,AVBL,False
25510525,25510524.0,5.0,5451.0,5948.75,1537.0,-1.0,128.0,1765822995.0,AVBL,False
25474890,v_25474890_1536,5.0,3537.15,6217.6,1537.0,-1.0,128.0,1762410711.0,AVBR,False
v_25551416_1537,25510812.0,,3806.0,5939.737499999999,1537.0,,,,AVBL,True
v_25474794_1537,25474793.0,,5138.15,5890.1,1537.0,,,,AVBR,True
25510524,25510523.0,5.0,5451.0,5932.75,1538.0,-1.0,128.0,1765822995.0,AVBL,False
25555288,25474890.0,5.0,3550.15,6217.6,1538.0,-1.0,128.0,1769771706.0,AVBR,False
25474794,v_25474794_1537,5.0,5139.15,5889.6,1538.0,-1.0,128.0,1762410393.0,AVBR,False
25551416,v_25551416_1537,5.0,3807.0,5945.4,1538.0,-1.0,128.0,1768929167.0,AVBL,False
25510523,25555656.0,5.0,5427.0,5976.75,1539.0,-1.0,128.0,1770062661.0,AVBL,False
v_25474795_1539,25474794.0,,5137.65,5891.1,1539.0,,,,AVBR,True
25510813,25551416.0,5.0,3809.0,5956.75,1539.0,-1.0,128.0,1768929167.0,AVBL,False
25474891,25555288.0,5.0,3563.15,6217.6,1539.0,-1.0,128.0,1769771706.0,AVBR,False
25474892,25474891.0,5.0,3565.15,6213.6,1540.0,-1.0,128.0,1762443244.0,AVBR,False
25474795,v_25474795_1539,5.0,5137.15,5891.6,1540.0,-1.0,128.0,1762410395.0,AVBR,False
25555656,25510522.0,5.0,5423.0,5980.75,1540.0,-1.0,128.0,1770062661.0,AVBL,False
25555924,25510813.0,5.0,3809.0,5957.75,1540.0,-1.0,128.0,1770319991.0,AVBL,False
25555624,25474892.0,5.0,3571.15,6213.6,1541.0,-1.0,128.0,1769804311.0,AVBR,False
25510814,25555924.0,5.0,3809.0,5958.75,1541.0,-1.0,128.0,1770319991.0,AVBL,False
v_25474796_1541,25474795.0,,5131.15,5891.6,1541.0,,,,AVBR,True
25510522,v_25510522_1542,5.0,5419.0,5984.75,1541.0,-1.0,128.0,1765822995.0,AVBL,False
25474893,25555624.0,5.0,3577.15,6213.6,1542.0,-1.0,128.0,1769804311.0,AVBR,False
v_25555920_1542,25510814.0,,3813.00125,5970.75,1542.0,,,,AVBL,True
v_25474796_1542,v_25474796_1542,,5129.15,5891.6,1542.0,,,,AVBR,True
v_25510522_1542,25510521.0,,5421.0,5994.75,1542.0,,,,AVBL,True
25474894,25474893.0,5.0,3581.15,6207.6,1543.0,-1.0,128.0,1762443246.0,AVBR,False
25474796,v_25474796_1541,5.0,5127.15,5891.6,1543.0,-1.0,128.0,1762410396.0,AVBR,False
25510521,v_25510521_1544,5.0,5423.0,6004.75,1543.0,-1.0,128.0,1765822995.0,AVBL,False
25555920,v_25555920_1542,5.0,3814.335,5974.75,1543.0,-1.0,128.0,1770319889.0,AVBL,False
v_25474797_1544,25474796.0,,5133.15,5897.6,1544.0,,,,AVBR,True
v_25474895_1544,25474894.0,,3581.15,6209.1,1544.0,,,,AVBR,True
v_25510521_1544,25510520.0,,5401.0,6018.75,1544.0,,,,AVBL,True
25510815,25555920.0,5.0,3817.0,5982.75,1544.0,-1.0,128.0,1770319889.0,AVBL,False
v_25510816_1545,25510815.0,,3833.5,5978.25,1545.0,,,,AVBL,True
25474895,v_25474895_1544,5.0,3581.15,6209.6,1545.0,-1.0,128.0,1762443247.0,AVBR,False
v_25474797_1545,v_25474797_1545,,5135.15,5899.6,1545.0,,,,AVBR,True
25510520,v_25510520_1546,5.0,5379.0,6032.75,1545.0,-1.0,128.0,1765822995.0,AVBL,False
25474896,25474895.0,5.0,3599.15,6219.6,1546.0,-1.0,128.0,1762443249.0,AVBR,False
25510816,v_25510816_1545,5.0,3839.0,5976.75,1546.0,-1.0,128.0,1765823027.0,AVBL,False
25474797,v_25474797_1544,5.0,5137.15,5901.6,1546.0,-1.0,128.0,1762410397.0,AVBR,False
v_25510520_1546,25510519.0,,5371.0,6066.75,1546.0,,,,AVBL,True
25474897,25474896.0,5.0,3623.15,6231.6,1547.0,-1.0,128.0,1762443250.0,AVBR,False
25555914,25474797.0,5.0,5137.15,5913.1,1547.0,-1.0,128.0,1770319783.0,AVBR,False
25510519,v_25510519_1548,5.0,5363.0,6100.75,1547.0,-1.0,128.0,1765822995.0,AVBL,False
v_25510817_1547,25510816.0,,3861.5,5973.75,1547.0,,,,AVBL,True
25474898,25474897.0,5.0,3627.155,6230.3,1548.0,-1.0,128.0,1767683309.0,AVBR,False
v_25510519_1548,v_25510519_1549,,5357.666666666667,6134.083333333333,1548.0,,,,AVBL,True
v_25530684_1548,25555914.0,,5137.15,5930.35,1548.0,,,,AVBR,True
25510817,v_25510817_1547,5.0,3869.0,5972.75,1548.0,-1.0,128.0,1765823027.0,AVBL,False
25474899,25474898.0,5.0,3653.15,6257.6,1549.0,-1.0,128.0,1762443252.0,AVBR,False
v_25510519_1549,25510518.0,,5352.333333333333,6167.416666666667,1549.0,,,,AVBL,True
v_25510818_1549,25510817.0,,3861.8,5988.35,1549.0,,,,AVBL,True
25530684,v_25530684_1548,5.0,5137.15,5936.1,1549.0,-1.0,128.0,1770319783.0,AVBR,False
25474900,25474899.0,5.0,3665.15,6279.6,1550.0,-1.0,128.0,1762443253.0,AVBR,False
v_25510818_1550,v_25510818_1550,,3859.4,5993.55,1550.0,,,,AVBL,True
25510518,25555257.0,5.0,5347.0,6200.75,1550.0,-1.0,128.0,1769752343.0,AVBL,False
25474798,25530684.0,5.0,5137.15,5947.6,1550.0,-1.0,128.0,1767502974.0,AVBR,False
25510818,v_25510818_1549,5.0,3857.0,5998.75,1551.0,-1.0,128.0,1765823027.0,AVBL,False
25555257,25510517.0,5.0,5339.0,6216.75,1551.0,-1.0,128.0,1769752343.0,AVBL,False
v_25474799_1551,25474798.0,,5141.95,5965.6,1551.0,,,,AVBR,True
v_25474901_1551,25474900.0,,3674.15,6284.1,1551.0,,,,AVBR,True
25510517,v_25510517_1553,5.0,5331.0,6232.75,1552.0,-1.0,128.0,1765822995.0,AVBL,False
v_25510819_1552,25510818.0,,3849.5,6022.75,1552.0,,,,AVBL,True
25474901,v_25474901_1551,5.0,3677.15,6285.6,1552.0,-1.0,128.0,1762443254.0,AVBR,False
v_25474799_1552,v_25474799_1552,,5143.549999999999,5971.6,1552.0,,,,AVBR,True
25474902,25474901.0,5.0,3711.15,6299.6,1553.0,-1.0,128.0,1762443255.0,AVBR,False
25474799,v_25474799_1551,5.0,5145.15,5977.6,1553.0,-1.0,128.0,1762410400.0,AVBR,False
25510819,v_25510819_1552,5.0,3847.0,6030.75,1553.0,-1.0,128.0,1765823027.0,AVBL,False
v_25510517_1553,25510516.0,,5315.0,6252.75,1553.0,,,,AVBL,True
25510516,v_25510516_1555,5.0,5299.0,6272.75,1554.0,-1.0,128.0,1765822995.0,AVBL,False
v_25474800_1554,25474799.0,,5142.75,6001.6,1554.0,,,,AVBR,True
v_25474903_1554,25474902.0,,3736.35,6310.400000000001,1554.0,,,,AVBR,True
v_25510820_1554,25510819.0,,3853.0,6042.75,1554.0,,,,AVBL,True
v_25510516_1555,25510515.0,,5289.0,6280.75,1555.0,,,,AVBL,True
v_25510820_1555,v_25510820_1555,,3855.0,6046.75,1555.0,,,,AVBL,True
v_25474903_1555,v_25474903_1555,,3744.75,6314.0,1555.0,,,,AVBR,True
v_25474800_1555,v_25474800_1555,,5141.95,6009.6,1555.0,,,,AVBR,True
25474800,v_25474800_1554,5.0,5141.15,6017.6,1556.0,-1.0,128.0,1762410401.0,AVBR,False
25474903,v_25474903_1554,5.0,3753.15,6317.6,1556.0,-1.0,128.0,1762443256.0,AVBR,False
25510820,v_25510820_1554,5.0,3857.0,6050.75,1556.0,-1.0,128.0,1765823027.0,AVBL,False
25510515,25554778.0,5.0,5279.0,6288.75,1556.0,-1.0,128.0,1769724115.0,AVBL,False
25554778,25510514.0,5.0,5267.0,6308.75,1557.0,-1.0,128.0,1769724115.0,AVBL,False
25510821,25510820.0,5.0,3869.0,6066.75,1557.0,-1.0,128.0,1765823027.0,AVBL,False
25554704,25474903.0,5.0,3791.52,6353.55,1557.0,-1.0,128.0,1769714510.0,AVBR,False
25474801,25474800.0,5.0,5139.15,6027.6,1557.0,-1.0,128.0,1762410404.0,AVBR,False
v_25474904_1558,25554704.0,,3849.07875,6407.475,1558.0,,,,AVBR,True
25510822,25510821.0,5.0,3871.0,6062.75,1558.0,-1.0,128.0,1765823027.0,AVBL,False
25510514,v_25510514_1559,5.0,5255.0,6328.75,1558.0,-1.0,128.0,1769724595.0,AVBL,False
25474802,25474801.0,5.0,5135.15,6035.6,1558.0,-1.0,128.0,1762410405.0,AVBR,False
25474904,v_25474904_1558,5.0,3868.265,6425.45,1559.0,-1.0,128.0,1769714510.0,AVBR,False
v_25510514_1559,25554810.0,,5243.0,6343.425,1559.0,,,,AVBL,True
25510823,25510822.0,5.0,3921.0,6120.75,1559.0,-1.0,128.0,1765823027.0,AVBL,False
25474803,25474802.0,5.0,5101.15,6155.6,1559.0,-1.0,128.0,1762410409.0,AVBR,False
25554810,25510513.0,5.0,5231.0,6358.1,1560.0,-1.0,128.0,1769724595.0,AVBL,False
25555932,25510823.0,5.0,3927.0,6123.75,1560.0,-1.0,128.0,1770320378.0,AVBL,False
25554812,25474803.0,5.0,5097.15,6171.6,1560.0,-1.0,128.0,1769724614.0,AVBR,False
v_25474905_1560,25474904.0,,3882.42875,6457.0625,1560.0,,,,AVBR,True
25474905,v_25474905_1560,5.0,3887.15,6467.6,1561.0,-1.0,128.0,1762443260.0,AVBR,False
v_25474804_1561,25554812.0,,5091.15,6195.6,1561.0,,,,AVBR,True
25510824,25555932.0,5.0,3933.0,6126.75,1561.0,-1.0,128.0,1770320378.0,AVBL,False
25510513,v_25510513_1562,5.0,5219.0,6372.75,1561.0,-1.0,128.0,1765822995.0,AVBL,False
25510825,25510824.0,5.0,3947.0,6138.75,1562.0,-1.0,128.0,1765823027.0,AVBL,False
v_25474906_1562,25474905.0,,3908.15,6509.6,1562.0,,,,AVBR,True
v_25510513_1562,25510512.0,,5205.0,6390.75,1562.0,,,,AVBL,True
25474804,v_25474804_1561,5.0,5089.15,6203.6,1562.0,-1.0,128.0,1769724614.0,AVBR,False
25474807,25474806.0,5.0,4929.15,6299.6,1563.0,-1.0,128.0,1762410425.0,AVBR,False
25474906,v_25474906_1562,5.0,3915.15,6523.6,1563.0,-1.0,128.0,1762443261.0,AVBR,False
25510512,25554808.0,5.0,5191.0,6408.75,1563.0,-1.0,128.0,1769724582.0,AVBL,False
25510826,25510825.0,5.0,4007.0,6198.75,1563.0,-1.0,128.0,1765823027.0,AVBL,False
v_25556167_1563,25474804.0,,5076.1375,6244.5875,1563.0,,,,AVBR,True
v_25474907_1564,25474906.0,,3929.55,6552.400000000001,1564.0,,,,AVBR,True
25474806,25474805.0,5.0,4915.15,6289.6,1564.0,-1.0,128.0,1762410417.0,AVBR,False
25556167,v_25556167_1563,5.0,5071.8,6258.25,1564.0,-1.0,128.0,1770354386.0,AVBR,False
25554808,25510511.0,5.0,5187.0,6440.75,1564.0,-1.0,128.0,1769724582.0,AVBL,False
25510827,25510826.0,5.0,4083.0,6250.75,1564.0,-1.0,128.0,1765823027.0,AVBL,False
25474805,25556167.0,5.0,5063.15,6285.6,1565.0,-1.0,128.0,1770354386.0,AVBR,False
25510828,25510827.0,5.0,4083.0,6268.75,1565.0,-1.0,128.0,1765823027.0,AVBL,False
25510511,25510510.0,5.0,5183.0,6472.75,1565.0,-1.0,128.0,1765822995.0,AVBL,False
v_25474907_1565,v_25474907_1565,,3934.35,6562.0,1565.0,,,,AVBR,True
25552667,25510828.0,5.0,4084.0,6271.75,1566.0,-1.0,128.0,1769315655.0,AVBL,False
25510510,v_25510510_1567,5.0,5187.0,6520.75,1566.0,-1.0,128.0,1765822995.0,AVBL,False
25474907,v_25474907_1564,5.0,3939.15,6571.6,1566.0,-1.0,128.0,1762443262.0,AVBR,False
25556195,25474805.0,5.0,5043.15,6288.6,1566.0,-1.0,128.0,1770355511.0,AVBR,False
v_25510510_1567,25510509.0,,5165.0,6558.75,1567.0,,,,AVBL,True
25510829,25552667.0,5.0,4085.0,6274.75,1567.0,-1.0,128.0,1769315655.0,AVBL,False
25527351,25527350.0,5.0,3490.15,7956.6,1567.0,-1.0,128.0,1765837058.0,AVBR,False
v_25474908_1567,25474907.0,,3951.15,6637.6,1567.0,,,,AVBR,True
25474808,25556195.0,5.0,5023.15,6291.6,1567.0,-1.0,128.0,1770355511.0,AVBR,False
25474908,v_25474908_1567,5.0,3955.15,6659.6,1568.0,-1.0,128.0,1762443264.0,AVBR,False
v_25555929_1568,25510829.0,,4077.99875,6276.737499999999,1568.0,,,,AVBL,True
25510509,v_25510509_1569,5.0,5143.0,6596.75,1568.0,-1.0,128.0,1765822995.0,AVBL,False
25527350,25527349.0,5.0,3502.15,7954.6,1568.0,-1.0,128.0,1765837056.0,AVBR,False
v_25474809_1568,25474808.0,,5014.15,6287.1,1568.0,,,,AVBR,True
25555929,v_25555929_1568,5.0,4075.665,6277.4,1569.0,-1.0,128.0,1770320354.0,AVBL,False
25527349,25527348.0,5.0,3356.15,7924.6,1569.0,-1.0,128.0,1765837055.0,AVBR,False
25474809,v_25474809_1568,5.0,5011.15,6285.6,1569.0,-1.0,128.0,1762410431.0,AVBR,False
v_25510509_1569,25510508.0,,5131.0,6634.75,1569.0,,,,AVBL,True
25556113,25474908.0,5.0,3965.15,6679.6,1569.0,-1.0,128.0,1770348512.0,AVBR,False
25554922,25556113.0,5.0,3975.15,6699.6,1570.0,-1.0,128.0,1770348512.0,AVBR,False
v_25474810_1570,25474809.0,,4988.65,6281.1,1570.0,,,,AVBR,True
25527348,25527153.0,5.0,3284.15,7910.6,1570.0,-1.0,128.0,1765837054.0,AVBR,False
25510508,25510507.0,5.0,5119.0,6672.75,1570.0,-1.0,128.0,1765822995.0,AVBL,False
25510830,25555929.0,5.0,4071.0,6278.75,1570.0,-1.0,128.0,1770320354.0,AVBL,False
25510507,25510570.0,5.0,5081.6,6697.75,1571.0,-1.0,128.0,1767681891.0,AVBL,False
25474909,25554922.0,5.0,3985.15,6719.6,1571.0,-1.0,128.0,1769748026.0,AVBR,False
25474810,v_25474810_1570,5.0,4981.15,6279.6,1571.0,-1.0,128.0,1762410432.0,AVBR,False
v_25510831_1571,25510830.0,,4057.8,6277.55,1571.0,,,,AVBL,True
25527153,25527152.0,5.0,3296.15,7912.6,1571.0,-1.0,128.0,1765821144.0,AVBR,False
25510570,25555325.0,5.0,5061.0,6752.75,1572.0,-1.0,128.0,1769772627.0,AVBL,False
25527154,25527153.0,5.0,3033.15,7809.6,1572.0,-1.0,128.0,1766435467.0,AVBR,False
25527152,25527151.0,5.0,3526.15,7936.6,1572.0,-1.0,128.0,1765821140.0,AVBR,False
v_25510831_1572,v_25510831_1572,,4053.4,6277.15,1572.0,,,,AVBL,True
v_25474811_1572,25474810.0,,4972.15,6285.6,1572.0,,,,AVBR,True
v_25474910_1572,25474909.0,,4021.15,6746.6,1572.0,,,,AVBR,True
25527151,25527150.0,5.0,3576.15,7948.6,1573.0,-1.0,128.0,1765821139.0,AVBR,False
25527155,25527154.0,5.0,2994.15,7774.6,1573.0,-1.0,128.0,1765821150.0,AVBR,False
25510831,v_25510831_1571,5.0,4049.0,6276.75,1573.0,-1.0,128.0,1765823027.0,AVBL,False
25555325,v_25555325_1574,5.0,5045.65,6763.4,1573.0,-1.0,128.0,1769772627.0,AVBL,False
25474811,v_25474811_1572,5.0,4969.15,6287.6,1573.0,-1.0,128.0,1762410433.0,AVBR,False
25474910,v_25474910_1572,5.0,4033.15,6755.6,1573.0,-1.0,128.0,1762443267.0,AVBR,False
v_25510832_1574,25510831.0,,4028.0,6296.25,1574.0,,,,AVBL,True
25474812,25474811.0,5.0,4955.15,6295.6,1574.0,-1.0,128.0,1762410448.0,AVBR,False
v_25474911_1574,25474910.0,,4051.15,6772.400000000001,1574.0,,,,AVBR,True
v_25555325_1574,25510571.0,,5030.325,6774.075,1574.0,,,,AVBL,True
25527156,25527155.0,5.0,2860.15,7724.6,1574.0,-1.0,128.0,1765821151.0,AVBR,False
25527150,v_25527150_1575,5.0,3742.15,7970.6,1574.0,-1.0,128.0,1765821137.0,AVBR,False
v_25474813_1575,25474812.0,,4945.549999999999,6307.6,1575.0,,,,AVBR,True
v_25527157_1575,25527156.0,,2739.4,7695.35,1575.0,,,,AVBR,True
v_25527150_1575,25527149.0,,3788.15,7981.6,1575.0,,,,AVBR,True
v_25474911_1575,v_25474911_1575,,4057.15,6778.0,1575.0,,,,AVBR,True
25510571,v_25510571_1576,5.0,5015.0,6784.75,1575.0,-1.0,128.0,1765822995.0,AVBL,False
25510832,v_25510832_1574,5.0,4021.0,6302.75,1575.0,-1.0,128.0,1765823027.0,AVBL,False
v_25510833_1576,25510832.0,,4019.5,6317.75,1576.0,,,,AVBL,True
v_25474813_1576,v_25474813_1576,,4942.349999999999,6311.6,1576.0,,,,AVBR,True
25527157,v_25527157_1575,5.0,2699.15,7685.6,1576.0,-1.0,128.0,1766435922.0,AVBR,False
25527149,25527148.0,5.0,3834.15,7992.6,1576.0,-1.0,128.0,1765821119.0,AVBR,False
25474911,v_25474911_1574,5.0,4063.15,6783.6,1576.0,-1.0,128.0,1762443268.0,AVBR,False
v_25510571_1576,25510572.0,,4999.0,6797.75,1576.0,,,,AVBL,True
25510572,v_25510572_1578,5.0,4983.0,6810.75,1577.0,-1.0,128.0,1765822995.0,AVBL,False
25527148,25527147.0,5.0,3856.15,7994.6,1577.0,-1.0,128.0,1765821093.0,AVBR,False
v_25474912_1577,25474911.0,,4078.15,6800.1,1577.0,,,,AVBR,True
25527158,25527157.0,5.0,2662.15,7608.6,1577.0,-1.0,128.0,1765821156.0,AVBR,False
25474813,v_25474813_1575,5.0,4939.15,6315.6,1577.0,-1.0,128.0,1762410449.0,AVBR,False
25510833,v_25510833_1576,5.0,4019.0,6322.75,1577.0,-1.0,128.0,1765823027.0,AVBL,False
v_25530687_1578,25474813.0,,4919.15125,6321.6,1578.0,,,,AVBR,True
v_25510834_1578,25510833.0,,4023.5,6348.25,1578.0,,,,AVBL,True
25474912,v_25474912_1577,5.0,4083.15,6805.6,1578.0,-1.0,128.0,1762443270.0,AVBR,False
v_25527159_1578,25527158.0,,2575.15,7554.6,1578.0,,,,AVBR,True
v_25510572_1578,25510573.0,,4969.0,6817.75,1578.0,,,,AVBL,True
25527147,25527146.0,5.0,3874.15,7990.6,1578.0,-1.0,128.0,1765821092.0,AVBR,False
25510573,25555322.0,5.0,4955.0,6824.75,1579.0,-1.0,128.0,1769772597.0,AVBL,False
25510834,v_25510834_1578,5.0,4025.0,6356.75,1579.0,-1.0,128.0,1765823027.0,AVBL,False
v_25474913_1579,25474912.0,,4121.55,6853.6,1579.0,,,,AVBR,True
25530687,v_25530687_1578,5.0,4912.485,6323.6,1579.0,-1.0,128.0,1767503053.0,AVBR,False
25527146,v_25527146_1580,5.0,3918.15,7992.6,1579.0,-1.0,128.0,1765821089.0,AVBR,False
25527159,v_25527159_1578,5.0,2546.15,7536.6,1579.0,-1.0,128.0,1765821157.0,AVBR,False
25474814,25530687.0,5.0,4899.15,6327.6,1580.0,-1.0,128.0,1767503053.0,AVBR,False
v_25527146_1580,v_25527146_1581,,3932.8166666666666,7993.266666666667,1580.0,,,,AVBR,True
v_25527160_1580,25527159.0,,2495.75,7467.0,1580.0,,,,AVBR,True
v_25510835_1580,25510834.0,,4040.0,6365.75,1580.0,,,,AVBL,True
v_25474913_1580,v_25474913_1580,,4134.349999999999,6869.6,1580.0,,,,AVBR,True
25555322,v_25555322_1581,5.0,4948.335,6836.1,1580.0,-1.0,128.0,1769772597.0,AVBL,False
v_25527160_1581,v_25527160_1581,,2478.9500000000003,7443.8,1581.0,,,,AVBR,True
v_25527146_1581,25527145.0,,3947.4833333333336,7993.933333333333,1581.0,,,,AVBR,True
v_25555322_1581,25510574.0,,4941.6675,6847.425,1581.0,,,,AVBL,True
v_25474815_1581,25474814.0,,4899.15,6326.1,1581.0,,,,AVBR,True
25510835,v_25510835_1580,5.0,4045.0,6368.75,1581.0,-1.0,128.0,1765823027.0,AVBL,False
25474913,v_25474913_1579,5.0,4147.15,6885.6,1581.0,-1.0,128.0,1762443271.0,AVBR,False
25474815,v_25474815_1581,5.0,4899.15,6325.6,1582.0,-1.0,128.0,1762410452.0,AVBR,False
v_25510836_1582,25510835.0,,4061.5,6406.25,1582.0,,,,AVBL,True
25527160,v_25527160_1580,5.0,2462.15,7420.6,1582.0,-1.0,128.0,1765821159.0,AVBR,False
25510574,v_25510574_1583,5.0,4935.0,6858.75,1582.0,-1.0,128.0,1765822995.0,AVBL,False
25527145,25527144.0,5.0,3962.15,7994.6,1582.0,-1.0,128.0,1765821087.0,AVBR,False
25474914,25474913.0,5.0,4153.15,6891.6,1582.0,-1.0,128.0,1762443277.0,AVBR,False
25552628,25474815.0,5.0,4893.815,6326.25,1583.0,-1.0,128.0,1769315135.0,AVBR,False
25474916,25474914.0,5.0,4199.15,7093.6,1583.0,-1.0,128.0,1762443286.0,AVBR,False
25474915,25474914.0,5.0,4101.15,6777.6,1583.0,-1.0,128.0,1762443279.0,AVBR,False
25527144,25527143.0,5.0,3992.15,7978.6,1583.0,-1.0,128.0,1765821086.0,AVBR,False
25510836,v_25510836_1582,5.0,4067.0,6418.75,1583.0,-1.0,128.0,1765823027.0,AVBL,False
v_25510574_1583,25510575.0,,4925.0,6883.75,1583.0,,,,AVBL,True
v_25527161_1583,25527160.0,,2356.55,7318.6,1583.0,,,,AVBR,True
25510575,v_25510575_1585,5.0,4915.0,6908.75,1584.0,-1.0,128.0,1765822995.0,AVBL,False
25474925,25474915.0,5.0,4111.15,6734.6,1584.0,-1.0,128.0,1762443352.0,AVBR,False
25527143,v_25527143_1585,5.0,4040.15,7978.6,1584.0,-1.0,128.0,1765821085.0,AVBR,False
v_25510837_1584,25510836.0,,4067.0,6453.25,1584.0,,,,AVBL,True
v_25474917_1584,25474916.0,,4236.65,7200.1,1584.0,,,,AVBR,True
v_25474816_1584,25552628.0,,4885.81625,6327.262500000001,1584.0,,,,AVBR,True
v_25527161_1584,v_25527161_1584,,2321.35,7284.6,1584.0,,,,AVBR,True
25474816,v_25474816_1584,5.0,4883.15,6327.6,1585.0,-1.0,128.0,1769315135.0,AVBR,False
25474917,v_25474917_1584,5.0,4249.15,7235.6,1585.0,-1.0,128.0,1762443288.0,AVBR,False
25527161,v_25527161_1583,5.0,2286.15,7250.6,1585.0,-1.0,128.0,1765821160.0,AVBR,False
v_25510575_1585,25510577.0,,4908.3325,6919.425,1585.0,,,,AVBL,True
v_25527143_1585,25527142.0,,4044.15,7972.6,1585.0,,,,AVBR,True
25474926,25474925.0,5.0,4123.15,6740.6,1585.0,-1.0,128.0,1762443356.0,AVBR,False
25510837,v_25510837_1584,5.0,4067.0,6464.75,1585.0,-1.0,128.0,1765823027.0,AVBL,False
25527142,v_25527142_1587,5.0,4048.15,7966.6,1586.0,-1.0,128.0,1765821084.0,AVBR,False
25474927,25474926.0,5.0,4149.15,6746.6,1586.0,-1.0,128.0,1762443357.0,AVBR,False
v_25527162_1586,25527161.0,,2187.75,7154.6,1586.0,,,,AVBR,True
v_25474918_1586,25474917.0,,4250.349999999999,7344.8,1586.0,,,,AVBR,True
25555661,25474816.0,5.0,4893.815,6318.95,1586.0,-1.0,128.0,1770062697.0,AVBR,False
25510577,v_25510577_1587,5.0,4901.665,6930.1,1586.0,-1.0,128.0,1765822995.0,AVBL,False
25510839,25510837.0,5.0,4076.0,6474.75,1586.0,-1.0,128.0,1765823027.0,AVBL,False
v_25474918_1587,v_25474918_1587,,4250.75,7381.200000000001,1587.0,,,,AVBR,True
v_25510840_1587,25510839.0,,4081.25,6492.75,1587.0,,,,AVBL,True
25474928,25474927.0,5.0,4177.15,6752.6,1587.0,-1.0,128.0,1762443358.0,AVBR,False
v_25510577_1587,25510578.0,,4892.3325,6941.425,1587.0,,,,AVBL,True
25510838,25510839.0,5.0,4085.0,6484.75,1587.0,-1.0,128.0,1765823027.0,AVBL,False
v_25474817_1587,25555661.0,,4909.81625,6305.9375,1587.0,,,,AVBR,True
25510576,25510577.0,5.0,4895.0,6940.75,1587.0,-1.0,128.0,1765822995.0,AVBL,False
v_25527162_1587,v_25527162_1587,,2154.9500000000003,7122.6,1587.0,,,,AVBR,True
v_25527142_1587,25527141.0,,4097.15,7960.6,1587.0,,,,AVBR,True
25474817,v_25474817_1587,5.0,4915.15,6301.6,1588.0,-1.0,128.0,1770062697.0,AVBR,False
25510578,v_25510578_1589,5.0,4883.0,6952.75,1588.0,-1.0,128.0,1765822995.0,AVBL,False
25474929,25474928.0,5.0,4201.15,6760.6,1588.0,-1.0,128.0,1762443359.0,AVBR,False
25474918,v_25474918_1586,5.0,4251.15,7417.6,1588.0,-1.0,128.0,1762443290.0,AVBR,False
25510840,v_25510840_1587,5.0,4083.0,6498.75,1588.0,-1.0,128.0,1765823027.0,AVBL,False
25527141,v_25527141_1589,5.0,4146.15,7954.6,1588.0,-1.0,128.0,1765821082.0,AVBR,False
25527162,v_25527162_1586,5.0,2122.15,7090.6,1588.0,-1.0,128.0,1765821162.0,AVBR,False
v_25474919_1589,25474918.0,,4252.65,7449.1,1589.0,,,,AVBR,True
v_25527141_1589,25527140.0,,4179.15,7933.6,1589.0,,,,AVBR,True
25510841,25510840.0,5.0,4101.0,6534.75,1589.0,-1.0,128.0,1765823027.0,AVBL,False
v_25527163_1589,25527162.0,,2045.35,7000.6,1589.0,,,,AVBR,True
25474930,25474929.0,5.0,4209.15,6772.6,1589.0,-1.0,128.0,1762443361.0,AVBR,False
25474818,25474817.0,5.0,4859.15,6273.6,1589.0,-1.0,128.0,1762410462.0,AVBR,False
v_25510578_1589,25510579.0,,4866.0,6969.75,1589.0,,,,AVBL,True
v_25527163_1590,v_25527163_1590,,2019.75,6970.6,1590.0,,,,AVBR,True
25527140,25529868.0,5.0,4212.15,7912.6,1590.0,-1.0,128.0,1766436025.0,AVBR,False
25474819,25474818.0,5.0,4949.15,6419.6,1590.0,-1.0,128.0,1762410472.0,AVBR,False
25474919,v_25474919_1589,5.0,4253.15,7459.6,1590.0,-1.0,128.0,1762443292.0,AVBR,False
v_25510842_1590,25510841.0,,4105.5,6534.75,1590.0,,,,AVBL,True
25510579,25510580.0,5.0,4849.0,6986.75,1590.0,-1.0,128.0,1765822995.0,AVBL,False
25474931,25474930.0,5.0,4233.15,6788.6,1590.0,-1.0,128.0,1762443363.0,AVBR,False
25474820,25474819.0,5.0,4957.15,6457.6,1591.0,-1.0,128.0,1762410473.0,AVBR,False
25510842,v_25510842_1590,5.0,4107.0,6534.75,1591.0,-1.0,128.0,1765823027.0,AVBL,False
25527163,v_25527163_1589,5.0,1994.15,6940.6,1591.0,-1.0,128.0,1765821163.0,AVBR,False
25510580,v_25510580_1592,5.0,4867.0,7030.75,1591.0,-1.0,128.0,1765822995.0,AVBL,False
25555299,25474919.0,5.0,4256.15,7486.6,1591.0,-1.0,128.0,1769771847.0,AVBR,False
25530711,25474931.0,5.0,4235.15,6797.6,1591.0,-1.0,128.0,1767504182.0,AVBR,False
25529868,v_25529868_1592,5.0,4199.15,7893.6,1591.0,-1.0,128.0,1766436025.0,AVBR,False
25510843,25510842.0,5.0,4107.0,6566.75,1592.0,-1.0,128.0,1765823027.0,AVBL,False
v_25529868_1592,25527139.0,,4225.65,7879.1,1592.0,,,,AVBR,True
v_25510580_1592,25510581.0,,4851.0,7068.75,1592.0,,,,AVBL,True
25474821,25474820.0,5.0,4965.15,6467.6,1592.0,-1.0,128.0,1762410476.0,AVBR,False
v_25527164_1592,25527163.0,,1936.55,6862.6,1592.0,,,,AVBR,True
25474932,25530711.0,5.0,4237.15,6806.6,1592.0,-1.0,128.0,1767504182.0,AVBR,False
25474920,25555299.0,5.0,4259.15,7513.6,1592.0,-1.0,128.0,1769771847.0,AVBR,False
v_25510844_1593,25510843.0,,4103.4,6599.15,1593.0,,,,AVBL,True
25510581,v_25510581_1594,5.0,4835.0,7106.75,1593.0,-1.0,128.0,1765822995.0,AVBL,False
25474933,25474932.0,5.0,4241.15,6812.6,1593.0,-1.0,128.0,1762443368.0,AVBR,False
v_25474822_1593,25474821.0,,4977.15,6470.0,1593.0,,,,AVBR,True
25474921,25474920.0,5.0,4241.15,7537.6,1593.0,-1.0,128.0,1762443298.0,AVBR,False
v_25527164_1593,v_25527164_1593,,1917.35,6836.6,1593.0,,,,AVBR,True
25527139,25527138.0,5.0,4252.15,7864.6,1593.0,-1.0,128.0,1765821079.0,AVBR,False
25528424,25528423.0,5.0,6003.8,7553.15,1594.0,-1.0,99.0,1766162358.0,AVBL,False
25527164,v_25527164_1592,5.0,1898.15,6810.6,1594.0,-1.0,128.0,1765821165.0,AVBR,False
25527138,25474923.0,5.0,4266.15,7856.6,1594.0,-1.0,128.0,1765821078.0,AVBR,False
25474922,25474921.0,5.0,4225.15,7595.6,1594.0,-1.0,128.0,1762443303.0,AVBR,False
v_25474822_1594,v_25474822_1594,,4981.15,6470.8,1594.0,,,,AVBR,True
v_25510844_1594,v_25510844_1594,,4102.2,6609.95,1594.0,,,,AVBL,True
v_25510581_1594,25510582.0,,4827.0,7135.75,1594.0,,,,AVBL,True
v_25527165_1595,25527164.0,,1840.15,6736.6,1595.0,,,,AVBR,True
25510844,v_25510844_1593,5.0,4101.0,6620.75,1595.0,-1.0,128.0,1765823027.0,AVBL,False
25510582,25510583.0,5.0,4819.0,7164.75,1595.0,-1.0,128.0,1765822995.0,AVBL,False
25528423,25528422.0,5.0,6000.6,7535.55,1595.0,-1.0,99.0,1766162357.0,AVBL,False
25474822,v_25474822_1593,5.0,4985.15,6471.6,1595.0,-1.0,128.0,1762410478.0,AVBR,False
25474923,25474922.0,5.0,4277.15,7725.6,1595.0,-1.0,128.0,1762443321.0,AVBR,False
25474823,25474822.0,5.0,5005.15,6477.6,1596.0,-1.0,128.0,1762410481.0,AVBR,False
25474924,25474923.0,5.0,4293.15,7751.6,1596.0,-1.0,128.0,1762443323.0,AVBR,False
25528422,25430821.0,5.0,5970.2,7545.15,1596.0,-1.0,99.0,1766162356.0,AVBL,False
25510845,25510844.0,5.0,4099.95,6653.55,1596.0,-1.0,128.0,1769661070.0,AVBL,False
v_25527165_1596,v_25527165_1597,,1820.8166666666668,6711.933333333333,1596.0,,,,AVBR,True
25510583,25510584.0,5.0,4763.0,7276.75,1596.0,-1.0,128.0,1765822995.0,AVBL,False
25475022,25474924.0,5.0,4303.15,7738.6,1597.0,-1.0,128.0,1762444029.0,AVBR,False
25510584,25510585.0,5.0,4751.0,7318.75,1597.0,-1.0,128.0,1765822995.0,AVBL,False
25430821,25430820.0,5.0,6347.6,7288.75,1597.0,-1.0,128.0,1760716282.0,AVBL,False
25474824,25474823.0,5.0,5013.15,6475.6,1597.0,-1.0,128.0,1762410484.0,AVBR,False
v_25527165_1597,v_25527165_1596,,1801.483333333333,6687.266666666667,1597.0,,,,AVBR,True
25510846,25510845.0,5.0,4077.0,6726.75,1597.0,-1.0,128.0,1765823027.0,AVBL,False
25510585,v_25510585_1599,5.0,4729.0,7362.75,1598.0,-1.0,128.0,1765822995.0,AVBL,False
25510847,25510846.0,5.0,4093.0,6748.75,1598.0,-1.0,128.0,1765823027.0,AVBL,False
25433144,25430821.0,5.0,5524.6,7724.75,1598.0,-1.0,128.0,1760729537.0,AVBL,False
25430820,25430819.0,5.0,6547.6,7088.75,1598.0,-1.0,128.0,1760716275.0,AVBL,False
25527165,v_25527165_1595,5.0,1782.15,6662.6,1598.0,-1.0,128.0,1765821166.0,AVBR,False
25475023,25475022.0,5.0,4311.15,7700.6,1598.0,-1.0,128.0,1762444031.0,AVBR,False
25553359,25474824.0,5.0,5018.5,6473.25,1598.0,-1.0,128.0,1771996914.0,AVBR,False
v_25474825_1599,25553359.0,,5024.987499999999,6479.512500000001,1599.0,,,,AVBR,True
25430819,25430818.0,5.0,6623.6,6988.75,1599.0,-1.0,128.0,1760716274.0,AVBL,False
25526977,25433144.0,5.0,5447.6,7812.75,1599.0,-1.0,128.0,1765577293.0,AVBL,False
v_25527166_1599,25527165.0,,1731.66,6589.34,1599.0,,,,AVBR,True
v_25510585_1599,25510586.0,,4722.0,7387.75,1599.0,,,,AVBL,True
25510848,25510847.0,5.0,4113.0,6776.75,1599.0,-1.0,128.0,1765823027.0,AVBL,False
25475024,25475023.0,5.0,4313.15,7696.6,1599.0,-1.0,128.0,1762444032.0,AVBR,False
v_25527166_1600,v_25527166_1600,,1714.83,6564.92,1600.0,,,,AVBR,True
25510586,v_25510586_1601,5.0,4715.0,7412.75,1600.0,-1.0,128.0,1765822995.0,AVBL,False
25526978,25526977.0,5.0,5353.6,7822.75,1600.0,-1.0,128.0,1765577323.0,AVBL,False
25430818,25430817.0,5.0,6787.6,6820.75,1600.0,-1.0,128.0,1760716263.0,AVBL,False
25474825,v_25474825_1599,5.0,5027.15,6481.6,1600.0,-1.0,128.0,1769617570.0,AVBR,False
v_25475025_1600,25475024.0,,4314.65,7720.6,1600.0,,,,AVBR,True
25510849,25510848.0,5.0,4101.0,6782.75,1600.0,-1.0,128.0,1765823027.0,AVBL,False
25430817,25430815.0,5.0,6955.6,6640.75,1601.0,-1.0,128.0,1760716258.0,AVBL,False
25526979,25526978.0,5.0,5229.6,7884.75,1601.0,-1.0,128.0,1765577328.0,AVBL,False
v_25530726_1601,25474825.0,,5004.15125,6497.6125,1601.0,,,,AVBR,True
25527166,v_25527166_1599,5.0,1698.0,6540.5,1601.0,-1.0,128.0,1765836877.0,AVBR,False
25475025,v_25475025_1600,5.0,4315.15,7728.6,1601.0,-1.0,128.0,1762444033.0,AVBR,False
v_25510850_1601,25510849.0,,4110.0,6799.25,1601.0,,,,AVBL,True
v_25510586_1601,25510587.0,,4700.0,7433.75,1601.0,,,,AVBL,True
25526980,25526979.0,5.0,5089.6,7892.75,1602.0,-1.0,128.0,1765577329.0,AVBL,False
25430815,25430248.0,5.0,7094.6,6500.75,1602.0,-1.0,128.0,1760729676.0,AVBL,False
25527167,25527166.0,5.0,1690.15,6532.6,1602.0,-1.0,128.0,1765821171.0,AVBR,False
25510850,v_25510850_1601,5.0,4113.0,6804.75,1602.0,-1.0,128.0,1765823027.0,AVBL,False
25510587,25510588.0,5.0,4685.0,7454.75,1602.0,-1.0,128.0,1765822995.0,AVBL,False
25475026,25475025.0,5.0,4335.15,7726.6,1602.0,-1.0,128.0,1762444047.0,AVBR,False
25530726,v_25530726_1601,5.0,4996.485,6502.95,1602.0,-1.0,128.0,1767584373.0,AVBR,False
25474826,25530726.0,5.0,4981.15,6513.6,1603.0,-1.0,128.0,1767584373.0,AVBR,False
25475027,25475026.0,5.0,4275.15,7656.6,1603.0,-1.0,128.0,1762444049.0,AVBR,False
25527168,25527167.0,5.0,1606.15,6314.6,1603.0,-1.0,128.0,1765821177.0,AVBR,False
25510851,25510850.0,5.0,4007.0,6776.75,1603.0,-1.0,128.0,1765823027.0,AVBL,False
25526981,25526980.0,5.0,4889.6,7864.75,1603.0,-1.0,128.0,1765577339.0,AVBL,False
25430248,25430246.0,5.0,7187.95,6201.4,1603.0,-1.0,128.0,1765576698.0,AVBL,False
25510588,25510589.0,5.0,4633.0,7448.75,1603.0,-1.0,128.0,1765822995.0,AVBL,False
25430246,25430245.0,5.0,7222.6,6156.75,1604.0,-1.0,128.0,1760714328.0,AVBL,False
25475028,25475027.0,5.0,4293.15,7650.6,1604.0,-1.0,128.0,1762444052.0,AVBR,False
v_25474827_1604,25474826.0,,4978.15,6513.6,1604.0,,,,AVBR,True
25510852,25510851.0,5.0,4027.0,6844.75,1604.0,-1.0,128.0,1765823027.0,AVBL,False
25527169,25527168.0,5.0,1584.15,6290.6,1604.0,-1.0,128.0,1765821178.0,AVBR,False
25526982,25526981.0,5.0,4875.6,7864.75,1604.0,-1.0,128.0,1765577340.0,AVBL,False
25510589,25526988.0,5.0,4633.0,7454.75,1604.0,-1.0,128.0,1765822995.0,AVBL,False
25475029,25475028.0,5.0,4277.15,7656.6,1605.0,-1.0,128.0,1762444054.0,AVBR,False
25526983,25526982.0,5.0,4829.6,7846.75,1605.0,-1.0,128.0,1765577353.0,AVBL,False
25474827,v_25474827_1604,5.0,4977.15,6513.6,1605.0,-1.0,128.0,1762410510.0,AVBR,False
25430245,25430243.0,5.0,7246.6,6140.75,1605.0,-1.0,128.0,1760714326.0,AVBL,False
25526988,25526989.0,5.0,4655.6,7500.75,1605.0,-1.0,128.0,1765822995.0,AVBL,False
v_25510853_1605,25510852.0,,4048.0,6867.25,1605.0,,,,AVBL,True
v_25527170_1605,25527169.0,,1562.5500000000002,6229.400000000001,1605.0,,,,AVBR,True
25526984,25526983.0,5.0,4801.6,7842.75,1606.0,-1.0,128.0,1765577354.0,AVBL,False
25558238,25474828.0,5.0,5114.15,6372.6,1606.0,-1.0,128.0,1771437293.0,AVBR,False
25475030,25475029.0,5.0,4281.15,7654.6,1606.0,-1.0,128.0,1762444055.0,AVBR,False
25526989,25526987.0,5.0,4654.6,7520.75,1606.0,-1.0,128.0,1765822995.0,AVBL,False
25510853,v_25510853_1605,5.0,4055.0,6874.75,1606.0,-1.0,128.0,1765823027.0,AVBL,False
v_25527170_1606,v_25527170_1606,,1555.35,6209.0,1606.0,,,,AVBR,True
25430243,25430242.0,5.0,7250.6,6116.75,1606.0,-1.0,128.0,1760714325.0,AVBL,False
v_25474828_1606,25474827.0,,4992.15,6492.6,1606.0,,,,AVBR,True
25430242,25430240.0,5.0,7290.6,6044.75,1607.0,-1.0,128.0,1760714323.0,AVBL,False
25527170,v_25527170_1605,5.0,1548.15,6188.6,1607.0,-1.0,128.0,1765821179.0,AVBR,False
25474828,v_25474828_1606,5.0,4997.15,6485.6,1607.0,-1.0,128.0,1762410512.0,AVBR,False
v_25510854_1607,25510853.0,,4071.5,6909.25,1607.0,,,,AVBL,True
v_25526985_1607,25526984.0,,4764.1,7836.75,1607.0,,,,AVBL,True
25526987,25526986.0,5.0,4666.555,7534.25,1607.0,-1.0,128.0,1767378526.0,AVBL,False
25430240,25430238.0,5.0,7314.6,6012.75,1608.0,-1.0,128.0,1760714322.0,AVBL,False
25510854,v_25510854_1607,5.0,4077.0,6920.75,1608.0,-1.0,128.0,1765823027.0,AVBL,False
25474829,25474828.0,5.0,5003.15,6463.6,1608.0,-1.0,128.0,1762410512.0,AVBR,False
25527171,25527170.0,5.0,1550.15,6178.6,1608.0,-1.0,128.0,1765821180.0,AVBR,False
25526986,25526985.0,5.0,4651.6,7640.75,1608.0,-1.0,128.0,1765577364.0,AVBL,False
25526985,v_25526985_1607,5.0,4751.6,7834.75,1608.0,-1.0,128.0,1765577355.0,AVBL,False
v_25510855_1609,25510854.0,,4087.5,6944.75,1609.0,,,,AVBL,True
25430657,25430656.0,5.0,6694.6,4828.75,1609.0,-1.0,128.0,1760715929.0,AVBL,False
25430238,25430217.0,5.0,7330.6,5968.75,1609.0,-1.0,128.0,1760714321.0,AVBL,False
25527134,25526985.0,5.0,4746.6,7826.75,1609.0,-1.0,128.0,1765820284.0,AVBL,False
25527172,25527171.0,5.0,1536.15,6146.6,1609.0,-1.0,128.0,1765821292.0,AVBR,False
25474830,25474829.0,5.0,5115.15,6361.6,1609.0,-1.0,128.0,1762410519.0,AVBR,False
25474831,25474829.0,5.0,4979.15,6513.6,1609.0,-1.0,128.0,1762410518.0,AVBR,False
25430656,25430655.0,5.0,6726.6,4832.75,1610.0,-1.0,128.0,1760715928.0,AVBL,False
25430217,25430228.0,5.0,7330.6,5932.75,1610.0,-1.0,128.0,1760716068.0,AVBL,False
25527173,25527172.0,5.0,1530.15,6144.6,1610.0,-1.0,128.0,1765821294.0,AVBR,False
25510855,v_25510855_1609,5.0,4091.0,6952.75,1610.0,-1.0,128.0,1765823027.0,AVBL,False
v_25527135_1610,25527134.0,,4719.6,7849.25,1610.0,,,,AVBL,True
25474857,25474830.0,5.0,5135.15,6370.6,1610.0,-1.0,128.0,1762410611.0,AVBR,False
v_25474832_1610,25474831.0,,4943.15,6521.1,1610.0,,,,AVBR,True
25527135,v_25527135_1610,5.0,4710.6,7856.75,1611.0,-1.0,128.0,1765820286.0,AVBL,False
v_25527174_1611,25527173.0,,1528.65,6111.6,1611.0,,,,AVBR,True
25430228,25430230.0,5.0,7326.6,5900.75,1611.0,-1.0,128.0,1760716068.0,AVBL,False
v_25510856_1611,25510855.0,,4122.5,6976.75,1611.0,,,,AVBL,True
25474832,v_25474832_1610,5.0,4931.15,6523.6,1611.0,-1.0,128.0,1762410525.0,AVBR,False
v_25474858_1611,25474857.0,,5160.65,6355.6,1611.0,,,,AVBR,True
25430655,25430654.0,5.0,6770.6,4824.75,1611.0,-1.0,128.0,1760715925.0,AVBL,False
25474858,v_25474858_1611,5.0,5169.15,6350.6,1612.0,-1.0,128.0,1762410613.0,AVBR,False
v_25474833_1612,25474832.0,,4919.15,6522.1,1612.0,,,,AVBR,True
25527174,v_25527174_1611,5.0,1528.15,6100.6,1612.0,-1.0,128.0,1765821295.0,AVBR,False
25527136,25527135.0,5.0,4704.6,7872.75,1612.0,-1.0,128.0,1765820287.0,AVBL,False
25510856,v_25510856_1611,5.0,4133.0,6984.75,1612.0,-1.0,128.0,1765823027.0,AVBL,False
25430654,25430653.0,5.0,6818.6,4816.75,1612.0,-1.0,128.0,1760715923.0,AVBL,False
25430230,25430231.0,5.0,7354.6,5812.75,1612.0,-1.0,128.0,1760716068.0,AVBL,False
25474833,v_25474833_1612,5.0,4915.15,6521.6,1613.0,-1.0,128.0,1762410527.0,AVBR,False
25527175,25527174.0,5.0,1530.15,6072.6,1613.0,-1.0,128.0,1765821296.0,AVBR,False
v_25510857_1613,25510856.0,,4134.5,7013.25,1613.0,,,,AVBL,True
25430653,25430652.0,5.0,6818.6,4816.75,1613.0,-1.0,128.0,1760715921.0,AVBL,False
25430231,25430233.0,5.0,7358.6,5772.75,1613.0,-1.0,128.0,1760716068.0,AVBL,False
25510857,v_25510857_1613,5.0,4135.0,7022.75,1614.0,-1.0,128.0,1765823027.0,AVBL,False
25430652,25430651.0,5.0,6826.6,4824.75,1614.0,-1.0,128.0,1760715920.0,AVBL,False
25430233,25430234.0,5.0,7334.6,5688.75,1614.0,-1.0,128.0,1760716068.0,AVBL,False
v_25474834_1614,25474833.0,,4913.95,6496.400000000001,1614.0,,,,AVBR,True
v_25527176_1614,25527175.0,,1537.65,6044.1,1614.0,,,,AVBR,True
25527176,v_25527176_1614,5.0,1540.15,6034.6,1615.0,-1.0,128.0,1765821297.0,AVBR,False
v_25474834_1615,v_25474834_1615,,4913.549999999999,6488.0,1615.0,,,,AVBR,True
25430234,v_25430234_1616,5.0,7342.6,5692.75,1615.0,-1.0,128.0,1760716068.0,AVBL,False
25430651,v_25430651_1616,5.0,6826.6,4824.75,1615.0,-1.0,128.0,1760715919.0,AVBL,False
v_25510858_1615,25510857.0,,4144.0,7018.25,1615.0,,,,AVBL,True
25527177,25527176.0,5.0,1548.15,5990.6,1616.0,-1.0,128.0,1765821298.0,AVBR,False
v_25430651_1616,25430650.0,,6828.6,4804.75,1616.0,,,,AVBL,True
25510858,v_25510858_1615,5.0,4147.0,7016.75,1616.0,-1.0,128.0,1765823027.0,AVBL,False
v_25430234_1616,25430251.0,,7336.6,5666.75,1616.0,,,,AVBL,True
25474834,v_25474834_1614,5.0,4913.15,6479.6,1616.0,-1.0,128.0,1762410529.0,AVBR,False
25430251,25430252.0,5.0,7330.6,5640.75,1617.0,-1.0,128.0,1760716068.0,AVBL,False
25527178,25527177.0,5.0,1548.15,5978.6,1617.0,-1.0,128.0,1765821299.0,AVBR,False
v_25510859_1617,25510858.0,,4154.5,7022.5625,1617.0,,,,AVBL,True
25430650,25430649.0,5.0,6830.6,4784.75,1617.0,-1.0,128.0,1760715915.0,AVBL,False
v_25474835_1617,25474834.0,,4916.75,6461.6,1617.0,,,,AVBR,True
v_25474835_1618,v_25474835_1618,,4917.95,6455.6,1618.0,,,,AVBR,True
25430649,25430648.0,5.0,6830.6,4784.75,1618.0,-1.0,128.0,1760715914.0,AVBL,False
25510859,v_25510859_1617,5.0,4157.0,7024.5,1618.0,-1.0,128.0,1767420620.0,AVBL,False
v_25450325_1618,25527178.0,,1537.96875,5944.8125,1618.0,,,,AVBR,True
25430252,v_25430252_1619,5.0,7298.6,5556.75,1618.0,-1.0,128.0,1760716068.0,AVBL,False
v_25430252_1619,25430254.0,,7268.6,5502.75,1619.0,,,,AVBL,True
25430648,25430647.0,5.0,6838.6,4796.75,1619.0,-1.0,128.0,1760715912.0,AVBL,False
v_25450325_1619,v_25450325_1622,,1534.575,5933.55,1619.0,,,,AVBR,True
v_25510860_1619,25510859.0,,4157.0,7026.1875,1619.0,,,,AVBL,True
25474835,v_25474835_1617,5.0,4919.15,6449.6,1619.0,-1.0,128.0,1762410530.0,AVBR,False
25510860,v_25510860_1619,5.0,4157.0,7026.75,1620.0,-1.0,128.0,1765823027.0,AVBL,False
25430254,25430257.0,5.0,7238.6,5448.75,1620.0,-1.0,128.0,1760716068.0,AVBL,False
v_25450325_1620,v_25450325_1621,,1531.18125,5922.2875,1620.0,,,,AVBR,True
25430647,25430646.0,5.0,6774.6,4792.75,1620.0,-1.0,128.0,1760715911.0,AVBL,False
v_25474836_1620,25474835.0,,4929.65,6419.6,1620.0,,,,AVBR,True
25430646,25430266.0,5.0,6770.6,4800.75,1621.0,-1.0,128.0,1760715910.0,AVBL,False
v_25510861_1621,25510860.0,,4152.5,7005.75,1621.0,,,,AVBL,True
v_25450325_1621,v_25450325_1620,,1527.7875,5911.025,1621.0,,,,AVBR,True
25430257,v_25430257_1622,5.0,7222.6,5400.75,1621.0,-1.0,128.0,1760716068.0,AVBL,False
25474836,v_25474836_1620,5.0,4933.15,6409.6,1621.0,-1.0,128.0,1762410531.0,AVBR,False
v_25450325_1622,v_25450325_1619,,1524.39375,5899.7625,1622.0,,,,AVBR,True
25510861,v_25510861_1621,5.0,4151.0,6998.75,1622.0,-1.0,128.0,1765823027.0,AVBL,False
v_25474837_1622,25474836.0,,4937.65,6394.6,1622.0,,,,AVBR,True
25430266,25430259.0,5.0,6858.6,4784.75,1622.0,-1.0,128.0,1760714368.0,AVBL,False
v_25430257_1622,25430259.0,,7142.6,5246.75,1622.0,,,,AVBL,True
25450325,v_25450325_1618,5.0,1521.0,5888.5,1623.0,-1.0,128.0,1765821469.0,AVBR,False
25430259,25430269.0,5.0,7062.6,5092.75,1623.0,-1.0,128.0,1760716068.0,AVBL,False
25474837,v_25474837_1622,5.0,4939.15,6389.6,1623.0,-1.0,128.0,1762410532.0,AVBR,False
v_25510862_1623,25510861.0,,4151.0,6998.75,1623.0,,,,AVBL,True
v_25474838_1624,25474837.0,,4951.15,6386.6,1624.0,,,,AVBR,True
25449909,25450325.0,5.0,1479.0,5842.5,1624.0,-1.0,128.0,1765821469.0,AVBR,False
25510862,v_25510862_1623,5.0,4151.0,6998.75,1624.0,-1.0,128.0,1765823027.0,AVBL,False
25430269,25430270.0,5.0,7078.6,5080.75,1624.0,-1.0,128.0,1760716068.0,AVBL,False
v_25510863_1625,25510862.0,,4136.0,7000.0625,1625.0,,,,AVBL,True
25430270,25430271.0,5.0,7074.6,5072.75,1625.0,-1.0,128.0,1760716068.0,AVBL,False
25474838,v_25474838_1624,5.0,4955.15,6385.6,1625.0,-1.0,128.0,1762410533.0,AVBR,False
25449908,25449909.0,5.0,1455.0,5810.5,1625.0,-1.0,128.0,1765821469.0,AVBR,False
25430271,25430273.0,5.0,7042.6,5020.75,1626.0,-1.0,128.0,1760716068.0,AVBL,False
v_25474839_1626,25474838.0,,4973.15,6384.400000000001,1626.0,,,,AVBR,True
25510863,v_25510863_1625,5.0,4131.0,7000.5,1626.0,-1.0,128.0,1767420654.0,AVBL,False
25449907,25449908.0,5.0,1455.0,5790.5,1626.0,-1.0,128.0,1765821469.0,AVBR,False
v_25510864_1627,25510863.0,,4132.5,7000.6875,1627.0,,,,AVBL,True
v_25474839_1627,v_25474839_1627,,4979.15,6384.0,1627.0,,,,AVBR,True
25430273,25430658.0,5.0,6638.6,4772.75,1627.0,-1.0,128.0,1760716068.0,AVBL,False
25430272,25430271.0,5.0,7182.6,5340.75,1627.0,-1.0,128.0,1760714382.0,AVBL,False
25449906,25449907.0,5.0,1499.0,5838.5,1627.0,-1.0,128.0,1765821469.0,AVBR,False
25430658,25430659.0,5.0,6574.6,4660.75,1628.0,-1.0,128.0,1760716068.0,AVBL,False
25432160,25430272.0,5.0,7236.6,5332.75,1628.0,-1.0,128.0,1760726040.0,AVBL,False
25510864,v_25510864_1627,5.0,4133.0,7000.75,1628.0,-1.0,128.0,1765823027.0,AVBL,False
25474839,v_25474839_1626,5.0,4985.15,6383.6,1628.0,-1.0,128.0,1762410535.0,AVBR,False
v_25449905_1628,25449906.0,,1479.8,5800.1,1628.0,,,,AVBR,True
