node_id,parent_id,confidence,x,y,z,radius,creator_id,edition_time,cell_name,is_vnode
25421094,25421093.0,5.0,5263.8,3427.6,1378.0,-1.0,128.0,1760490277.0,SIBVL,False
25421093,25421092.0,5.0,5239.8,3403.6,1379.0,-1.0,128.0,1760490276.0,SIBVL,False
25421092,25421091.0,5.0,5181.8,3367.6,1380.0,-1.0,128.0,1760490274.0,SIBVL,False
25421091,25421090.0,5.0,5137.8,3369.6,1381.0,-1.0,128.0,1760490234.0,SIBVL,False
25421071,25421070.0,5.0,6137.8,4609.6,1381.0,-1.0,128.0,1760490133.0,SIBVL,False
25421090,25421089.0,5.0,5133.8,3373.6,1382.0,-1.0,128.0,1760490230.0,SIBVL,False
25421070,25421069.0,5.0,6151.8,4553.6,1382.0,-1.0,128.0,1760490131.0,SIBVL,False
25421069,25421068.0,5.0,6167.8,4539.6,1383.0,-1.0,128.0,1760490129.0,SIBVL,False
25457232,25457231.0,5.0,3842.15,3265.6,1383.0,-1.0,128.0,1765512429.0,SIBVR,False
25421089,25421088.0,5.0,5131.8,3373.6,1383.0,-1.0,128.0,1760490229.0,SIBVL,False
25421068,25421067.0,5.0,6167.8,4543.6,1384.0,-1.0,128.0,1760490128.0,SIBVL,False
25421088,25421087.0,5.0,5137.8,3385.6,1384.0,-1.0,128.0,1760490225.0,SIBVL,False
25457231,25457230.0,5.0,3834.15,3289.6,1384.0,-1.0,128.0,1765512429.0,SIBVR,False
25421087,25421086.0,5.0,5177.8,3417.6,1385.0,-1.0,128.0,1760490224.0,SIBVL,False
25421067,v_25421067_1386,5.0,6163.8,4537.6,1385.0,-1.0,128.0,1760490127.0,SIBVL,False
25457230,25457229.0,5.0,3826.15,3277.6,1385.0,-1.0,128.0,1765512429.0,SIBVR,False
25421086,25421085.0,5.0,5205.8,3477.6,1386.0,-1.0,128.0,1760490222.0,SIBVL,False
v_25421067_1386,25421066.0,,6164.8,4527.6,1386.0,,,,SIBVL,True
25457229,25457228.0,5.0,3790.15,3289.6,1386.0,-1.0,128.0,1765512429.0,SIBVR,False
25457228,25457227.0,5.0,3766.15,3281.6,1387.0,-1.0,128.0,1765512429.0,SIBVR,False
25421066,25421065.0,5.0,6165.8,4517.6,1387.0,-1.0,128.0,1760490125.0,SIBVL,False
25421085,25421084.0,5.0,5249.8,3519.6,1387.0,-1.0,128.0,1760490216.0,SIBVL,False
25421065,25421064.0,5.0,6167.8,4501.6,1388.0,-1.0,128.0,1760490123.0,SIBVL,False
25421084,25421083.0,5.0,5343.8,3605.6,1388.0,-1.0,128.0,1760490214.0,SIBVL,False
25457227,25457226.0,5.0,3722.15,3297.6,1388.0,-1.0,128.0,1765512429.0,SIBVR,False
25421064,25421063.0,5.0,6163.8,4479.6,1389.0,-1.0,128.0,1760490123.0,SIBVL,False
25421083,25421082.0,5.0,5385.8,3639.6,1389.0,-1.0,128.0,1760490213.0,SIBVL,False
25457226,25457225.0,5.0,3722.15,3297.6,1389.0,-1.0,128.0,1765512429.0,SIBVR,False
25457233,25457226.0,5.0,4246.15,3281.6,1390.0,-1.0,128.0,1765512429.0,SIBVR,False
25421063,25421062.0,5.0,6147.8,4439.6,1390.0,-1.0,128.0,1760490121.0,SIBVL,False
25421082,25421081.0,5.0,5439.8,3687.6,1390.0,-1.0,128.0,1760490212.0,SIBVL,False
25457225,25457224.0,5.0,3630.15,3365.6,1390.0,-1.0,128.0,1765512429.0,SIBVR,False
25421062,25421061.0,5.0,6111.8,4395.6,1391.0,-1.0,128.0,1760490113.0,SIBVL,False
25421081,25421080.0,5.0,5487.8,3727.6,1391.0,-1.0,128.0,1760490211.0,SIBVL,False
25457224,25457223.0,5.0,3570.15,3401.6,1391.0,-1.0,128.0,1765512429.0,SIBVR,False
25457234,25457233.0,5.0,4258.15,3289.6,1391.0,-1.0,128.0,1765512429.0,SIBVR,False
25457235,25457234.0,5.0,4274.15,3281.6,1392.0,-1.0,128.0,1765512429.0,SIBVR,False
25421061,25421060.0,5.0,6095.8,4381.6,1392.0,-1.0,128.0,1760490111.0,SIBVL,False
25421080,25421079.0,5.0,5517.8,3759.6,1392.0,-1.0,128.0,1760490210.0,SIBVL,False
25457223,25457222.0,5.0,3526.15,3457.6,1392.0,-1.0,128.0,1765512429.0,SIBVR,False
25457236,25457235.0,5.0,4286.15,3281.6,1393.0,-1.0,128.0,1765512429.0,SIBVR,False
25457222,25457221.0,5.0,3510.15,3441.6,1393.0,-1.0,128.0,1765512429.0,SIBVR,False
25421079,25421078.0,5.0,5551.8,3795.6,1393.0,-1.0,128.0,1760490209.0,SIBVL,False
25421060,v_25421060_1394,5.0,6079.8,4349.6,1393.0,-1.0,128.0,1760490099.0,SIBVL,False
25421078,25421077.0,5.0,5575.8,3837.6,1394.0,-1.0,128.0,1760490208.0,SIBVL,False
25421126,25421125.0,5.0,5845.8,4254.6,1394.0,-1.0,128.0,1760490754.0,SIBVL,False
v_25421060_1394,25421059.0,,6079.8,4344.6,1394.0,,,,SIBVL,True
25457221,25457220.0,5.0,3498.15,3489.6,1394.0,-1.0,128.0,1765512429.0,SIBVR,False
25457237,25457236.0,5.0,4334.15,3280.6,1394.0,-1.0,128.0,1765512429.0,SIBVR,False
25421125,25421124.0,5.0,5841.8,4268.6,1395.0,-1.0,128.0,1760490751.0,SIBVL,False
25421077,25421076.0,5.0,5599.8,3877.6,1395.0,-1.0,128.0,1760490206.0,SIBVL,False
25421059,25421058.0,5.0,6079.8,4339.6,1395.0,-1.0,128.0,1760490098.0,SIBVL,False
25457238,25457237.0,5.0,4344.15,3284.6,1395.0,-1.0,128.0,1765512429.0,SIBVR,False
25457220,25457219.0,5.0,3458.15,3501.6,1395.0,-1.0,128.0,1765512429.0,SIBVR,False
25525972,25525971.0,5.0,5593.95,2926.55,1395.0,-1.0,128.0,1765393441.0,SIBVR,False
25421058,25421057.0,5.0,6079.8,4333.6,1396.0,-1.0,128.0,1760490096.0,SIBVL,False
25421076,25421074.0,5.0,5617.8,3915.6,1396.0,-1.0,128.0,1760490205.0,SIBVL,False
25421124,25421075.0,5.0,5831.8,4266.6,1396.0,-1.0,128.0,1760490749.0,SIBVL,False
25457219,25457218.0,5.0,3458.15,3501.6,1396.0,-1.0,128.0,1765512429.0,SIBVR,False
25525971,25525970.0,5.0,5601.95,2946.55,1396.0,-1.0,128.0,1765393440.0,SIBVR,False
25457239,25457238.0,5.0,4338.15,3286.6,1396.0,-1.0,128.0,1765512429.0,SIBVR,False
25457240,25457239.0,5.0,4324.15,3284.6,1397.0,-1.0,128.0,1765512429.0,SIBVR,False
25525970,25525967.0,5.0,5337.95,2814.55,1397.0,-1.0,128.0,1765393437.0,SIBVR,False
25421075,25421073.0,5.0,5819.8,4237.6,1397.0,-1.0,128.0,1760490195.0,SIBVL,False
25421074,25421073.0,5.0,5691.8,3985.6,1397.0,-1.0,128.0,1760490192.0,SIBVL,False
25457218,25457017.0,5.0,3458.15,3501.6,1397.0,-1.0,128.0,1765512429.0,SIBVR,False
25421057,25421056.0,5.0,6071.8,4317.6,1397.0,-1.0,128.0,1760490095.0,SIBVL,False
25457241,25457240.0,5.0,4322.15,3248.6,1398.0,-1.0,128.0,1765512429.0,SIBVR,False
25457017,25457016.0,5.0,3410.15,3511.6,1398.0,-1.0,128.0,1765512429.0,SIBVR,False
25525967,25525966.0,5.0,5333.95,2786.55,1398.0,-1.0,128.0,1765393459.0,SIBVR,False
25421073,25421072.0,5.0,5733.8,4027.6,1398.0,-1.0,128.0,1760490188.0,SIBVL,False
25421056,25421055.0,5.0,6047.8,4299.6,1398.0,-1.0,128.0,1760490094.0,SIBVL,False
25460773,25460772.0,5.0,6506.15,3275.6,1399.0,-1.0,128.0,1764357968.0,SIBVR,False
25525966,25525965.0,5.0,5785.95,3034.55,1399.0,-1.0,128.0,1765393262.0,SIBVR,False
25457016,25457018.0,5.0,3310.15,3603.6,1399.0,-1.0,128.0,1765512429.0,SIBVR,False
25421055,25421053.0,5.0,6053.8,4257.6,1399.0,-1.0,128.0,1760490087.0,SIBVL,False
25421072,25421054.0,5.0,5763.8,4077.6,1399.0,-1.0,128.0,1760490185.0,SIBVL,False
25511807,,5.0,5169.95,2930.55,1399.0,-1.0,128.0,1771826768.0,SIBVL,False
25457247,25457241.0,5.0,4319.16,3352.61,1399.0,-1.0,128.0,1765512457.0,SIBVR,False
25526711,25525967.0,5.0,4985.0,2747.78,1399.0,-1.0,128.0,1765512429.0,SIBVR,False
25421054,25421052.0,5.0,5769.8,4137.6,1400.0,-1.0,128.0,1760490081.0,SIBVL,False
25511809,25511807.0,5.0,4937.95,2838.55,1400.0,-1.0,128.0,1764617474.0,SIBVL,False
25421053,25421052.0,5.0,6039.8,4255.6,1400.0,-1.0,128.0,1760490078.0,SIBVL,False
25511808,25511807.0,5.0,5569.95,3010.55,1400.0,-1.0,128.0,1771826768.0,SIBVL,False
25526720,25457247.0,5.0,4327.15,3348.61,1400.0,-1.0,128.0,1765512471.0,SIBVR,False
25526710,25526711.0,5.0,4895.0,2759.78,1400.0,-1.0,128.0,1765512429.0,SIBVR,False
25457018,25457019.0,5.0,3330.15,3607.6,1400.0,-1.0,128.0,1765512429.0,SIBVR,False
25525965,25507563.0,5.0,5861.95,3074.55,1400.0,-1.0,128.0,1765393259.0,SIBVR,False
25460772,v_25460772_1401,5.0,6502.15,3273.6,1400.0,-1.0,128.0,1764357968.0,SIBVR,False
25507563,25507562.0,5.0,5936.15,3089.6,1401.0,-1.0,128.0,1764358050.0,SIBVR,False
25457019,25528229.0,5.0,3290.15,3603.6,1401.0,-1.0,128.0,1766083282.0,SIBVR,False
25526709,25526710.0,5.0,4843.0,2749.78,1401.0,-1.0,128.0,1765512429.0,SIBVR,False
v_25460772_1401,25460771.0,,6488.15,3278.6,1401.0,,,,SIBVR,True
25421052,25421051.0,5.0,5789.8,4189.6,1401.0,-1.0,128.0,1760490066.0,SIBVL,False
25511822,25511809.0,5.0,4865.95,2850.55,1401.0,-1.0,128.0,1764617474.0,SIBVL,False
25511810,25511808.0,5.0,5597.95,3030.55,1401.0,-1.0,128.0,1771826768.0,SIBVL,False
25460771,25460770.0,5.0,6474.15,3283.6,1402.0,-1.0,128.0,1764357968.0,SIBVR,False
25507562,25507561.0,5.0,5984.15,3109.6,1402.0,-1.0,128.0,1764358049.0,SIBVR,False
25528229,25457020.0,5.0,3288.025,3621.75,1402.0,-1.0,128.0,1766083282.0,SIBVR,False
25526708,25526709.0,5.0,4803.0,2749.78,1402.0,-1.0,128.0,1765512429.0,SIBVR,False
25421051,v_25421051_1403,5.0,5783.8,4175.6,1402.0,-1.0,128.0,1760490065.0,SIBVL,False
25511823,25511822.0,5.0,4665.95,2846.55,1402.0,-1.0,128.0,1764617474.0,SIBVL,False
25511811,25511810.0,5.0,5629.95,3022.55,1402.0,-1.0,128.0,1771826768.0,SIBVL,False
25457020,v_25457020_1404,5.0,3258.15,3659.6,1403.0,-1.0,128.0,1765512429.0,SIBVR,False
25526707,25526708.0,5.0,4783.0,2757.78,1403.0,-1.0,128.0,1765512429.0,SIBVR,False
v_25421051_1403,25421050.0,,5783.8,4175.6,1403.0,,,,SIBVL,True
25507561,25507560.0,5.0,6068.15,3117.6,1403.0,-1.0,128.0,1764358048.0,SIBVR,False
25460770,25460769.0,5.0,6468.15,3317.6,1403.0,-1.0,128.0,1764357968.0,SIBVR,False
25421110,25421109.0,5.0,6593.8,3540.6,1403.0,-1.0,128.0,1760490376.0,SIBVL,False
25511812,25511811.0,5.0,5673.95,3026.55,1403.0,-1.0,128.0,1771826768.0,SIBVL,False
25511824,25511823.0,5.0,4329.95,2722.55,1403.0,-1.0,128.0,1764617474.0,SIBVL,False
25511825,25511823.0,5.0,4837.95,2826.55,1403.0,-1.0,128.0,1764617474.0,SIBVL,False
v_25457020_1404,25457021.0,,3258.15,3667.6,1404.0,,,,SIBVR,True
25460769,25460767.0,5.0,6498.15,3383.6,1404.0,-1.0,128.0,1764357968.0,SIBVR,False
25507560,25460767.0,5.0,6156.15,3145.6,1404.0,-1.0,128.0,1764358042.0,SIBVR,False
25526706,25526707.0,5.0,4747.0,2767.78,1404.0,-1.0,128.0,1765512429.0,SIBVR,False
25511813,25511812.0,5.0,5813.95,3070.55,1404.0,-1.0,128.0,1771826768.0,SIBVL,False
25421109,25421108.0,5.0,6613.8,3516.6,1404.0,-1.0,128.0,1760490375.0,SIBVL,False
25511826,25511824.0,5.0,4297.95,2714.55,1404.0,-1.0,128.0,1764617474.0,SIBVL,False
25421050,25421049.0,5.0,5783.8,4175.6,1404.0,-1.0,128.0,1760490063.0,SIBVL,False
25526703,25526706.0,5.0,4633.015,2763.78,1405.0,-1.0,128.0,1765512429.0,SIBVR,False
25457021,v_25457021_1406,5.0,3258.15,3675.6,1405.0,-1.0,128.0,1765512429.0,SIBVR,False
25460767,25460766.0,5.0,6498.15,3441.6,1405.0,-1.0,128.0,1764357968.0,SIBVR,False
25511814,25511813.0,5.0,5869.95,3086.55,1405.0,-1.0,128.0,1771826768.0,SIBVL,False
25421108,25421107.0,5.0,6615.8,3516.6,1405.0,-1.0,128.0,1760490374.0,SIBVL,False
25421049,25421046.0,5.0,5763.8,4161.6,1405.0,-1.0,128.0,1760490062.0,SIBVL,False
25511827,25511826.0,5.0,4285.95,2742.55,1405.0,-1.0,128.0,1764617474.0,SIBVL,False
v_25511828_1406,25511827.0,,4219.95,2754.55,1406.0,,,,SIBVL,True
25421107,25421099.0,5.0,6609.8,3536.6,1406.0,-1.0,128.0,1760490372.0,SIBVL,False
25421046,25421045.0,5.0,5763.8,4179.6,1406.0,-1.0,128.0,1760490026.0,SIBVL,False
25511815,25511814.0,5.0,6073.95,3114.55,1406.0,-1.0,128.0,1771826768.0,SIBVL,False
v_25457021_1406,25457022.0,,3238.15,3691.6,1406.0,,,,SIBVR,True
25526704,25526703.0,5.0,4711.0,2761.78,1406.0,-1.0,128.0,1765512429.0,SIBVR,False
25460768,25460767.0,5.0,6444.15,3243.6,1406.0,-1.0,128.0,1764357968.0,SIBVR,False
25460766,25460765.0,5.0,6486.15,3643.6,1406.0,-1.0,128.0,1764357968.0,SIBVR,False
25526702,25526703.0,5.0,4453.0,2785.78,1406.0,-1.0,128.0,1765512429.0,SIBVR,False
25511828,v_25511828_1406,5.0,4197.95,2758.55,1407.0,-1.0,128.0,1764617474.0,SIBVL,False
25421045,25421044.0,5.0,5909.8,4215.6,1407.0,-1.0,128.0,1760490023.0,SIBVL,False
25421047,25421046.0,5.0,5689.8,4039.6,1407.0,-1.0,128.0,1760490028.0,SIBVL,False
25526701,25526702.0,5.0,4325.0,2813.78,1407.0,-1.0,128.0,1765512429.0,SIBVR,False
25526705,25526704.0,5.0,4705.0,2757.78,1407.0,-1.0,128.0,1765512429.0,SIBVR,False
25457022,25557627.0,5.0,3218.15,3707.6,1407.0,-1.0,128.0,1771217801.0,SIBVR,False
25421099,25421100.0,5.0,6583.8,3540.6,1407.0,-1.0,128.0,1771826768.0,SIBVL,False
25511816,25511815.0,5.0,6097.95,3142.55,1407.0,-1.0,128.0,1771826768.0,SIBVL,False
25460765,25460764.0,5.0,6458.15,3675.6,1407.0,-1.0,128.0,1764357968.0,SIBVR,False
25460774,25460768.0,5.0,6432.15,3231.6,1407.0,-1.0,128.0,1764357968.0,SIBVR,False
25460775,25460774.0,5.0,6428.15,3209.6,1408.0,-1.0,128.0,1764357968.0,SIBVR,False
25421048,25421047.0,5.0,5617.8,4027.6,1408.0,-1.0,128.0,1760490040.0,SIBVL,False
25421044,25421043.0,5.0,5937.8,4209.6,1408.0,-1.0,128.0,1760490021.0,SIBVL,False
25511829,25511828.0,5.0,4029.95,2794.55,1408.0,-1.0,128.0,1764617474.0,SIBVL,False
25511817,25511816.0,5.0,6141.95,3158.55,1408.0,-1.0,128.0,1771826768.0,SIBVL,False
25421098,25421099.0,5.0,6507.8,3788.6,1408.0,-1.0,128.0,1771826768.0,SIBVL,False
25460764,25460763.0,5.0,6440.15,3727.6,1408.0,-1.0,128.0,1764357968.0,SIBVR,False
25421100,25421101.0,5.0,6593.8,3462.6,1408.0,-1.0,128.0,1771826768.0,SIBVL,False
25557627,25457023.0,5.0,3216.15,3717.6,1408.0,-1.0,128.0,1771217801.0,SIBVR,False
25526700,25526701.0,5.0,4271.0,2821.78,1408.0,-1.0,128.0,1765512429.0,SIBVR,False
25421097,25421098.0,5.0,6483.8,3816.6,1409.0,-1.0,128.0,1771826768.0,SIBVL,False
25421043,25421042.0,5.0,5939.8,4234.6,1409.0,-1.0,128.0,1760490404.0,SIBVL,False
25511830,25511829.0,5.0,3973.95,2818.55,1409.0,-1.0,128.0,1764617474.0,SIBVL,False
25460763,25460762.0,5.0,6428.15,3743.6,1409.0,-1.0,128.0,1764357968.0,SIBVR,False
25421101,25421102.0,5.0,6589.8,3438.6,1409.0,-1.0,128.0,1771826768.0,SIBVL,False
25511956,25511817.0,5.0,6179.95,3178.55,1409.0,-1.0,128.0,1771826768.0,SIBVL,False
25526699,25526700.0,5.0,4153.0,2841.78,1409.0,-1.0,128.0,1765512429.0,SIBVR,False
25457023,v_25457023_1410,5.0,3214.15,3727.6,1409.0,-1.0,128.0,1765512429.0,SIBVR,False
25460776,25460775.0,5.0,6386.15,3197.6,1409.0,-1.0,128.0,1764357968.0,SIBVR,False
25460777,25460776.0,5.0,6402.15,3205.6,1410.0,-1.0,128.0,1764357968.0,SIBVR,False
v_25457023_1410,25457024.0,,3202.15,3741.6,1410.0,,,,SIBVR,True
25511831,25511830.0,5.0,3937.95,2814.55,1410.0,-1.0,128.0,1764617474.0,SIBVL,False
25421042,25421041.0,5.0,5959.8,4269.6,1410.0,-1.0,128.0,1760490019.0,SIBVL,False
25460762,25460761.0,5.0,6402.15,3797.6,1410.0,-1.0,128.0,1764357968.0,SIBVR,False
25421096,25421097.0,5.0,6433.8,3872.6,1410.0,-1.0,128.0,1771826768.0,SIBVL,False
25526698,25526699.0,5.0,4093.0,2857.78,1410.0,-1.0,128.0,1765512429.0,SIBVR,False
25421102,25511956.0,5.0,6543.8,3392.6,1410.0,-1.0,128.0,1771826768.0,SIBVL,False
25526697,25526698.0,5.0,3969.0,2885.78,1411.0,-1.0,128.0,1765512429.0,SIBVR,False
25421095,25421096.0,5.0,6393.8,3896.6,1411.0,-1.0,128.0,1771826768.0,SIBVL,False
25421041,25421040.0,5.0,6005.8,4303.6,1411.0,-1.0,128.0,1760490016.0,SIBVL,False
25421103,25421102.0,5.0,6541.8,3398.6,1411.0,-1.0,128.0,1760490352.0,SIBVL,False
25511832,25511831.0,5.0,3929.95,2822.55,1411.0,-1.0,128.0,1764617474.0,SIBVL,False
25460761,25460760.0,5.0,6378.15,3801.6,1411.0,-1.0,128.0,1764357968.0,SIBVR,False
25457024,v_25457024_1412,5.0,3190.15,3755.6,1411.0,-1.0,128.0,1765512429.0,SIBVR,False
v_25457024_1412,25457025.0,,3176.15,3769.6,1412.0,,,,SIBVR,True
25421040,25421038.0,5.0,6077.8,4297.6,1412.0,-1.0,128.0,1760490008.0,SIBVL,False
25421104,25421103.0,5.0,6541.8,3398.6,1412.0,-1.0,128.0,1760490353.0,SIBVL,False
25421039,25421095.0,5.0,6369.8,3987.6,1412.0,-1.0,128.0,1771826768.0,SIBVL,False
25460760,25460759.0,5.0,6376.15,3855.6,1412.0,-1.0,128.0,1764357968.0,SIBVR,False
25526696,25526697.0,5.0,3855.0,2909.78,1412.0,-1.0,128.0,1765512429.0,SIBVR,False
25511833,25511832.0,5.0,3877.95,2822.55,1412.0,-1.0,128.0,1764617474.0,SIBVL,False
25511834,25511833.0,5.0,3661.95,2858.55,1413.0,-1.0,128.0,1764617474.0,SIBVL,False
25421105,25421104.0,5.0,6541.8,3398.6,1413.0,-1.0,128.0,1760490354.0,SIBVL,False
25421038,25421039.0,5.0,6167.8,4221.6,1413.0,-1.0,128.0,1771826768.0,SIBVL,False
25457025,v_25457025_1414,5.0,3162.15,3783.6,1413.0,-1.0,128.0,1765512429.0,SIBVR,False
25460759,25460758.0,5.0,6356.15,3887.6,1413.0,-1.0,128.0,1764357968.0,SIBVR,False
25526695,25526696.0,5.0,3833.0,2915.78,1413.0,-1.0,128.0,1765512429.0,SIBVR,False
v_25457025_1414,25457026.0,,3158.15,3799.6,1414.0,,,,SIBVR,True
25460758,25460757.0,5.0,6350.15,3897.6,1414.0,-1.0,128.0,1764357968.0,SIBVR,False
25511835,25511834.0,5.0,3569.95,2874.55,1414.0,-1.0,128.0,1764617474.0,SIBVL,False
25421106,25421105.0,5.0,6527.8,3414.6,1414.0,-1.0,128.0,1760490356.0,SIBVL,False
25421037,25421038.0,5.0,6145.8,4233.6,1414.0,-1.0,128.0,1771826768.0,SIBVL,False
25526694,25526695.0,5.0,3753.0,2935.78,1414.0,-1.0,128.0,1765512429.0,SIBVR,False
25511836,25511835.0,5.0,3497.95,2898.55,1415.0,-1.0,128.0,1764617474.0,SIBVL,False
25457026,v_25457026_1416,5.0,3154.15,3815.6,1415.0,-1.0,128.0,1765512429.0,SIBVR,False
25421036,25421037.0,5.0,6103.8,4263.6,1415.0,-1.0,128.0,1771826768.0,SIBVL,False
25460757,v_25460757_1416,5.0,6318.15,3967.6,1415.0,-1.0,128.0,1764357968.0,SIBVR,False
v_25526693_1415,25526694.0,,3679.5,2974.78,1415.0,,,,SIBVR,True
v_25460757_1416,25460756.0,,6300.15,3990.6,1416.0,,,,SIBVR,True
v_25457026_1416,25457027.0,,3132.15,3837.6,1416.0,,,,SIBVR,True
25511837,25511836.0,5.0,3473.95,2918.55,1416.0,-1.0,128.0,1764617474.0,SIBVL,False
25421035,25421036.0,5.0,6087.8,4283.6,1416.0,-1.0,128.0,1771826768.0,SIBVL,False
25526693,v_25526693_1415,5.0,3655.0,2987.78,1416.0,-1.0,128.0,1765512429.0,SIBVR,False
v_25511838_1417,25511837.0,,3398.95,2945.55,1417.0,,,,SIBVL,True
25421034,25421035.0,5.0,6065.8,4311.6,1417.0,-1.0,128.0,1771826768.0,SIBVL,False
25526692,25526693.0,5.0,3553.0,3009.78,1417.0,-1.0,128.0,1765512429.0,SIBVR,False
25457027,25457028.0,5.0,3110.15,3859.6,1417.0,-1.0,128.0,1765512429.0,SIBVR,False
25460756,25460755.0,5.0,6282.15,4013.6,1417.0,-1.0,128.0,1764357968.0,SIBVR,False
25460755,25460754.0,5.0,6284.15,4029.6,1418.0,-1.0,128.0,1764357968.0,SIBVR,False
25457028,25457029.0,5.0,3086.15,3883.6,1418.0,-1.0,128.0,1765512429.0,SIBVR,False
v_25526691_1418,25526692.0,,3467.5,3044.28,1418.0,,,,SIBVR,True
25421033,25421034.0,5.0,6031.8,4357.6,1418.0,-1.0,128.0,1771826768.0,SIBVL,False
25511838,v_25511838_1417,5.0,3373.95,2954.55,1418.0,-1.0,128.0,1764617474.0,SIBVL,False
25421032,25421033.0,5.0,5997.8,4391.6,1419.0,-1.0,128.0,1771826768.0,SIBVL,False
25460754,25460753.0,5.0,6270.15,4045.6,1419.0,-1.0,128.0,1764357968.0,SIBVR,False
25526691,v_25526691_1418,5.0,3439.0,3055.78,1419.0,-1.0,128.0,1765512429.0,SIBVR,False
25457029,25457030.0,5.0,3042.15,3943.6,1419.0,-1.0,128.0,1765512429.0,SIBVR,False
v_25511839_1419,25511838.0,,3295.95,2999.55,1419.0,,,,SIBVL,True
25421031,25421032.0,5.0,5967.8,4431.6,1420.0,-1.0,128.0,1771826768.0,SIBVL,False
25457030,25457031.0,5.0,3026.15,3971.6,1420.0,-1.0,128.0,1765512429.0,SIBVR,False
25460753,25460752.0,5.0,6238.15,4083.6,1420.0,-1.0,128.0,1764357968.0,SIBVR,False
v_25526690_1420,25526691.0,,3383.5,3055.78,1420.0,,,,SIBVR,True
25511839,v_25511839_1419,5.0,3269.95,3014.55,1420.0,-1.0,128.0,1764617474.0,SIBVL,False
25526690,v_25526690_1420,5.0,3365.0,3055.78,1421.0,-1.0,128.0,1765512429.0,SIBVR,False
25457031,25457032.0,5.0,3030.15,3983.6,1421.0,-1.0,128.0,1765512429.0,SIBVR,False
25460752,25460751.0,5.0,6220.15,4133.6,1421.0,-1.0,128.0,1764357968.0,SIBVR,False
25511840,25511839.0,5.0,3185.95,3042.55,1421.0,-1.0,128.0,1764617474.0,SIBVL,False
25421030,25421031.0,5.0,5965.8,4431.6,1421.0,-1.0,128.0,1771826768.0,SIBVL,False
25457032,25457033.0,5.0,3022.15,3999.6,1422.0,-1.0,128.0,1765512429.0,SIBVR,False
25511841,25511840.0,5.0,3161.95,3050.55,1422.0,-1.0,128.0,1764617474.0,SIBVL,False
25421029,25421030.0,5.0,5945.8,4445.6,1422.0,-1.0,128.0,1771826768.0,SIBVL,False
v_25526689_1422,25526690.0,,3297.8,3064.1800000000003,1422.0,,,,SIBVR,True
25460751,25460750.0,5.0,6212.15,4167.6,1422.0,-1.0,128.0,1764357968.0,SIBVR,False
v_25526689_1423,v_25526689_1423,,3275.4,3066.98,1423.0,,,,SIBVR,True
25421028,25421029.0,5.0,5947.8,4451.6,1423.0,-1.0,128.0,1771826768.0,SIBVL,False
25511842,25511841.0,5.0,3105.95,3078.55,1423.0,-1.0,128.0,1764617474.0,SIBVL,False
25460750,25460233.0,5.0,6188.15,4219.6,1423.0,-1.0,128.0,1764357968.0,SIBVR,False
25457033,v_25457033_1424,5.0,3022.15,4007.6,1423.0,-1.0,128.0,1765512429.0,SIBVR,False
25511843,25511842.0,5.0,3033.95,3094.55,1424.0,-1.0,128.0,1764617474.0,SIBVL,False
25526689,v_25526689_1422,5.0,3253.0,3069.78,1424.0,-1.0,128.0,1765512429.0,SIBVR,False
25421027,25421028.0,5.0,5915.8,4480.6,1424.0,-1.0,128.0,1771826768.0,SIBVL,False
25460233,25460232.0,2.0,6126.15,4323.6,1424.0,-1.0,128.0,1764357968.0,SIBVR,False
v_25457033_1424,25457034.0,,3020.15,4013.6,1424.0,,,,SIBVR,True
v_25555578_1425,25526689.0,,3164.99875,3089.7787500000004,1425.0,,,,SIBVR,True
25421026,25421027.0,5.0,5885.8,4511.6,1425.0,-1.0,128.0,1771826768.0,SIBVL,False
25460232,25460231.0,5.0,6094.15,4369.6,1425.0,-1.0,128.0,1764357968.0,SIBVR,False
25457034,25457035.0,5.0,3018.15,4019.6,1425.0,-1.0,128.0,1765512429.0,SIBVR,False
25511844,25511843.0,5.0,2981.95,3102.55,1425.0,-1.0,128.0,1764617474.0,SIBVL,False
25511845,25511844.0,5.0,2921.95,3138.55,1426.0,-1.0,128.0,1764617474.0,SIBVL,False
25555578,v_25555578_1425,5.0,3135.665,3096.445,1426.0,-1.0,128.0,1769803269.0,SIBVR,False
25421025,25421026.0,5.0,5881.8,4553.6,1426.0,-1.0,128.0,1771826768.0,SIBVL,False
25460231,v_25460231_1427,5.0,6070.15,4455.6,1426.0,-1.0,128.0,1764357968.0,SIBVR,False
25457035,25457036.0,5.0,3006.15,4035.6,1426.0,-1.0,128.0,1765512429.0,SIBVR,False
25526688,25555578.0,5.0,3077.0,3109.78,1427.0,-1.0,128.0,1769803269.0,SIBVR,False
25511857,25511856.0,5.0,2385.95,3406.55,1427.0,-1.0,128.0,1764617474.0,SIBVL,False
25421024,25421025.0,5.0,5879.8,4609.6,1427.0,-1.0,128.0,1771826768.0,SIBVL,False
v_25511846_1427,25511845.0,,2852.35,3176.9500000000003,1427.0,,,,SIBVL,True
25457036,25457037.0,5.0,3006.15,4039.6,1427.0,-1.0,128.0,1765512429.0,SIBVR,False
v_25460231_1427,25460230.0,,6059.15,4484.6,1427.0,,,,SIBVR,True
v_25511846_1428,v_25511846_1428,,2829.15,3189.75,1428.0,,,,SIBVL,True
v_25526687_1428,25526688.0,,3024.5,3129.28,1428.0,,,,SIBVR,True
25421023,25421024.0,5.0,5873.8,4653.6,1428.0,-1.0,128.0,1771826768.0,SIBVL,False
25511856,v_25511856_1429,5.0,2389.95,3410.55,1428.0,-1.0,128.0,1764617474.0,SIBVL,False
25457037,v_25457037_1429,5.0,3006.15,4039.6,1428.0,-1.0,128.0,1765512429.0,SIBVR,False
25460230,25460229.0,5.0,6048.15,4513.6,1428.0,-1.0,128.0,1764357968.0,SIBVR,False
25421022,25421023.0,5.0,5859.8,4669.6,1429.0,-1.0,128.0,1771826768.0,SIBVL,False
25511846,v_25511846_1427,5.0,2805.95,3202.55,1429.0,-1.0,128.0,1764617474.0,SIBVL,False
25460229,25460228.0,5.0,6038.15,4523.6,1429.0,-1.0,128.0,1764357968.0,SIBVR,False
25526687,v_25526687_1428,5.0,3007.0,3135.78,1429.0,-1.0,128.0,1765512429.0,SIBVR,False
v_25457037_1429,25457038.0,,3010.15,4019.6,1429.0,,,,SIBVR,True
v_25511856_1429,25511855.0,,2385.95,3428.55,1429.0,,,,SIBVL,True
v_25511847_1430,25511846.0,,2736.95,3223.55,1430.0,,,,SIBVL,True
25460228,25460227.0,5.0,6028.15,4551.6,1430.0,-1.0,128.0,1764357968.0,SIBVR,False
25457038,25457039.0,5.0,3014.15,3999.6,1430.0,-1.0,128.0,1765512429.0,SIBVR,False
25421021,25421022.0,5.0,5861.8,4695.6,1430.0,-1.0,128.0,1771826768.0,SIBVL,False
v_25526686_1430,25526687.0,,2930.5,3156.78,1430.0,,,,SIBVR,True
25511855,25511849.0,5.0,2381.95,3446.55,1430.0,-1.0,128.0,1764617474.0,SIBVL,False
25511849,25511848.0,5.0,2409.95,3418.55,1431.0,-1.0,128.0,1764617474.0,SIBVL,False
25511847,v_25511847_1430,5.0,2713.95,3230.55,1431.0,-1.0,128.0,1764617474.0,SIBVL,False
25526686,v_25526686_1430,5.0,2905.0,3163.78,1431.0,-1.0,128.0,1765512429.0,SIBVR,False
25457039,25457040.0,5.0,3006.15,4035.6,1431.0,-1.0,128.0,1765512429.0,SIBVR,False
25460227,25460226.0,5.0,5962.15,4645.6,1431.0,-1.0,128.0,1764357968.0,SIBVR,False
25421020,25421021.0,5.0,5827.8,4751.6,1431.0,-1.0,128.0,1771826768.0,SIBVL,False
25526719,25526718.0,5.0,2238.0,3725.79,1432.0,-1.0,128.0,1765512429.0,SIBVR,False
25526685,25526686.0,5.0,2813.0,3191.78,1432.0,-1.0,128.0,1765512429.0,SIBVR,False
25457041,25457039.0,5.0,3102.15,3991.6,1432.0,-1.0,128.0,1765512429.0,SIBVR,False
25421019,25421020.0,5.0,5795.8,4817.6,1432.0,-1.0,128.0,1771826768.0,SIBVL,False
25460226,25460225.0,5.0,5938.15,4699.6,1432.0,-1.0,128.0,1764357968.0,SIBVR,False
25511848,25511847.0,5.0,2465.95,3334.55,1432.0,-1.0,128.0,1764617474.0,SIBVL,False
25457040,25457042.0,5.0,2910.15,4075.6,1432.0,-1.0,128.0,1765512429.0,SIBVR,False
25457042,25457043.0,5.0,2886.15,4103.6,1433.0,-1.0,128.0,1765512429.0,SIBVR,False
25511850,25511848.0,5.0,2461.95,3366.55,1433.0,-1.0,128.0,1764617474.0,SIBVL,False
25460225,25460224.0,5.0,5874.15,4817.6,1433.0,-1.0,128.0,1764357968.0,SIBVR,False
25526684,25526685.0,5.0,2781.0,3201.78,1433.0,-1.0,128.0,1765512429.0,SIBVR,False
25421018,25421019.0,5.0,5787.8,4879.6,1433.0,-1.0,128.0,1771826768.0,SIBVL,False
25526718,25526717.0,5.0,2238.0,3725.79,1433.0,-1.0,128.0,1765512429.0,SIBVR,False
25457213,25457041.0,5.0,3102.15,3969.6,1433.0,-1.0,128.0,1765512429.0,SIBVR,False
25457214,25457213.0,5.0,3094.15,3953.6,1434.0,-1.0,128.0,1765512429.0,SIBVR,False
25526717,25526716.0,5.0,2252.0,3737.79,1434.0,-1.0,128.0,1765512429.0,SIBVR,False
25421017,25421018.0,5.0,5779.8,4903.6,1434.0,-1.0,128.0,1771826768.0,SIBVL,False
25526683,25526684.0,5.0,2733.0,3215.78,1434.0,-1.0,128.0,1765512429.0,SIBVR,False
25457043,25457044.0,5.0,2882.15,4119.6,1434.0,-1.0,128.0,1765512429.0,SIBVR,False
25460224,25460223.0,5.0,5862.15,4845.6,1434.0,-1.0,128.0,1764357968.0,SIBVR,False
v_25511851_1434,25511850.0,,2455.95,3378.55,1434.0,,,,SIBVL,True
25526682,25526683.0,5.0,2687.0,3239.78,1435.0,-1.0,128.0,1765512429.0,SIBVR,False
25511851,v_25511851_1434,5.0,2453.95,3382.55,1435.0,-1.0,128.0,1764617474.0,SIBVL,False
25460223,25460222.0,5.0,5884.15,4883.6,1435.0,-1.0,128.0,1764357968.0,SIBVR,False
25457044,25457045.0,5.0,2870.15,4155.6,1435.0,-1.0,128.0,1765512429.0,SIBVR,False
25421016,25421017.0,5.0,5789.8,4941.6,1435.0,-1.0,128.0,1771826768.0,SIBVL,False
25526716,25526715.0,5.0,2240.0,3689.79,1435.0,-1.0,128.0,1765512429.0,SIBVR,False
25457215,25457214.0,5.0,3090.15,3965.6,1435.0,-1.0,128.0,1765512429.0,SIBVR,False
25457217,25526715.0,5.0,2370.15,3890.6,1436.0,-1.0,128.0,1765512429.0,SIBVR,False
25526681,25526682.0,5.0,2635.0,3269.78,1436.0,-1.0,128.0,1765512429.0,SIBVR,False
25526715,25526679.0,5.0,2234.0,3673.79,1436.0,-1.0,128.0,1765512429.0,SIBVR,False
25460222,25460049.0,5.0,5848.15,4907.6,1436.0,-1.0,128.0,1764357968.0,SIBVR,False
25457045,25457046.0,5.0,2858.15,4227.6,1436.0,-1.0,128.0,1765512429.0,SIBVR,False
25511858,25511851.0,5.0,2389.95,3770.55,1436.0,-1.0,128.0,1764617474.0,SIBVL,False
25511852,25511851.0,5.0,2445.95,3386.55,1436.0,-1.0,128.0,1764617474.0,SIBVL,False
25421015,25421016.0,5.0,5773.8,4961.6,1436.0,-1.0,128.0,1771826768.0,SIBVL,False
25457216,25457217.0,5.0,2400.15,3916.6,1437.0,-1.0,128.0,1765512429.0,SIBVR,False
25457046,25457047.0,5.0,2838.15,4263.6,1437.0,-1.0,128.0,1765512429.0,SIBVR,False
25511859,25511858.0,5.0,2403.95,3780.55,1437.0,-1.0,128.0,1764617474.0,SIBVL,False
25511853,25511852.0,5.0,2425.95,3418.55,1437.0,-1.0,128.0,1764617474.0,SIBVL,False
25421014,25421015.0,5.0,5774.15,4988.6,1437.0,-1.0,128.0,1771826768.0,SIBVL,False
25526680,25526681.0,5.0,2591.015,3279.78,1437.0,-1.0,128.0,1765512429.0,SIBVR,False
25526679,25526678.0,5.0,2265.0,3579.78,1437.0,-1.0,128.0,1765512429.0,SIBVR,False
25460049,25460050.0,5.0,5846.15,4928.6,1437.0,-1.0,128.0,1764357968.0,SIBVR,False
25457047,25457048.0,5.0,2802.15,4275.6,1438.0,-1.0,128.0,1765512429.0,SIBVR,False
25457049,25457216.0,5.0,2428.15,3956.6,1438.0,-1.0,128.0,1765512429.0,SIBVR,False
25526678,25526680.0,5.0,2361.0,3395.78,1438.0,-1.0,128.0,1765512429.0,SIBVR,False
25511860,25511859.0,5.0,2403.95,3814.55,1438.0,-1.0,128.0,1764617474.0,SIBVL,False
25511854,25511853.0,5.0,2421.95,3402.55,1438.0,-1.0,128.0,1764617474.0,SIBVL,False
25460050,25460051.0,5.0,5826.15,4956.6,1438.0,-1.0,128.0,1764357968.0,SIBVR,False
25457050,25457048.0,5.0,2526.15,4159.6,1438.0,-1.0,128.0,1765512429.0,SIBVR,False
25421013,25421014.0,5.0,5767.8,5015.6,1438.0,-1.0,128.0,1771826768.0,SIBVL,False
25421012,25421013.0,5.0,5773.8,5021.6,1439.0,-1.0,128.0,1771826768.0,SIBVL,False
25526677,25526678.0,5.0,2373.0,3413.78,1439.0,-1.0,128.0,1765512429.0,SIBVR,False
25460051,25460052.0,5.0,5830.15,4964.6,1439.0,-1.0,128.0,1764357968.0,SIBVR,False
25457048,25457049.0,5.0,2578.15,4235.6,1439.0,-1.0,128.0,1765512429.0,SIBVR,False
25511861,25511860.0,5.0,2423.95,3862.55,1439.0,-1.0,128.0,1764617474.0,SIBVL,False
25421011,25421012.0,5.0,5785.8,5045.6,1440.0,-1.0,128.0,1771826768.0,SIBVL,False
25526676,25526677.0,5.0,2407.0,3397.78,1440.0,-1.0,128.0,1765512429.0,SIBVR,False
25511862,25511861.0,5.0,2443.95,3924.55,1440.0,-1.0,128.0,1764617474.0,SIBVL,False
25460052,25460053.0,5.0,5846.15,4996.6,1440.0,-1.0,128.0,1764357968.0,SIBVR,False
25457051,25457048.0,5.0,2614.15,4255.6,1440.0,-1.0,128.0,1765512429.0,SIBVR,False
25457052,25457051.0,5.0,2622.15,4263.6,1441.0,-1.0,128.0,1765512429.0,SIBVR,False
25460053,25460054.0,5.0,5842.15,5004.6,1441.0,-1.0,128.0,1764357968.0,SIBVR,False
25526712,25526676.0,5.0,2426.0,3387.79,1441.0,-1.0,128.0,1765512429.0,SIBVR,False
v_25511863_1441,25511862.0,,2454.45,3953.05,1441.0,,,,SIBVL,True
25421010,25421011.0,5.0,5783.8,5067.6,1441.0,-1.0,128.0,1771826768.0,SIBVL,False
25460054,25460055.0,5.0,5826.15,5020.6,1442.0,-1.0,128.0,1764357968.0,SIBVR,False
25421009,25421010.0,5.0,5765.8,5089.6,1442.0,-1.0,128.0,1771826768.0,SIBVL,False
25526713,25526712.0,5.0,2454.0,3389.79,1442.0,-1.0,128.0,1765512429.0,SIBVR,False
25511863,v_25511863_1441,5.0,2457.95,3962.55,1442.0,-1.0,128.0,1764617474.0,SIBVL,False
25457053,25457052.0,5.0,2642.15,4271.6,1442.0,-1.0,128.0,1765512429.0,SIBVR,False
v_25511864_1443,25511863.0,,2477.45,4009.05,1443.0,,,,SIBVL,True
25526714,25526713.0,5.0,2466.0,3395.79,1443.0,-1.0,128.0,1765512429.0,SIBVR,False
25460055,25460056.0,5.0,5810.15,5068.6,1443.0,-1.0,128.0,1764357968.0,SIBVR,False
25457054,25457053.0,5.0,2694.15,4315.6,1443.0,-1.0,128.0,1765512429.0,SIBVR,False
25421008,25421009.0,5.0,5765.8,5127.6,1443.0,-1.0,128.0,1771826768.0,SIBVL,False
25457055,25457054.0,5.0,2718.15,4363.6,1444.0,-1.0,128.0,1765512429.0,SIBVR,False
25421007,25421008.0,5.0,5769.8,5155.6,1444.0,-1.0,128.0,1771826768.0,SIBVL,False
25460056,25460057.0,5.0,5810.15,5076.6,1444.0,-1.0,128.0,1764357968.0,SIBVR,False
25511864,v_25511864_1443,5.0,2483.95,4024.55,1444.0,-1.0,128.0,1764617474.0,SIBVL,False
25457056,25457055.0,5.0,2746.15,4427.6,1445.0,-1.0,128.0,1765512429.0,SIBVR,False
25421006,25421007.0,5.0,5777.8,5155.6,1445.0,-1.0,128.0,1771826768.0,SIBVL,False
v_25511865_1445,25511864.0,,2501.95,4083.05,1445.0,,,,SIBVL,True
25460057,25460058.0,5.0,5822.15,5076.6,1445.0,-1.0,128.0,1764357968.0,SIBVR,False
25511865,v_25511865_1445,5.0,2507.95,4102.55,1446.0,-1.0,128.0,1764617474.0,SIBVL,False
25460058,25460059.0,5.0,5818.15,5092.6,1446.0,-1.0,128.0,1764357968.0,SIBVR,False
25421005,25421006.0,5.0,5782.15,5184.6,1446.0,-1.0,128.0,1771826768.0,SIBVL,False
25457057,25457056.0,5.0,2762.15,4447.6,1446.0,-1.0,128.0,1765512429.0,SIBVR,False
25421004,25421005.0,5.0,5790.8,5193.6,1447.0,-1.0,128.0,1771826768.0,SIBVL,False
25511866,25511865.0,5.0,2537.95,4190.55,1447.0,-1.0,128.0,1764617474.0,SIBVL,False
25460059,v_25460059_1448,5.0,5814.15,5116.6,1447.0,-1.0,128.0,1764357968.0,SIBVR,False
25457058,25457057.0,5.0,2774.15,4475.6,1447.0,-1.0,128.0,1765512429.0,SIBVR,False
25529405,25511866.0,5.0,2576.95,4266.415,1448.0,-1.0,128.0,1766176765.0,SIBVL,False
25421003,25421004.0,5.0,5809.8,5243.6,1448.0,-1.0,128.0,1771826768.0,SIBVL,False
25457059,25457058.0,5.0,2790.15,4511.6,1448.0,-1.0,128.0,1765512429.0,SIBVR,False
v_25460059_1448,25460060.0,,5814.15,5146.6,1448.0,,,,SIBVR,True
25421002,25421003.0,5.0,5817.8,5263.6,1449.0,-1.0,128.0,1771826768.0,SIBVL,False
25457060,25457059.0,5.0,2810.15,4611.6,1449.0,-1.0,128.0,1765512429.0,SIBVR,False
25511867,25529405.0,5.0,2595.95,4328.55,1449.0,-1.0,128.0,1766176765.0,SIBVL,False
25460060,25460061.0,5.0,5814.15,5176.6,1449.0,-1.0,128.0,1764357968.0,SIBVR,False
v_25511868_1450,25511867.0,,2612.45,4414.05,1450.0,,,,SIBVL,True
25421001,25421002.0,5.0,5803.8,5317.6,1450.0,-1.0,128.0,1771826768.0,SIBVL,False
25457061,25457060.0,5.0,2850.15,4651.6,1450.0,-1.0,128.0,1765512429.0,SIBVR,False
25460061,25460062.0,5.0,5806.15,5172.6,1450.0,-1.0,128.0,1764357968.0,SIBVR,False
25511868,v_25511868_1450,5.0,2617.95,4442.55,1451.0,-1.0,128.0,1764617474.0,SIBVL,False
25421000,25421001.0,5.0,5807.8,5341.6,1451.0,-1.0,128.0,1771826768.0,SIBVL,False
25460062,v_25460062_1452,5.0,5814.15,5176.6,1451.0,-1.0,128.0,1764357968.0,SIBVR,False
v_25457062_1451,25457061.0,,2865.15,4705.6,1451.0,,,,SIBVR,True
25420999,25421000.0,5.0,5807.8,5347.6,1452.0,-1.0,128.0,1771826768.0,SIBVL,False
25457062,v_25457062_1451,5.0,2870.15,4723.6,1452.0,-1.0,128.0,1765512429.0,SIBVR,False
v_25511869_1452,25511868.0,,2622.45,4460.55,1452.0,,,,SIBVL,True
v_25460062_1452,25460063.0,,5816.15,5176.6,1452.0,,,,SIBVR,True
25460063,25460064.0,5.0,5818.15,5176.6,1453.0,-1.0,128.0,1764357968.0,SIBVR,False
25457063,25457062.0,5.0,2878.15,4731.6,1453.0,-1.0,128.0,1765512429.0,SIBVR,False
25420998,25420999.0,5.0,5807.8,5355.6,1453.0,-1.0,128.0,1771826768.0,SIBVL,False
25511869,v_25511869_1452,5.0,2623.95,4466.55,1453.0,-1.0,128.0,1764617474.0,SIBVL,False
25420997,25420998.0,5.0,5795.8,5373.6,1454.0,-1.0,128.0,1771826768.0,SIBVL,False
25457064,25457063.0,5.0,2882.15,4763.6,1454.0,-1.0,128.0,1765512429.0,SIBVR,False
25511870,25511869.0,5.0,2661.95,4508.55,1454.0,-1.0,128.0,1764617474.0,SIBVL,False
25460064,v_25460064_1455,5.0,5798.15,5187.6,1454.0,-1.0,128.0,1764357968.0,SIBVR,False
25457065,25457064.0,5.0,2890.15,4811.6,1455.0,-1.0,128.0,1765512429.0,SIBVR,False
25420996,25420997.0,5.0,5797.8,5375.6,1455.0,-1.0,128.0,1771826768.0,SIBVL,False
v_25460064_1455,25460065.0,,5785.15,5200.6,1455.0,,,,SIBVR,True
25511871,25511870.0,5.0,2689.95,4564.55,1455.0,-1.0,128.0,1764617474.0,SIBVL,False
25511872,25511871.0,5.0,2785.95,4800.55,1456.0,-1.0,128.0,1764617474.0,SIBVL,False
25457066,25457065.0,5.0,2930.15,4963.6,1456.0,-1.0,128.0,1765512429.0,SIBVR,False
25460065,25460066.0,5.0,5772.15,5213.6,1456.0,-1.0,128.0,1764357968.0,SIBVR,False
25420995,25420996.0,5.0,5785.8,5387.6,1456.0,-1.0,128.0,1771826768.0,SIBVL,False
25511873,25511872.0,5.0,2833.95,4822.55,1457.0,-1.0,128.0,1764617474.0,SIBVL,False
v_25420994_1457,25420995.0,,5784.3,5411.6,1457.0,,,,SIBVL,True
25457067,25457066.0,5.0,2914.15,5007.6,1457.0,-1.0,128.0,1765512429.0,SIBVR,False
25460066,25460067.0,5.0,5742.15,5225.6,1457.0,-1.0,128.0,1764357968.0,SIBVR,False
v_25511874_1458,25511873.0,,2833.95,4822.55,1458.0,,,,SIBVL,True
25460067,25460068.0,5.0,5716.15,5251.6,1458.0,-1.0,128.0,1764357968.0,SIBVR,False
25457068,25457067.0,5.0,2898.15,5027.6,1458.0,-1.0,128.0,1765512429.0,SIBVR,False
25420994,v_25420994_1457,5.0,5783.8,5419.6,1458.0,-1.0,128.0,1771826768.0,SIBVL,False
25460068,25460069.0,5.0,5710.15,5261.6,1459.0,-1.0,128.0,1764357968.0,SIBVR,False
25511874,v_25511874_1458,5.0,2833.95,4822.55,1459.0,-1.0,128.0,1764617474.0,SIBVL,False
25457069,25457068.0,5.0,2914.15,5047.6,1459.0,-1.0,128.0,1765512429.0,SIBVR,False
25420993,25420994.0,5.0,5787.8,5403.6,1459.0,-1.0,128.0,1771826768.0,SIBVL,False
v_25511875_1460,25511874.0,,2842.35,4872.95,1460.0,,,,SIBVL,True
25460069,25460070.0,5.0,5702.15,5273.6,1460.0,-1.0,128.0,1764357968.0,SIBVR,False
25420992,25420993.0,5.0,5785.8,5415.6,1460.0,-1.0,128.0,1771826768.0,SIBVL,False
v_25457070_1460,25457069.0,,2917.15,5077.6,1460.0,,,,SIBVR,True
25420991,25420992.0,5.0,5773.8,5425.6,1461.0,-1.0,128.0,1771826768.0,SIBVL,False
25457070,v_25457070_1460,5.0,2918.15,5087.6,1461.0,-1.0,128.0,1765512429.0,SIBVR,False
25460070,25460071.0,5.0,5702.15,5305.6,1461.0,-1.0,128.0,1764357968.0,SIBVR,False
v_25511875_1461,v_25511875_1461,,2845.15,4889.75,1461.0,,,,SIBVL,True
25460071,25460072.0,5.0,5694.15,5315.6,1462.0,-1.0,128.0,1764357968.0,SIBVR,False
25457071,25457070.0,5.0,2938.15,5123.6,1462.0,-1.0,128.0,1765512429.0,SIBVR,False
25420990,25420991.0,5.0,5771.8,5427.6,1462.0,-1.0,128.0,1771826768.0,SIBVL,False
25511875,v_25511875_1460,5.0,2847.95,4906.55,1462.0,-1.0,128.0,1764617474.0,SIBVL,False
25460072,25460073.0,5.0,5694.15,5327.6,1463.0,-1.0,128.0,1764357968.0,SIBVR,False
25420989,25420990.0,5.0,5773.8,5429.6,1463.0,-1.0,128.0,1771826768.0,SIBVL,False
25457072,25457071.0,5.0,2950.15,5151.6,1463.0,-1.0,128.0,1765512429.0,SIBVR,False
25511876,25511875.0,5.0,2849.95,4902.55,1463.0,-1.0,128.0,1764617474.0,SIBVL,False
25511877,25511876.0,5.0,2919.95,5098.55,1464.0,-1.0,128.0,1764617474.0,SIBVL,False
25460073,25460074.0,5.0,5688.15,5339.6,1464.0,-1.0,128.0,1764357968.0,SIBVR,False
25420988,25420989.0,5.0,5763.8,5451.6,1464.0,-1.0,128.0,1771826768.0,SIBVL,False
25457073,25457072.0,5.0,2998.15,5219.6,1464.0,-1.0,128.0,1765512429.0,SIBVR,False
25460074,25460075.0,5.0,5690.15,5357.6,1465.0,-1.0,128.0,1764357968.0,SIBVR,False
25457074,25457073.0,5.0,3006.15,5219.6,1465.0,-1.0,128.0,1765512429.0,SIBVR,False
25420987,25420988.0,5.0,5763.8,5467.6,1465.0,-1.0,128.0,1771826768.0,SIBVL,False
25511878,25511877.0,5.0,2929.95,5124.55,1465.0,-1.0,128.0,1764617474.0,SIBVL,False
25420986,25420987.0,5.0,5733.8,5475.6,1466.0,-1.0,128.0,1771826768.0,SIBVL,False
25457075,25457074.0,5.0,3006.15,5247.6,1466.0,-1.0,128.0,1765512429.0,SIBVR,False
25460075,v_25460075_1467,5.0,5688.15,5367.6,1466.0,-1.0,128.0,1764357968.0,SIBVR,False
v_25511879_1466,25511878.0,,2922.45,5154.55,1466.0,,,,SIBVL,True
25420985,25420986.0,5.0,5729.8,5475.6,1467.0,-1.0,128.0,1771826768.0,SIBVL,False
25457076,25457075.0,5.0,2990.15,5279.6,1467.0,-1.0,128.0,1765512429.0,SIBVR,False
25511879,v_25511879_1466,5.0,2919.95,5164.55,1467.0,-1.0,128.0,1764617474.0,SIBVL,False
v_25460075_1467,25460076.0,,5675.15,5369.6,1467.0,,,,SIBVR,True
25457077,25457076.0,5.0,2998.15,5291.6,1468.0,-1.0,128.0,1765512429.0,SIBVR,False
25420984,25420985.0,5.0,5725.8,5475.6,1468.0,-1.0,128.0,1771826768.0,SIBVL,False
v_25511880_1468,25511879.0,,2931.95,5194.55,1468.0,,,,SIBVL,True
25460076,25460077.0,5.0,5662.15,5371.6,1468.0,-1.0,128.0,1764357968.0,SIBVR,False
25511880,v_25511880_1468,5.0,2935.95,5204.55,1469.0,-1.0,128.0,1764617474.0,SIBVL,False
25420983,25420984.0,5.0,5729.8,5487.6,1469.0,-1.0,128.0,1771826768.0,SIBVL,False
v_25457078_1469,25457077.0,,3010.15,5315.6,1469.0,,,,SIBVR,True
25460077,25460078.0,5.0,5650.15,5371.6,1469.0,-1.0,128.0,1764357968.0,SIBVR,False
25460078,25460079.0,5.0,5648.15,5373.6,1470.0,-1.0,128.0,1764357968.0,SIBVR,False
25457078,v_25457078_1469,5.0,3014.15,5323.6,1470.0,-1.0,128.0,1765512429.0,SIBVR,False
v_25511881_1470,25511880.0,,2956.35,5226.150000000001,1470.0,,,,SIBVL,True
v_25420982_1470,25420983.0,,5713.3,5504.1,1470.0,,,,SIBVL,True
v_25511881_1471,v_25511881_1471,,2963.15,5233.35,1471.0,,,,SIBVL,True
25420982,v_25420982_1470,5.0,5707.8,5509.6,1471.0,-1.0,128.0,1771826768.0,SIBVL,False
25460079,25460080.0,5.0,5656.15,5375.6,1471.0,-1.0,128.0,1764357968.0,SIBVR,False
v_25457079_1471,25457078.0,,3038.15,5344.6,1471.0,,,,SIBVR,True
25511881,v_25511881_1470,5.0,2969.95,5240.55,1472.0,-1.0,128.0,1764617474.0,SIBVL,False
25460080,25460081.0,5.0,5642.15,5389.6,1472.0,-1.0,128.0,1764357968.0,SIBVR,False
25457079,v_25457079_1471,5.0,3046.15,5351.6,1472.0,-1.0,128.0,1765512429.0,SIBVR,False
25420981,25420982.0,5.0,5707.8,5497.6,1472.0,-1.0,128.0,1771826768.0,SIBVL,False
25511882,25511881.0,5.0,3013.95,5248.55,1473.0,-1.0,128.0,1764617474.0,SIBVL,False
25460081,25460082.0,5.0,5618.15,5401.6,1473.0,-1.0,128.0,1764357968.0,SIBVR,False
v_25420980_1473,25420981.0,,5703.3,5520.1,1473.0,,,,SIBVL,True
25457080,25457079.0,5.0,3046.15,5359.6,1473.0,-1.0,128.0,1765512429.0,SIBVR,False
25460082,25460083.0,5.0,5616.15,5403.6,1474.0,-1.0,128.0,1764357968.0,SIBVR,False
25457081,25457080.0,5.0,3062.15,5379.6,1474.0,-1.0,128.0,1765512429.0,SIBVR,False
25420980,v_25420980_1473,5.0,5701.8,5527.6,1474.0,-1.0,128.0,1771826768.0,SIBVL,False
25511883,25511882.0,5.0,3055.95,5262.55,1474.0,-1.0,128.0,1764617474.0,SIBVL,False
25420979,25420980.0,5.0,5697.8,5535.6,1475.0,-1.0,128.0,1771826768.0,SIBVL,False
25511884,25511883.0,5.0,3075.95,5326.55,1475.0,-1.0,128.0,1764617474.0,SIBVL,False
25457082,25457081.0,5.0,3074.15,5391.6,1475.0,-1.0,128.0,1765512429.0,SIBVR,False
25460083,25460084.0,5.0,5602.15,5403.6,1475.0,-1.0,128.0,1764357968.0,SIBVR,False
25460084,25460085.0,5.0,5584.15,5397.6,1476.0,-1.0,128.0,1764357968.0,SIBVR,False
25457083,25457082.0,5.0,3062.15,5431.6,1476.0,-1.0,128.0,1765512429.0,SIBVR,False
25511885,25511884.0,5.0,3101.95,5356.55,1476.0,-1.0,128.0,1764617474.0,SIBVL,False
25420978,25420979.0,5.0,5687.8,5549.6,1476.0,-1.0,128.0,1771826768.0,SIBVL,False
25420977,25420978.0,5.0,5689.8,5557.6,1477.0,-1.0,128.0,1771826768.0,SIBVL,False
25457084,25457083.0,5.0,3062.15,5447.6,1477.0,-1.0,128.0,1765512429.0,SIBVR,False
25460085,25460086.0,5.0,5548.15,5405.6,1477.0,-1.0,128.0,1764357968.0,SIBVR,False
25511886,25511885.0,5.0,3099.95,5356.55,1477.0,-1.0,128.0,1764617474.0,SIBVL,False
25460086,25460087.0,5.0,5522.15,5395.6,1478.0,-1.0,128.0,1764357968.0,SIBVR,False
v_25511887_1478,25511886.0,,3097.55,5400.95,1478.0,,,,SIBVL,True
25457085,25457084.0,5.0,3042.15,5451.6,1478.0,-1.0,128.0,1765512429.0,SIBVR,False
25420976,25420977.0,5.0,5677.8,5559.6,1478.0,-1.0,128.0,1771826768.0,SIBVL,False
25420975,25420976.0,5.0,5661.8,5583.6,1479.0,-1.0,128.0,1771826768.0,SIBVL,False
25457086,25457085.0,5.0,3024.15,5440.6,1479.0,-1.0,128.0,1765512429.0,SIBVR,False
v_25511887_1479,v_25511887_1479,,3096.75,5415.75,1479.0,,,,SIBVL,True
25460087,25460088.0,5.0,5506.15,5379.6,1479.0,-1.0,128.0,1764357968.0,SIBVR,False
25420974,25420975.0,5.0,5643.8,5591.6,1480.0,-1.0,128.0,1771826768.0,SIBVL,False
25511887,v_25511887_1478,5.0,3095.95,5430.55,1480.0,-1.0,128.0,1764617474.0,SIBVL,False
25460088,25460089.0,5.0,5498.15,5379.6,1480.0,-1.0,128.0,1764357968.0,SIBVR,False
25457087,25457086.0,5.0,3026.15,5442.6,1480.0,-1.0,128.0,1765512429.0,SIBVR,False
25460089,25460090.0,5.0,5480.15,5379.6,1481.0,-1.0,128.0,1764357968.0,SIBVR,False
25420973,25420974.0,5.0,5617.8,5611.6,1481.0,-1.0,128.0,1771826768.0,SIBVL,False
25457088,25457087.0,5.0,3022.15,5448.6,1481.0,-1.0,128.0,1765512429.0,SIBVR,False
25511888,25511887.0,5.0,3107.95,5454.55,1481.0,-1.0,128.0,1764617474.0,SIBVL,False
25460090,25460091.0,5.0,5458.15,5369.6,1482.0,-1.0,128.0,1764357968.0,SIBVR,False
25511889,25511888.0,5.0,3109.95,5470.55,1482.0,-1.0,128.0,1764617474.0,SIBVL,False
25420972,25420973.0,5.0,5603.8,5623.6,1482.0,-1.0,128.0,1771826768.0,SIBVL,False
25457089,25457088.0,5.0,3034.15,5448.6,1482.0,-1.0,128.0,1765512429.0,SIBVR,False
25457090,25457089.0,5.0,3036.15,5468.6,1483.0,-1.0,128.0,1765512429.0,SIBVR,False
25511890,25511889.0,5.0,3101.95,5472.55,1483.0,-1.0,128.0,1764617474.0,SIBVL,False
25460091,25460092.0,5.0,5448.15,5373.6,1483.0,-1.0,128.0,1764357968.0,SIBVR,False
25420971,25420972.0,5.0,5569.8,5645.6,1483.0,-1.0,128.0,1771826768.0,SIBVL,False
25460092,25460093.0,5.0,5444.15,5361.6,1484.0,-1.0,128.0,1764357968.0,SIBVR,False
25511891,25511890.0,5.0,3115.95,5482.55,1484.0,-1.0,128.0,1764617474.0,SIBVL,False
v_25420970_1484,25420971.0,,5562.3,5651.6,1484.0,,,,SIBVL,True
25457091,25457090.0,5.0,3042.15,5502.6,1484.0,-1.0,128.0,1765512429.0,SIBVR,False
25420970,v_25420970_1484,5.0,5559.8,5653.6,1485.0,-1.0,128.0,1771826768.0,SIBVL,False
25457092,25457091.0,5.0,3054.15,5518.6,1485.0,-1.0,128.0,1765512429.0,SIBVR,False
25460093,v_25460093_1486,5.0,5444.15,5361.6,1485.0,-1.0,128.0,1764357968.0,SIBVR,False
25511892,25511891.0,5.0,3127.95,5476.55,1485.0,-1.0,128.0,1764617474.0,SIBVL,False
25511893,25511892.0,5.0,3161.95,5448.55,1486.0,-1.0,128.0,1764617474.0,SIBVL,False
v_25460093_1486,25460094.0,,5431.15,5354.6,1486.0,,,,SIBVR,True
25457093,25457092.0,5.0,3086.15,5512.6,1486.0,-1.0,128.0,1765512429.0,SIBVR,False
25420969,25420970.0,5.0,5545.8,5663.6,1486.0,-1.0,128.0,1771826768.0,SIBVL,False
25511894,25511893.0,5.0,3211.95,5454.55,1487.0,-1.0,128.0,1764617474.0,SIBVL,False
25460094,25460095.0,5.0,5418.15,5347.6,1487.0,-1.0,128.0,1764357968.0,SIBVR,False
25420968,25420969.0,5.0,5529.8,5671.6,1487.0,-1.0,128.0,1771826768.0,SIBVL,False
v_25457094_1487,25457093.0,,3108.65,5523.1,1487.0,,,,SIBVR,True
25460095,25460096.0,5.0,5420.15,5341.6,1488.0,-1.0,128.0,1764357968.0,SIBVR,False
25420967,25420968.0,5.0,5521.8,5685.6,1488.0,-1.0,128.0,1771826768.0,SIBVL,False
25457094,v_25457094_1487,5.0,3116.15,5526.6,1488.0,-1.0,128.0,1765512429.0,SIBVR,False
25511895,25511894.0,5.0,3297.95,5474.55,1488.0,-1.0,128.0,1764617474.0,SIBVL,False
v_25457095_1489,25457094.0,,3134.15,5532.6,1489.0,,,,SIBVR,True
25460096,25460097.0,5.0,5402.15,5345.6,1489.0,-1.0,128.0,1764357968.0,SIBVR,False
25511896,25511895.0,5.0,3311.95,5464.55,1489.0,-1.0,128.0,1764617474.0,SIBVL,False
25420966,25420967.0,5.0,5521.8,5703.6,1489.0,-1.0,128.0,1771826768.0,SIBVL,False
25511898,25511896.0,5.0,3311.95,5464.55,1490.0,-1.0,128.0,1764617474.0,SIBVL,False
25460097,25460098.0,5.0,5406.15,5341.6,1490.0,-1.0,128.0,1764357968.0,SIBVR,False
25457095,v_25457095_1489,5.0,3140.15,5534.6,1490.0,-1.0,128.0,1765512429.0,SIBVR,False
25420965,25420966.0,5.0,5511.8,5717.6,1490.0,-1.0,128.0,1771826768.0,SIBVL,False
25511897,25511898.0,5.0,3311.95,5464.55,1491.0,-1.0,128.0,1764617474.0,SIBVL,False
25460098,25460099.0,5.0,5404.15,5337.6,1491.0,-1.0,128.0,1764357968.0,SIBVR,False
25457096,25457095.0,5.0,3144.15,5544.6,1491.0,-1.0,128.0,1765512429.0,SIBVR,False
25420964,25420965.0,5.0,5511.8,5725.6,1491.0,-1.0,128.0,1771826768.0,SIBVL,False
v_25511900_1491,25511898.0,,3333.95125,5462.5625,1491.0,,,,SIBVL,True
25460099,25460100.0,5.0,5394.15,5323.6,1492.0,-1.0,128.0,1764357968.0,SIBVR,False
25511900,v_25511900_1491,5.0,3341.285,5461.9,1492.0,-1.0,128.0,1764617474.0,SIBVL,False
25457097,25457096.0,5.0,3154.15,5550.6,1492.0,-1.0,128.0,1765512429.0,SIBVR,False
25420963,25420964.0,5.0,5515.8,5725.6,1492.0,-1.0,128.0,1771826768.0,SIBVL,False
25460100,25460101.0,5.0,5374.15,5345.6,1493.0,-1.0,128.0,1764357968.0,SIBVR,False
v_25511901_1493,25511900.0,,3346.28375,5480.3875,1493.0,,,,SIBVL,True
25420962,25420963.0,5.0,5493.8,5789.6,1493.0,-1.0,128.0,1771826768.0,SIBVL,False
25511899,25511900.0,5.0,3355.95,5460.55,1493.0,-1.0,128.0,1764617474.0,SIBVL,False
25457098,25457097.0,5.0,3196.15,5592.6,1493.0,-1.0,128.0,1765512429.0,SIBVR,False
25420961,25420962.0,5.0,5471.8,5813.6,1494.0,-1.0,128.0,1771826768.0,SIBVL,False
25457099,25457098.0,5.0,3228.15,5606.6,1494.0,-1.0,128.0,1765512429.0,SIBVR,False
25511901,v_25511901_1493,5.0,3347.95,5486.55,1494.0,-1.0,128.0,1764617474.0,SIBVL,False
25460101,25460102.0,5.0,5370.15,5347.6,1494.0,-1.0,128.0,1764357968.0,SIBVR,False
25420960,25420961.0,5.0,5469.8,5825.6,1495.0,-1.0,128.0,1771826768.0,SIBVL,False
v_25511902_1495,25511901.0,,3356.35,5497.35,1495.0,,,,SIBVL,True
v_25457100_1495,25457099.0,,3262.65,5624.6,1495.0,,,,SIBVR,True
25460102,25460103.0,5.0,5362.15,5345.6,1495.0,-1.0,128.0,1764357968.0,SIBVR,False
v_25420959_1496,25420960.0,,5465.3,5828.6,1496.0,,,,SIBVL,True
25460103,25460104.0,5.0,5360.15,5337.6,1496.0,-1.0,128.0,1764357968.0,SIBVR,False
25457100,v_25457100_1495,5.0,3274.15,5630.6,1496.0,-1.0,128.0,1765512429.0,SIBVR,False
v_25511902_1496,v_25511902_1496,,3359.15,5500.95,1496.0,,,,SIBVL,True
v_25457101_1497,25457100.0,,3304.15,5644.1,1497.0,,,,SIBVR,True
25460104,25460105.0,5.0,5356.15,5337.6,1497.0,-1.0,128.0,1764357968.0,SIBVR,False
25511902,v_25511902_1495,5.0,3361.95,5504.55,1497.0,-1.0,128.0,1764617474.0,SIBVL,False
25420959,v_25420959_1496,5.0,5463.8,5829.6,1497.0,-1.0,128.0,1771826768.0,SIBVL,False
25460105,25460106.0,5.0,5340.15,5327.6,1498.0,-1.0,128.0,1764357968.0,SIBVR,False
25457101,v_25457101_1497,5.0,3314.15,5648.6,1498.0,-1.0,128.0,1765512429.0,SIBVR,False
25511903,25511902.0,5.0,3357.95,5514.55,1498.0,-1.0,128.0,1764617474.0,SIBVL,False
25420958,25420959.0,5.0,5457.8,5843.6,1498.0,-1.0,128.0,1771826768.0,SIBVL,False
25457102,25457101.0,5.0,3338.15,5662.6,1499.0,-1.0,128.0,1765512429.0,SIBVR,False
25460106,25460107.0,5.0,5312.15,5337.6,1499.0,-1.0,128.0,1764357968.0,SIBVR,False
25511904,25511903.0,5.0,3349.95,5508.55,1499.0,-1.0,128.0,1764617474.0,SIBVL,False
25420957,25420958.0,5.0,5445.8,5853.6,1499.0,-1.0,128.0,1771826768.0,SIBVL,False
25460107,25460108.0,5.0,5318.15,5325.6,1500.0,-1.0,128.0,1764357968.0,SIBVR,False
25511905,25511904.0,5.0,3347.95,5508.55,1500.0,-1.0,128.0,1764617474.0,SIBVL,False
25457103,25457102.0,5.0,3368.15,5712.6,1500.0,-1.0,128.0,1765512429.0,SIBVR,False
v_25420956_1500,25420957.0,,5444.3,5865.6,1500.0,,,,SIBVL,True
25511906,25511905.0,5.0,3347.95,5508.55,1501.0,-1.0,128.0,1764617474.0,SIBVL,False
25420956,v_25420956_1500,5.0,5443.8,5869.6,1501.0,-1.0,128.0,1771826768.0,SIBVL,False
25460108,25460109.0,5.0,5304.15,5331.6,1501.0,-1.0,128.0,1764357968.0,SIBVR,False
25457104,25457103.0,5.0,3376.15,5742.6,1501.0,-1.0,128.0,1765512429.0,SIBVR,False
25460109,25460110.0,5.0,5290.15,5331.6,1502.0,-1.0,128.0,1764357968.0,SIBVR,False
25511907,25511906.0,5.0,3357.95,5528.55,1502.0,-1.0,128.0,1764617474.0,SIBVL,False
25457105,25457104.0,5.0,3376.15,5758.6,1502.0,-1.0,128.0,1765512429.0,SIBVR,False
v_25420955_1502,25420956.0,,5449.8,5884.6,1502.0,,,,SIBVL,True
25457106,25457105.0,5.0,3404.15,5774.6,1503.0,-1.0,128.0,1765512429.0,SIBVR,False
25420955,v_25420955_1502,5.0,5451.8,5889.6,1503.0,-1.0,128.0,1771826768.0,SIBVL,False
25460110,25460111.0,5.0,5272.15,5321.6,1503.0,-1.0,128.0,1764357968.0,SIBVR,False
25511908,25511907.0,5.0,3365.95,5534.55,1503.0,-1.0,128.0,1764617474.0,SIBVL,False
25457107,25457106.0,5.0,3426.15,5788.6,1504.0,-1.0,128.0,1765512429.0,SIBVR,False
25460111,25460112.0,5.0,5250.15,5309.6,1504.0,-1.0,128.0,1764357968.0,SIBVR,False
25420954,25420955.0,5.0,5453.8,5893.6,1504.0,-1.0,128.0,1771826768.0,SIBVL,False
v_25511909_1504,25511908.0,,3356.95,5521.05,1504.0,,,,SIBVL,True
25460112,v_25460112_1506,5.0,5242.15,5305.6,1505.0,-1.0,128.0,1764357968.0,SIBVR,False
25420953,25420954.0,5.0,5447.8,5919.6,1505.0,-1.0,128.0,1771826768.0,SIBVL,False
25511909,v_25511909_1504,5.0,3353.95,5516.55,1505.0,-1.0,128.0,1764617474.0,SIBVL,False
25457108,25457107.0,5.0,3448.15,5828.6,1505.0,-1.0,128.0,1765512429.0,SIBVR,False
25511910,25511909.0,5.0,3377.95,5506.55,1506.0,-1.0,128.0,1764617474.0,SIBVL,False
25420952,25420953.0,5.0,5383.8,5973.6,1506.0,-1.0,128.0,1771826768.0,SIBVL,False
25457109,25457108.0,5.0,3520.15,5878.6,1506.0,-1.0,128.0,1765512429.0,SIBVR,False
v_25460112_1506,25460113.0,,5241.15,5298.6,1506.0,,,,SIBVR,True
25511911,25511910.0,5.0,3379.95,5514.55,1507.0,-1.0,128.0,1764617474.0,SIBVL,False
25535514,25420952.0,5.0,5388.15,5978.6,1507.0,-1.0,99.0,1771826768.0,SIBVL,False
25457110,25457109.0,5.0,3538.15,5888.6,1507.0,-1.0,128.0,1765512429.0,SIBVR,False
25460113,v_25460113_1508,5.0,5240.15,5291.6,1507.0,-1.0,128.0,1764357968.0,SIBVR,False
v_25511912_1508,25511911.0,,3399.15,5514.55,1508.0,,,,SIBVL,True
25420951,25535514.0,5.0,5397.8,5981.6,1508.0,-1.0,128.0,1771826768.0,SIBVL,False
v_25460113_1508,v_25460113_1509,,5230.816666666667,5299.6,1508.0,,,,SIBVR,True
v_25457111_1508,25457110.0,,3541.15,5902.1,1508.0,,,,SIBVR,True
25457111,v_25457111_1508,5.0,3542.15,5906.6,1509.0,-1.0,128.0,1765512429.0,SIBVR,False
v_25460113_1509,25460114.0,,5221.483333333333,5307.6,1509.0,,,,SIBVR,True
v_25511912_1509,v_25511912_1509,,3405.55,5514.55,1509.0,,,,SIBVL,True
25420950,25420951.0,5.0,5391.8,6007.6,1509.0,-1.0,128.0,1771826768.0,SIBVL,False
v_25457112_1510,25457111.0,,3545.15,5942.6,1510.0,,,,SIBVR,True
25511912,v_25511912_1508,5.0,3411.95,5514.55,1510.0,-1.0,128.0,1764617474.0,SIBVL,False
25420949,25420950.0,5.0,5391.8,6027.6,1510.0,-1.0,128.0,1771826768.0,SIBVL,False
25460114,v_25460114_1511,5.0,5212.15,5315.6,1510.0,-1.0,128.0,1764357968.0,SIBVR,False
25457112,v_25457112_1510,5.0,3546.15,5954.6,1511.0,-1.0,128.0,1765512429.0,SIBVR,False
v_25460114_1511,25460115.0,,5218.15,5326.6,1511.0,,,,SIBVR,True
25420948,25420949.0,5.0,5391.8,6049.6,1511.0,-1.0,128.0,1771826768.0,SIBVL,False
v_25511913_1511,25511912.0,,3420.35,5532.55,1511.0,,,,SIBVL,True
25460115,25460116.0,5.0,5224.15,5337.6,1512.0,-1.0,128.0,1764357968.0,SIBVR,False
v_25511913_1512,v_25511913_1512,,3423.15,5538.55,1512.0,,,,SIBVL,True
25457113,25457112.0,5.0,3552.15,6016.6,1512.0,-1.0,128.0,1765512429.0,SIBVR,False
25420947,25420948.0,5.0,5391.8,6057.6,1512.0,-1.0,128.0,1771826768.0,SIBVL,False
25511913,v_25511913_1511,5.0,3425.95,5544.55,1513.0,-1.0,128.0,1764617474.0,SIBVL,False
25460116,v_25460116_1514,5.0,5216.15,5317.6,1513.0,-1.0,128.0,1764357968.0,SIBVR,False
25457114,25457113.0,5.0,3550.15,6048.6,1513.0,-1.0,128.0,1765512429.0,SIBVR,False
25420946,25420947.0,5.0,5375.8,6073.6,1513.0,-1.0,128.0,1771826768.0,SIBVL,False
v_25511914_1514,25511913.0,,3448.75,5555.35,1514.0,,,,SIBVL,True
25457115,25457114.0,5.0,3548.15,6062.6,1514.0,-1.0,128.0,1765512429.0,SIBVR,False
25420945,25420946.0,5.0,5367.8,6097.6,1514.0,-1.0,128.0,1771826768.0,SIBVL,False
v_25460116_1514,25460117.0,,5212.15,5321.6,1514.0,,,,SIBVR,True
v_25511914_1515,v_25511914_1515,,3456.35,5558.95,1515.0,,,,SIBVL,True
25460117,25460118.0,5.0,5208.15,5325.6,1515.0,-1.0,128.0,1764357968.0,SIBVR,False
25420944,25420945.0,5.0,5359.8,6113.6,1515.0,-1.0,128.0,1771826768.0,SIBVL,False
25457116,25457115.0,5.0,3550.15,6086.6,1515.0,-1.0,128.0,1765512429.0,SIBVR,False
25511914,v_25511914_1514,5.0,3463.95,5562.55,1516.0,-1.0,128.0,1764617474.0,SIBVL,False
25420943,25420944.0,5.0,5366.0,6126.75,1516.0,-1.0,128.0,1771826768.0,SIBVL,False
25457117,25457116.0,5.0,3578.15,6104.6,1516.0,-1.0,128.0,1765512429.0,SIBVR,False
25460118,25460119.0,5.0,5204.15,5323.6,1516.0,-1.0,128.0,1764357968.0,SIBVR,False
25420942,25420943.0,5.0,5341.8,6151.6,1517.0,-1.0,128.0,1771826768.0,SIBVL,False
25457118,25457117.0,5.0,3594.15,6122.6,1517.0,-1.0,128.0,1765512429.0,SIBVR,False
25460119,v_25460119_1518,5.0,5208.15,5329.6,1517.0,-1.0,128.0,1764357968.0,SIBVR,False
v_25511915_1517,25511914.0,,3513.45,5594.05,1517.0,,,,SIBVL,True
25511915,v_25511915_1517,5.0,3529.95,5604.55,1518.0,-1.0,128.0,1764617474.0,SIBVL,False
25420941,25420942.0,5.0,5335.8,6159.6,1518.0,-1.0,128.0,1771826768.0,SIBVL,False
v_25460119_1518,25460120.0,,5206.15,5331.6,1518.0,,,,SIBVR,True
25457119,25457118.0,5.0,3602.15,6134.6,1518.0,-1.0,128.0,1765512429.0,SIBVR,False
25460120,25460121.0,5.0,5204.15,5333.6,1519.0,-1.0,128.0,1764357968.0,SIBVR,False
25420940,25420941.0,5.0,5327.8,6171.6,1519.0,-1.0,128.0,1771826768.0,SIBVL,False
25457120,25457119.0,5.0,3602.15,6134.6,1519.0,-1.0,128.0,1765512429.0,SIBVR,False
25511916,25511915.0,5.0,3565.95,5650.55,1519.0,-1.0,128.0,1764617474.0,SIBVL,False
25460121,25460122.0,5.0,5202.15,5341.6,1520.0,-1.0,128.0,1764357968.0,SIBVR,False
25420939,25420940.0,5.0,5321.8,6175.6,1520.0,-1.0,128.0,1771826768.0,SIBVL,False
25511917,25511916.0,5.0,3611.95,5678.55,1520.0,-1.0,128.0,1764617474.0,SIBVL,False
v_25457121_1520,25457120.0,,3606.65,6133.1,1520.0,,,,SIBVR,True
25420938,25420939.0,5.0,5311.8,6189.6,1521.0,-1.0,128.0,1771826768.0,SIBVL,False
25457121,v_25457121_1520,5.0,3608.15,6132.6,1521.0,-1.0,128.0,1765512429.0,SIBVR,False
25511918,25511917.0,5.0,3677.95,5750.55,1521.0,-1.0,128.0,1764617474.0,SIBVL,False
25460122,25460123.0,5.0,5200.15,5345.6,1521.0,-1.0,128.0,1764357968.0,SIBVR,False
25457122,25457121.0,5.0,3678.15,6200.6,1522.0,-1.0,128.0,1765512429.0,SIBVR,False
25420937,25420938.0,5.0,5225.8,6223.6,1522.0,-1.0,128.0,1771826768.0,SIBVL,False
25511919,25511918.0,5.0,3725.95,5786.55,1522.0,-1.0,128.0,1764617474.0,SIBVL,False
25460123,25460124.0,5.0,5220.15,5361.6,1522.0,-1.0,128.0,1764357968.0,SIBVR,False
25460124,25460125.0,5.0,5230.15,5383.6,1523.0,-1.0,128.0,1764357968.0,SIBVR,False
25457123,25457122.0,5.0,3710.15,6214.6,1523.0,-1.0,128.0,1765512429.0,SIBVR,False
25420936,25420937.0,5.0,5225.8,6263.6,1523.0,-1.0,128.0,1771826768.0,SIBVL,False
25511920,25511919.0,5.0,3757.95,5850.55,1523.0,-1.0,128.0,1764617474.0,SIBVL,False
25511921,25511920.0,5.0,3801.95,5862.55,1524.0,-1.0,128.0,1764617474.0,SIBVL,False
25457124,25457123.0,5.0,3744.15,6234.6,1524.0,-1.0,128.0,1765512429.0,SIBVR,False
25460125,25460126.0,5.0,5234.15,5397.6,1524.0,-1.0,128.0,1764357968.0,SIBVR,False
25420935,25420936.0,5.0,5215.8,6305.6,1524.0,-1.0,128.0,1771826768.0,SIBVL,False
25460126,25460127.0,5.0,5228.15,5393.6,1525.0,-1.0,128.0,1764357968.0,SIBVR,False
25457125,25457124.0,5.0,3768.15,6260.6,1525.0,-1.0,128.0,1765512429.0,SIBVR,False
25511922,25511921.0,5.0,3811.95,5884.55,1525.0,-1.0,128.0,1764617474.0,SIBVL,False
25420934,25420935.0,5.0,5201.8,6381.6,1525.0,-1.0,128.0,1771826768.0,SIBVL,False
25460127,25460128.0,5.0,5234.15,5405.6,1526.0,-1.0,128.0,1764357968.0,SIBVR,False
25457126,25457125.0,5.0,3794.15,6292.6,1526.0,-1.0,128.0,1765512429.0,SIBVR,False
v_25511923_1526,25511922.0,,3834.45,5913.05,1526.0,,,,SIBVL,True
25420933,25420934.0,5.0,5189.8,6441.6,1526.0,-1.0,128.0,1771826768.0,SIBVL,False
25420932,25420933.0,5.0,5181.8,6465.6,1527.0,-1.0,128.0,1771826768.0,SIBVL,False
25457127,25457126.0,5.0,3834.15,6312.6,1527.0,-1.0,128.0,1765512429.0,SIBVR,False
25460128,v_25460128_1528,5.0,5240.15,5417.6,1527.0,-1.0,128.0,1764357968.0,SIBVR,False
25511923,v_25511923_1526,5.0,3841.95,5922.55,1527.0,-1.0,128.0,1764617474.0,SIBVL,False
v_25460128_1528,25460129.0,,5241.15,5421.6,1528.0,,,,SIBVR,True
25457128,25457127.0,5.0,3850.15,6400.6,1528.0,-1.0,128.0,1765512429.0,SIBVR,False
v_25511924_1528,25511923.0,,3888.75,5935.75,1528.0,,,,SIBVL,True
25420931,25420932.0,5.0,5175.8,6473.6,1528.0,-1.0,128.0,1771826768.0,SIBVL,False
25457129,25457128.0,5.0,3822.15,6426.6,1529.0,-1.0,128.0,1765512429.0,SIBVR,False
25420930,25420931.0,5.0,5157.8,6487.6,1529.0,-1.0,128.0,1771826768.0,SIBVL,False
v_25511924_1529,v_25511924_1529,,3904.35,5940.150000000001,1529.0,,,,SIBVL,True
25460129,25460130.0,5.0,5242.15,5425.6,1529.0,-1.0,128.0,1764357968.0,SIBVR,False
25511924,v_25511924_1528,5.0,3919.95,5944.55,1530.0,-1.0,128.0,1764617474.0,SIBVL,False
25420929,25420930.0,5.0,5133.8,6487.6,1530.0,-1.0,128.0,1771826768.0,SIBVL,False
25460130,25460131.0,5.0,5242.15,5427.6,1530.0,-1.0,128.0,1764357968.0,SIBVR,False
25457130,25457129.0,5.0,3830.15,6546.6,1530.0,-1.0,128.0,1765512429.0,SIBVR,False
v_25511925_1531,25511924.0,,3922.95,5962.55,1531.0,,,,SIBVL,True
v_25420928_1531,25420929.0,,5130.8,6513.1,1531.0,,,,SIBVL,True
25457131,25457130.0,5.0,3834.15,6568.6,1531.0,-1.0,128.0,1765512429.0,SIBVR,False
25460131,25460132.0,5.0,5258.15,5441.6,1531.0,-1.0,128.0,1764357968.0,SIBVR,False
25419067,25419066.0,5.0,5460.8,4548.6,1532.0,-1.0,128.0,1760475698.0,SIBVL,False
25420928,v_25420928_1531,5.0,5129.8,6521.6,1532.0,-1.0,128.0,1771826768.0,SIBVL,False
25511925,v_25511925_1531,5.0,3923.95,5968.55,1532.0,-1.0,128.0,1764617474.0,SIBVL,False
25457132,25457131.0,5.0,3848.15,6622.6,1532.0,-1.0,128.0,1765512429.0,SIBVR,False
25460132,25460133.0,5.0,5240.15,5455.6,1532.0,-1.0,128.0,1764357968.0,SIBVR,False
25460133,25460134.0,5.0,5250.15,5461.6,1533.0,-1.0,128.0,1764357968.0,SIBVR,False
v_25511926_1533,25511925.0,,3929.95,5974.55,1533.0,,,,SIBVL,True
25420927,25420928.0,5.0,5121.8,6537.6,1533.0,-1.0,128.0,1771826768.0,SIBVL,False
25419066,25419065.0,5.0,5484.8,4532.6,1533.0,-1.0,128.0,1760475696.0,SIBVL,False
25457133,25457132.0,5.0,3830.15,6640.6,1533.0,-1.0,128.0,1765512429.0,SIBVR,False
25460134,25460135.0,5.0,5252.15,5475.6,1534.0,-1.0,128.0,1764357968.0,SIBVR,False
25457134,25457133.0,5.0,3856.15,6660.6,1534.0,-1.0,128.0,1765512429.0,SIBVR,False
25419065,25419064.0,5.0,5484.8,4532.6,1534.0,-1.0,128.0,1760475696.0,SIBVL,False
25420926,25420927.0,5.0,5117.8,6553.6,1534.0,-1.0,128.0,1771826768.0,SIBVL,False
25511926,v_25511926_1533,5.0,3931.95,5976.55,1534.0,-1.0,128.0,1764617474.0,SIBVL,False
25419064,25419063.0,5.0,5508.8,4504.6,1535.0,-1.0,128.0,1760475693.0,SIBVL,False
25420925,25420926.0,5.0,5105.8,6551.6,1535.0,-1.0,128.0,1771826768.0,SIBVL,False
25457135,25457134.0,5.0,3858.15,6668.6,1535.0,-1.0,128.0,1765512429.0,SIBVR,False
v_25511927_1535,25511926.0,,3948.45,5984.05,1535.0,,,,SIBVL,True
25460135,25460136.0,5.0,5256.15,5509.6,1535.0,-1.0,128.0,1764357968.0,SIBVR,False
25457136,25457135.0,5.0,3868.15,6672.6,1536.0,-1.0,128.0,1765512429.0,SIBVR,False
25511927,v_25511927_1535,5.0,3953.95,5986.55,1536.0,-1.0,128.0,1764617474.0,SIBVL,False
25460136,25460137.0,5.0,5254.15,5523.6,1536.0,-1.0,128.0,1764357968.0,SIBVR,False
25420924,25420925.0,5.0,5097.8,6553.6,1536.0,-1.0,128.0,1771826768.0,SIBVL,False
25419063,v_25419063_1537,5.0,5518.8,4490.6,1536.0,-1.0,128.0,1760475679.0,SIBVL,False
v_25457137_1537,25457136.0,,3881.65,6677.1,1537.0,,,,SIBVR,True
25420923,25420924.0,5.0,5083.8,6557.6,1537.0,-1.0,128.0,1771826768.0,SIBVL,False
v_25419063_1537,v_25419063_1538,,5518.8,4490.6,1537.0,,,,SIBVL,True
25460137,v_25460137_1538,5.0,5260.15,5541.6,1537.0,-1.0,128.0,1764357968.0,SIBVR,False
v_25511928_1537,25511927.0,,3953.95,5986.55,1537.0,,,,SIBVL,True
25420922,25420923.0,5.0,5081.8,6557.6,1538.0,-1.0,128.0,1771826768.0,SIBVL,False
v_25511928_1538,v_25511928_1538,,3953.95,5986.55,1538.0,,,,SIBVL,True
v_25460137_1538,25460138.0,,5263.15,5550.6,1538.0,,,,SIBVR,True
v_25419063_1538,25419062.0,,5518.8,4490.6,1538.0,,,,SIBVL,True
25457137,v_25457137_1537,5.0,3886.15,6678.6,1538.0,-1.0,128.0,1765512429.0,SIBVR,False
25420921,25420922.0,5.0,5069.8,6561.6,1539.0,-1.0,128.0,1771826768.0,SIBVL,False
25419062,v_25419062_1540,5.0,5518.8,4490.6,1539.0,-1.0,128.0,1760475678.0,SIBVL,False
25511928,v_25511928_1537,5.0,3953.95,5986.55,1539.0,-1.0,128.0,1764617474.0,SIBVL,False
25460138,v_25460138_1540,5.0,5266.15,5559.6,1539.0,-1.0,128.0,1764357968.0,SIBVR,False
25457138,25457137.0,5.0,3904.15,6680.6,1539.0,-1.0,128.0,1765512429.0,SIBVR,False
v_25419062_1540,25419061.0,,5511.8,4491.6,1540.0,,,,SIBVL,True
25420920,25420921.0,5.0,5059.8,6561.6,1540.0,-1.0,128.0,1771826768.0,SIBVL,False
25555923,25511928.0,5.0,3953.95,5986.55,1540.0,-1.0,128.0,1770319990.0,SIBVL,False
25457139,25457138.0,5.0,3922.15,6678.6,1540.0,-1.0,128.0,1765512429.0,SIBVR,False
v_25460138_1540,25460139.0,,5270.15,5565.1,1540.0,,,,SIBVR,True
25457140,25457139.0,5.0,3930.15,6682.6,1541.0,-1.0,128.0,1765512429.0,SIBVR,False
v_25420919_1541,25420920.0,,5044.8,6555.6,1541.0,,,,SIBVL,True
25511929,25555923.0,5.0,3953.95,5986.55,1541.0,-1.0,128.0,1770319990.0,SIBVL,False
25419061,v_25419061_1542,5.0,5504.8,4492.6,1541.0,-1.0,128.0,1760475676.0,SIBVL,False
25460139,v_25460139_1542,5.0,5274.15,5570.6,1541.0,-1.0,128.0,1764357968.0,SIBVR,False
25457141,25457140.0,5.0,3930.15,6682.6,1542.0,-1.0,128.0,1765512429.0,SIBVR,False
v_25511930_1542,25511929.0,,3947.95,5989.55,1542.0,,,,SIBVL,True
v_25419061_1542,25419060.0,,5513.8,4483.6,1542.0,,,,SIBVL,True
v_25460139_1542,25460140.0,,5280.15,5579.1,1542.0,,,,SIBVR,True
25420919,v_25420919_1541,5.0,5039.8,6553.6,1542.0,-1.0,128.0,1771826768.0,SIBVL,False
25511930,v_25511930_1542,5.0,3945.95,5990.55,1543.0,-1.0,128.0,1764617474.0,SIBVL,False
25419060,v_25419060_1544,5.0,5522.8,4474.6,1543.0,-1.0,128.0,1760475675.0,SIBVL,False
25460140,v_25460140_1544,5.0,5286.15,5587.6,1543.0,-1.0,128.0,1764357968.0,SIBVR,False
25420918,25420919.0,5.0,5033.8,6553.6,1543.0,-1.0,128.0,1771826768.0,SIBVL,False
25457142,25457141.0,5.0,3936.15,6680.6,1543.0,-1.0,128.0,1765512429.0,SIBVR,False
25457143,25457142.0,5.0,3944.15,6688.6,1544.0,-1.0,128.0,1765512429.0,SIBVR,False
v_25420917_1544,25420918.0,,5026.3,6553.6,1544.0,,,,SIBVL,True
v_25460140_1544,25460141.0,,5292.15,5596.6,1544.0,,,,SIBVR,True
v_25511931_1544,25511930.0,,3950.45,6002.55,1544.0,,,,SIBVL,True
v_25419060_1544,25419059.0,,5515.8,4476.6,1544.0,,,,SIBVL,True
25457144,25457143.0,5.0,3954.15,6690.6,1545.0,-1.0,128.0,1765512429.0,SIBVR,False
25460141,v_25460141_1546,5.0,5298.15,5605.6,1545.0,-1.0,128.0,1764357968.0,SIBVR,False
25511931,v_25511931_1544,5.0,3951.95,6006.55,1545.0,-1.0,128.0,1764617474.0,SIBVL,False
25420917,v_25420917_1544,5.0,5023.8,6553.6,1545.0,-1.0,128.0,1771826768.0,SIBVL,False
25419059,v_25419059_1546,5.0,5508.8,4478.6,1545.0,-1.0,128.0,1760475673.0,SIBVL,False
v_25419059_1546,25419058.0,,5508.8,4478.6,1546.0,,,,SIBVL,True
v_25420916_1546,25420917.0,,5004.3,6559.6,1546.0,,,,SIBVL,True
25555911,25511931.0,5.0,3951.95,6006.55,1546.0,-1.0,128.0,1770319748.0,SIBVL,False
25457145,25457144.0,5.0,3960.15,6680.6,1546.0,-1.0,128.0,1765512429.0,SIBVR,False
v_25460141_1546,25460142.0,,5302.15,5625.6,1546.0,,,,SIBVR,True
25419058,25419057.0,5.0,5508.8,4478.6,1547.0,-1.0,128.0,1760475672.0,SIBVL,False
25460142,25460143.0,5.0,5306.15,5645.6,1547.0,-1.0,128.0,1764357968.0,SIBVR,False
25420916,v_25420916_1546,5.0,4997.8,6561.6,1547.0,-1.0,128.0,1771826768.0,SIBVL,False
25511932,25555911.0,5.0,3951.95,6006.55,1547.0,-1.0,128.0,1770319748.0,SIBVL,False
25457146,25457145.0,5.0,3972.15,6678.6,1547.0,-1.0,128.0,1765512429.0,SIBVR,False
v_25511933_1548,25511932.0,,3966.95,6006.55,1548.0,,,,SIBVL,True
25457147,25457146.0,5.0,3978.15,6672.6,1548.0,-1.0,128.0,1765512429.0,SIBVR,False
25420915,25420916.0,5.0,4999.8,6557.6,1548.0,-1.0,128.0,1771826768.0,SIBVL,False
25460143,25460144.0,5.0,5322.15,5661.6,1548.0,-1.0,128.0,1764357968.0,SIBVR,False
25419057,25419056.0,5.0,5496.8,4484.6,1548.0,-1.0,128.0,1760475670.0,SIBVL,False
25460144,25460145.0,5.0,5344.15,5767.6,1549.0,-1.0,128.0,1764357968.0,SIBVR,False
25511933,v_25511933_1548,5.0,3971.95,6006.55,1549.0,-1.0,128.0,1764617474.0,SIBVL,False
25419056,v_25419056_1550,5.0,5480.8,4536.6,1549.0,-1.0,128.0,1760475663.0,SIBVL,False
25457148,25457147.0,5.0,4048.15,6704.6,1549.0,-1.0,128.0,1765512429.0,SIBVR,False
25405970,25405969.0,5.0,3637.025,4883.75,1549.0,-1.0,128.0,1765512429.0,SIBVR,False
25420914,25420915.0,5.0,4971.8,6593.6,1549.0,-1.0,128.0,1771826768.0,SIBVL,False
25460145,25460146.0,5.0,5344.15,5775.6,1550.0,-1.0,128.0,1764357968.0,SIBVR,False
v_25511934_1550,25511933.0,,3955.45,6005.05,1550.0,,,,SIBVL,True
25405969,v_25405969_1551,5.0,3621.025,4851.75,1550.0,-1.0,128.0,1765512429.0,SIBVR,False
v_25419056_1550,25419055.0,,5484.8,4550.6,1550.0,,,,SIBVL,True
25420913,25420914.0,5.0,4957.8,6591.6,1550.0,-1.0,128.0,1771826768.0,SIBVL,False
25457149,25457148.0,5.0,4064.15,6726.6,1550.0,-1.0,128.0,1765512429.0,SIBVR,False
25420912,25420913.0,5.0,4951.8,6597.6,1551.0,-1.0,128.0,1771826768.0,SIBVL,False
25460146,25460147.0,5.0,5336.15,5791.6,1551.0,-1.0,128.0,1764357968.0,SIBVR,False
v_25457150_1551,25457149.0,,4083.65,6729.6,1551.0,,,,SIBVR,True
v_25405969_1551,25405968.0,,3601.025,4851.75,1551.0,,,,SIBVR,True
25419055,v_25419055_1552,5.0,5488.8,4564.6,1551.0,-1.0,128.0,1760475661.0,SIBVL,False
25511934,v_25511934_1550,5.0,3949.95,6004.55,1551.0,-1.0,128.0,1764617474.0,SIBVL,False
v_25419055_1552,25419054.0,,5496.8,4572.6,1552.0,,,,SIBVL,True
v_25511935_1552,25511934.0,,3934.95,5995.55,1552.0,,,,SIBVL,True
25460147,v_25460147_1553,5.0,5328.15,5807.6,1552.0,-1.0,128.0,1764357968.0,SIBVR,False
v_25420911_1552,25420912.0,,4954.8,6600.6,1552.0,,,,SIBVL,True
25457150,v_25457150_1551,5.0,4090.15,6730.6,1552.0,-1.0,128.0,1765512429.0,SIBVR,False
25405968,25405967.0,5.0,3581.025,4851.75,1552.0,-1.0,128.0,1765512429.0,SIBVR,False
25511935,v_25511935_1552,5.0,3929.95,5992.55,1553.0,-1.0,128.0,1764617474.0,SIBVL,False
25419054,v_25419054_1554,5.0,5504.8,4580.6,1553.0,-1.0,128.0,1760475660.0,SIBVL,False
25420911,v_25420911_1552,5.0,4955.8,6601.6,1553.0,-1.0,128.0,1771826768.0,SIBVL,False
25405967,25405966.0,5.0,3585.025,4835.75,1553.0,-1.0,128.0,1765512429.0,SIBVR,False
v_25457151_1553,25457150.0,,4106.65,6742.6,1553.0,,,,SIBVR,True
v_25460147_1553,25460148.0,,5324.15,5810.6,1553.0,,,,SIBVR,True
25405966,v_25405966_1555,5.0,3565.025,4863.75,1554.0,-1.0,128.0,1765512429.0,SIBVR,False
25460148,25460149.0,5.0,5320.15,5813.6,1554.0,-1.0,128.0,1764357968.0,SIBVR,False
25457151,v_25457151_1553,5.0,4112.15,6746.6,1554.0,-1.0,128.0,1765512429.0,SIBVR,False
v_25419054_1554,25419053.0,,5507.8,4583.6,1554.0,,,,SIBVL,True
v_25420910_1554,25420911.0,,4958.8,6597.1,1554.0,,,,SIBVL,True
v_25511936_1554,25511935.0,,3931.15,5987.75,1554.0,,,,SIBVL,True
25420910,v_25420910_1554,5.0,4959.8,6595.6,1555.0,-1.0,128.0,1771826768.0,SIBVL,False
25457152,25457151.0,5.0,4120.15,6752.6,1555.0,-1.0,128.0,1765512429.0,SIBVR,False
v_25511936_1555,v_25511936_1555,,3931.55,5986.150000000001,1555.0,,,,SIBVL,True
25419053,v_25419053_1556,5.0,5510.8,4586.6,1555.0,-1.0,128.0,1760475658.0,SIBVL,False
v_25405966_1555,25405965.0,,3569.025,4847.75,1555.0,,,,SIBVR,True
25460149,25460150.0,5.0,5318.15,5857.6,1555.0,-1.0,128.0,1764357968.0,SIBVR,False
25420909,25420910.0,5.0,4959.8,6609.6,1556.0,-1.0,128.0,1771826768.0,SIBVL,False
25405965,25405964.0,5.0,3573.025,4831.75,1556.0,-1.0,128.0,1765512429.0,SIBVR,False
25457153,25457152.0,5.0,4144.15,6780.6,1556.0,-1.0,128.0,1765512429.0,SIBVR,False
25460150,25460151.0,5.0,5298.15,5873.6,1556.0,-1.0,128.0,1764357968.0,SIBVR,False
v_25419053_1556,25419052.0,,5530.8,4605.6,1556.0,,,,SIBVL,True
25511936,v_25511936_1554,5.0,3931.95,5984.55,1556.0,-1.0,128.0,1764617474.0,SIBVL,False
25419052,v_25419052_1558,5.0,5550.8,4624.6,1557.0,-1.0,128.0,1760475657.0,SIBVL,False
25457154,25457153.0,5.0,4148.15,6796.6,1557.0,-1.0,128.0,1765512429.0,SIBVR,False
v_25511937_1557,25511936.0,,3915.45,5962.05,1557.0,,,,SIBVL,True
25460151,25460152.0,5.0,5294.15,5889.6,1557.0,-1.0,128.0,1764357968.0,SIBVR,False
25405964,25405963.0,5.0,3569.025,4827.75,1557.0,-1.0,128.0,1765512429.0,SIBVR,False
25420908,25420909.0,5.0,4965.8,6621.6,1557.0,-1.0,128.0,1771826768.0,SIBVL,False
v_25419052_1558,25419051.0,,5542.8,4645.6,1558.0,,,,SIBVL,True
25420907,25420908.0,5.0,4957.8,6625.6,1558.0,-1.0,128.0,1771826768.0,SIBVL,False
25460152,25460155.0,5.0,5282.15,5909.6,1558.0,-1.0,128.0,1764357968.0,SIBVR,False
25457155,25457154.0,5.0,4172.15,6826.6,1558.0,-1.0,128.0,1765512429.0,SIBVR,False
25405963,25405962.0,5.0,3533.025,4851.75,1558.0,-1.0,128.0,1765512429.0,SIBVR,False
25511937,v_25511937_1557,5.0,3909.95,5954.55,1558.0,-1.0,128.0,1764617474.0,SIBVL,False
25511938,25511937.0,5.0,3927.95,5990.55,1559.0,-1.0,128.0,1764617474.0,SIBVL,False
25405962,v_25405962_1560,5.0,3521.025,4867.75,1559.0,-1.0,128.0,1765512429.0,SIBVR,False
25457156,25457155.0,5.0,4218.15,6834.6,1559.0,-1.0,128.0,1765512429.0,SIBVR,False
25460155,25460153.0,5.0,5244.15,6009.6,1559.0,-1.0,128.0,1764357968.0,SIBVR,False
25420906,25420907.0,5.0,4969.8,6633.6,1559.0,-1.0,128.0,1771826768.0,SIBVL,False
25419051,v_25419051_1560,5.0,5534.8,4666.6,1559.0,-1.0,128.0,1760475656.0,SIBVL,False
v_25405962_1560,25405961.0,,3511.025,4877.75,1560.0,,,,SIBVR,True
25420905,25420906.0,5.0,4965.8,6633.6,1560.0,-1.0,128.0,1771826768.0,SIBVL,False
25460153,25460154.0,5.0,5246.15,6013.6,1560.0,-1.0,128.0,1764357968.0,SIBVR,False
v_25419051_1560,25419050.0,,5535.8,4682.6,1560.0,,,,SIBVL,True
25457157,25457156.0,5.0,4230.15,6838.6,1560.0,-1.0,128.0,1765512429.0,SIBVR,False
v_25511939_1560,25511938.0,,3912.95,6002.55,1560.0,,,,SIBVL,True
25419050,v_25419050_1562,5.0,5536.8,4698.6,1561.0,-1.0,128.0,1760475654.0,SIBVL,False
25511939,v_25511939_1560,5.0,3907.95,6006.55,1561.0,-1.0,128.0,1764617474.0,SIBVL,False
25420904,25420905.0,5.0,4969.8,6641.6,1561.0,-1.0,128.0,1771826768.0,SIBVL,False
25460154,25460156.0,5.0,5246.15,6013.6,1561.0,-1.0,128.0,1764357968.0,SIBVR,False
25457158,25457157.0,5.0,4240.15,6846.6,1561.0,-1.0,128.0,1765512429.0,SIBVR,False
25405961,v_25405961_1562,5.0,3501.025,4887.75,1561.0,-1.0,128.0,1765512429.0,SIBVR,False
v_25511940_1562,25511939.0,,3897.45,6032.05,1562.0,,,,SIBVL,True
v_25405961_1562,v_25405961_1563,,3498.3583333333336,4895.75,1562.0,,,,SIBVR,True
v_25419050_1562,25419049.0,,5547.8,4729.6,1562.0,,,,SIBVL,True
v_25457159_1562,25457158.0,,4261.15,6846.6,1562.0,,,,SIBVR,True
25460156,v_25460156_1563,5.0,5246.15,6019.6,1562.0,-1.0,128.0,1764357968.0,SIBVR,False
v_25420903_1562,25420904.0,,4948.8,6635.6,1562.0,,,,SIBVL,True
v_25405961_1563,25405960.0,,3495.6916666666666,4903.75,1563.0,,,,SIBVR,True
25420903,v_25420903_1562,5.0,4941.8,6633.6,1563.0,-1.0,128.0,1771826768.0,SIBVL,False
25457159,v_25457159_1562,5.0,4268.15,6846.6,1563.0,-1.0,128.0,1765512429.0,SIBVR,False
v_25460156_1563,25460157.0,,5249.15,6018.6,1563.0,,,,SIBVR,True
25511940,v_25511940_1562,5.0,3893.95,6040.55,1563.0,-1.0,128.0,1764617474.0,SIBVL,False
25419049,v_25419049_1564,5.0,5558.8,4760.6,1563.0,-1.0,128.0,1760475653.0,SIBVL,False
v_25511941_1564,25511940.0,,3892.75,6064.55,1564.0,,,,SIBVL,True
25405960,v_25405960_1565,5.0,3493.025,4911.75,1564.0,-1.0,128.0,1765512429.0,SIBVR,False
v_25419049_1564,25419048.0,,5576.8,4769.6,1564.0,,,,SIBVL,True
25457160,25457159.0,5.0,4282.15,6838.6,1564.0,-1.0,128.0,1765512429.0,SIBVR,False
v_25420902_1564,25420903.0,,4928.3,6629.1,1564.0,,,,SIBVL,True
25460157,25460158.0,5.0,5252.15,6017.6,1564.0,-1.0,128.0,1764357968.0,SIBVR,False
25419048,v_25419048_1566,5.0,5594.8,4778.6,1565.0,-1.0,128.0,1760475652.0,SIBVL,False
25420902,v_25420902_1564,5.0,4923.8,6627.6,1565.0,-1.0,128.0,1771826768.0,SIBVL,False
v_25457161_1565,25457160.0,,4285.15,6820.6,1565.0,,,,SIBVR,True
v_25511941_1565,v_25511941_1565,,3892.35,6072.55,1565.0,,,,SIBVL,True
25460158,25460159.0,5.0,5248.15,6039.6,1565.0,-1.0,128.0,1764357968.0,SIBVR,False
v_25405960_1565,25405959.0,,3489.025,4923.75,1565.0,,,,SIBVR,True
v_25419048_1566,25419047.0,,5626.8,4840.6,1566.0,,,,SIBVL,True
25460159,25460160.0,5.0,5244.15,6047.6,1566.0,-1.0,128.0,1764357968.0,SIBVR,False
25405959,v_25405959_1567,5.0,3485.025,4935.75,1566.0,-1.0,128.0,1765512429.0,SIBVR,False
25457161,v_25457161_1565,5.0,4286.15,6814.6,1566.0,-1.0,128.0,1765512429.0,SIBVR,False
25420901,25420902.0,5.0,4933.8,6617.6,1566.0,-1.0,128.0,1771826768.0,SIBVL,False
25511941,v_25511941_1564,5.0,3891.95,6080.55,1566.0,-1.0,128.0,1764617474.0,SIBVL,False
v_25457162_1567,25457161.0,,4293.349999999999,6802.6,1567.0,,,,SIBVR,True
25420900,25420901.0,5.0,4927.8,6619.6,1567.0,-1.0,128.0,1771826768.0,SIBVL,False
25419047,25419046.0,5.0,5658.8,4902.6,1567.0,-1.0,128.0,1760475651.0,SIBVL,False
v_25405959_1567,v_25405959_1568,,3494.3583333333336,4935.75,1567.0,,,,SIBVR,True
v_25511942_1567,25511941.0,,3887.15,6088.95,1567.0,,,,SIBVL,True
25460160,25460161.0,5.0,5252.15,6043.6,1567.0,-1.0,128.0,1764357968.0,SIBVR,False
v_25457162_1568,v_25457162_1568,,4295.75,6798.6,1568.0,,,,SIBVR,True
v_25405959_1568,25405958.0,,3503.6916666666666,4935.75,1568.0,,,,SIBVR,True
25419046,25419045.0,5.0,5727.25,4910.6,1568.0,-1.0,128.0,1765478025.0,SIBVL,False
25420899,25420900.0,5.0,4925.8,6617.6,1568.0,-1.0,128.0,1771826768.0,SIBVL,False
25460161,25460162.0,5.0,5244.15,6055.6,1568.0,-1.0,128.0,1764357968.0,SIBVR,False
v_25511942_1568,v_25511942_1568,,3885.55,6091.75,1568.0,,,,SIBVL,True
25419045,v_25419045_1570,5.0,5728.8,5022.6,1569.0,-1.0,128.0,1760475646.0,SIBVL,False
25511942,v_25511942_1567,5.0,3883.95,6094.55,1569.0,-1.0,128.0,1764617474.0,SIBVL,False
25457162,v_25457162_1567,5.0,4298.15,6794.6,1569.0,-1.0,128.0,1765512429.0,SIBVR,False
25420898,25420899.0,5.0,4897.8,6609.6,1569.0,-1.0,128.0,1771826768.0,SIBVL,False
25460162,25460163.0,5.0,5246.15,6061.6,1569.0,-1.0,128.0,1764357968.0,SIBVR,False
25405958,25405957.0,5.0,3513.025,4935.75,1569.0,-1.0,128.0,1765512429.0,SIBVR,False
25460163,25460164.0,5.0,5246.15,6061.6,1570.0,-1.0,128.0,1764357968.0,SIBVR,False
v_25419045_1570,25419044.0,,5728.8,5022.6,1570.0,,,,SIBVL,True
v_25511943_1570,25511942.0,,3880.95,6113.55,1570.0,,,,SIBVL,True
v_25457163_1570,25457162.0,,4303.15,6787.6,1570.0,,,,SIBVR,True
25420897,25420898.0,5.0,4885.8,6609.6,1570.0,-1.0,128.0,1771826768.0,SIBVL,False
25405957,25405956.0,5.0,3489.025,4975.75,1570.0,-1.0,128.0,1765512429.0,SIBVR,False
25460164,25460165.0,5.0,5254.15,6075.6,1571.0,-1.0,128.0,1764357968.0,SIBVR,False
25405956,25405955.0,5.0,3489.025,4991.75,1571.0,-1.0,128.0,1765512429.0,SIBVR,False
v_25457163_1571,v_25457163_1572,,4304.816666666667,6785.266666666667,1571.0,,,,SIBVR,True
25420896,25420897.0,5.0,4869.8,6609.6,1571.0,-1.0,128.0,1771826768.0,SIBVL,False
25419044,v_25419044_1572,5.0,5728.8,5022.6,1571.0,-1.0,128.0,1760475644.0,SIBVL,False
v_25511943_1571,v_25511943_1572,,3879.95,6119.883333333333,1571.0,,,,SIBVL,True
v_25419044_1572,25419043.0,,5782.8,5053.6,1572.0,,,,SIBVL,True
v_25511943_1572,v_25511943_1571,,3878.95,6126.216666666667,1572.0,,,,SIBVL,True
25405955,25405954.0,5.0,3481.025,5007.75,1572.0,-1.0,128.0,1765512429.0,SIBVR,False
25460165,25460166.0,5.0,5254.15,6075.6,1572.0,-1.0,128.0,1764357968.0,SIBVR,False
25420895,25420896.0,5.0,4855.8,6597.6,1572.0,-1.0,128.0,1771826768.0,SIBVL,False
v_25457163_1572,v_25457163_1571,,4306.483333333333,6782.933333333333,1572.0,,,,SIBVR,True
25457163,v_25457163_1570,5.0,4308.15,6780.6,1573.0,-1.0,128.0,1765512429.0,SIBVR,False
25420894,25420895.0,5.0,4843.8,6597.6,1573.0,-1.0,128.0,1771826768.0,SIBVL,False
25460166,25460167.0,5.0,5256.15,6081.6,1573.0,-1.0,128.0,1764357968.0,SIBVR,False
25511943,v_25511943_1570,5.0,3877.95,6132.55,1573.0,-1.0,128.0,1764617474.0,SIBVL,False
25405954,25405953.0,5.0,3481.025,4991.75,1573.0,-1.0,128.0,1765512429.0,SIBVR,False
25419043,v_25419043_1574,5.0,5836.8,5084.6,1573.0,-1.0,128.0,1760475643.0,SIBVL,False
v_25419043_1574,25419042.0,,5842.8,5097.6,1574.0,,,,SIBVL,True
25460167,25460168.0,5.0,5262.15,6085.6,1574.0,-1.0,128.0,1764357968.0,SIBVR,False
v_25511944_1574,25511943.0,,3877.95,6164.95,1574.0,,,,SIBVL,True
v_25457164_1574,25457163.0,,4312.65,6768.6,1574.0,,,,SIBVR,True
25420893,25420894.0,5.0,4835.8,6577.6,1574.0,-1.0,128.0,1771826768.0,SIBVL,False
25405953,25405952.0,5.0,3469.025,5023.75,1574.0,-1.0,128.0,1765512429.0,SIBVR,False
25419042,v_25419042_1576,5.0,5848.8,5110.6,1575.0,-1.0,128.0,1760475642.0,SIBVL,False
v_25511944_1575,v_25511944_1575,,3877.95,6175.75,1575.0,,,,SIBVL,True
25460168,25460169.0,5.0,5254.15,6085.6,1575.0,-1.0,128.0,1764357968.0,SIBVR,False
25405952,25405951.0,5.0,3477.025,5031.75,1575.0,-1.0,128.0,1765512429.0,SIBVR,False
25420892,25420893.0,5.0,4829.8,6563.6,1575.0,-1.0,128.0,1771826768.0,SIBVL,False
25457164,v_25457164_1574,5.0,4314.15,6764.6,1575.0,-1.0,128.0,1765512429.0,SIBVR,False
25420891,25420892.0,5.0,4827.8,6555.6,1576.0,-1.0,128.0,1771826768.0,SIBVL,False
v_25419042_1576,25419041.0,,5851.8,5146.6,1576.0,,,,SIBVL,True
v_25457165_1576,25457164.0,,4330.65,6742.1,1576.0,,,,SIBVR,True
25405951,25405950.0,5.0,3469.025,5063.75,1576.0,-1.0,128.0,1765512429.0,SIBVR,False
25511944,v_25511944_1574,5.0,3877.95,6186.55,1576.0,-1.0,128.0,1764617474.0,SIBVL,False
25460169,25460170.0,5.0,5260.15,6103.6,1576.0,-1.0,128.0,1764357968.0,SIBVR,False
25457165,v_25457165_1576,5.0,4336.15,6734.6,1577.0,-1.0,128.0,1765512429.0,SIBVR,False
25460170,25460171.0,5.0,5260.15,6103.6,1577.0,-1.0,128.0,1764357968.0,SIBVR,False
25419041,v_25419041_1578,5.0,5854.8,5182.6,1577.0,-1.0,128.0,1760475640.0,SIBVL,False
25405950,25405949.0,5.0,3497.025,5083.75,1577.0,-1.0,128.0,1765512429.0,SIBVR,False
25420890,25420891.0,5.0,4821.8,6553.6,1577.0,-1.0,128.0,1771826768.0,SIBVL,False
v_25511945_1577,25511944.0,,3877.95,6252.55,1577.0,,,,SIBVL,True
25405949,25405948.0,5.0,3429.025,5119.75,1578.0,-1.0,128.0,1765512429.0,SIBVR,False
v_25419041_1578,25419040.0,,5853.8,5200.6,1578.0,,,,SIBVL,True
v_25511945_1578,v_25511945_1578,,3877.95,6274.55,1578.0,,,,SIBVL,True
25420889,25420890.0,5.0,4819.8,6555.6,1578.0,-1.0,128.0,1771826768.0,SIBVL,False
25460171,25460172.0,5.0,5264.15,6113.6,1578.0,-1.0,128.0,1764357968.0,SIBVR,False
25457166,25457165.0,5.0,4350.15,6720.6,1578.0,-1.0,128.0,1765512429.0,SIBVR,False
25405948,25405947.0,5.0,3445.025,5147.75,1579.0,-1.0,128.0,1765512429.0,SIBVR,False
25420888,25420889.0,5.0,4813.8,6565.6,1579.0,-1.0,128.0,1771826768.0,SIBVL,False
25419040,v_25419040_1580,5.0,5852.8,5218.6,1579.0,-1.0,128.0,1760475639.0,SIBVL,False
25511945,v_25511945_1577,5.0,3877.95,6296.55,1579.0,-1.0,128.0,1764617474.0,SIBVL,False
25457167,25457166.0,5.0,4362.15,6706.6,1579.0,-1.0,128.0,1765512429.0,SIBVR,False
25460172,25460173.0,5.0,5270.15,6117.6,1579.0,-1.0,128.0,1764357968.0,SIBVR,False
25457168,25457167.0,5.0,4378.15,6694.6,1580.0,-1.0,128.0,1765512429.0,SIBVR,False
v_25419040_1580,25419039.0,,5867.8,5234.6,1580.0,,,,SIBVL,True
25460173,25460174.0,5.0,5272.15,6117.6,1580.0,-1.0,128.0,1764357968.0,SIBVR,False
25530722,25420888.0,5.0,4813.8,6567.6,1580.0,-1.0,128.0,1771826768.0,SIBVL,False
25405947,25405946.0,5.0,3441.025,5179.75,1580.0,-1.0,128.0,1765512429.0,SIBVR,False
v_25511946_1580,25511945.0,,3861.15,6298.95,1580.0,,,,SIBVL,True
v_25511946_1581,v_25511946_1581,,3855.55,6299.75,1581.0,,,,SIBVL,True
25457169,25457168.0,5.0,4384.15,6696.6,1581.0,-1.0,128.0,1765512429.0,SIBVR,False
25405946,25405945.0,5.0,3453.025,5187.75,1581.0,-1.0,128.0,1765512429.0,SIBVR,False
25460174,25460175.0,5.0,5266.15,6131.6,1581.0,-1.0,128.0,1764357968.0,SIBVR,False
25420887,25530722.0,5.0,4813.8,6569.6,1581.0,-1.0,128.0,1771826768.0,SIBVL,False
25419039,v_25419039_1582,5.0,5882.8,5250.6,1581.0,-1.0,128.0,1760475638.0,SIBVL,False
25460175,25460176.0,5.0,5272.15,6153.6,1582.0,-1.0,128.0,1764357968.0,SIBVR,False
25405945,25405944.0,5.0,3457.025,5199.75,1582.0,-1.0,128.0,1765512429.0,SIBVR,False
25420886,25420887.0,5.0,4813.8,6585.6,1582.0,-1.0,128.0,1771826768.0,SIBVL,False
25459768,25457169.0,5.0,4386.15,6701.6,1582.0,-1.0,128.0,1765512429.0,SIBVR,False
25511946,v_25511946_1580,5.0,3849.95,6300.55,1582.0,-1.0,128.0,1764617474.0,SIBVL,False
v_25419039_1582,25419038.0,,5884.8,5263.6,1582.0,,,,SIBVL,True
25420885,25420886.0,5.0,4805.8,6585.6,1583.0,-1.0,128.0,1771826768.0,SIBVL,False
v_25511947_1583,25511946.0,,3833.45,6360.55,1583.0,,,,SIBVL,True
25405944,25405943.0,5.0,3477.025,5311.75,1583.0,-1.0,128.0,1765512429.0,SIBVR,False
25460176,25460177.0,5.0,5294.15,6171.6,1583.0,-1.0,128.0,1764357968.0,SIBVR,False
25457170,25459768.0,5.0,4392.15,6700.6,1583.0,-1.0,128.0,1765512429.0,SIBVR,False
25419038,v_25419038_1584,5.0,5886.8,5276.6,1583.0,-1.0,128.0,1760475637.0,SIBVL,False
25460177,25460178.0,5.0,5274.15,6229.6,1584.0,-1.0,128.0,1764357968.0,SIBVR,False
v_25420884_1584,25420885.0,,4793.8,6608.1,1584.0,,,,SIBVL,True
v_25457171_1584,25457170.0,,4399.65,6693.1,1584.0,,,,SIBVR,True
25511947,v_25511947_1583,5.0,3827.95,6380.55,1584.0,-1.0,128.0,1764617474.0,SIBVL,False
v_25419038_1584,v_25419038_1585,,5893.6,5282.583333333334,1584.0,,,,SIBVL,True
25405943,25405942.0,5.0,3489.025,5335.75,1584.0,-1.0,128.0,1765512429.0,SIBVR,False
25457171,v_25457171_1584,5.0,4402.15,6690.6,1585.0,-1.0,128.0,1765512429.0,SIBVR,False
25460178,25460179.0,5.0,5274.15,6241.6,1585.0,-1.0,128.0,1764357968.0,SIBVR,False
25405942,25405941.0,5.0,3477.025,5343.75,1585.0,-1.0,128.0,1765512429.0,SIBVR,False
v_25419038_1585,25419037.0,,5900.4,5288.566666666667,1585.0,,,,SIBVL,True
25420884,v_25420884_1584,5.0,4789.8,6615.6,1585.0,-1.0,128.0,1771826768.0,SIBVL,False
v_25511949_1585,25511947.0,,3823.94875,6406.5375,1585.0,,,,SIBVL,True
v_25457172_1586,25457171.0,,4411.15,6683.1,1586.0,,,,SIBVR,True
25419037,25418754.0,5.0,5907.2,5294.55,1586.0,-1.0,128.0,1765467808.0,SIBVL,False
25405941,25405940.0,5.0,3495.8,5438.6,1586.0,-1.0,128.0,1765512429.0,SIBVR,False
25460179,v_25460179_1587,5.0,5278.15,6245.6,1586.0,-1.0,128.0,1764357968.0,SIBVR,False
25419097,25420884.0,5.0,4777.8,6620.6,1586.0,-1.0,128.0,1771826768.0,SIBVL,False
25511949,v_25511949_1585,5.0,3822.615,6415.2,1586.0,-1.0,128.0,1764617474.0,SIBVL,False
25405940,25405939.0,5.0,3477.025,5459.75,1587.0,-1.0,128.0,1765512429.0,SIBVR,False
v_25511950_1587,25511949.0,,3814.61625,6464.2125,1587.0,,,,SIBVL,True
25418754,v_25418754_1588,5.0,5915.8,5314.6,1587.0,-1.0,128.0,1760474884.0,SIBVL,False
v_25460179_1587,25460180.0,,5286.15,6250.6,1587.0,,,,SIBVR,True
25419096,25419097.0,5.0,4767.8,6618.6,1587.0,-1.0,128.0,1771826768.0,SIBVL,False
25511948,25511949.0,5.0,3819.95,6432.55,1587.0,-1.0,128.0,1764617474.0,SIBVL,False
25457172,v_25457172_1586,5.0,4414.15,6680.6,1587.0,-1.0,128.0,1765512429.0,SIBVR,False
25460180,25460181.0,5.0,5294.15,6255.6,1588.0,-1.0,128.0,1764357968.0,SIBVR,False
25457173,25457172.0,5.0,4418.15,6678.6,1588.0,-1.0,128.0,1765512429.0,SIBVR,False
25511950,v_25511950_1587,5.0,3811.95,6480.55,1588.0,-1.0,128.0,1764617474.0,SIBVL,False
v_25418754_1588,25418756.0,,5915.8,5314.6,1588.0,,,,SIBVL,True
25405939,25405938.0,5.0,3489.025,5487.75,1588.0,-1.0,128.0,1765512429.0,SIBVR,False
v_25419095_1588,25419096.0,,4767.8,6608.1,1588.0,,,,SIBVL,True
v_25511951_1589,25511950.0,,3810.45,6516.55,1589.0,,,,SIBVL,True
25460181,25460182.0,5.0,5310.15,6275.6,1589.0,-1.0,128.0,1764357968.0,SIBVR,False
25418756,v_25418756_1590,5.0,5915.8,5314.6,1589.0,756.0,128.0,1760474884.0,SIBVL,False
25405938,25405937.0,5.0,3461.025,5515.75,1589.0,-1.0,128.0,1765512429.0,SIBVR,False
25457174,25457173.0,5.0,4424.15,6656.6,1589.0,-1.0,128.0,1765512429.0,SIBVR,False
25419095,v_25419095_1588,5.0,4767.8,6604.6,1589.0,-1.0,128.0,1771826768.0,SIBVL,False
25460182,25460183.0,5.0,5314.15,6299.6,1590.0,-1.0,128.0,1764357968.0,SIBVR,False
25457175,25457174.0,5.0,4436.15,6640.6,1590.0,-1.0,128.0,1765512429.0,SIBVR,False
v_25419094_1590,25419095.0,,4775.3,6594.1,1590.0,,,,SIBVL,True
v_25418756_1590,25418753.0,,5915.8,5314.6,1590.0,,,,SIBVL,True
25511951,v_25511951_1589,5.0,3809.95,6528.55,1590.0,-1.0,128.0,1764617474.0,SIBVL,False
25405937,25405936.0,5.0,3445.025,5539.75,1590.0,-1.0,128.0,1765512429.0,SIBVR,False
25457176,25457175.0,5.0,4438.15,6636.6,1591.0,-1.0,128.0,1765512429.0,SIBVR,False
25418753,25526659.0,5.0,5915.8,5314.6,1591.0,756.0,128.0,1765485427.0,SIBVL,False
25405936,25405935.0,5.0,3433.025,5571.75,1591.0,-1.0,128.0,1765512429.0,SIBVR,False
v_25511952_1591,25511951.0,,3821.95,6590.05,1591.0,,,,SIBVL,True
25460183,25460184.0,5.0,5314.15,6353.6,1591.0,-1.0,128.0,1764357968.0,SIBVR,False
25419094,v_25419094_1590,5.0,4777.8,6590.6,1591.0,-1.0,128.0,1771826768.0,SIBVL,False
v_25419093_1592,25419094.0,,4779.3,6584.6,1592.0,,,,SIBVL,True
25457177,25457176.0,5.0,4434.15,6612.6,1592.0,-1.0,128.0,1765512429.0,SIBVR,False
25460184,25460185.0,5.0,5320.15,6397.6,1592.0,-1.0,128.0,1764357968.0,SIBVR,False
25511952,v_25511952_1591,5.0,3825.95,6610.55,1592.0,-1.0,128.0,1764617474.0,SIBVL,False
25405935,25405934.0,5.0,3413.025,5531.75,1592.0,-1.0,128.0,1765512429.0,SIBVR,False
25526659,v_25526659_1593,5.0,5927.15,5294.6,1592.0,756.0,128.0,1765485427.0,SIBVL,False
v_25526659_1593,v_25526659_1594,,5920.7,5287.933333333333,1593.0,,,,SIBVL,True
v_25511953_1593,25511952.0,,3827.45,6613.55,1593.0,,,,SIBVL,True
25405934,25405933.0,5.0,3369.025,5627.75,1593.0,-1.0,128.0,1765512429.0,SIBVR,False
25457178,25457177.0,5.0,4424.15,6592.6,1593.0,-1.0,128.0,1765512429.0,SIBVR,False
25419093,v_25419093_1592,5.0,4779.8,6582.6,1593.0,-1.0,128.0,1771826768.0,SIBVL,False
25460185,25460186.0,5.0,5320.15,6425.6,1593.0,-1.0,128.0,1764357968.0,SIBVR,False
25405933,25405662.0,5.0,3349.025,5739.75,1594.0,-1.0,128.0,1765512429.0,SIBVR,False
v_25526659_1594,25418752.0,,5914.25,5281.266666666667,1594.0,,,,SIBVL,True
25457179,25457178.0,5.0,4428.15,6572.6,1594.0,-1.0,128.0,1765512429.0,SIBVR,False
25511953,v_25511953_1593,5.0,3827.95,6614.55,1594.0,-1.0,128.0,1764617474.0,SIBVL,False
v_25419092_1594,25419093.0,,4785.8,6564.6,1594.0,,,,SIBVL,True
25460186,25460187.0,5.0,5318.15,6445.6,1594.0,-1.0,128.0,1764357968.0,SIBVR,False
25460187,25460188.0,5.0,5302.15,6475.6,1595.0,-1.0,128.0,1764357968.0,SIBVR,False
25457180,25457179.0,5.0,4424.15,6542.6,1595.0,-1.0,128.0,1765512429.0,SIBVR,False
25511954,25511953.0,5.0,3843.95,6602.55,1595.0,-1.0,128.0,1764617474.0,SIBVL,False
25419092,v_25419092_1594,5.0,4787.8,6558.6,1595.0,-1.0,128.0,1771826768.0,SIBVL,False
25405662,25405661.0,5.0,3287.025,5843.75,1595.0,-1.0,128.0,1765512429.0,SIBVR,False
25418752,25418755.0,5.0,5907.8,5274.6,1595.0,756.0,128.0,1760474884.0,SIBVL,False
25511955,25511954.0,5.0,3859.95,6601.55,1596.0,-1.0,128.0,1769661069.0,SIBVL,False
25418755,25418751.0,5.0,5923.8,5314.6,1596.0,756.0,128.0,1771826768.0,SIBVL,False
25419091,25419092.0,5.0,4787.15,6553.6,1596.0,-1.0,128.0,1771826768.0,SIBVL,False
25460188,25460189.0,5.0,5296.15,6497.6,1596.0,-1.0,128.0,1764357968.0,SIBVR,False
25405661,25405660.0,5.0,3295.025,5843.75,1596.0,-1.0,128.0,1765512429.0,SIBVR,False
25457181,25457180.0,5.0,4422.15,6534.6,1596.0,-1.0,128.0,1765512429.0,SIBVR,False
25460189,25460190.0,5.0,5260.15,6583.6,1597.0,-1.0,128.0,1764357968.0,SIBVR,False
25514724,25511955.0,5.0,3875.795,6734.0,1597.0,-1.0,128.0,1769662028.0,SIBVL,False
25457182,25457181.0,5.0,4400.15,6510.6,1597.0,-1.0,128.0,1765512429.0,SIBVR,False
25418751,v_25418751_1598,5.0,5939.8,5354.6,1597.0,-1.0,128.0,1771826768.0,SIBVL,False
25419090,25419091.0,5.0,4803.8,6506.6,1597.0,-1.0,128.0,1771826768.0,SIBVL,False
25405660,25405659.0,5.0,3231.025,5803.75,1597.0,-1.0,128.0,1765512429.0,SIBVR,False
25514725,25514724.0,5.0,3893.95,6780.55,1598.0,-1.0,128.0,1764791464.0,SIBVL,False
25405659,25405658.0,5.0,3231.025,5819.75,1598.0,-1.0,128.0,1765512429.0,SIBVR,False
25457183,25457182.0,5.0,4394.15,6498.6,1598.0,-1.0,128.0,1765512429.0,SIBVR,False
v_25418751_1598,v_25418751_1599,,5934.466666666667,5362.6,1598.0,,,,SIBVL,True
25419089,25419090.0,5.0,4807.8,6480.6,1598.0,-1.0,128.0,1771826768.0,SIBVL,False
25460190,25460191.0,5.0,5256.15,6613.6,1598.0,-1.0,128.0,1764357968.0,SIBVR,False
25405658,v_25405658_1600,5.0,3255.025,5803.75,1599.0,-1.0,128.0,1765512429.0,SIBVR,False
25457184,25457183.0,5.0,4394.15,6490.6,1599.0,-1.0,128.0,1765512429.0,SIBVR,False
25460191,25460192.0,5.0,5240.15,6635.6,1599.0,-1.0,128.0,1764357968.0,SIBVR,False
25514726,25514725.0,5.0,3903.795,6796.0,1599.0,-1.0,128.0,1769662083.0,SIBVL,False
25419088,25419089.0,5.0,4839.8,6462.6,1599.0,-1.0,128.0,1771826768.0,SIBVL,False
v_25418751_1599,25418750.0,,5929.133333333333,5370.6,1599.0,,,,SIBVL,True
25419087,25419088.0,5.0,4849.8,6458.6,1600.0,-1.0,128.0,1771826768.0,SIBVL,False
25514727,25514726.0,5.0,3917.95,6832.55,1600.0,-1.0,128.0,1764791474.0,SIBVL,False
v_25405658_1600,v_25405658_1601,,3255.025,5808.55,1600.0,,,,SIBVR,True
25460192,25460193.0,5.0,5246.15,6653.6,1600.0,-1.0,128.0,1764357968.0,SIBVR,False
25457185,25457184.0,5.0,4392.15,6474.6,1600.0,-1.0,128.0,1765512429.0,SIBVR,False
25418750,25419068.0,5.0,5923.8,5378.6,1600.0,-1.0,128.0,1771826768.0,SIBVL,False
25514728,25514727.0,5.0,3951.95,6864.55,1601.0,-1.0,128.0,1764791475.0,SIBVL,False
v_25405658_1601,v_25405658_1602,,3255.025,5813.35,1601.0,,,,SIBVR,True
v_25457186_1601,25457185.0,,4390.65,6471.6,1601.0,,,,SIBVR,True
25419086,25419087.0,5.0,4875.8,6444.6,1601.0,-1.0,128.0,1771826768.0,SIBVL,False
25419068,v_25419068_1602,5.0,5899.8,5390.6,1601.0,-1.0,128.0,1771826768.0,SIBVL,False
25460193,25460194.0,5.0,5226.15,6669.6,1601.0,-1.0,128.0,1764357968.0,SIBVR,False
v_25405658_1602,v_25405658_1603,,3255.025,5818.15,1602.0,,,,SIBVR,True
25457186,v_25457186_1601,5.0,4390.15,6470.6,1602.0,-1.0,128.0,1765512429.0,SIBVR,False
25514729,25514728.0,5.0,3981.95,6908.55,1602.0,-1.0,128.0,1764791477.0,SIBVL,False
25460194,25460195.0,5.0,5224.15,6685.6,1602.0,-1.0,128.0,1764357968.0,SIBVR,False
25419085,25419086.0,5.0,4885.8,6412.6,1602.0,-1.0,128.0,1771826768.0,SIBVL,False
v_25419068_1602,25419069.0,,5861.8,5405.6,1602.0,,,,SIBVL,True
v_25405658_1603,25405663.0,,3255.025,5822.95,1603.0,,,,SIBVR,True
25460195,25460196.0,5.0,5158.15,6709.6,1603.0,-1.0,128.0,1764357968.0,SIBVR,False
25457187,25457186.0,5.0,4314.15,6414.6,1603.0,-1.0,128.0,1765512429.0,SIBVR,False
25526528,25514729.0,5.0,3929.96,6924.55,1603.0,-1.0,128.0,1767978183.0,SIBVL,False
25419084,25419085.0,5.0,4899.8,6344.6,1603.0,-1.0,128.0,1771826768.0,SIBVL,False
25419069,v_25419069_1604,5.0,5823.8,5420.6,1603.0,-1.0,128.0,1771826768.0,SIBVL,False
v_25419069_1604,25419070.0,,5823.8,5420.6,1604.0,,,,SIBVL,True
25460196,v_25460196_1605,5.0,5156.15,6719.6,1604.0,-1.0,128.0,1764357968.0,SIBVR,False
25457188,25457187.0,5.0,4320.15,6426.6,1604.0,-1.0,128.0,1765512429.0,SIBVR,False
25419083,25419084.0,5.0,4913.8,6302.6,1604.0,-1.0,128.0,1771826768.0,SIBVL,False
25405663,25405664.0,5.0,3255.025,5827.75,1604.0,-1.0,128.0,1765512429.0,SIBVR,False
v_25526527_1604,25526528.0,,3940.4525,6959.05,1604.0,,,,SIBVL,True
25419082,25419083.0,5.0,4913.8,6290.6,1605.0,-1.0,128.0,1771826768.0,SIBVL,False
25405664,v_25405664_1606,5.0,3183.025,5763.75,1605.0,757.0,128.0,1765512429.0,SIBVR,False
v_25460196_1605,25460197.0,,5152.15,6731.6,1605.0,,,,SIBVR,True
25457189,25457188.0,5.0,4326.15,6412.6,1605.0,-1.0,128.0,1765512429.0,SIBVR,False
25419070,v_25419070_1606,5.0,5823.8,5420.6,1605.0,-1.0,128.0,1771826768.0,SIBVL,False
25526527,v_25526527_1604,5.0,3943.95,6970.55,1605.0,-1.0,128.0,1767978183.0,SIBVL,False
25419081,25419082.0,5.0,4933.8,6270.6,1606.0,-1.0,128.0,1771826768.0,SIBVL,False
v_25419070_1606,v_25419070_1607,,5823.8,5420.6,1606.0,,,,SIBVL,True
25460197,25460198.0,5.0,5148.15,6743.6,1606.0,-1.0,128.0,1764357968.0,SIBVR,False
v_25405664_1606,25405665.0,,3179.025,5763.75,1606.0,,,,SIBVR,True
25457190,25457189.0,5.0,4332.15,6408.6,1606.0,-1.0,128.0,1765512429.0,SIBVR,False
25526526,25526527.0,5.0,3957.95,6980.55,1606.0,-1.0,128.0,1767978183.0,SIBVL,False
v_25419070_1607,25419071.0,,5823.8,5420.6,1607.0,,,,SIBVL,True
25460198,25460199.0,5.0,5130.55,6774.25,1607.0,-1.0,128.0,1767378531.0,SIBVR,False
v_25526525_1607,25526526.0,,3977.45,7006.05,1607.0,,,,SIBVL,True
25405665,v_25405665_1608,5.0,3175.025,5763.75,1607.0,757.0,128.0,1765512429.0,SIBVR,False
v_25457191_1607,25457190.0,,4318.65,6405.6,1607.0,,,,SIBVR,True
25419080,25419081.0,5.0,4949.8,6252.6,1607.0,-1.0,128.0,1771826768.0,SIBVL,False
25457191,v_25457191_1607,5.0,4314.15,6404.6,1608.0,-1.0,128.0,1765512429.0,SIBVR,False
25419079,25419080.0,5.0,4983.8,6222.6,1608.0,-1.0,128.0,1771826768.0,SIBVL,False
25460199,25460200.0,5.0,5132.15,6781.6,1608.0,-1.0,128.0,1764357968.0,SIBVR,False
v_25405665_1608,v_25405665_1609,,3175.025,5763.75,1608.0,,,,SIBVR,True
25526525,v_25526525_1607,5.0,3983.95,7014.55,1608.0,-1.0,128.0,1767978183.0,SIBVL,False
25419071,v_25419071_1609,5.0,5823.8,5420.6,1608.0,-1.0,128.0,1771826768.0,SIBVL,False
v_25419071_1609,v_25419071_1610,,5770.466666666667,5470.6,1609.0,,,,SIBVL,True
25419078,25419079.0,5.0,4977.8,6208.6,1609.0,-1.0,128.0,1771826768.0,SIBVL,False
v_25457192_1609,25457191.0,,4303.65,6407.6,1609.0,,,,SIBVR,True
v_25405665_1609,25405666.0,,3175.025,5763.75,1609.0,,,,SIBVR,True
v_25526524_1609,25526525.0,,3998.95,7041.55,1609.0,,,,SIBVL,True
25460200,25460201.0,5.0,5132.15,6801.6,1609.0,-1.0,128.0,1764357968.0,SIBVR,False
25405666,25405676.0,5.0,3175.025,5763.75,1610.0,757.0,128.0,1765512429.0,SIBVR,False
25419077,25419078.0,5.0,5007.8,6196.6,1610.0,-1.0,128.0,1771826768.0,SIBVL,False
v_25419071_1610,25419072.0,,5717.133333333333,5520.6,1610.0,,,,SIBVL,True
25460201,25460202.0,5.0,5124.15,6837.6,1610.0,-1.0,128.0,1764357968.0,SIBVR,False
25457192,v_25457192_1609,5.0,4300.15,6408.6,1610.0,-1.0,128.0,1765512429.0,SIBVR,False
25526524,v_25526524_1609,5.0,4003.95,7050.55,1610.0,-1.0,128.0,1767978183.0,SIBVL,False
25526523,25526524.0,5.0,4003.95,7072.55,1611.0,-1.0,128.0,1767978183.0,SIBVL,False
25419072,25419073.0,5.0,5663.8,5570.6,1611.0,-1.0,128.0,1771826768.0,SIBVL,False
25460202,25460203.0,5.0,5108.15,6873.6,1611.0,-1.0,128.0,1764357968.0,SIBVR,False
25419076,25419077.0,5.0,5035.8,6174.6,1611.0,-1.0,128.0,1771826768.0,SIBVL,False
v_25457193_1611,25457192.0,,4294.15,6414.6,1611.0,,,,SIBVR,True
25405676,25405667.0,5.0,3167.025,5771.75,1611.0,757.0,128.0,1765512429.0,SIBVR,False
25457193,v_25457193_1611,5.0,4292.15,6416.6,1612.0,-1.0,128.0,1765512429.0,SIBVR,False
25526522,25526523.0,5.0,3995.95,7094.55,1612.0,-1.0,128.0,1767978183.0,SIBVL,False
25405667,v_25405667_1613,5.0,3159.025,5779.75,1612.0,-1.0,128.0,1765512429.0,SIBVR,False
25460203,25460204.0,5.0,5088.15,6905.6,1612.0,-1.0,128.0,1764357968.0,SIBVR,False
25419073,25419076.0,5.0,5663.8,5570.6,1612.0,-1.0,128.0,1771826768.0,SIBVL,False
25460204,25460205.0,5.0,5074.15,6929.6,1613.0,-1.0,128.0,1764357968.0,SIBVR,False
25526521,25526522.0,5.0,4013.95,7094.55,1613.0,-1.0,128.0,1767978183.0,SIBVL,False
25394559,25535515.0,5.0,3576.855,7936.7,1613.0,-1.0,128.0,1767981399.0,SIBVL,False
25419074,25419073.0,5.0,5613.8,5610.6,1613.0,-1.0,128.0,1760475749.0,SIBVL,False
v_25405667_1613,25405668.0,,3167.025,5763.75,1613.0,,,,SIBVR,True
v_25457194_1613,25457193.0,,4265.75,6431.0,1613.0,,,,SIBVR,True
25405668,25457212.0,5.0,3175.025,5747.75,1614.0,-1.0,128.0,1765512429.0,SIBVR,False
25530427,25526521.0,5.0,4025.0,7116.5,1614.0,-1.0,128.0,1767978183.0,SIBVL,False
v_25457194_1614,v_25457194_1614,,4256.95,6435.8,1614.0,,,,SIBVR,True
25535515,25535516.0,5.0,3715.855,7930.7,1614.0,-1.0,99.0,1767981399.0,SIBVL,False
25394558,25394559.0,5.0,3498.855,7926.7,1614.0,-1.0,128.0,1767981399.0,SIBVL,False
25419075,25419074.0,5.0,5702.0,5585.0,1614.0,-1.0,128.0,1761018160.0,SIBVL,False
25460205,25460206.0,5.0,5062.15,6955.6,1614.0,-1.0,128.0,1764357968.0,SIBVR,False
25530428,25530427.0,5.0,4013.795,7143.0,1615.0,-1.0,128.0,1769661940.0,SIBVL,False
25460206,25460207.0,5.0,5042.15,6975.6,1615.0,-1.0,128.0,1764357968.0,SIBVR,False
25535516,25535517.0,5.0,3727.855,7914.7,1615.0,-1.0,99.0,1767981399.0,SIBVL,False
25438654,25419075.0,5.0,5830.0,5457.0,1615.0,-1.0,128.0,1761018165.0,SIBVL,False
25394557,25394558.0,5.0,3420.855,7892.7,1615.0,-1.0,128.0,1767981399.0,SIBVL,False
25457212,25457211.0,5.0,3175.025,5747.75,1615.0,-1.0,128.0,1765512429.0,SIBVR,False
25457194,v_25457194_1613,5.0,4248.15,6440.6,1615.0,-1.0,128.0,1765512429.0,SIBVR,False
25457211,25457197.0,5.0,3914.15,6502.6,1615.0,-1.0,128.0,1765512429.0,SIBVR,False
25394556,25394557.0,5.0,3366.855,7874.7,1616.0,-1.0,128.0,1767981399.0,SIBVL,False
25438655,25438654.0,5.0,5966.0,5329.0,1616.0,-1.0,128.0,1761018166.0,SIBVL,False
25527011,25530428.0,5.0,4009.0,7154.5,1616.0,-1.0,128.0,1767978183.0,SIBVL,False
25535517,25535518.0,5.0,3749.855,7906.7,1616.0,-1.0,99.0,1767981399.0,SIBVL,False
25457195,25457194.0,5.0,4200.15,6456.6,1616.0,-1.0,128.0,1765512429.0,SIBVR,False
25460207,25460208.0,5.0,5020.15,6989.6,1616.0,-1.0,128.0,1764357968.0,SIBVR,False
25405669,25457212.0,5.0,3175.025,5747.75,1616.0,-1.0,128.0,1765512429.0,SIBVR,False
25457197,25457196.0,5.0,3958.15,6551.6,1616.0,-1.0,128.0,1765512429.0,SIBVR,False
v_25405670_1617,25405669.0,,3175.025,5747.75,1617.0,,,,SIBVR,True
25394555,25394556.0,5.0,3316.855,7860.7,1617.0,-1.0,128.0,1767981399.0,SIBVL,False
25535518,25535519.0,5.0,3787.855,7896.7,1617.0,-1.0,99.0,1767981399.0,SIBVL,False
25460208,25460209.0,5.0,5018.15,6993.6,1617.0,-1.0,128.0,1764357968.0,SIBVR,False
25457196,25457195.0,5.0,4072.15,6560.6,1617.0,-1.0,128.0,1765512429.0,SIBVR,False
v_25527010_1617,25527011.0,,4033.75,7175.875,1617.0,,,,SIBVL,True
25438656,25438655.0,5.0,5974.0,5289.0,1617.0,-1.0,128.0,1761018167.0,SIBVL,False
25405670,v_25405670_1617,5.0,3175.025,5747.75,1618.0,-1.0,128.0,1765512429.0,SIBVR,False
25460209,25460210.0,5.0,4988.15,6997.6,1618.0,-1.0,128.0,1764357968.0,SIBVR,False
25457198,25457196.0,5.0,4078.15,6560.6,1618.0,-1.0,128.0,1765512429.0,SIBVR,False
v_25394554_1618,25394555.0,,3280.855,7844.2,1618.0,,,,SIBVL,True
25535519,25535520.0,5.0,3835.855,7888.7,1618.0,-1.0,99.0,1767981399.0,SIBVL,False
25527010,v_25527010_1617,5.0,4042.0,7183.0,1618.0,-1.0,128.0,1767978183.0,SIBVL,False
25438657,25438656.0,5.0,6006.0,5281.0,1618.0,-1.0,128.0,1761018168.0,SIBVL,False
25457210,25457198.0,5.0,4076.15,6561.6,1619.0,-1.0,128.0,1765512429.0,SIBVR,False
v_25527009_1619,25527010.0,,4060.0,7184.2,1619.0,,,,SIBVL,True
25460210,25460211.0,5.0,4978.15,7009.6,1619.0,-1.0,128.0,1764357968.0,SIBVR,False
25438658,25438657.0,5.0,6062.0,5345.0,1619.0,-1.0,128.0,1761018170.0,SIBVL,False
v_25405671_1619,25405670.0,,3175.025,5747.75,1619.0,,,,SIBVR,True
25535520,25535521.0,3.0,3855.855,7860.7,1619.0,-1.0,99.0,1767981399.0,SIBVL,False
25394554,v_25394554_1618,5.0,3268.855,7838.7,1619.0,-1.0,128.0,1767981399.0,SIBVL,False
v_25394553_1620,25394554.0,,3252.355,7832.7,1620.0,,,,SIBVL,True
25460211,25460212.0,5.0,4964.15,7019.6,1620.0,-1.0,128.0,1764357968.0,SIBVR,False
v_25527009_1620,v_25527009_1620,,4066.0,7184.6,1620.0,,,,SIBVL,True
25438659,25438658.0,5.0,6014.0,5281.0,1620.0,-1.0,128.0,1761018171.0,SIBVL,False
25457199,25457210.0,5.0,4070.15,6572.6,1620.0,-1.0,128.0,1765512429.0,SIBVR,False
25405671,v_25405671_1619,5.0,3175.025,5747.75,1620.0,-1.0,128.0,1765512429.0,SIBVR,False
25535521,25535522.0,5.0,3849.855,7834.7,1620.0,-1.0,99.0,1767981399.0,SIBVL,False
25460212,25460213.0,5.0,4952.15,7029.6,1621.0,-1.0,128.0,1764357968.0,SIBVR,False
v_25438660_1621,25438659.0,,6014.0,5275.0,1621.0,,,,SIBVL,True
25527009,v_25527009_1619,5.0,4072.0,7185.0,1621.0,-1.0,128.0,1767978183.0,SIBVL,False
25457200,25457199.0,5.0,4036.15,6558.6,1621.0,-1.0,128.0,1765512429.0,SIBVR,False
25394553,v_25394553_1620,5.0,3246.855,7830.7,1621.0,-1.0,128.0,1767981399.0,SIBVL,False
25535522,25535523.0,5.0,3865.855,7818.7,1621.0,-1.0,99.0,1767981399.0,SIBVL,False
v_25405672_1621,25405671.0,,3175.025,5747.75,1621.0,,,,SIBVR,True
25457201,25457200.0,5.0,4050.15,6536.6,1622.0,-1.0,128.0,1765512429.0,SIBVR,False
25405672,v_25405672_1621,5.0,3175.025,5747.75,1622.0,-1.0,128.0,1765512429.0,SIBVR,False
25460213,25460214.0,5.0,4934.15,7043.6,1622.0,-1.0,128.0,1764357968.0,SIBVR,False
v_25527008_1622,25527009.0,,4075.0,7185.0,1622.0,,,,SIBVL,True
v_25394552_1622,25394553.0,,3209.355,7835.2,1622.0,,,,SIBVL,True
25405625,25405624.0,5.0,5290.85,7849.7,1622.0,-1.0,128.0,1759336875.0,SIBVR,False
25438660,v_25438660_1621,5.0,6014.0,5273.0,1622.0,-1.0,128.0,1761018172.0,SIBVL,False
25535523,25535524.0,5.0,3859.855,7808.7,1622.0,-1.0,99.0,1767981399.0,SIBVL,False
25474390,25405672.0,5.0,3207.8,5758.6,1623.0,-1.0,128.0,1765512429.0,SIBVR,False
25527008,v_25527008_1622,5.0,4076.0,7185.0,1623.0,-1.0,128.0,1767978183.0,SIBVL,False
25394552,v_25394552_1622,5.0,3196.855,7836.7,1623.0,-1.0,128.0,1767981399.0,SIBVL,False
v_25438661_1623,25438660.0,,6014.0,5273.0,1623.0,,,,SIBVL,True
25457202,25457201.0,5.0,4060.15,6504.6,1623.0,-1.0,128.0,1765512429.0,SIBVR,False
25535524,25535525.0,5.0,3861.855,7816.7,1623.0,-1.0,99.0,1767981399.0,SIBVL,False
25460214,25460215.0,5.0,4910.15,7073.6,1623.0,-1.0,128.0,1764357968.0,SIBVR,False
25405624,25405623.0,5.0,5366.85,7817.7,1623.0,-1.0,128.0,1759336863.0,SIBVR,False
v_25394551_1624,25394552.0,,3172.855,7824.7,1624.0,,,,SIBVL,True
25457203,25457202.0,5.0,4078.15,6472.6,1624.0,-1.0,128.0,1765512429.0,SIBVR,False
25535525,25535526.0,5.0,3855.855,7776.7,1624.0,-1.0,99.0,1767981399.0,SIBVL,False
25527007,25527008.0,5.0,4076.0,7215.0,1624.0,-1.0,128.0,1767978183.0,SIBVL,False
25405623,25405622.0,5.0,5450.85,7813.7,1624.0,-1.0,128.0,1759336859.0,SIBVR,False
25405673,25474390.0,5.0,3199.025,5755.75,1624.0,-1.0,128.0,1765512429.0,SIBVR,False
25460215,25460216.0,5.0,4892.15,7083.6,1624.0,-1.0,128.0,1764357968.0,SIBVR,False
25507559,25405623.0,5.0,5068.85,7821.7,1624.0,-1.0,128.0,1764357968.0,SIBVR,False
25405608,25405607.0,5.0,6394.85,7221.7,1624.0,-1.0,128.0,1759336717.0,SIBVR,False
25438661,v_25438661_1623,5.0,6014.0,5273.0,1624.0,-1.0,128.0,1761018173.0,SIBVL,False
25405622,25405621.0,5.0,5549.6,7769.8,1625.0,-1.0,128.0,1776038505.0,SIBVR,False
v_25530429_1625,25527007.0,,4066.25,7231.125,1625.0,,,,SIBVL,True
v_25438662_1625,25438661.0,,6023.6,5263.4,1625.0,,,,SIBVL,True
v_25457204_1625,25457203.0,,4082.65,6472.6,1625.0,,,,SIBVR,True
25535526,25535527.0,5.0,3855.855,7776.7,1625.0,-1.0,99.0,1767981399.0,SIBVL,False
25460216,25460217.0,5.0,4874.15,7115.6,1625.0,-1.0,128.0,1764357968.0,SIBVR,False
25405607,25405606.0,5.0,6402.85,7221.7,1625.0,-1.0,128.0,1759336713.0,SIBVR,False
25394551,v_25394551_1624,5.0,3164.855,7820.7,1625.0,-1.0,128.0,1767981399.0,SIBVL,False
25507558,25507559.0,5.0,5058.85,7819.7,1625.0,-1.0,128.0,1764357968.0,SIBVR,False
v_25405674_1625,25405673.0,,3229.025,5779.75,1625.0,,,,SIBVR,True
25460217,25460218.0,5.0,4854.15,7125.6,1626.0,-1.0,128.0,1764357968.0,SIBVR,False
25507557,25507558.0,5.0,5008.85,7837.7,1626.0,-1.0,128.0,1764357968.0,SIBVR,False
25405621,25405620.0,5.0,5678.85,7701.7,1626.0,-1.0,128.0,1759336850.0,SIBVR,False
25405606,25405605.0,5.0,6406.85,7221.7,1626.0,-1.0,128.0,1759336711.0,SIBVR,False
25535527,25535528.0,5.0,3851.855,7756.7,1626.0,-1.0,99.0,1767981399.0,SIBVL,False
25457204,v_25457204_1625,5.0,4084.15,6472.6,1626.0,-1.0,128.0,1765512429.0,SIBVR,False
25405674,v_25405674_1625,5.0,3239.025,5787.75,1626.0,-1.0,128.0,1765512429.0,SIBVR,False
25530429,v_25530429_1625,5.0,4063.0,7236.5,1626.0,-1.0,128.0,1767978183.0,SIBVL,False
v_25394550_1626,25394551.0,,3130.355,7811.7,1626.0,,,,SIBVL,True
v_25438662_1626,v_25438662_1626,,6026.8,5260.2,1626.0,,,,SIBVL,True
25507556,25507557.0,5.0,4983.605,7834.75,1627.0,-1.0,128.0,1771731921.0,SIBVR,False
v_25530430_1627,25530429.0,,4076.2,7249.7,1627.0,,,,SIBVL,True
25457205,25457204.0,5.0,4084.15,6474.6,1627.0,-1.0,128.0,1765512429.0,SIBVR,False
25405620,25405619.0,5.0,5718.85,7681.7,1627.0,-1.0,128.0,1759336848.0,SIBVR,False
v_25405675_1627,25405674.0,,3221.025,5775.75,1627.0,,,,SIBVR,True
25405605,25405604.0,5.0,6410.85,7229.7,1627.0,-1.0,128.0,1759336709.0,SIBVR,False
25460218,25460219.0,5.0,4842.15,7145.6,1627.0,-1.0,128.0,1764357968.0,SIBVR,False
25438662,v_25438662_1625,5.0,6030.0,5257.0,1627.0,-1.0,128.0,1761018174.0,SIBVL,False
25535528,25535529.0,5.0,3853.855,7750.7,1627.0,-1.0,99.0,1767981399.0,SIBVL,False
25394550,v_25394550_1626,5.0,3118.855,7808.7,1627.0,-1.0,128.0,1767981399.0,SIBVL,False
v_25507555_1628,25507556.0,,4971.03875,7830.9625,1628.0,,,,SIBVR,True
25405675,v_25405675_1627,5.0,3215.025,5771.75,1628.0,-1.0,128.0,1765512429.0,SIBVR,False
25457206,25457205.0,5.0,4114.15,6476.6,1628.0,-1.0,128.0,1765512429.0,SIBVR,False
25405604,25405603.0,5.0,6394.85,7221.7,1628.0,-1.0,128.0,1759336706.0,SIBVR,False
25405619,25405614.0,5.0,5754.85,7653.7,1628.0,-1.0,128.0,1759336845.0,SIBVR,False
25460219,25460220.0,5.0,4824.15,7169.6,1628.0,-1.0,128.0,1764357968.0,SIBVR,False
25535529,25535530.0,5.0,3871.855,7740.7,1628.0,-1.0,99.0,1767981399.0,SIBVL,False
v_25438663_1628,25438662.0,,6010.8,5247.4,1628.0,,,,SIBVL,True
v_25530430_1628,v_25530430_1628,,4080.6,7254.1,1628.0,,,,SIBVL,True
v_25394549_1628,25394550.0,,3106.855,7808.7,1628.0,,,,SIBVL,True
