node_id,parent_id,confidence,x,y,z,radius,creator_id,edition_time,cell_name,is_vnode
25455809,25455808.0,5.0,4975.0,3492.5,1326.0,-1.0,128.0,1761331845.0,SMDVL,False
25455808,25455807.0,5.0,4925.0,3460.5,1327.0,-1.0,128.0,1761331843.0,SMDVL,False
25455807,25455806.0,5.0,4907.0,3504.5,1328.0,-1.0,128.0,1761331834.0,SMDVL,False
25455806,25455805.0,5.0,4907.0,3508.5,1329.0,-1.0,128.0,1761331831.0,SMDVL,False
25455805,v_25455805_1331,5.0,4893.0,3486.5,1330.0,-1.0,128.0,1761331828.0,SMDVL,False
v_25455805_1331,25455804.0,,4873.0,3455.5,1331.0,,,,SMDVL,True
25455804,25530486.0,5.0,4853.0,3424.5,1332.0,-1.0,128.0,1767476943.0,SMDVL,False
25530486,v_25530486_1334,5.0,4819.005,3387.02,1333.0,-1.0,128.0,1767476943.0,SMDVL,False
v_25530486_1334,25455803.0,,4819.0025000000005,3359.76,1334.0,,,,SMDVL,True
25455803,25455802.0,5.0,4819.0,3332.5,1335.0,-1.0,128.0,1761331825.0,SMDVL,False
25496001,v_25496001_1337,5.0,4078.15,3441.6,1336.0,-1.0,128.0,1764612076.0,SMDVR,False
25455802,25455801.0,5.0,4811.02,3275.02,1336.0,-1.0,128.0,1767477026.0,SMDVL,False
v_25496001_1337,25495987.0,,4062.15,3456.6,1337.0,,,,SMDVR,True
25455801,25455800.0,5.0,4813.0,3198.5,1337.0,-1.0,128.0,1761331818.0,SMDVL,False
25495987,25495986.0,5.0,4046.15,3471.6,1338.0,-1.0,128.0,1764612076.0,SMDVR,False
25455800,25455799.0,5.0,4821.0,3138.5,1338.0,-1.0,128.0,1761331817.0,SMDVL,False
25496000,25495999.0,5.0,4362.15,3019.6,1338.0,-1.0,128.0,1764612076.0,SMDVR,False
25495999,v_25495999_1340,5.0,4316.15,2985.6,1339.0,-1.0,128.0,1764612076.0,SMDVR,False
25495988,25495987.0,5.0,4022.15,3555.6,1339.0,-1.0,128.0,1764612076.0,SMDVR,False
25495986,25495985.0,5.0,4086.15,3395.6,1339.0,-1.0,128.0,1764612076.0,SMDVR,False
25455799,v_25455799_1340,5.0,4799.0,2994.5,1339.0,-1.0,128.0,1761331811.0,SMDVL,False
v_25455799_1340,25455798.0,,4789.0,2984.5,1340.0,,,,SMDVL,True
25495989,25495988.0,5.0,3996.15,3599.6,1340.0,-1.0,128.0,1764612076.0,SMDVR,False
25495985,25495984.0,5.0,4082.15,3395.6,1340.0,-1.0,128.0,1764612076.0,SMDVR,False
v_25495999_1340,25495998.0,,4323.15,2993.6,1340.0,,,,SMDVR,True
25495990,25495989.0,5.0,3962.15,3677.6,1341.0,-1.0,128.0,1764612076.0,SMDVR,False
25495998,25495997.0,5.0,4330.15,3001.6,1341.0,-1.0,128.0,1764612076.0,SMDVR,False
25495984,25495983.0,5.0,4090.15,3391.6,1341.0,-1.0,128.0,1764612076.0,SMDVR,False
25455798,v_25455798_1342,5.0,4779.0,2974.5,1341.0,-1.0,128.0,1761331810.0,SMDVL,False
25495991,25495990.0,5.0,3902.15,3691.6,1342.0,-1.0,128.0,1764612076.0,SMDVR,False
25495983,25495982.0,5.0,4102.15,3331.6,1342.0,-1.0,128.0,1764612076.0,SMDVR,False
25495997,v_25495997_1343,5.0,4330.15,2967.6,1342.0,-1.0,128.0,1764612076.0,SMDVR,False
v_25455798_1342,25455797.0,,4761.0,2969.5,1342.0,,,,SMDVL,True
25455797,v_25455797_1344,5.0,4743.0,2964.5,1343.0,-1.0,128.0,1761331808.0,SMDVL,False
v_25495997_1343,25495996.0,,4333.15,2940.6,1343.0,,,,SMDVR,True
25495982,25495981.0,5.0,4094.15,3255.6,1343.0,-1.0,128.0,1764612076.0,SMDVR,False
25495992,25495991.0,5.0,3842.15,3767.6,1343.0,-1.0,128.0,1764612076.0,SMDVR,False
25495981,25495980.0,5.0,4114.15,3203.6,1344.0,-1.0,128.0,1764612076.0,SMDVR,False
v_25455797_1344,25455796.0,,4730.0,2952.5,1344.0,,,,SMDVL,True
25495993,25495992.0,5.0,3822.15,3781.6,1344.0,-1.0,128.0,1764612076.0,SMDVR,False
25495996,v_25495996_1345,5.0,4336.15,2913.6,1344.0,-1.0,128.0,1764612076.0,SMDVR,False
25455796,v_25455796_1346,5.0,4717.0,2940.5,1345.0,-1.0,128.0,1761331806.0,SMDVL,False
25455834,25455833.0,5.0,5465.0,2572.5,1345.0,-1.0,128.0,1761332013.0,SMDVL,False
25495994,25495993.0,5.0,3774.15,3795.6,1345.0,-1.0,128.0,1764612076.0,SMDVR,False
25495980,25495979.0,5.0,4118.15,3199.6,1345.0,-1.0,128.0,1764612076.0,SMDVR,False
v_25495996_1345,25495995.0,,4328.15,2895.6,1345.0,,,,SMDVR,True
25455833,25455832.0,5.0,5453.0,2568.5,1346.0,-1.0,128.0,1761332009.0,SMDVL,False
25495995,25495978.0,5.0,4320.15,2877.6,1346.0,-1.0,128.0,1764612076.0,SMDVR,False
25495979,25495977.0,5.0,4114.15,3135.6,1346.0,-1.0,128.0,1764612076.0,SMDVR,False
v_25455796_1346,25455795.0,,4702.0,2916.5,1346.0,,,,SMDVL,True
25495978,25495975.0,5.0,4306.15,2887.6,1347.0,-1.0,128.0,1764612076.0,SMDVR,False
25495977,25495975.0,5.0,4106.0,3070.0,1347.0,-1.0,128.0,1764692902.0,SMDVR,False
25455795,25558382.0,5.0,4687.0,2892.5,1347.0,-1.0,128.0,1771476597.0,SMDVL,False
25455832,25455831.0,5.0,5437.0,2568.5,1347.0,-1.0,128.0,1761332005.0,SMDVL,False
25558382,25455794.0,5.0,4671.0,2885.5,1348.0,-1.0,128.0,1771476597.0,SMDVL,False
25495975,25558398.0,5.0,4154.15,2975.6,1348.0,-1.0,128.0,1771476902.0,SMDVR,False
25455831,25455830.0,5.0,5461.0,2608.5,1348.0,-1.0,128.0,1761332003.0,SMDVL,False
25455794,25455793.0,5.0,4655.0,2878.5,1349.0,-1.0,128.0,1761331804.0,SMDVL,False
25455830,25455829.0,5.0,5461.0,2608.5,1349.0,-1.0,128.0,1761332002.0,SMDVL,False
25558398,v_25558398_1350,5.0,4155.485,2956.935,1349.0,-1.0,128.0,1771476902.0,SMDVR,False
25455793,v_25455793_1351,5.0,4633.0,2862.5,1350.0,-1.0,128.0,1761331803.0,SMDVL,False
25455829,25455828.0,5.0,5429.0,2580.5,1350.0,-1.0,128.0,1761332001.0,SMDVL,False
v_25558398_1350,25495976.0,,4156.817499999999,2938.2675,1350.0,,,,SMDVR,True
v_25455793_1351,25455792.0,,4627.0,2862.5,1351.0,,,,SMDVL,True
25455828,25455827.0,5.0,5429.0,2620.5,1351.0,-1.0,128.0,1761332000.0,SMDVL,False
25495976,25496002.0,5.0,4158.15,2919.6,1351.0,-1.0,128.0,1764612076.0,SMDVR,False
25455792,25558956.0,5.0,4621.0,2862.5,1352.0,-1.0,128.0,1771721834.0,SMDVL,False
25496002,25496003.0,5.0,4202.15,2883.6,1352.0,-1.0,128.0,1764612076.0,SMDVR,False
25455827,25455826.0,5.0,5393.0,2668.5,1352.0,-1.0,128.0,1761331997.0,SMDVL,False
25496003,25496004.0,5.0,4208.15,2873.6,1353.0,-1.0,128.0,1764612076.0,SMDVR,False
25455826,25455825.0,5.0,5393.0,2700.5,1353.0,-1.0,128.0,1761331994.0,SMDVL,False
25558956,25455791.0,5.0,4618.0,2863.5,1353.0,-1.0,128.0,1771721834.0,SMDVL,False
25455791,25555951.0,5.0,4615.0,2864.5,1354.0,-1.0,128.0,1770326724.0,SMDVL,False
25455825,25455824.0,5.0,5409.0,2740.5,1354.0,-1.0,128.0,1761331993.0,SMDVL,False
25496004,25496005.0,5.0,4208.15,2873.6,1354.0,-1.0,128.0,1764612076.0,SMDVR,False
25496005,25496006.0,5.0,4226.15,2837.6,1355.0,-1.0,128.0,1764612076.0,SMDVR,False
25555951,25455790.0,5.0,4601.0,2870.5,1355.0,-1.0,128.0,1770326724.0,SMDVL,False
25455824,25455823.0,5.0,5421.0,2780.5,1355.0,-1.0,128.0,1761331992.0,SMDVL,False
25496006,25555974.0,5.0,4242.15,2839.6,1356.0,-1.0,128.0,1770327289.0,SMDVR,False
25455790,25558406.0,5.0,4587.0,2876.5,1356.0,-1.0,128.0,1771477170.0,SMDVL,False
25455823,25455822.0,5.0,5421.0,2780.5,1356.0,-1.0,128.0,1761331971.0,SMDVL,False
25555974,25496007.0,5.0,4249.15,2841.6,1357.0,-1.0,128.0,1770327289.0,SMDVR,False
25558406,25455789.0,5.0,4570.0,2870.5,1357.0,-1.0,128.0,1771477170.0,SMDVL,False
25455822,25455821.0,5.0,5477.0,2784.5,1357.0,-1.0,128.0,1761331963.0,SMDVL,False
25455789,25555961.0,5.0,4553.0,2864.5,1358.0,-1.0,128.0,1770326789.0,SMDVL,False
25455821,25455820.0,5.0,5505.0,2812.5,1358.0,-1.0,128.0,1761331957.0,SMDVL,False
25496007,v_25496007_1359,5.0,4256.15,2843.6,1358.0,-1.0,128.0,1764612076.0,SMDVR,False
25454368,25454367.0,5.0,3507.95,2496.55,1358.0,-1.0,128.0,1764612076.0,SMDVR,False
25454367,25454366.0,5.0,3491.95,2472.55,1359.0,-1.0,128.0,1764612076.0,SMDVR,False
v_25496007_1359,v_25496007_1360,,4267.483333333333,2870.2666666666664,1359.0,,,,SMDVR,True
25455820,25455819.0,5.0,5489.0,2812.5,1359.0,-1.0,128.0,1761331955.0,SMDVL,False
25555961,25455788.0,5.0,4547.0,2860.5,1359.0,-1.0,128.0,1770326789.0,SMDVL,False
25455788,25455784.0,5.0,4541.0,2856.5,1360.0,-1.0,128.0,1761331796.0,SMDVL,False
v_25496007_1360,25496008.0,,4278.816666666667,2896.9333333333334,1360.0,,,,SMDVR,True
25454366,25454365.0,5.0,3503.95,2444.55,1360.0,-1.0,128.0,1764612076.0,SMDVR,False
25455819,25455818.0,5.0,5497.0,2836.5,1360.0,-1.0,128.0,1761331951.0,SMDVL,False
25455818,25455817.0,5.0,5493.0,2840.5,1361.0,-1.0,128.0,1761331946.0,SMDVL,False
25455784,25455783.0,5.0,4521.0,2886.5,1361.0,-1.0,128.0,1761331767.0,SMDVL,False
25454365,25454364.0,5.0,3715.95,2452.55,1361.0,-1.0,128.0,1764612076.0,SMDVR,False
25496008,25496009.0,5.0,4290.15,2923.6,1361.0,-1.0,128.0,1764612076.0,SMDVR,False
25455783,25455782.0,5.0,4573.0,2722.5,1362.0,-1.0,128.0,1761331763.0,SMDVL,False
25455785,25455784.0,5.0,4509.0,3044.5,1362.0,-1.0,128.0,1761331769.0,SMDVL,False
25496009,25496011.0,5.0,4318.15,2775.6,1362.0,-1.0,128.0,1764612076.0,SMDVR,False
25454364,25454363.0,5.0,3875.95,2584.55,1362.0,-1.0,128.0,1764612076.0,SMDVR,False
25496010,25496008.0,5.0,4298.65,2960.6,1362.0,-1.0,128.0,1770327543.0,SMDVR,False
25455817,25455816.0,5.0,5477.0,2812.5,1362.0,-1.0,128.0,1761331944.0,SMDVL,False
25454363,25454362.0,5.0,3903.95,2612.55,1363.0,-1.0,128.0,1764612076.0,SMDVR,False
25455786,25455785.0,5.0,4503.0,3082.5,1363.0,-1.0,128.0,1761331770.0,SMDVL,False
25455782,v_25455782_1364,5.0,4583.0,2708.5,1363.0,-1.0,128.0,1761331757.0,SMDVL,False
25496011,25496012.0,5.0,4290.15,2765.6,1363.0,-1.0,128.0,1764612076.0,SMDVR,False
25455816,25455815.0,5.0,5481.0,2852.5,1363.0,-1.0,128.0,1761331942.0,SMDVL,False
25496015,25496010.0,5.0,4316.15,3007.6,1363.0,-1.0,128.0,1764612076.0,SMDVR,False
25454362,25454361.0,5.0,3923.95,2640.55,1364.0,-1.0,128.0,1764612076.0,SMDVR,False
25496016,25496015.0,5.0,4322.15,3019.6,1364.0,-1.0,128.0,1764612076.0,SMDVR,False
25496012,25496013.0,5.0,4306.15,2761.6,1364.0,-1.0,128.0,1764612076.0,SMDVR,False
25455815,25455814.0,5.0,5473.0,2836.5,1364.0,-1.0,128.0,1761331940.0,SMDVL,False
v_25455782_1364,25455781.0,,4570.0,2711.5,1364.0,,,,SMDVL,True
25455814,25455813.0,5.0,5445.0,2852.5,1365.0,-1.0,128.0,1761331938.0,SMDVL,False
25455781,25455780.0,5.0,4557.0,2714.5,1365.0,-1.0,128.0,1761331755.0,SMDVL,False
25454361,25454360.0,5.0,3943.95,2672.55,1365.0,-1.0,128.0,1764612076.0,SMDVR,False
25496017,25496016.0,5.0,4336.15,3023.6,1365.0,-1.0,128.0,1764612076.0,SMDVR,False
25496013,25454360.0,5.0,4290.15,2771.6,1365.0,-1.0,128.0,1764612076.0,SMDVR,False
25455813,25455812.0,5.0,5361.0,2836.5,1366.0,-1.0,128.0,1761331929.0,SMDVL,False
25455780,25455778.0,5.0,4507.0,2712.5,1366.0,-1.0,128.0,1761331754.0,SMDVL,False
25454360,25454359.0,5.0,4015.95,2692.55,1366.0,-1.0,128.0,1764612076.0,SMDVR,False
25455812,25455811.0,5.0,5373.0,2848.5,1367.0,-1.0,128.0,1761331923.0,SMDVL,False
25455778,25455777.0,5.0,4483.0,2708.5,1367.0,-1.0,128.0,1761331748.0,SMDVL,False
25454359,25454358.0,5.0,4007.95,2708.55,1367.0,-1.0,128.0,1764612076.0,SMDVR,False
25454358,25454357.0,5.0,4083.95,2708.55,1368.0,-1.0,128.0,1764612076.0,SMDVR,False
25455811,25455810.0,5.0,5354.0,2832.5,1368.0,-1.0,128.0,1761331911.0,SMDVL,False
25455777,25455776.0,5.0,4339.0,2742.5,1368.0,-1.0,128.0,1761331742.0,SMDVL,False
25455779,25455778.0,5.0,4705.0,2712.5,1368.0,-1.0,128.0,1761331750.0,SMDVL,False
25455810,25455779.0,5.0,5214.0,2726.5,1369.0,-1.0,128.0,1761331907.0,SMDVL,False
25455776,25555453.0,5.0,4311.0,2740.5,1369.0,-1.0,128.0,1769774499.0,SMDVL,False
25454357,25454356.0,5.0,4027.95,2712.55,1369.0,-1.0,128.0,1764612076.0,SMDVR,False
25455876,25455875.0,5.0,5302.0,2538.5,1370.0,-1.0,128.0,1761332275.0,SMDVL,False
25555453,25455775.0,5.0,4226.025,2772.19,1370.0,-1.0,128.0,1769774499.0,SMDVL,False
25454356,25454355.0,5.0,4103.95,2724.55,1370.0,-1.0,128.0,1764612076.0,SMDVR,False
25455835,25455810.0,5.0,5268.0,2794.5,1370.0,-1.0,128.0,1761332031.0,SMDVL,False
25454355,25454354.0,5.0,4075.95,2724.55,1371.0,-1.0,128.0,1764612076.0,SMDVR,False
25455775,v_25455775_1372,5.0,4229.0,2775.835,1371.0,-1.0,128.0,1761331741.0,SMDVL,False
25455836,25455835.0,5.0,5276.0,2778.5,1371.0,-1.0,128.0,1761332032.0,SMDVL,False
25455875,25455874.0,5.0,5286.0,2538.5,1371.0,-1.0,128.0,1761332273.0,SMDVL,False
v_25455775_1372,25455773.0,,4217.0,2781.1675,1372.0,,,,SMDVL,True
25455837,25455836.0,5.0,5308.0,2806.5,1372.0,-1.0,128.0,1761332034.0,SMDVL,False
25455874,25455873.0,5.0,5310.0,2582.5,1372.0,-1.0,128.0,1761332272.0,SMDVL,False
25454354,25454353.0,5.0,4099.95,2708.55,1372.0,-1.0,128.0,1764612076.0,SMDVR,False
25455873,25455872.0,5.0,5318.0,2602.5,1373.0,-1.0,128.0,1761332271.0,SMDVL,False
25455773,v_25455773_1374,5.0,4205.0,2786.5,1373.0,-1.0,128.0,1761331733.0,SMDVL,False
25455838,25455837.0,5.0,5332.0,2834.5,1373.0,-1.0,128.0,1761332036.0,SMDVL,False
25454353,25454352.0,5.0,4183.95,2652.55,1373.0,-1.0,128.0,1764612076.0,SMDVR,False
25455839,25455838.0,5.0,5372.0,2866.5,1374.0,-1.0,128.0,1761332037.0,SMDVL,False
25455872,25455871.0,5.0,5318.0,2602.5,1374.0,-1.0,128.0,1761332270.0,SMDVL,False
25454352,25454351.0,5.0,4183.95,2656.55,1374.0,-1.0,128.0,1764612076.0,SMDVR,False
v_25455773_1374,25455772.0,,4197.0,2790.5,1374.0,,,,SMDVL,True
25454351,25454348.0,5.0,4179.625,2656.76,1375.0,-1.0,128.0,1769488338.0,SMDVR,False
25455772,v_25455772_1376,5.0,4189.0,2794.5,1375.0,-1.0,128.0,1761331732.0,SMDVL,False
25455871,25455870.0,5.0,5346.0,2618.5,1375.0,-1.0,128.0,1761332269.0,SMDVL,False
25455840,25455839.0,5.0,5356.0,2878.5,1375.0,-1.0,128.0,1761332042.0,SMDVL,False
v_25455772_1376,25455771.0,,4159.0,2797.5,1376.0,,,,SMDVL,True
25454348,25454349.0,5.0,4167.95,2672.55,1376.0,-1.0,128.0,1764612076.0,SMDVR,False
25455841,25455840.0,5.0,5348.0,2870.5,1376.0,-1.0,128.0,1761332046.0,SMDVL,False
25455870,25455844.0,5.0,5318.0,2638.5,1376.0,-1.0,128.0,1761332268.0,SMDVL,False
25455844,25455843.0,5.0,5336.0,2638.5,1377.0,-1.0,128.0,1761332059.0,SMDVL,False
25455842,25455841.0,5.0,5344.0,2862.5,1377.0,-1.0,128.0,1761332049.0,SMDVL,False
25455771,v_25455771_1378,5.0,4129.0,2800.5,1377.0,-1.0,128.0,1761331731.0,SMDVL,False
25456938,25456937.0,5.0,4039.15,2425.6,1377.0,-1.0,128.0,1764612076.0,SMDVR,False
25454349,25454350.0,5.0,4271.95,2660.55,1377.0,-1.0,128.0,1764612076.0,SMDVR,False
25454347,25454349.0,5.0,3927.95,2720.55,1378.0,-1.0,128.0,1764612076.0,SMDVR,False
25454350,25454369.0,5.0,4711.95,2628.55,1378.0,-1.0,128.0,1764612076.0,SMDVR,False
25456937,25456936.0,5.0,3985.15,2427.6,1378.0,-1.0,128.0,1764612076.0,SMDVR,False
v_25455771_1378,25455770.0,,4118.0,2801.5,1378.0,,,,SMDVL,True
25455843,25455842.0,5.0,5020.0,2574.5,1378.0,-1.0,128.0,1761332073.0,SMDVL,False
25455770,25455769.0,5.0,4107.0,2802.5,1379.0,-1.0,128.0,1761331729.0,SMDVL,False
25456936,25456935.0,5.0,3929.15,2429.6,1379.0,-1.0,128.0,1764612076.0,SMDVR,False
25454346,25454347.0,5.0,3927.95,2724.55,1379.0,-1.0,128.0,1764612076.0,SMDVR,False
25454369,25454370.0,5.0,4731.95,2640.55,1379.0,-1.0,128.0,1764612076.0,SMDVR,False
25455845,25455843.0,5.0,5023.6,2604.76,1379.0,-1.0,128.0,1769488235.0,SMDVL,False
25553196,25455845.0,5.0,5765.6,3194.76,1379.0,-1.0,128.0,1769488236.0,SMDVL,False
25454370,25454371.0,5.0,4763.95,2664.55,1380.0,-1.0,128.0,1764612076.0,SMDVR,False
25456935,25456934.0,5.0,3899.15,2459.6,1380.0,-1.0,128.0,1764612076.0,SMDVR,False
25454258,25454346.0,5.0,3879.95,2766.55,1380.0,-1.0,128.0,1764612076.0,SMDVR,False
25455846,25455845.0,5.0,5020.0,2616.5,1380.0,-1.0,128.0,1762319947.0,SMDVL,False
25455769,25455767.0,5.0,4105.0,2808.5,1380.0,-1.0,128.0,1761331726.0,SMDVL,False
25454259,25454258.0,5.0,3767.95,2882.55,1381.0,-1.0,128.0,1764612076.0,SMDVR,False
25454371,25454372.0,5.0,4867.95,2752.55,1381.0,-1.0,128.0,1764612076.0,SMDVR,False
25428554,25455846.0,5.0,5398.0,2986.5,1381.0,-1.0,128.0,1762885353.0,SMDVL,False
25455767,v_25455767_1382,5.0,4039.0,2902.5,1381.0,-1.0,128.0,1761331681.0,SMDVL,False
25456934,25456933.0,5.0,3857.15,2561.6,1381.0,-1.0,128.0,1764612076.0,SMDVR,False
25428552,25428554.0,5.0,5480.0,3025.77,1382.0,-1.0,128.0,1762885353.0,SMDVL,False
25454260,25454259.0,5.0,3735.95,2878.55,1382.0,-1.0,128.0,1764612076.0,SMDVR,False
v_25455767_1382,25455766.0,,4010.0,2897.5,1382.0,,,,SMDVL,True
25454372,25454373.0,5.0,4947.95,2796.55,1382.0,-1.0,128.0,1764612076.0,SMDVR,False
25456933,25454264.0,5.0,3863.15,2525.6,1382.0,-1.0,128.0,1764612076.0,SMDVR,False
25428551,25428552.0,5.0,5750.0,3145.77,1383.0,-1.0,128.0,1762885353.0,SMDVL,False
25428553,25428552.0,5.0,5266.0,2853.77,1383.0,-1.0,128.0,1762885353.0,SMDVL,False
25455766,v_25455766_1384,5.0,3981.0,2892.5,1383.0,-1.0,128.0,1761331679.0,SMDVL,False
25454261,25454260.0,5.0,3688.01,2906.01,1383.0,-1.0,128.0,1769315588.0,SMDVR,False
25454373,25454374.0,5.0,5035.95,2884.55,1383.0,-1.0,128.0,1764612076.0,SMDVR,False
25454264,25454263.0,5.0,3799.95,2554.55,1383.0,-1.0,128.0,1764612076.0,SMDVR,False
25552661,25454261.0,5.0,2854.0,3058.01,1383.0,-1.0,128.0,1769315560.0,SMDVR,False
25454263,25454261.0,5.0,4207.95,2554.55,1384.0,-1.0,128.0,1764612076.0,SMDVR,False
25554159,25454263.0,5.0,3317.0,2919.77,1384.0,-1.0,128.0,1769638918.0,SMDVR,False
25454374,25454375.0,5.0,5087.95,2976.55,1384.0,-1.0,128.0,1764612076.0,SMDVR,False
25428550,25428551.0,5.0,5772.0,3159.77,1384.0,-1.0,128.0,1762885353.0,SMDVL,False
v_25455766_1384,v_25455766_1385,,3945.0,2903.1666666666665,1384.0,,,,SMDVL,True
25438362,25428553.0,5.0,5287.15,2862.6,1384.0,-1.0,128.0,1762885353.0,SMDVL,False
v_25455766_1385,25455765.0,,3909.0,2913.833333333333,1385.0,,,,SMDVL,True
25454375,25454376.0,5.0,5259.95,3040.55,1385.0,-1.0,128.0,1764612076.0,SMDVR,False
25454265,25454263.0,5.0,4119.95,2594.55,1385.0,-1.0,128.0,1764612076.0,SMDVR,False
25428549,25428550.0,5.0,5806.0,3157.77,1385.0,-1.0,128.0,1762885353.0,SMDVL,False
25454376,25454377.0,5.0,5307.95,3072.55,1386.0,-1.0,128.0,1764612076.0,SMDVR,False
25454266,25454265.0,5.0,4031.95,2626.55,1386.0,-1.0,128.0,1764612076.0,SMDVR,False
25428548,25428549.0,5.0,5834.0,3183.77,1386.0,-1.0,128.0,1762885353.0,SMDVL,False
25455765,v_25455765_1387,5.0,3873.0,2924.5,1386.0,-1.0,128.0,1761331678.0,SMDVL,False
v_25455765_1387,25455764.0,,3844.0,2946.5,1387.0,,,,SMDVL,True
25428547,25428548.0,5.0,5858.0,3211.77,1387.0,-1.0,128.0,1762885353.0,SMDVL,False
25454267,25454266.0,5.0,3931.95,2698.55,1387.0,-1.0,128.0,1764612076.0,SMDVR,False
25454377,25454378.0,5.0,5335.95,3088.55,1387.0,-1.0,128.0,1764612076.0,SMDVR,False
25454378,25454379.0,5.0,5359.95,3096.55,1388.0,-1.0,128.0,1764612076.0,SMDVR,False
25454268,25454267.0,5.0,3843.95,2750.55,1388.0,-1.0,128.0,1764612076.0,SMDVR,False
25428546,25428547.0,5.0,5888.0,3223.77,1388.0,-1.0,128.0,1762885353.0,SMDVL,False
25455764,v_25455764_1389,5.0,3815.0,2968.5,1388.0,-1.0,128.0,1761331676.0,SMDVL,False
v_25455764_1389,25455763.0,,3770.0,2995.5,1389.0,,,,SMDVL,True
25428545,25428546.0,5.0,5872.0,3227.77,1389.0,-1.0,128.0,1762885353.0,SMDVL,False
25454269,25454268.0,5.0,3815.95,2778.55,1389.0,-1.0,128.0,1764612076.0,SMDVR,False
25454379,25454380.0,5.0,5407.95,3104.55,1389.0,-1.0,128.0,1764612076.0,SMDVR,False
25428544,25428545.0,5.0,5878.0,3229.77,1390.0,-1.0,128.0,1762885353.0,SMDVL,False
25454380,25454381.0,5.0,5479.95,3096.55,1390.0,-1.0,128.0,1764612076.0,SMDVR,False
25454270,25454269.0,5.0,3803.95,2786.55,1390.0,-1.0,128.0,1764612076.0,SMDVR,False
25455763,25455762.0,5.0,3725.0,3022.5,1390.0,-1.0,128.0,1761331674.0,SMDVL,False
25454381,25454382.0,5.0,5523.95,3124.55,1391.0,-1.0,128.0,1764612076.0,SMDVR,False
25454271,25454270.0,5.0,3739.95,2810.55,1391.0,-1.0,128.0,1764612076.0,SMDVR,False
25428543,25428544.0,5.0,5908.0,3257.77,1391.0,-1.0,128.0,1762885353.0,SMDVL,False
25455762,25555454.0,5.0,3679.0,3056.5,1391.0,-1.0,128.0,1769774516.0,SMDVL,False
25454272,25454271.0,5.0,3683.95,2858.55,1392.0,-1.0,128.0,1764612076.0,SMDVR,False
25555454,25455761.0,5.0,3651.52,3062.02,1392.0,-1.0,128.0,1769774518.0,SMDVL,False
25428542,25428543.0,5.0,5936.0,3265.77,1392.0,-1.0,128.0,1762885353.0,SMDVL,False
25454382,25454383.0,5.0,5651.95,3188.55,1392.0,-1.0,128.0,1764612076.0,SMDVR,False
25454273,25454272.0,5.0,3679.95,2850.55,1393.0,-1.0,128.0,1764612076.0,SMDVR,False
25455761,25455759.0,5.0,3624.0,3095.5,1393.0,-1.0,128.0,1761331638.0,SMDVL,False
25454383,25454384.0,5.0,5791.95,3276.55,1393.0,-1.0,128.0,1764612076.0,SMDVR,False
25428541,25428542.0,5.0,5962.0,3263.77,1393.0,-1.0,128.0,1762885353.0,SMDVL,False
25428540,25428541.0,5.0,5992.0,3263.77,1394.0,-1.0,128.0,1762885353.0,SMDVL,False
25455759,v_25455759_1395,5.0,3611.0,3104.5,1394.0,-1.0,128.0,1761331628.0,SMDVL,False
25454384,25454385.0,5.0,5835.95,3312.55,1394.0,-1.0,128.0,1764612076.0,SMDVR,False
25454274,25454273.0,5.0,3587.95,2868.55,1394.0,-1.0,128.0,1764612076.0,SMDVR,False
25454385,25454386.0,5.0,5879.95,3360.55,1395.0,-1.0,128.0,1764612076.0,SMDVR,False
25454275,25454274.0,5.0,3439.95,2900.55,1395.0,-1.0,128.0,1764612076.0,SMDVR,False
v_25455759_1395,25455758.0,,3567.0,3107.5,1395.0,,,,SMDVL,True
25428539,25428540.0,5.0,6020.0,3267.77,1395.0,-1.0,128.0,1762885353.0,SMDVL,False
25454276,25454275.0,5.0,3415.95,2936.55,1396.0,-1.0,128.0,1764612076.0,SMDVR,False
25455758,25455757.0,5.0,3523.0,3110.5,1396.0,-1.0,128.0,1761331627.0,SMDVL,False
25428538,25428539.0,5.0,6064.0,3251.77,1396.0,-1.0,128.0,1762885353.0,SMDVL,False
25454386,25454387.0,5.0,5919.95,3404.55,1396.0,-1.0,128.0,1764612076.0,SMDVR,False
25455757,25455756.0,5.0,3483.0,3130.5,1397.0,-1.0,128.0,1761331625.0,SMDVL,False
25428537,25428538.0,5.0,6074.0,3251.77,1397.0,-1.0,128.0,1762885353.0,SMDVL,False
25454277,25454276.0,5.0,3363.95,2964.55,1397.0,-1.0,128.0,1764612076.0,SMDVR,False
25454387,25454388.0,5.0,5951.95,3428.55,1397.0,-1.0,128.0,1764612076.0,SMDVR,False
25454388,25489552.0,5.0,6239.95,3712.55,1398.0,-1.0,128.0,1764612076.0,SMDVR,False
25454278,25454277.0,5.0,3295.95,3028.55,1398.0,-1.0,128.0,1764612076.0,SMDVR,False
25455756,,5.0,3477.0,3146.5,1398.0,-1.0,128.0,1761331624.0,SMDVL,False
25428536,25428537.0,5.0,6084.0,3235.77,1398.0,-1.0,128.0,1762885353.0,SMDVL,False
25428535,25428536.0,5.0,6134.0,3299.77,1399.0,-1.0,128.0,1762885353.0,SMDVL,False
25455768,25455756.0,5.0,3317.0,3222.5,1399.0,-1.0,128.0,1761331698.0,SMDVL,False
25489552,25489551.0,5.0,6378.55,3918.2,1399.0,-1.0,128.0,1763152566.0,SMDVR,False
25454279,25454278.0,5.0,3199.95,3128.55,1399.0,-1.0,128.0,1764612076.0,SMDVR,False
25489551,25489550.0,5.0,6416.55,4148.2,1400.0,-1.0,128.0,1763152555.0,SMDVR,False
25454280,25454279.0,5.0,3163.95,3132.55,1400.0,-1.0,128.0,1764612076.0,SMDVR,False
25455979,25455768.0,5.0,3329.0,3244.5,1400.0,-1.0,128.0,1761332449.0,SMDVL,False
25428534,25428535.0,5.0,6130.0,3305.77,1400.0,-1.0,128.0,1762885353.0,SMDVL,False
v_25454281_1401,25454280.0,,3142.95,3165.55,1401.0,,,,SMDVR,True
25489550,25489549.0,5.0,6422.55,4170.2,1401.0,-1.0,128.0,1763152554.0,SMDVR,False
v_25455980_1401,25455979.0,,3291.5,3261.0,1401.0,,,,SMDVL,True
25428533,25428534.0,5.0,6132.0,3307.77,1401.0,-1.0,128.0,1762885353.0,SMDVL,False
25455980,v_25455980_1401,5.0,3279.0,3266.5,1402.0,-1.0,128.0,1761332450.0,SMDVL,False
25428532,25428533.0,5.0,6160.0,3311.77,1402.0,-1.0,128.0,1762885353.0,SMDVL,False
25454281,v_25454281_1401,5.0,3135.95,3176.55,1402.0,-1.0,128.0,1764612076.0,SMDVR,False
25489549,25489548.0,5.0,6422.55,4258.2,1402.0,-1.0,128.0,1763152552.0,SMDVR,False
25489548,v_25489548_1404,5.0,6418.55,4312.2,1403.0,-1.0,128.0,1763152551.0,SMDVR,False
v_25454282_1403,25454281.0,,3120.95,3185.55,1403.0,,,,SMDVR,True
v_25455981_1403,25455980.0,,3238.5,3265.0,1403.0,,,,SMDVL,True
25428531,25428532.0,5.0,6176.0,3335.77,1403.0,-1.0,128.0,1762885353.0,SMDVL,False
v_25489548_1404,25489547.0,,6418.55,4350.2,1404.0,,,,SMDVR,True
25455981,v_25455981_1403,5.0,3225.0,3264.5,1404.0,-1.0,128.0,1761332452.0,SMDVL,False
25428530,25428531.0,5.0,6212.0,3355.77,1404.0,-1.0,128.0,1762885353.0,SMDVL,False
25454282,v_25454282_1403,5.0,3115.95,3188.55,1404.0,-1.0,128.0,1764612076.0,SMDVR,False
v_25455983_1405,25455981.0,,3165.0,3296.0,1405.0,,,,SMDVL,True
v_25454283_1405,25454282.0,,3070.35,3226.9500000000003,1405.0,,,,SMDVR,True
25456112,25456111.0,5.0,2858.0,5810.5,1405.0,-1.0,128.0,1761332645.0,SMDVL,False
25428529,25428530.0,5.0,6200.0,3353.77,1405.0,-1.0,128.0,1762885353.0,SMDVL,False
25489547,25489546.0,5.0,6418.55,4388.2,1405.0,-1.0,128.0,1763152549.0,SMDVR,False
25455983,v_25455983_1405,5.0,3145.0,3306.5,1406.0,-1.0,128.0,1761332453.0,SMDVL,False
25489546,25530398.0,5.0,6428.55,4450.2,1406.0,-1.0,128.0,1767380987.0,SMDVR,False
25428528,25428529.0,5.0,6194.0,3363.77,1406.0,-1.0,128.0,1762885353.0,SMDVL,False
25456111,25456110.0,5.0,2864.0,5824.5,1406.0,-1.0,128.0,1761332642.0,SMDVL,False
v_25454283_1406,v_25454283_1406,,3055.15,3239.75,1406.0,,,,SMDVR,True
25454283,v_25454283_1405,5.0,3039.95,3252.55,1407.0,-1.0,128.0,1764612076.0,SMDVR,False
25456110,v_25456110_1408,5.0,2874.0,5838.5,1407.0,-1.0,128.0,1761332641.0,SMDVL,False
25530398,25489545.0,5.0,6422.0,4511.78,1407.0,-1.0,128.0,1767380987.0,SMDVR,False
v_25455986_1407,25455983.0,,3112.0,3329.0,1407.0,,,,SMDVL,True
v_25428527_1407,25428528.0,,6189.5,3377.27,1407.0,,,,SMDVL,True
25489545,v_25489545_1409,5.0,6400.55,4542.2,1408.0,-1.0,128.0,1763152546.0,SMDVR,False
25455986,v_25455986_1407,5.0,3101.0,3336.5,1408.0,-1.0,128.0,1761332454.0,SMDVL,False
25454284,25454283.0,5.0,3015.95,3268.55,1408.0,-1.0,128.0,1764612076.0,SMDVR,False
v_25456110_1408,25456109.0,,2881.0,5844.5,1408.0,,,,SMDVL,True
25428527,v_25428527_1407,5.0,6188.0,3381.77,1408.0,-1.0,128.0,1762885353.0,SMDVL,False
v_25455989_1409,25455986.0,,3084.5,3353.0,1409.0,,,,SMDVL,True
v_25454285_1409,25454284.0,,2988.95,3286.55,1409.0,,,,SMDVR,True
v_25489545_1409,25489544.0,,6396.55,4572.2,1409.0,,,,SMDVR,True
25456109,25456108.0,5.0,2888.0,5850.5,1409.0,-1.0,128.0,1761332639.0,SMDVL,False
v_25428526_1409,25428527.0,,6201.5,3401.27,1409.0,,,,SMDVL,True
25489544,25489543.0,5.0,6392.55,4602.2,1410.0,-1.0,128.0,1763152545.0,SMDVR,False
25455989,v_25455989_1409,5.0,3079.0,3358.5,1410.0,-1.0,128.0,1761332455.0,SMDVL,False
25489468,v_25489468_1411,5.0,4686.55,6330.2,1410.0,-1.0,128.0,1763152146.0,SMDVR,False
25456108,25456107.0,5.0,2900.0,5826.5,1410.0,-1.0,128.0,1761332638.0,SMDVL,False
25454285,v_25454285_1409,5.0,2979.95,3292.55,1410.0,-1.0,128.0,1764612076.0,SMDVR,False
25428526,v_25428526_1409,5.0,6206.0,3407.77,1410.0,-1.0,128.0,1762896290.0,SMDVL,False
v_25428525_1411,25428526.0,,6221.0,3413.77,1411.0,,,,SMDVL,True
v_25455991_1411,25455989.0,,3051.4,3362.1,1411.0,,,,SMDVL,True
v_25454286_1411,25454285.0,,2961.95,3310.55,1411.0,,,,SMDVR,True
v_25489468_1411,25489467.0,,4694.55,6328.2,1411.0,,,,SMDVR,True
25489543,25489542.0,5.0,6398.55,4634.2,1411.0,-1.0,128.0,1763152544.0,SMDVR,False
25456107,25456106.0,5.0,2910.0,5842.5,1411.0,-1.0,128.0,1761332637.0,SMDVL,False
25456106,25456105.0,5.0,2924.0,5858.5,1412.0,-1.0,128.0,1761332636.0,SMDVL,False
25428525,v_25428525_1411,5.0,6226.0,3415.77,1412.0,-1.0,128.0,1762885353.0,SMDVL,False
25489467,25489466.0,5.0,4702.55,6326.2,1412.0,-1.0,128.0,1763152145.0,SMDVR,False
v_25455991_1412,v_25455991_1412,,3042.2,3363.3,1412.0,,,,SMDVL,True
25489542,25489541.0,5.0,6382.55,4692.2,1412.0,-1.0,128.0,1763152542.0,SMDVR,False
25454286,v_25454286_1411,5.0,2955.95,3316.55,1412.0,-1.0,128.0,1764612076.0,SMDVR,False
v_25454287_1413,25454286.0,,2940.95,3331.55,1413.0,,,,SMDVR,True
v_25428524_1413,25428525.0,,6229.0,3429.27,1413.0,,,,SMDVL,True
25489466,v_25489466_1414,5.0,4702.55,6326.2,1413.0,-1.0,128.0,1763152144.0,SMDVR,False
25455991,v_25455991_1411,5.0,3033.0,3364.5,1413.0,-1.0,128.0,1761332457.0,SMDVL,False
25489541,25489540.0,5.0,6382.55,4734.2,1413.0,-1.0,128.0,1763152541.0,SMDVR,False
25456105,v_25456105_1414,5.0,2924.0,5880.5,1413.0,-1.0,128.0,1761332634.0,SMDVL,False
v_25489466_1414,25489465.0,,4702.55,6326.2,1414.0,,,,SMDVR,True
25454287,v_25454287_1413,5.0,2935.95,3336.55,1414.0,-1.0,128.0,1764612076.0,SMDVR,False
25489540,25489539.0,5.0,6368.55,4762.2,1414.0,-1.0,128.0,1763152540.0,SMDVR,False
25428524,v_25428524_1413,5.0,6230.0,3433.77,1414.0,-1.0,128.0,1762885353.0,SMDVL,False
v_25455993_1414,25455991.0,,3012.0,3367.5,1414.0,,,,SMDVL,True
v_25456105_1414,25456104.0,,2928.0,5895.5,1414.0,,,,SMDVL,True
25428523,25428524.0,5.0,6254.0,3451.77,1415.0,-1.0,128.0,1762885353.0,SMDVL,False
25489539,25489538.0,5.0,6334.55,4846.2,1415.0,-1.0,128.0,1763152538.0,SMDVR,False
25456104,v_25456104_1416,5.0,2932.0,5910.5,1415.0,-1.0,128.0,1761332633.0,SMDVL,False
25454288,25454287.0,5.0,2943.95,3312.55,1415.0,-1.0,128.0,1764612076.0,SMDVR,False
25489465,25489464.0,5.0,4702.55,6326.2,1415.0,-1.0,128.0,1763152143.0,SMDVR,False
25455993,v_25455993_1414,5.0,3005.0,3368.5,1415.0,-1.0,128.0,1761332458.0,SMDVL,False
25489454,25489453.0,5.0,5608.55,6038.2,1416.0,-1.0,128.0,1763152121.0,SMDVR,False
25489464,v_25489464_1417,5.0,4742.55,6296.2,1416.0,-1.0,128.0,1763152142.0,SMDVR,False
25489538,v_25489538_1417,5.0,6286.55,4910.2,1416.0,-1.0,128.0,1763152536.0,SMDVR,False
25454289,25454288.0,5.0,2959.95,3300.55,1416.0,-1.0,128.0,1764612076.0,SMDVR,False
v_25428522_1416,25428523.0,,6279.5,3471.27,1416.0,,,,SMDVL,True
v_25456104_1416,25456103.0,,2929.0,5920.5,1416.0,,,,SMDVL,True
v_25455995_1416,25455993.0,,2963.0,3407.5,1416.0,,,,SMDVL,True
v_25489464_1417,25489463.0,,4732.55,6291.2,1417.0,,,,SMDVR,True
v_25489538_1417,25489537.0,,6239.55,4963.2,1417.0,,,,SMDVR,True
25456103,25456102.0,5.0,2926.0,5930.5,1417.0,-1.0,128.0,1761332632.0,SMDVL,False
25454290,25454289.0,5.0,2955.95,3288.55,1417.0,-1.0,128.0,1764612076.0,SMDVR,False
25428522,v_25428522_1416,5.0,6288.0,3477.77,1417.0,-1.0,128.0,1762885353.0,SMDVL,False
25489453,25489452.0,5.0,5602.55,6066.2,1417.0,-1.0,128.0,1763152120.0,SMDVR,False
25455995,v_25455995_1416,5.0,2949.0,3420.5,1417.0,-1.0,128.0,1761332459.0,SMDVL,False
25454291,25454290.0,5.0,2939.95,3312.55,1418.0,-1.0,128.0,1764612076.0,SMDVR,False
25489537,25489536.0,5.0,6192.55,5016.2,1418.0,-1.0,128.0,1763152534.0,SMDVR,False
25489463,25489462.0,5.0,4722.55,6286.2,1418.0,-1.0,128.0,1763152141.0,SMDVR,False
25489452,25489451.0,5.0,5594.55,6048.2,1418.0,-1.0,128.0,1763152119.0,SMDVR,False
25456102,25553145.0,5.0,2978.0,5968.5,1418.0,-1.0,128.0,1769487279.0,SMDVL,False
25428520,25428522.0,5.0,6298.0,3477.77,1418.0,-1.0,128.0,1762885353.0,SMDVL,False
25456006,25455995.0,5.0,2943.0,3434.5,1418.0,-1.0,128.0,1761332465.0,SMDVL,False
25553145,25456101.0,5.0,2979.0,5972.5,1419.0,-1.0,128.0,1769487279.0,SMDVL,False
v_25428519_1419,25428520.0,,6317.5,3489.77,1419.0,,,,SMDVL,True
25489536,25489535.0,5.0,6164.55,5062.2,1419.0,-1.0,128.0,1763152533.0,SMDVR,False
25489462,v_25489462_1420,5.0,4722.55,6286.2,1419.0,-1.0,128.0,1763152140.0,SMDVR,False
25489451,25489450.0,5.0,5602.55,6058.2,1419.0,-1.0,128.0,1763152118.0,SMDVR,False
25456010,25456006.0,5.0,2896.55,3444.2,1419.0,-1.0,128.0,1766104908.0,SMDVL,False
25454292,25454291.0,5.0,2923.95,3336.55,1419.0,-1.0,128.0,1764612076.0,SMDVR,False
25428519,v_25428519_1419,5.0,6324.0,3493.77,1420.0,-1.0,128.0,1762885353.0,SMDVL,False
25456101,25456100.0,5.0,2980.0,5976.5,1420.0,-1.0,128.0,1761332615.0,SMDVL,False
25489535,25489534.0,5.0,6124.55,5122.2,1420.0,-1.0,128.0,1763152531.0,SMDVR,False
25456011,25456010.0,5.0,2879.0,3464.5,1420.0,-1.0,128.0,1761332472.0,SMDVL,False
25489450,v_25489450_1421,5.0,5602.55,6058.2,1420.0,-1.0,128.0,1763152117.0,SMDVR,False
v_25489462_1420,25489461.0,,4725.55,6292.2,1420.0,,,,SMDVR,True
v_25454293_1420,25454292.0,,2890.95,3345.55,1420.0,,,,SMDVR,True
25489461,25489460.0,5.0,4728.55,6298.2,1421.0,-1.0,128.0,1763152139.0,SMDVR,False
v_25489450_1421,25489449.0,,5611.55,6047.2,1421.0,,,,SMDVR,True
25456015,25456011.0,5.0,2877.0,3482.5,1421.0,-1.0,128.0,1761332475.0,SMDVL,False
25428518,25428519.0,5.0,6354.0,3511.77,1421.0,-1.0,128.0,1762885353.0,SMDVL,False
25456100,v_25456100_1422,5.0,2980.0,5976.5,1421.0,-1.0,128.0,1761332608.0,SMDVL,False
25489534,25489533.0,5.0,6076.55,5194.2,1421.0,-1.0,128.0,1763152530.0,SMDVR,False
25454293,v_25454293_1420,5.0,2879.95,3348.55,1421.0,-1.0,128.0,1764612076.0,SMDVR,False
v_25456100_1422,25456099.0,,2980.0,5976.5,1422.0,,,,SMDVL,True
25454294,25454293.0,5.0,2875.95,3332.55,1422.0,-1.0,128.0,1764612076.0,SMDVR,False
25456018,25456015.0,5.0,2753.0,3572.5,1422.0,-1.0,128.0,1761332481.0,SMDVL,False
25489533,25489448.0,5.0,5992.55,5300.2,1422.0,-1.0,128.0,1763152529.0,SMDVR,False
25489460,v_25489460_1423,5.0,4728.55,6308.2,1422.0,-1.0,128.0,1763152138.0,SMDVR,False
25489449,25489447.0,5.0,5620.55,6036.2,1422.0,-1.0,128.0,1763152115.0,SMDVR,False
25428517,25428518.0,5.0,6386.0,3533.77,1422.0,-1.0,128.0,1762885353.0,SMDVL,False
v_25489460_1423,25489459.0,,4728.55,6308.2,1423.0,,,,SMDVR,True
25456099,25555773.0,5.0,2980.0,5976.5,1423.0,-1.0,128.0,1770135786.0,SMDVL,False
25456021,25456018.0,5.0,2685.0,3626.5,1423.0,-1.0,128.0,1761332485.0,SMDVL,False
25489448,25489446.0,5.0,5898.55,5376.2,1423.0,-1.0,128.0,1763152105.0,SMDVR,False
25489447,25489446.0,5.0,5606.55,6022.2,1423.0,-1.0,128.0,1763152102.0,SMDVR,False
25428516,25428517.0,5.0,6438.0,3529.77,1423.0,-1.0,128.0,1762885353.0,SMDVL,False
25454295,25454294.0,5.0,2875.95,3328.55,1423.0,-1.0,128.0,1764612076.0,SMDVR,False
25456138,25456135.0,5.0,3979.0,6320.5,1423.0,-1.0,128.0,1761332725.0,SMDVL,False
25489446,25489445.0,5.0,5630.55,5784.2,1424.0,-1.0,128.0,1763152099.0,SMDVR,False
25428515,25428516.0,5.0,6474.0,3511.77,1424.0,-1.0,128.0,1762885353.0,SMDVL,False
25489459,25489458.0,5.0,4728.55,6308.2,1424.0,-1.0,128.0,1763152137.0,SMDVR,False
25456022,25456021.0,5.0,2649.0,3660.5,1424.0,-1.0,128.0,1761332486.0,SMDVL,False
25456135,25456132.0,5.0,3979.0,6320.5,1424.0,-1.0,128.0,1761332724.0,SMDVL,False
25555773,25456098.0,5.0,2985.0,5975.5,1424.0,-1.0,128.0,1770135786.0,SMDVL,False
v_25454296_1424,25454295.0,,2821.95,3334.55,1424.0,,,,SMDVR,True
25454296,v_25454296_1424,5.0,2803.95,3336.55,1425.0,-1.0,128.0,1764612076.0,SMDVR,False
25489458,v_25489458_1426,5.0,4732.55,6308.2,1425.0,-1.0,128.0,1763152135.0,SMDVR,False
25489445,25554198.0,5.0,5596.55,5886.2,1425.0,-1.0,128.0,1769639596.0,SMDVR,False
25456025,25456022.0,5.0,2433.0,3896.5,1425.0,-1.0,128.0,1761332490.0,SMDVL,False
25456098,25456097.0,5.0,2990.0,5974.5,1425.0,-1.0,128.0,1761332605.0,SMDVL,False
25456132,25456131.0,5.0,3989.0,6326.5,1425.0,-1.0,128.0,1761332723.0,SMDVL,False
25428514,25428515.0,5.0,6502.0,3507.77,1425.0,-1.0,128.0,1762885353.0,SMDVL,False
25456131,v_25456131_1427,5.0,3985.0,6378.5,1426.0,-1.0,128.0,1761332721.0,SMDVL,False
25456097,25456096.0,5.0,2988.0,5962.5,1426.0,-1.0,128.0,1761332604.0,SMDVL,False
v_25489458_1426,25489457.0,,4762.55,6283.2,1426.0,,,,SMDVR,True
25454297,25454296.0,5.0,2771.95,3356.55,1426.0,-1.0,128.0,1764612076.0,SMDVR,False
25554198,25489443.0,5.0,5593.55,5895.2,1426.0,-1.0,128.0,1769639596.0,SMDVR,False
25456030,25456025.0,5.0,2387.0,3994.5,1426.0,-1.0,128.0,1761332492.0,SMDVL,False
v_25428513_1426,25428514.0,,6520.0,3516.77,1426.0,,,,SMDVL,True
v_25456131_1427,25456130.0,,3981.0,6377.5,1427.0,,,,SMDVL,True
25456033,25456030.0,5.0,2367.0,4030.5,1427.0,-1.0,128.0,1761332493.0,SMDVL,False
25489443,25489441.0,5.0,5593.55,5905.2,1427.0,-1.0,128.0,1769773877.0,SMDVR,False
25456096,25456094.0,5.0,2968.0,5918.5,1427.0,-1.0,128.0,1761332603.0,SMDVL,False
25454298,25454297.0,5.0,2763.95,3337.55,1427.0,-1.0,128.0,1764612076.0,SMDVR,False
25489457,v_25489457_1428,5.0,4792.55,6258.2,1427.0,-1.0,128.0,1763152134.0,SMDVR,False
25428513,v_25428513_1426,5.0,6526.0,3519.77,1427.0,-1.0,128.0,1762885353.0,SMDVL,False
25428512,25428513.0,5.0,6550.0,3519.77,1428.0,-1.0,128.0,1762885353.0,SMDVL,False
25456094,25456093.0,5.0,2920.0,5814.5,1428.0,-1.0,128.0,1761332594.0,SMDVL,False
v_25489457_1428,25489456.0,,4796.55,6253.2,1428.0,,,,SMDVR,True
25456130,25456129.0,5.0,3977.0,6376.5,1428.0,-1.0,128.0,1761332720.0,SMDVL,False
25489441,25489440.0,5.0,5504.55,6194.2,1428.0,-1.0,128.0,1763152085.0,SMDVR,False
25489444,25489443.0,5.0,5788.55,5510.2,1428.0,-1.0,128.0,1763152093.0,SMDVR,False
25456039,25456033.0,5.0,2329.0,4170.5,1428.0,-1.0,128.0,1761332496.0,SMDVL,False
25454299,25454298.0,5.0,2741.95,3357.55,1428.0,-1.0,128.0,1764612076.0,SMDVR,False
25454300,25454299.0,5.0,2731.95,3381.55,1429.0,-1.0,128.0,1764612076.0,SMDVR,False
25489456,25489455.0,5.0,4800.55,6248.2,1429.0,-1.0,128.0,1763152133.0,SMDVR,False
25489440,25489439.0,5.0,5450.55,6276.2,1429.0,-1.0,128.0,1763152082.0,SMDVR,False
25456041,25456039.0,5.0,2291.0,4300.5,1429.0,-1.0,128.0,1761332499.0,SMDVL,False
25456095,25456094.0,5.0,3058.0,6028.5,1429.0,-1.0,128.0,1761332597.0,SMDVL,False
25456093,25456092.0,5.0,2796.0,5656.5,1429.0,-1.0,128.0,1761332593.0,SMDVL,False
25428511,25428512.0,5.0,6590.0,3525.77,1429.0,-1.0,128.0,1762885353.0,SMDVL,False
25456129,25456128.0,5.0,3971.0,6372.5,1429.0,-1.0,128.0,1761332719.0,SMDVL,False
v_25489531_1429,25489444.0,,5755.55,5501.2,1429.0,,,,SMDVR,True
25456092,25456091.0,5.0,2782.0,5616.5,1430.0,-1.0,128.0,1761332588.0,SMDVL,False
25489531,v_25489531_1429,5.0,5744.55,5498.2,1430.0,-1.0,128.0,1763152517.0,SMDVR,False
25456042,25456041.0,5.0,2281.0,4358.5,1430.0,-1.0,128.0,1761332501.0,SMDVL,False
25456128,25456127.0,5.0,3971.0,6372.5,1430.0,-1.0,128.0,1761332718.0,SMDVL,False
v_25456113_1430,25456095.0,,3130.6,6108.9,1430.0,,,,SMDVL,True
25454301,25454300.0,5.0,2737.95,3409.55,1430.0,-1.0,128.0,1764612076.0,SMDVR,False
25428510,25428511.0,5.0,6618.0,3513.77,1430.0,-1.0,128.0,1762885353.0,SMDVL,False
25489439,25489438.0,5.0,5432.55,6312.2,1430.0,-1.0,128.0,1763152081.0,SMDVR,False
25489455,25489437.0,5.0,4800.55,6248.2,1430.0,-1.0,128.0,1763152132.0,SMDVR,False
v_25454302_1431,25454301.0,,2745.45,3399.05,1431.0,,,,SMDVR,True
25456127,25456126.0,5.0,3971.0,6372.5,1431.0,-1.0,128.0,1761332717.0,SMDVL,False
25456091,25456090.0,5.0,2782.0,5592.5,1431.0,-1.0,128.0,1761332587.0,SMDVL,False
25428509,25428510.0,5.0,6632.0,3527.77,1431.0,-1.0,128.0,1762885353.0,SMDVL,False
25456044,25456042.0,5.0,2281.0,4428.5,1431.0,-1.0,128.0,1761332502.0,SMDVL,False
v_25456113_1431,v_25456113_1431,,3154.8,6135.7,1431.0,,,,SMDVL,True
25489532,25489531.0,5.0,5748.55,5502.2,1431.0,-1.0,128.0,1763152519.0,SMDVR,False
25489438,25489436.0,5.0,5378.55,6342.2,1431.0,-1.0,128.0,1763152080.0,SMDVR,False
25489437,25489436.0,5.0,4814.55,6230.2,1431.0,-1.0,128.0,1763152076.0,SMDVR,False
25428508,25428509.0,5.0,6636.0,3535.77,1432.0,-1.0,128.0,1762885353.0,SMDVL,False
25489436,25489435.0,5.0,5184.55,6390.2,1432.0,-1.0,128.0,1763152074.0,SMDVR,False
25456126,25456125.0,5.0,3971.0,6372.5,1432.0,-1.0,128.0,1761332716.0,SMDVL,False
25456113,v_25456113_1430,5.0,3179.0,6162.5,1432.0,-1.0,128.0,1761332662.0,SMDVL,False
25456045,25456044.0,5.0,2293.0,4508.5,1432.0,-1.0,128.0,1761332503.0,SMDVL,False
25454302,v_25454302_1431,5.0,2747.95,3395.55,1432.0,-1.0,128.0,1764612076.0,SMDVR,False
25456090,25456089.0,5.0,2776.0,5568.5,1432.0,-1.0,128.0,1761332586.0,SMDVL,False
25559400,25456113.0,5.0,3202.0,6189.5,1433.0,-1.0,128.0,1771829612.0,SMDVL,False
25489435,25555413.0,5.0,5164.55,6396.2,1433.0,-1.0,128.0,1769773946.0,SMDVR,False
v_25428507_1433,25428508.0,,6639.0,3540.27,1433.0,,,,SMDVL,True
25456089,25456088.0,5.0,2782.0,5550.5,1433.0,-1.0,128.0,1761332585.0,SMDVL,False
v_25454303_1433,25454302.0,,2726.95,3412.05,1433.0,,,,SMDVR,True
25456047,25456045.0,5.0,2293.0,4602.5,1433.0,-1.0,128.0,1761332504.0,SMDVL,False
25456125,25456124.0,5.0,3959.0,6352.5,1433.0,-1.0,128.0,1761332714.0,SMDVL,False
25428507,v_25428507_1433,5.0,6640.0,3541.77,1434.0,-1.0,128.0,1762885353.0,SMDVL,False
25456124,25456123.0,5.0,3969.0,6346.5,1434.0,-1.0,128.0,1761332713.0,SMDVL,False
25456122,25456121.0,5.0,3653.0,6476.5,1434.0,-1.0,128.0,1761332705.0,SMDVL,False
25456088,25456087.0,5.0,2780.0,5512.5,1434.0,-1.0,128.0,1761332584.0,SMDVL,False
25456048,25456047.0,5.0,2287.0,4636.5,1434.0,-1.0,128.0,1761332506.0,SMDVL,False
25454303,v_25454303_1433,5.0,2719.95,3417.55,1434.0,-1.0,128.0,1764612076.0,SMDVR,False
25456114,25559400.0,5.0,3225.0,6216.5,1434.0,-1.0,128.0,1771829612.0,SMDVL,False
25555413,25489434.0,5.0,5118.9,6407.5,1434.0,-1.0,128.0,1769773946.0,SMDVR,False
25456087,25456086.0,5.0,2790.0,5480.5,1435.0,-1.0,128.0,1761332583.0,SMDVL,False
25456049,25456048.0,5.0,2309.0,4662.5,1435.0,-1.0,128.0,1761332507.0,SMDVL,False
25456121,25456118.0,5.0,3677.0,6472.5,1435.0,-1.0,128.0,1761332704.0,SMDVL,False
v_25428506_1435,25428507.0,,6641.5,3547.77,1435.0,,,,SMDVL,True
25555479,25456114.0,5.0,3232.0,6224.5,1435.0,-1.0,128.0,1769775038.0,SMDVL,False
25456123,25456120.0,5.0,3969.0,6338.5,1435.0,-1.0,128.0,1761332712.0,SMDVL,False
v_25454304_1435,25454303.0,,2713.95,3438.55,1435.0,,,,SMDVR,True
25489434,v_25489434_1436,5.0,5073.2,6418.85,1435.0,-1.0,128.0,1763152064.0,SMDVR,False
25456118,25456117.0,5.0,3729.0,6454.5,1436.0,-1.0,128.0,1761332681.0,SMDVL,False
25428506,v_25428506_1435,5.0,6642.0,3549.77,1436.0,-1.0,128.0,1762885353.0,SMDVL,False
25456115,25555479.0,5.0,3239.0,6232.5,1436.0,-1.0,128.0,1769775038.0,SMDVL,False
25456086,25456085.0,5.0,2800.0,5444.5,1436.0,-1.0,128.0,1761332581.0,SMDVL,False
25456120,25456119.0,5.0,3961.0,6324.5,1436.0,-1.0,128.0,1761332689.0,SMDVL,False
25456050,25456049.0,5.0,2339.0,4702.5,1436.0,-1.0,128.0,1761332509.0,SMDVL,False
v_25489434_1436,25489432.0,,5063.875,6417.525,1436.0,,,,SMDVR,True
25454304,v_25454304_1435,5.0,2711.95,3445.55,1436.0,-1.0,128.0,1764612076.0,SMDVR,False
25456053,25456050.0,5.0,2347.0,4728.5,1437.0,-1.0,128.0,1761332511.0,SMDVL,False
25456085,25456062.0,5.0,2806.0,5362.5,1437.0,-1.0,128.0,1761332578.0,SMDVL,False
25456117,25456115.0,5.0,3477.0,6422.5,1437.0,-1.0,128.0,1761332671.0,SMDVL,False
25456119,25456118.0,5.0,3933.0,6404.5,1437.0,-1.0,128.0,1761332687.0,SMDVL,False
v_25454305_1437,25454304.0,,2704.45,3453.05,1437.0,,,,SMDVR,True
25489432,v_25489432_1438,5.0,5054.55,6416.2,1437.0,-1.0,128.0,1769486182.0,SMDVR,False
v_25428505_1437,25428506.0,,6646.5,3555.77,1437.0,,,,SMDVL,True
25428505,v_25428505_1437,5.0,6648.0,3557.77,1438.0,-1.0,128.0,1762885353.0,SMDVL,False
25454305,v_25454305_1437,5.0,2701.95,3455.55,1438.0,-1.0,128.0,1764612076.0,SMDVR,False
v_25489432_1438,25553075.0,,5043.05,6412.375,1438.0,,,,SMDVR,True
25456116,25456117.0,5.0,3623.0,6456.5,1438.0,-1.0,128.0,1761332744.0,SMDVL,False
25456062,25456058.0,5.0,2783.0,5292.5,1438.0,-1.0,128.0,1761332519.0,SMDVL,False
25456054,25456053.0,5.0,2371.0,4812.5,1438.0,-1.0,128.0,1761332512.0,SMDVL,False
25456058,25456054.0,5.0,2503.0,5004.5,1439.0,-1.0,128.0,1761332516.0,SMDVL,False
v_25428504_1439,25428505.0,,6660.0,3563.77,1439.0,,,,SMDVL,True
25456140,25456116.0,5.0,3641.0,6438.5,1439.0,-1.0,128.0,1761332747.0,SMDVL,False
25553075,25489431.0,5.0,5031.55,6408.55,1439.0,-1.0,128.0,1769773958.0,SMDVR,False
25559767,25454305.0,5.0,2695.155,3450.63,1439.0,-1.0,128.0,1776038830.0,SMDVR,False
25456141,25456140.0,5.0,3645.0,6438.5,1440.0,-1.0,128.0,1761332748.0,SMDVL,False
25428504,v_25428504_1439,5.0,6664.0,3565.77,1440.0,-1.0,128.0,1762885353.0,SMDVL,False
25456067,25456058.0,5.0,2561.0,5058.5,1440.0,-1.0,128.0,1761332523.0,SMDVL,False
25454306,25559767.0,5.0,2687.95,3455.55,1440.0,-1.0,128.0,1776038830.0,SMDVR,False
25489431,25555799.0,5.0,5024.55,6400.2,1440.0,-1.0,128.0,1770136517.0,SMDVR,False
v_25456142_1441,25456141.0,,3661.5,6429.5,1441.0,,,,SMDVL,True
v_25454307_1441,25454306.0,,2657.95,3467.55,1441.0,,,,SMDVR,True
v_25428503_1441,25428504.0,,6653.5,3561.27,1441.0,,,,SMDVL,True
25456070,25456067.0,5.0,2697.0,5162.5,1441.0,-1.0,128.0,1761332534.0,SMDVL,False
25555799,25555420.0,5.0,5013.9,6398.9,1441.0,-1.0,128.0,1770136517.0,SMDVR,False
25454307,v_25454307_1441,5.0,2647.95,3471.55,1442.0,-1.0,128.0,1764612076.0,SMDVR,False
25555420,25489430.0,5.0,5003.2,6397.55,1442.0,-1.0,128.0,1769774026.0,SMDVR,False
25428503,v_25428503_1441,5.0,6650.0,3559.77,1442.0,-1.0,128.0,1762885353.0,SMDVL,False
25456075,25456070.0,5.0,2863.0,5478.5,1442.0,-1.0,128.0,1761332536.0,SMDVL,False
25456076,25456070.0,5.0,2643.0,5106.5,1442.0,-1.0,128.0,1761332540.0,SMDVL,False
25456142,v_25456142_1441,5.0,3667.0,6426.5,1442.0,-1.0,128.0,1761332750.0,SMDVL,False
25456082,25456075.0,5.0,2867.0,5486.5,1443.0,-1.0,128.0,1761332545.0,SMDVL,False
v_25454308_1443,25454307.0,,2620.95,3474.55,1443.0,,,,SMDVR,True
v_25428502_1443,25428503.0,,6653.0,3559.77,1443.0,,,,SMDVL,True
25489430,25555428.0,5.0,4992.55,6396.2,1443.0,-1.0,128.0,1769774069.0,SMDVR,False
v_25456143_1443,25456142.0,,3685.0,6414.5,1443.0,,,,SMDVL,True
25555428,25489429.0,5.0,4984.55,6394.2,1444.0,-1.0,128.0,1769774069.0,SMDVR,False
25456143,v_25456143_1443,5.0,3691.0,6410.5,1444.0,-1.0,128.0,1761332751.0,SMDVL,False
25454308,v_25454308_1443,5.0,2611.95,3475.55,1444.0,-1.0,128.0,1764612076.0,SMDVR,False
25428502,v_25428502_1443,5.0,6654.0,3559.77,1444.0,-1.0,128.0,1762885353.0,SMDVL,False
25456084,25456082.0,5.0,2863.0,5492.5,1444.0,-1.0,128.0,1761332546.0,SMDVL,False
v_25454309_1445,25454308.0,,2580.45,3484.55,1445.0,,,,SMDVR,True
25428501,25428502.0,5.0,6666.0,3565.77,1445.0,-1.0,128.0,1762885353.0,SMDVL,False
v_25456144_1445,25456143.0,,3695.5,6407.5,1445.0,,,,SMDVL,True
25489429,25555431.0,5.0,4976.55,6392.2,1445.0,-1.0,128.0,1769774079.0,SMDVR,False
25456144,v_25456144_1445,5.0,3697.0,6406.5,1446.0,-1.0,128.0,1761332753.0,SMDVL,False
25428500,25428501.0,5.0,6664.0,3569.77,1446.0,-1.0,128.0,1762885353.0,SMDVL,False
25555431,25489428.0,5.0,4966.55,6390.2,1446.0,-1.0,128.0,1769774079.0,SMDVR,False
25454309,v_25454309_1445,5.0,2569.95,3487.55,1446.0,-1.0,128.0,1764612076.0,SMDVR,False
25489428,25489427.0,5.0,4956.55,6388.2,1447.0,-1.0,128.0,1763152043.0,SMDVR,False
v_25456145_1447,25456144.0,,3719.5,6400.5,1447.0,,,,SMDVL,True
25454310,25454309.0,5.0,2551.95,3489.55,1447.0,-1.0,128.0,1764612076.0,SMDVR,False
v_25428499_1447,25428500.0,,6664.0,3566.77,1447.0,,,,SMDVL,True
25454311,25454310.0,5.0,2521.95,3485.55,1448.0,-1.0,128.0,1764612076.0,SMDVR,False
25489427,25555436.0,5.0,4952.55,6364.2,1448.0,-1.0,128.0,1769774106.0,SMDVR,False
25428499,v_25428499_1447,5.0,6664.0,3565.77,1448.0,-1.0,128.0,1762885353.0,SMDVL,False
25456145,v_25456145_1447,5.0,3727.0,6398.5,1448.0,-1.0,128.0,1761332755.0,SMDVL,False
25555436,25489426.0,5.0,4954.55,6364.2,1449.0,-1.0,128.0,1769774106.0,SMDVR,False
25428498,25428499.0,5.0,6664.0,3565.77,1449.0,-1.0,128.0,1762885353.0,SMDVL,False
25555473,25456145.0,5.0,3733.0,6394.5,1449.0,-1.0,128.0,1769774953.0,SMDVL,False
25454312,25454311.0,5.0,2457.95,3471.55,1449.0,-1.0,128.0,1764612076.0,SMDVR,False
25489426,25489425.0,5.0,4956.55,6364.2,1450.0,-1.0,128.0,1763152041.0,SMDVR,False
v_25428497_1450,25428498.0,,6673.0,3564.27,1450.0,,,,SMDVL,True
25456146,25555473.0,5.0,3739.0,6390.5,1450.0,-1.0,128.0,1769774953.0,SMDVL,False
v_25454313_1450,25454312.0,,2426.45,3473.05,1450.0,,,,SMDVR,True
25489425,25489424.0,5.0,4896.55,6330.2,1451.0,-1.0,128.0,1763152040.0,SMDVR,False
v_25456147_1451,25456146.0,,3745.0,6387.5,1451.0,,,,SMDVL,True
25428497,v_25428497_1450,5.0,6676.0,3563.77,1451.0,-1.0,128.0,1762885353.0,SMDVL,False
25454313,v_25454313_1450,5.0,2415.95,3473.55,1451.0,-1.0,128.0,1764612076.0,SMDVR,False
25559789,25428497.0,5.0,6664.0,3548.0,1452.0,-1.0,128.0,1779988182.0,SMDVL,False
25489424,25489423.0,5.0,4856.55,6300.2,1452.0,-1.0,128.0,1763152038.0,SMDVR,False
25456147,v_25456147_1451,5.0,3747.0,6386.5,1452.0,-1.0,128.0,1761332760.0,SMDVL,False
v_25454314_1452,25454313.0,,2400.95,3464.55,1452.0,,,,SMDVR,True
25428496,25559789.0,5.0,6676.0,3565.77,1453.0,-1.0,128.0,1779988182.0,SMDVL,False
25456163,25456162.0,5.0,4335.0,6426.5,1453.0,-1.0,128.0,1761332871.0,SMDVL,False
25456148,25456147.0,5.0,3781.0,6368.5,1453.0,-1.0,128.0,1761332769.0,SMDVL,False
25454314,v_25454314_1452,5.0,2395.95,3461.55,1453.0,-1.0,128.0,1764612076.0,SMDVR,False
25489423,25489422.0,5.0,4827.555,6271.2,1453.0,-1.0,128.0,1769774155.0,SMDVR,False
25456162,25456161.0,5.0,4363.0,6428.5,1454.0,-1.0,128.0,1761332863.0,SMDVL,False
25456149,25456148.0,5.0,3807.0,6354.5,1454.0,-1.0,128.0,1761332770.0,SMDVL,False
v_25428495_1454,25428496.0,,6673.0,3574.77,1454.0,,,,SMDVL,True
v_25454315_1454,25454314.0,,2386.95,3449.55,1454.0,,,,SMDVR,True
25489422,25489419.0,5.0,4810.55,6270.2,1454.0,-1.0,128.0,1763152029.0,SMDVR,False
25456161,25456160.0,5.0,4379.0,6426.5,1455.0,-1.0,128.0,1761332862.0,SMDVL,False
25428495,v_25428495_1454,5.0,6672.0,3577.77,1455.0,-1.0,128.0,1762885353.0,SMDVL,False
25489419,25489418.0,5.0,4756.55,6256.2,1455.0,-1.0,128.0,1763152011.0,SMDVR,False
25555783,25456149.0,5.0,3830.0,6341.5,1455.0,-1.0,128.0,1770135996.0,SMDVL,False
25454315,v_25454315_1454,5.0,2383.95,3445.55,1455.0,-1.0,128.0,1764612076.0,SMDVR,False
25456160,25456159.0,5.0,4385.0,6326.5,1456.0,-1.0,128.0,1761332853.0,SMDVL,False
25489420,25489419.0,5.0,4986.55,6442.2,1456.0,-1.0,128.0,1763152020.0,SMDVR,False
25489418,25489417.0,5.0,4638.55,6204.2,1456.0,-1.0,128.0,1763152006.0,SMDVR,False
v_25428494_1456,25428495.0,,6670.5,3591.27,1456.0,,,,SMDVL,True
25456150,25555783.0,5.0,3853.0,6328.5,1456.0,-1.0,128.0,1770135996.0,SMDVL,False
v_25454316_1456,25454315.0,,2380.95,3450.05,1456.0,,,,SMDVR,True
25456151,25456150.0,5.0,3909.0,6286.5,1457.0,-1.0,128.0,1761332773.0,SMDVL,False
25489417,v_25489417_1458,5.0,4540.55,6160.2,1457.0,-1.0,128.0,1763152004.0,SMDVR,False
25489421,25489420.0,5.0,4960.55,6438.2,1457.0,-1.0,128.0,1763152023.0,SMDVR,False
25454316,v_25454316_1456,5.0,2379.95,3451.55,1457.0,-1.0,128.0,1764612076.0,SMDVR,False
25428494,v_25428494_1456,5.0,6670.0,3595.77,1457.0,-1.0,128.0,1762885353.0,SMDVL,False
25456159,25456158.0,5.0,4351.0,6320.5,1457.0,-1.0,128.0,1761332850.0,SMDVL,False
25454317,25454316.0,5.0,2383.95,3415.55,1458.0,-1.0,128.0,1764612076.0,SMDVR,False
25456152,25456151.0,5.0,3955.01,6237.5,1458.0,-1.0,128.0,1769774888.0,SMDVL,False
v_25489417_1458,25489416.0,,4532.55,6160.2,1458.0,,,,SMDVR,True
25428493,25428494.0,5.0,6674.0,3603.77,1458.0,-1.0,128.0,1762885353.0,SMDVL,False
25456158,25456155.0,5.0,4351.0,6320.5,1458.0,-1.0,128.0,1761332849.0,SMDVL,False
v_25454318_1459,25454317.0,,2380.95,3412.55,1459.0,,,,SMDVR,True
25489416,25489415.0,5.0,4524.55,6160.2,1459.0,-1.0,128.0,1763152003.0,SMDVR,False
v_25428492_1459,25428493.0,,6687.5,3609.77,1459.0,,,,SMDVL,True
25456153,25456152.0,5.0,3993.0,6208.5,1459.0,-1.0,128.0,1761332775.0,SMDVL,False
25456155,25456154.0,5.0,4329.0,6298.5,1459.0,-1.0,128.0,1761332791.0,SMDVL,False
25454318,v_25454318_1459,5.0,2379.95,3411.55,1460.0,-1.0,128.0,1764612076.0,SMDVR,False
25489415,25489414.0,5.0,4522.55,6162.2,1460.0,-1.0,128.0,1763152002.0,SMDVR,False
25428492,v_25428492_1459,5.0,6692.0,3611.77,1460.0,-1.0,128.0,1762885353.0,SMDVL,False
25456154,25456153.0,5.0,4164.5,6062.6,1460.0,-1.0,128.0,1762395596.0,SMDVL,False
25456156,25456154.0,5.0,3819.0,6544.5,1461.0,-1.0,128.0,1761332819.0,SMDVL,False
25489414,v_25489414_1462,5.0,4522.55,6188.2,1461.0,-1.0,128.0,1763152001.0,SMDVR,False
v_25428491_1461,25428492.0,,6681.5,3616.27,1461.0,,,,SMDVL,True
25456172,25456154.0,5.0,4220.0,6036.5,1461.0,-1.0,128.0,1761332950.0,SMDVL,False
25456157,25456154.0,5.0,3721.0,6404.5,1461.0,-1.0,128.0,1761332824.0,SMDVL,False
v_25454319_1461,25454318.0,,2370.95,3402.55,1461.0,,,,SMDVR,True
25456164,25456156.0,5.0,3839.0,6582.5,1462.0,-1.0,128.0,1761332903.0,SMDVL,False
25454319,v_25454319_1461,5.0,2367.95,3399.55,1462.0,-1.0,128.0,1764612076.0,SMDVR,False
25428491,v_25428491_1461,5.0,6678.0,3617.77,1462.0,-1.0,128.0,1762885353.0,SMDVL,False
25456170,25456157.0,5.0,3671.0,6436.5,1462.0,-1.0,128.0,1761332927.0,SMDVL,False
25456173,25456172.0,5.0,4272.0,6132.5,1462.0,-1.0,128.0,1761332961.0,SMDVL,False
v_25489414_1462,v_25489414_1463,,4522.55,6199.533333333333,1462.0,,,,SMDVR,True
25456165,25456164.0,5.0,3825.0,6578.5,1463.0,-1.0,128.0,1761332904.0,SMDVL,False
v_25454320_1463,25454319.0,,2355.95,3408.55,1463.0,,,,SMDVR,True
v_25489414_1463,25489413.0,,4522.55,6210.866666666667,1463.0,,,,SMDVR,True
25428490,25428491.0,5.0,6678.0,3601.77,1463.0,-1.0,128.0,1762885353.0,SMDVL,False
25456174,25456173.0,5.0,4278.0,6132.5,1463.0,-1.0,128.0,1761332962.0,SMDVL,False
25456171,25456170.0,5.0,3651.0,6460.5,1463.0,-1.0,128.0,1761332928.0,SMDVL,False
25456166,25456165.0,5.0,3833.0,6590.5,1464.0,-1.0,128.0,1766179221.0,SMDVL,False
25489413,25554210.0,5.0,4522.55,6222.2,1464.0,-1.0,128.0,1769639702.0,SMDVR,False
25456175,25456174.0,5.0,4292.0,6160.5,1464.0,-1.0,128.0,1761332963.0,SMDVL,False
25454320,v_25454320_1463,5.0,2351.95,3411.55,1464.0,-1.0,128.0,1764612076.0,SMDVR,False
25428489,25428490.0,5.0,6678.0,3599.77,1464.0,-1.0,128.0,1762885353.0,SMDVL,False
25554210,25489412.0,5.0,4508.55,6242.2,1465.0,-1.0,128.0,1769639703.0,SMDVR,False
25428488,25428489.0,5.0,6668.0,3615.77,1465.0,-1.0,128.0,1762885353.0,SMDVL,False
25456176,25456175.0,5.0,4292.0,6160.5,1465.0,-1.0,128.0,1761332964.0,SMDVL,False
v_25454321_1465,25454320.0,,2351.95,3416.05,1465.0,,,,SMDVR,True
25456167,25456166.0,5.0,3827.0,6590.5,1465.0,-1.0,128.0,1761332906.0,SMDVL,False
25489412,v_25489412_1467,5.0,4494.55,6262.2,1466.0,-1.0,128.0,1769774205.0,SMDVR,False
25456177,25456176.0,5.0,4292.0,6182.5,1466.0,-1.0,128.0,1761332965.0,SMDVL,False
25456168,25456167.0,5.0,3829.0,6590.5,1466.0,-1.0,128.0,1761332908.0,SMDVL,False
25454321,v_25454321_1465,5.0,2351.95,3417.55,1466.0,-1.0,128.0,1764612076.0,SMDVR,False
v_25428487_1466,25428488.0,,6668.0,3615.77,1466.0,,,,SMDVL,True
25428487,v_25428487_1466,5.0,6668.0,3615.77,1467.0,-1.0,128.0,1762885353.0,SMDVL,False
v_25489412_1467,25555442.0,,4487.217500000001,6270.875,1467.0,,,,SMDVR,True
v_25454322_1467,25454321.0,,2351.95,3416.05,1467.0,,,,SMDVR,True
25456169,25456168.0,5.0,3819.0,6560.5,1467.0,-1.0,128.0,1761332909.0,SMDVL,False
25456178,25456177.0,5.0,4292.0,6182.5,1467.0,-1.0,128.0,1761332966.0,SMDVL,False
v_25428486_1468,25428487.0,,6640.85,3633.155,1468.0,,,,SMDVL,True
25555442,25489411.0,5.0,4479.885,6279.55,1468.0,-1.0,128.0,1769774205.0,SMDVR,False
25456179,25456178.0,5.0,4297.0,6182.5,1468.0,-1.0,128.0,1766179108.0,SMDVL,False
25454322,v_25454322_1467,5.0,2351.95,3415.55,1468.0,-1.0,128.0,1764612076.0,SMDVR,False
25526439,25456179.0,5.0,4289.0,6215.75,1469.0,-1.0,128.0,1765468883.0,SMDVL,False
25428486,v_25428486_1468,5.0,6631.8,3638.95,1469.0,-1.0,128.0,1779988284.0,SMDVL,False
v_25454323_1469,25454322.0,,2351.95,3415.55,1469.0,,,,SMDVR,True
25489411,v_25489411_1470,5.0,4472.55,6288.2,1469.0,-1.0,128.0,1769485950.0,SMDVR,False
v_25428485_1470,25428486.0,,6645.45,3621.565,1470.0,,,,SMDVL,True
v_25489411_1470,25553047.0,,4465.217500000001,6288.2,1470.0,,,,SMDVR,True
v_25454323_1470,v_25454323_1470,,2351.95,3415.55,1470.0,,,,SMDVR,True
25526438,25526439.0,5.0,4289.0,6217.75,1470.0,-1.0,128.0,1765468883.0,SMDVL,False
25553047,25489410.0,5.0,4457.885,6288.2,1471.0,-1.0,128.0,1769485950.0,SMDVR,False
25428485,v_25428485_1470,5.0,6650.0,3615.77,1471.0,-1.0,128.0,1762885353.0,SMDVL,False
25526437,25526438.0,5.0,4283.15,6226.6,1471.0,-1.0,128.0,1766178977.0,SMDVL,False
25454323,v_25454323_1469,5.0,2351.95,3415.55,1471.0,-1.0,128.0,1764612076.0,SMDVR,False
v_25428484_1472,25428485.0,,6646.4,3615.77,1472.0,,,,SMDVL,True
v_25454324_1472,25454323.0,,2339.95,3426.05,1472.0,,,,SMDVR,True
25489410,v_25489410_1473,5.0,4450.55,6288.2,1472.0,-1.0,128.0,1763151997.0,SMDVR,False
25526436,25526437.0,5.0,4289.015,6215.75,1472.0,-1.0,128.0,1765468883.0,SMDVL,False
v_25428484_1473,v_25428484_1473,,6645.2,3615.77,1473.0,,,,SMDVL,True
v_25489410_1473,25489409.0,,4449.55,6286.2,1473.0,,,,SMDVR,True
25454324,v_25454324_1472,5.0,2335.95,3429.55,1473.0,-1.0,128.0,1764612076.0,SMDVR,False
25466302,25526436.0,5.0,4278.0,6299.0,1473.0,-1.0,128.0,1765468883.0,SMDVL,False
25428484,v_25428484_1472,5.0,6644.0,3615.77,1474.0,-1.0,128.0,1762885353.0,SMDVL,False
25489409,v_25489409_1475,5.0,4448.55,6284.2,1474.0,-1.0,128.0,1763151996.0,SMDVR,False
25466301,25466302.0,5.0,4272.0,6277.0,1474.0,-1.0,128.0,1765468883.0,SMDVL,False
25454325,25454324.0,5.0,2319.95,3433.55,1474.0,-1.0,128.0,1764612076.0,SMDVR,False
v_25489409_1475,25489408.0,,4448.55,6283.2,1475.0,,,,SMDVR,True
v_25454326_1475,25454325.0,,2300.45,3444.05,1475.0,,,,SMDVR,True
v_25428483_1475,25428484.0,,6633.5,3614.27,1475.0,,,,SMDVL,True
25553176,25466301.0,5.0,4272.0,6277.0,1475.0,-1.0,128.0,1769487665.0,SMDVL,False
v_25466300_1476,25553176.0,,4272.0,6277.0,1476.0,,,,SMDVL,True
25428483,v_25428483_1475,5.0,6630.0,3613.77,1476.0,-1.0,128.0,1762885353.0,SMDVL,False
25454326,v_25454326_1475,5.0,2293.95,3447.55,1476.0,-1.0,128.0,1764612076.0,SMDVR,False
25489408,25555444.0,5.0,4448.55,6282.2,1476.0,-1.0,128.0,1769774226.0,SMDVR,False
v_25428482_1477,25428483.0,,6618.0,3615.27,1477.0,,,,SMDVL,True
25555444,25489407.0,5.0,4448.55,6282.2,1477.0,-1.0,128.0,1769774226.0,SMDVR,False
25466300,v_25466300_1476,5.0,4272.0,6277.0,1477.0,-1.0,128.0,1769487665.0,SMDVL,False
v_25454327_1477,25454326.0,,2293.95,3453.55,1477.0,,,,SMDVR,True
25454327,v_25454327_1477,5.0,2293.95,3455.55,1478.0,-1.0,128.0,1764612076.0,SMDVR,False
25489407,v_25489407_1479,5.0,4448.55,6282.2,1478.0,-1.0,128.0,1763151993.0,SMDVR,False
25428482,v_25428482_1477,5.0,6614.0,3615.77,1478.0,-1.0,128.0,1762885353.0,SMDVL,False
v_25466299_1478,25466300.0,,4269.0,6277.0,1478.0,,,,SMDVL,True
v_25454328_1479,25454327.0,,2276.01375,3456.465,1479.0,,,,SMDVR,True
25428481,25428482.0,5.0,6618.0,3615.77,1479.0,-1.0,128.0,1762885353.0,SMDVL,False
25466299,v_25466299_1478,5.0,4268.0,6277.0,1479.0,-1.0,128.0,1765468883.0,SMDVL,False
v_25489407_1479,25489406.0,,4448.55,6282.2,1479.0,,,,SMDVR,True
25454328,v_25454328_1479,5.0,2270.035,3456.77,1480.0,-1.0,128.0,1767585664.0,SMDVR,False
25466298,25466299.0,5.0,4284.0,6267.0,1480.0,-1.0,128.0,1765468883.0,SMDVL,False
v_25428480_1480,25428481.0,,6618.0,3615.77,1480.0,,,,SMDVL,True
25489406,v_25489406_1481,5.0,4448.55,6282.2,1480.0,-1.0,128.0,1763151992.0,SMDVR,False
v_25454329_1481,25454328.0,,2256.47125,3463.355,1481.0,,,,SMDVR,True
v_25489406_1481,v_25489406_1482,,4448.55,6274.866666666667,1481.0,,,,SMDVR,True
v_25466297_1481,25466298.0,,4273.5,6259.5,1481.0,,,,SMDVL,True
25428480,v_25428480_1480,5.0,6618.0,3615.77,1481.0,-1.0,128.0,1762885353.0,SMDVL,False
25466297,v_25466297_1481,5.0,4270.0,6257.0,1482.0,-1.0,128.0,1765468883.0,SMDVL,False
v_25489406_1482,25489405.0,,4448.55,6267.533333333333,1482.0,,,,SMDVR,True
25466295,25466294.0,5.0,4372.0,5727.0,1482.0,-1.0,128.0,1765468883.0,SMDVL,False
25454329,v_25454329_1481,5.0,2251.95,3465.55,1482.0,-1.0,128.0,1764612076.0,SMDVR,False
25428479,25428480.0,5.0,6618.0,3615.77,1482.0,-1.0,128.0,1762885353.0,SMDVL,False
25489405,25489404.0,5.0,4448.55,6260.2,1483.0,-1.0,128.0,1763151991.0,SMDVR,False
25466294,25466293.0,5.0,4368.0,5733.0,1483.0,-1.0,128.0,1765468883.0,SMDVL,False
v_25454330_1483,25454329.0,,2227.812,3477.367,1483.0,,,,SMDVR,True
25428478,25428479.0,5.0,6602.0,3619.77,1483.0,-1.0,128.0,1762885353.0,SMDVL,False
v_25466296_1483,25466297.0,,4267.7875,6255.424999999999,1483.0,,,,SMDVL,True
v_25454330_1484,v_25454330_1484,,2219.766,3481.306,1484.0,,,,SMDVR,True
25489404,v_25489404_1485,5.0,4439.05,6246.9,1484.0,-1.0,128.0,1767417821.0,SMDVR,False
v_25428477_1484,25428478.0,,6594.5,3631.77,1484.0,,,,SMDVL,True
25466296,v_25466296_1483,5.0,4267.05,6254.9,1484.0,-1.0,128.0,1767417818.0,SMDVL,False
25466293,25466291.0,5.0,4368.0,5757.0,1484.0,-1.0,128.0,1765468883.0,SMDVL,False
25466292,25466296.0,5.0,4284.0,6209.0,1485.0,-1.0,128.0,1765468883.0,SMDVL,False
25454330,v_25454330_1483,5.0,2211.72,3485.245,1485.0,-1.0,128.0,1774541153.0,SMDVR,False
25428477,v_25428477_1484,5.0,6592.0,3635.77,1485.0,-1.0,128.0,1762885353.0,SMDVL,False
25466291,25466290.0,5.0,4360.0,5789.0,1485.0,-1.0,128.0,1765468883.0,SMDVL,False
v_25489404_1485,25489403.0,,4442.8,6214.549999999999,1485.0,,,,SMDVR,True
v_25428476_1486,25428477.0,,6599.5,3644.77,1486.0,,,,SMDVL,True
25489403,v_25489403_1487,5.0,4446.55,6182.2,1486.0,-1.0,128.0,1763151986.0,SMDVR,False
25466290,25466292.0,5.0,4322.0,6109.0,1486.0,-1.0,128.0,1765468883.0,SMDVL,False
v_25454331_1486,25454330.0,,2184.8925,3480.97375,1486.0,,,,SMDVR,True
25466288,25466290.0,5.0,4300.0,6129.0,1487.0,-1.0,128.0,1765468883.0,SMDVL,False
25454331,v_25454331_1486,5.0,2175.95,3479.55,1487.0,-1.0,128.0,1764612076.0,SMDVR,False
25428476,v_25428476_1486,5.0,6602.0,3647.77,1487.0,-1.0,128.0,1762885353.0,SMDVL,False
v_25489403_1487,25489402.0,,4453.55,6166.2,1487.0,,,,SMDVR,True
v_25428475_1488,25428476.0,,6591.5,3641.77,1488.0,,,,SMDVL,True
25489402,v_25489402_1489,5.0,4460.55,6150.2,1488.0,-1.0,128.0,1763151985.0,SMDVR,False
25466287,25466288.0,5.0,4312.0,6141.0,1488.0,-1.0,128.0,1765468883.0,SMDVL,False
v_25454332_1488,25454331.0,,2184.35,3473.55,1488.0,,,,SMDVR,True
v_25454332_1489,v_25454332_1489,,2187.15,3471.55,1489.0,,,,SMDVR,True
v_25466286_1489,25466287.0,,4316.5,6141.0,1489.0,,,,SMDVL,True
v_25489402_1489,25489401.0,,4469.55,6130.2,1489.0,,,,SMDVR,True
25428475,v_25428475_1488,5.0,6588.0,3639.77,1489.0,-1.0,128.0,1762885353.0,SMDVL,False
25466286,v_25466286_1489,5.0,4318.0,6141.0,1490.0,-1.0,128.0,1765468883.0,SMDVL,False
25454332,v_25454332_1488,5.0,2189.95,3469.55,1490.0,-1.0,128.0,1764612076.0,SMDVR,False
25489401,25489400.0,5.0,4478.55,6110.2,1490.0,-1.0,128.0,1763151984.0,SMDVR,False
v_25428474_1490,25428475.0,,6591.0,3648.77,1490.0,,,,SMDVL,True
25466285,25466286.0,5.0,4318.0,6141.0,1491.0,-1.0,128.0,1765468883.0,SMDVL,False
v_25454333_1491,25454332.0,,2200.45,3480.05,1491.0,,,,SMDVR,True
25428474,v_25428474_1490,5.0,6592.0,3651.77,1491.0,-1.0,128.0,1762885353.0,SMDVL,False
25489400,25489399.0,5.0,4478.55,6092.2,1491.0,-1.0,128.0,1763151983.0,SMDVR,False
25428473,25428474.0,5.0,6576.0,3635.77,1492.0,-1.0,128.0,1762885353.0,SMDVL,False
25466284,25466285.0,5.0,4314.0,6125.0,1492.0,-1.0,128.0,1765468883.0,SMDVL,False
25489399,25489398.0,5.0,4478.55,6078.2,1492.0,-1.0,128.0,1763151978.0,SMDVR,False
25454333,v_25454333_1491,5.0,2203.95,3483.55,1492.0,-1.0,128.0,1764612076.0,SMDVR,False
25454334,25454333.0,5.0,2195.95,3507.55,1493.0,-1.0,128.0,1764612076.0,SMDVR,False
25428472,25428473.0,5.0,6578.0,3677.77,1493.0,-1.0,128.0,1762885353.0,SMDVL,False
25489398,25489397.0,5.0,4490.55,6020.2,1493.0,-1.0,128.0,1763151977.0,SMDVR,False
25553181,25466284.0,5.0,4313.27,6103.85,1493.0,-1.0,128.0,1769487711.0,SMDVL,False
25428471,25428472.0,5.0,6564.0,3657.77,1494.0,-1.0,128.0,1762885353.0,SMDVL,False
25454335,25454334.0,5.0,2195.95,3527.55,1494.0,-1.0,128.0,1764612076.0,SMDVR,False
25466283,25553181.0,5.0,4312.545,6082.65,1494.0,-1.0,128.0,1769487711.0,SMDVL,False
25489397,25489396.0,5.0,4498.55,6000.2,1494.0,-1.0,128.0,1763151977.0,SMDVR,False
25466282,25466283.0,5.0,4322.0,6063.0,1495.0,-1.0,128.0,1765468883.0,SMDVL,False
25454336,25454335.0,5.0,2183.95,3545.55,1495.0,-1.0,128.0,1764612076.0,SMDVR,False
25489396,25489395.0,5.0,4498.55,5984.2,1495.0,-1.0,128.0,1763151976.0,SMDVR,False
25428470,25428471.0,5.0,6566.0,3643.77,1495.0,-1.0,128.0,1762885353.0,SMDVL,False
25454337,25454336.0,5.0,2183.95,3583.55,1496.0,-1.0,128.0,1764612076.0,SMDVR,False
25489395,25489394.0,5.0,4518.55,5970.2,1496.0,-1.0,128.0,1763151973.0,SMDVR,False
v_25466281_1496,25466282.0,,4313.0,6055.5,1496.0,,,,SMDVL,True
25428469,25428470.0,5.0,6566.0,3643.77,1496.0,-1.0,128.0,1762885353.0,SMDVL,False
25428468,25428469.0,5.0,6546.0,3643.77,1497.0,-1.0,128.0,1762885353.0,SMDVL,False
25454338,25454337.0,5.0,2189.95,3599.55,1497.0,-1.0,128.0,1764612076.0,SMDVR,False
25466281,v_25466281_1496,5.0,4310.0,6053.0,1497.0,-1.0,128.0,1765468883.0,SMDVL,False
25489394,25489393.0,5.0,4518.55,5934.2,1497.0,-1.0,128.0,1763151972.0,SMDVR,False
25489393,25489392.0,5.0,4518.55,5890.2,1498.0,-1.0,128.0,1763151971.0,SMDVR,False
v_25466280_1498,25466281.0,,4269.5,6027.5,1498.0,,,,SMDVL,True
25454339,25454338.0,5.0,2195.95,3585.55,1498.0,-1.0,128.0,1764612076.0,SMDVR,False
25428467,25428468.0,5.0,6546.0,3663.77,1498.0,-1.0,128.0,1762885353.0,SMDVL,False
25428466,25428467.0,5.0,6530.0,3667.77,1499.0,-1.0,128.0,1762885353.0,SMDVL,False
25489392,25489253.0,5.0,4494.55,5864.2,1499.0,-1.0,128.0,1763151968.0,SMDVR,False
25454340,25454339.0,5.0,2189.95,3585.55,1499.0,-1.0,128.0,1764612076.0,SMDVR,False
25466280,v_25466280_1498,5.0,4256.0,6019.0,1499.0,-1.0,128.0,1765468883.0,SMDVL,False
25454341,25454340.0,5.0,2189.95,3593.55,1500.0,-1.0,128.0,1764612076.0,SMDVR,False
25428465,25428466.0,5.0,6550.0,3659.77,1500.0,-1.0,128.0,1762885353.0,SMDVL,False
25489253,v_25489253_1501,5.0,4510.55,5816.2,1500.0,-1.0,128.0,1763151305.0,SMDVR,False
v_25466279_1500,25466280.0,,4251.2,5995.0,1500.0,,,,SMDVL,True
25428464,25428465.0,5.0,6538.0,3671.77,1501.0,-1.0,128.0,1762885353.0,SMDVL,False
25454342,25454341.0,5.0,2195.95,3593.55,1501.0,-1.0,128.0,1764612076.0,SMDVR,False
v_25466279_1501,v_25466279_1501,,4249.6,5987.0,1501.0,,,,SMDVL,True
v_25489253_1501,25489252.0,,4562.55,5778.2,1501.0,,,,SMDVR,True
25466279,v_25466279_1500,5.0,4248.0,5979.0,1502.0,-1.0,128.0,1765468883.0,SMDVL,False
25428463,25428464.0,5.0,6534.0,3667.77,1502.0,-1.0,128.0,1762885353.0,SMDVL,False
25454343,25454342.0,5.0,2199.95,3609.55,1502.0,-1.0,128.0,1764612076.0,SMDVR,False
25489252,v_25489252_1503,5.0,4614.55,5740.2,1502.0,-1.0,128.0,1763151302.0,SMDVR,False
25454344,25454343.0,5.0,2205.95,3615.55,1503.0,-1.0,128.0,1764612076.0,SMDVR,False
v_25428462_1503,25428463.0,,6525.0,3646.77,1503.0,,,,SMDVL,True
v_25466278_1503,25466279.0,,4245.0,5977.5,1503.0,,,,SMDVL,True
v_25489252_1503,25489251.0,,4623.55,5735.2,1503.0,,,,SMDVR,True
25454345,25454344.0,5.0,2202.0,3598.77,1504.0,-1.0,128.0,1764612076.0,SMDVR,False
25428462,v_25428462_1503,5.0,6522.0,3639.77,1504.0,-1.0,128.0,1762885353.0,SMDVL,False
25489251,25489250.0,5.0,4632.55,5730.2,1504.0,-1.0,128.0,1763151300.0,SMDVR,False
25466278,v_25466278_1503,5.0,4244.0,5977.0,1504.0,-1.0,128.0,1765468883.0,SMDVL,False
25466277,25466278.0,5.0,4244.0,5951.0,1505.0,-1.0,128.0,1765468883.0,SMDVL,False
25474375,25454345.0,5.0,2218.0,3594.77,1505.0,-1.0,128.0,1764612076.0,SMDVR,False
25489250,v_25489250_1506,5.0,4634.55,5714.2,1505.0,-1.0,128.0,1763151291.0,SMDVR,False
25428461,25428462.0,5.0,6522.0,3639.77,1505.0,-1.0,128.0,1762885353.0,SMDVL,False
v_25489250_1506,25489249.0,,4648.55,5692.2,1506.0,,,,SMDVR,True
25466276,25466277.0,5.0,4244.0,5937.0,1506.0,-1.0,128.0,1765468883.0,SMDVL,False
25474376,25474375.0,5.0,2216.0,3602.77,1506.0,-1.0,128.0,1764612076.0,SMDVR,False
v_25428460_1506,25428461.0,,6516.0,3615.77,1506.0,,,,SMDVL,True
25428460,v_25428460_1506,5.0,6514.0,3607.77,1507.0,-1.0,128.0,1762885353.0,SMDVL,False
25474377,25474376.0,5.0,2222.0,3608.77,1507.0,-1.0,128.0,1764612076.0,SMDVR,False
25489249,25489248.0,5.0,4662.55,5670.2,1507.0,-1.0,128.0,1763151290.0,SMDVR,False
25466275,25466276.0,5.0,4246.0,5937.0,1507.0,-1.0,128.0,1765468883.0,SMDVL,False
25474378,25474377.0,5.0,2240.0,3620.77,1508.0,-1.0,128.0,1764612076.0,SMDVR,False
25428459,25428460.0,5.0,6514.0,3603.77,1508.0,-1.0,128.0,1762885353.0,SMDVL,False
25466274,25466275.0,5.0,4246.0,5905.0,1508.0,-1.0,128.0,1765468883.0,SMDVL,False
25489248,v_25489248_1509,5.0,4664.55,5674.2,1508.0,-1.0,128.0,1763151289.0,SMDVR,False
v_25489248_1509,25489247.0,,4662.55,5658.2,1509.0,,,,SMDVR,True
25428458,25428459.0,5.0,6514.0,3603.77,1509.0,-1.0,128.0,1762885353.0,SMDVL,False
v_25466273_1509,25466274.0,,4247.5,5893.0,1509.0,,,,SMDVL,True
25474379,25474378.0,5.0,2250.0,3620.77,1509.0,-1.0,128.0,1764612076.0,SMDVR,False
25474380,25474379.0,5.0,2264.0,3636.77,1510.0,-1.0,128.0,1764612076.0,SMDVR,False
v_25428457_1510,25428458.0,,6505.0,3594.77,1510.0,,,,SMDVL,True
25466273,v_25466273_1509,5.0,4248.0,5889.0,1510.0,-1.0,128.0,1765468883.0,SMDVL,False
25489247,25489244.0,5.0,4660.55,5642.2,1510.0,-1.0,128.0,1763151288.0,SMDVR,False
25466272,25466273.0,5.0,4274.0,5871.0,1511.0,-1.0,128.0,1765468883.0,SMDVL,False
25474381,25474380.0,5.0,2264.0,3638.77,1511.0,-1.0,128.0,1764612076.0,SMDVR,False
25489244,v_25489244_1512,5.0,4648.55,5646.2,1511.0,-1.0,128.0,1763151272.0,SMDVR,False
25428457,v_25428457_1510,5.0,6502.0,3591.77,1511.0,-1.0,128.0,1762885353.0,SMDVL,False
25428456,25428457.0,5.0,6502.0,3591.77,1512.0,-1.0,128.0,1762885353.0,SMDVL,False
25474382,25474381.0,5.0,2286.0,3656.77,1512.0,-1.0,128.0,1764612076.0,SMDVR,False
25466271,25466272.0,5.0,4268.0,5855.0,1512.0,-1.0,128.0,1765468883.0,SMDVL,False
v_25489244_1512,25489243.0,,4656.55,5633.2,1512.0,,,,SMDVR,True
v_25474383_1513,25474382.0,,2299.5,3658.27,1513.0,,,,SMDVR,True
25489243,v_25489243_1514,5.0,4664.55,5620.2,1513.0,-1.0,128.0,1763151270.0,SMDVR,False
25466270,25466271.0,5.0,4290.0,5831.0,1513.0,-1.0,128.0,1765468883.0,SMDVL,False
25428455,25428456.0,5.0,6498.0,3587.77,1513.0,-1.0,128.0,1762885353.0,SMDVL,False
25466269,25466270.0,5.0,4302.0,5807.0,1514.0,-1.0,128.0,1765468883.0,SMDVL,False
25428454,25428455.0,5.0,6510.0,3567.77,1514.0,-1.0,128.0,1762885353.0,SMDVL,False
v_25489243_1514,v_25489243_1515,,4669.216666666667,5609.533333333333,1514.0,,,,SMDVR,True
25474383,v_25474383_1513,5.0,2304.0,3658.77,1514.0,-1.0,128.0,1764612076.0,SMDVR,False
v_25489243_1515,25489242.0,,4673.883333333333,5598.866666666667,1515.0,,,,SMDVR,True
v_25474384_1515,25474383.0,,2365.5,3663.27,1515.0,,,,SMDVR,True
25466267,25466269.0,5.0,4292.0,5771.0,1515.0,-1.0,128.0,1765468883.0,SMDVL,False
25428453,25428454.0,5.0,6502.0,3595.77,1515.0,-1.0,128.0,1762885353.0,SMDVL,False
25466266,25466267.0,5.0,4220.0,5713.0,1516.0,-1.0,128.0,1765468883.0,SMDVL,False
25466268,25466267.0,5.0,4336.0,5893.0,1516.0,-1.0,128.0,1765468883.0,SMDVL,False
25489242,v_25489242_1517,5.0,4678.55,5588.2,1516.0,-1.0,128.0,1763151269.0,SMDVR,False
25428452,25428453.0,5.0,6486.0,3551.77,1516.0,-1.0,128.0,1762885353.0,SMDVL,False
25474384,v_25474384_1515,5.0,2386.0,3664.77,1516.0,-1.0,128.0,1764612076.0,SMDVR,False
v_25466265_1517,25466266.0,,4216.4,5704.6,1517.0,,,,SMDVL,True
25474385,25474384.0,5.0,2404.0,3648.77,1517.0,-1.0,128.0,1764612076.0,SMDVR,False
25428451,25428452.0,5.0,6474.0,3547.77,1517.0,-1.0,128.0,1762885353.0,SMDVL,False
25466320,25466268.0,5.0,4332.0,5876.0,1517.0,-1.0,128.0,1765468883.0,SMDVL,False
v_25489242_1517,25489241.0,,4689.55,5588.2,1517.0,,,,SMDVR,True
25474386,25474385.0,5.0,2408.0,3644.77,1518.0,-1.0,128.0,1764612076.0,SMDVR,False
v_25466265_1518,v_25466265_1518,,4215.2,5701.8,1518.0,,,,SMDVL,True
25489241,25489240.0,5.0,4700.55,5588.2,1518.0,-1.0,128.0,1763151268.0,SMDVR,False
25466321,25466320.0,5.0,4330.0,5872.0,1518.0,-1.0,128.0,1765468883.0,SMDVL,False
25428450,25428451.0,5.0,6474.0,3547.77,1518.0,-1.0,128.0,1762885353.0,SMDVL,False
25489240,25489239.0,5.0,4710.55,5568.2,1519.0,-1.0,128.0,1763151267.0,SMDVR,False
25466322,25466321.0,5.0,4340.0,5858.0,1519.0,-1.0,128.0,1765468883.0,SMDVL,False
25466265,v_25466265_1517,5.0,4214.0,5699.0,1519.0,-1.0,128.0,1765468883.0,SMDVL,False
25474387,25474386.0,5.0,2410.0,3632.77,1519.0,-1.0,128.0,1764612076.0,SMDVR,False
25428449,25428450.0,5.0,6458.0,3531.77,1519.0,-1.0,128.0,1762885353.0,SMDVL,False
25474388,25474387.0,5.0,2416.0,3620.77,1520.0,-1.0,128.0,1764612076.0,SMDVR,False
25428448,25428449.0,5.0,6450.0,3535.77,1520.0,-1.0,128.0,1762885353.0,SMDVL,False
v_25466264_1520,25466265.0,,4217.0,5690.0,1520.0,,,,SMDVL,True
25489239,25489238.0,5.0,4738.55,5540.2,1520.0,-1.0,128.0,1763151266.0,SMDVR,False
v_25423408_1521,25474388.0,,2437.8625,3679.1425,1521.0,,,,SMDVR,True
25489238,25489237.0,5.0,4768.55,5502.2,1521.0,-1.0,128.0,1763151265.0,SMDVR,False
25466264,v_25466264_1520,5.0,4218.0,5687.0,1521.0,-1.0,128.0,1765468883.0,SMDVL,False
25428447,25428448.0,5.0,6426.0,3531.77,1521.0,-1.0,128.0,1762885353.0,SMDVL,False
25428446,25428447.0,5.0,6366.0,3547.77,1522.0,-1.0,128.0,1762885353.0,SMDVL,False
25466263,25466264.0,5.0,4214.0,5639.0,1522.0,-1.0,128.0,1765468883.0,SMDVL,False
25423408,v_25423408_1521,5.0,2445.15,3698.6,1522.0,-1.0,128.0,1764612382.0,SMDVR,False
25489237,25489236.0,5.0,4800.55,5442.2,1522.0,-1.0,128.0,1763151264.0,SMDVR,False
25489236,25489235.0,5.0,4814.55,5446.2,1523.0,-1.0,128.0,1763151263.0,SMDVR,False
25428445,25428446.0,5.0,6354.0,3555.77,1523.0,-1.0,128.0,1762885353.0,SMDVL,False
25466262,25466263.0,5.0,4210.0,5637.0,1523.0,-1.0,128.0,1765468883.0,SMDVL,False
25423407,25423408.0,5.0,2447.15,3654.6,1523.0,-1.0,128.0,1764612382.0,SMDVR,False
25489235,25489234.0,5.0,4834.55,5456.2,1524.0,-1.0,128.0,1763151262.0,SMDVR,False
25423406,25423407.0,5.0,2479.155,3654.62,1524.0,-1.0,128.0,1776047463.0,SMDVR,False
25466261,25466262.0,5.0,4188.0,5627.0,1524.0,-1.0,128.0,1765468883.0,SMDVL,False
v_25428444_1524,25428445.0,,6306.7125,3554.76125,1524.0,,,,SMDVL,True
25423405,25423406.0,5.0,2477.15,3650.6,1525.0,-1.0,128.0,1764612382.0,SMDVR,False
v_25466260_1525,25466261.0,,4173.0,5594.0,1525.0,,,,SMDVL,True
25489234,v_25489234_1526,5.0,4876.55,5560.2,1525.0,-1.0,128.0,1763151257.0,SMDVR,False
25428444,v_25428444_1524,5.0,6290.95,3554.425,1525.0,-1.0,128.0,1769748617.0,SMDVL,False
v_25489234_1526,25489233.0,,4889.55,5574.2,1526.0,,,,SMDVR,True
25428443,25428444.0,5.0,6262.0,3535.77,1526.0,-1.0,128.0,1762885353.0,SMDVL,False
25466260,v_25466260_1525,5.0,4168.0,5583.0,1526.0,-1.0,128.0,1765468883.0,SMDVL,False
v_25423404_1526,25423405.0,,2466.6537500000004,3638.615,1526.0,,,,SMDVR,True
25423404,v_25423404_1526,5.0,2463.155,3634.62,1527.0,-1.0,128.0,1776047445.0,SMDVR,False
v_25466259_1527,25466260.0,,4156.0,5593.5,1527.0,,,,SMDVL,True
25489233,v_25489233_1528,5.0,4902.55,5588.2,1527.0,-1.0,128.0,1763151256.0,SMDVR,False
25428442,25428443.0,5.0,6210.0,3551.77,1527.0,-1.0,128.0,1762885353.0,SMDVL,False
25428441,25428442.0,5.0,6202.0,3539.77,1528.0,-1.0,128.0,1762885353.0,SMDVL,False
25423403,25423404.0,5.0,2495.155,3666.62,1528.0,-1.0,128.0,1776047435.0,SMDVR,False
v_25489233_1528,25489232.0,,4920.55,5605.2,1528.0,,,,SMDVR,True
25466259,v_25466259_1527,5.0,4152.0,5597.0,1528.0,-1.0,128.0,1765468883.0,SMDVL,False
25428439,25428441.0,5.0,6146.0,3563.77,1529.0,-1.0,128.0,1762885353.0,SMDVL,False
v_25423402_1529,25423403.0,,2481.65125,3633.605,1529.0,,,,SMDVR,True
25489232,v_25489232_1530,5.0,4938.55,5622.2,1529.0,-1.0,128.0,1763151255.0,SMDVR,False
v_25466258_1529,25466259.0,,4134.0,5592.2,1529.0,,,,SMDVL,True
v_25489232_1530,v_25489232_1531,,4945.216666666667,5643.533333333333,1530.0,,,,SMDVR,True
v_25466258_1530,v_25466258_1530,,4128.0,5590.6,1530.0,,,,SMDVL,True
25423402,v_25423402_1529,5.0,2477.15,3622.6,1530.0,-1.0,128.0,1764612382.0,SMDVR,False
25428438,25428439.0,5.0,6070.0,3567.77,1530.0,-1.0,128.0,1762885353.0,SMDVL,False
25423401,25423402.0,5.0,2485.15,3610.6,1531.0,-1.0,128.0,1764612382.0,SMDVR,False
v_25489232_1531,25489231.0,,4951.883333333333,5664.866666666667,1531.0,,,,SMDVR,True
25428437,25428438.0,5.0,6070.0,3567.77,1531.0,-1.0,128.0,1762885353.0,SMDVL,False
25466258,v_25466258_1529,5.0,4122.0,5589.0,1531.0,-1.0,128.0,1765468883.0,SMDVL,False
v_25554948_1532,25428437.0,,6053.987499999999,3567.77,1532.0,,,,SMDVL,True
25423400,25423401.0,5.0,2493.15,3616.6,1532.0,-1.0,128.0,1764612382.0,SMDVR,False
25489231,v_25489231_1533,5.0,4958.55,5686.2,1532.0,-1.0,128.0,1763151253.0,SMDVR,False
v_25466257_1532,25466258.0,,4108.5,5598.0,1532.0,,,,SMDVL,True
25466257,v_25466257_1532,5.0,4104.0,5601.0,1533.0,-1.0,128.0,1765468883.0,SMDVL,False
25554948,v_25554948_1532,5.0,6048.65,3567.77,1533.0,-1.0,128.0,1769748648.0,SMDVL,False
v_25423399_1533,25423400.0,,2493.15,3607.6,1533.0,,,,SMDVR,True
v_25489231_1533,25489230.0,,4964.55,5703.2,1533.0,,,,SMDVR,True
25489230,,5.0,4970.55,5720.2,1534.0,-1.0,128.0,1763151245.0,SMDVR,False
25428436,25554948.0,5.0,6038.0,3567.77,1534.0,-1.0,128.0,1769748648.0,SMDVL,False
25423399,v_25423399_1533,5.0,2493.15,3604.6,1534.0,-1.0,128.0,1764612382.0,SMDVR,False
v_25466256_1534,25466257.0,,4081.5,5596.5,1534.0,,,,SMDVL,True
25466256,v_25466256_1534,5.0,4074.0,5595.0,1535.0,-1.0,128.0,1765468883.0,SMDVL,False
25489469,25489230.0,5.0,4984.55,5728.2,1535.0,-1.0,128.0,1763152160.0,SMDVR,False
v_25428435_1535,25428436.0,,6038.0,3567.77,1535.0,,,,SMDVL,True
v_25423398_1535,25423399.0,,2494.65,3604.6,1535.0,,,,SMDVR,True
v_25428435_1536,v_25428435_1536,,6038.0,3567.77,1536.0,,,,SMDVL,True
25423398,v_25423398_1535,5.0,2495.15,3604.6,1536.0,-1.0,128.0,1764612382.0,SMDVR,False
v_25489470_1536,25489469.0,,4977.55,5732.2,1536.0,,,,SMDVR,True
v_25466255_1536,25466256.0,,4074.0,5598.6,1536.0,,,,SMDVL,True
v_25423397_1537,25423398.0,,2490.65,3585.1,1537.0,,,,SMDVR,True
v_25489470_1537,v_25489470_1538,,4975.216666666667,5733.533333333333,1537.0,,,,SMDVR,True
25428435,v_25428435_1535,5.0,6038.0,3567.77,1537.0,-1.0,128.0,1762885353.0,SMDVL,False
v_25466255_1537,v_25466255_1537,,4074.0,5599.8,1537.0,,,,SMDVL,True
v_25428440_1538,25428435.0,,6038.0,3567.77,1538.0,,,,SMDVL,True
v_25489470_1538,v_25489470_1537,,4972.883333333333,5734.866666666667,1538.0,,,,SMDVR,True
25423397,v_25423397_1537,5.0,2489.15,3578.6,1538.0,-1.0,128.0,1764612382.0,SMDVR,False
25466255,v_25466255_1536,5.0,4074.0,5601.0,1538.0,-1.0,128.0,1765468883.0,SMDVL,False
v_25466254_1539,25466255.0,,4081.5,5607.75,1539.0,,,,SMDVL,True
v_25423396_1539,25423397.0,,2483.15,3554.6,1539.0,,,,SMDVR,True
25489470,v_25489470_1536,5.0,4970.55,5736.2,1539.0,-1.0,128.0,1763152162.0,SMDVR,False
v_25428440_1539,v_25428440_1539,,6038.0,3567.77,1539.0,,,,SMDVL,True
25428440,v_25428440_1538,5.0,6038.0,3567.77,1540.0,760.0,128.0,1762885353.0,SMDVL,False
v_25489471_1540,25489470.0,,4970.55,5736.2,1540.0,,,,SMDVR,True
v_25423396_1540,v_25423396_1540,,2481.15,3546.6,1540.0,,,,SMDVR,True
25466254,v_25466254_1539,5.0,4084.0,5610.0,1540.0,-1.0,128.0,1765468883.0,SMDVL,False
25466307,25466254.0,5.0,4090.0,5621.0,1541.0,-1.0,128.0,1765468883.0,SMDVL,False
25428434,25428440.0,5.0,6038.0,3567.77,1541.0,760.0,128.0,1762885353.0,SMDVL,False
25423396,v_25423396_1539,5.0,2479.15,3538.6,1541.0,-1.0,128.0,1764612382.0,SMDVR,False
v_25489471_1541,v_25489471_1542,,4970.55,5736.2,1541.0,,,,SMDVR,True
v_25428433_1542,25428434.0,,6038.0,3567.77,1542.0,,,,SMDVL,True
v_25466308_1542,25466307.0,,4091.5,5613.5,1542.0,,,,SMDVL,True
v_25489471_1542,v_25489471_1541,,4970.55,5736.2,1542.0,,,,SMDVR,True
v_25423395_1542,25423396.0,,2488.15,3508.6,1542.0,,,,SMDVR,True
25489471,v_25489471_1540,5.0,4970.55,5736.2,1543.0,-1.0,128.0,1763152163.0,SMDVR,False
25466308,v_25466308_1542,5.0,4092.0,5611.0,1543.0,-1.0,128.0,1765468883.0,SMDVL,False
25423395,v_25423395_1542,5.0,2491.15,3498.6,1543.0,-1.0,128.0,1764612382.0,SMDVR,False
25428433,v_25428433_1542,5.0,6038.0,3567.77,1543.0,760.0,128.0,1762885353.0,SMDVL,False
v_25466309_1544,25466308.0,,4098.0,5614.0,1544.0,,,,SMDVL,True
v_25489472_1544,25489471.0,,4970.55,5736.2,1544.0,,,,SMDVR,True
v_25428432_1544,25428433.0,,6059.0,3546.77,1544.0,,,,SMDVL,True
v_25423394_1544,25423395.0,,2485.15,3491.4,1544.0,,,,SMDVR,True
25428432,v_25428432_1544,5.0,6066.0,3539.77,1545.0,760.0,128.0,1762885353.0,SMDVL,False
25466309,v_25466309_1544,5.0,4100.0,5615.0,1545.0,-1.0,128.0,1765468883.0,SMDVL,False
v_25489472_1545,v_25489472_1545,,4970.55,5736.2,1545.0,,,,SMDVR,True
v_25423394_1545,v_25423394_1545,,2483.15,3489.0,1545.0,,,,SMDVR,True
25423394,v_25423394_1544,5.0,2481.15,3486.6,1546.0,-1.0,128.0,1764612382.0,SMDVR,False
v_25466310_1546,25466309.0,,4095.2,5622.2,1546.0,,,,SMDVL,True
25428431,25428432.0,5.0,6106.0,3531.77,1546.0,760.0,128.0,1762885353.0,SMDVL,False
25489472,v_25489472_1544,5.0,4970.55,5736.2,1546.0,-1.0,128.0,1763152164.0,SMDVR,False
25428430,25428431.0,5.0,6066.0,3575.77,1547.0,760.0,128.0,1762885353.0,SMDVL,False
v_25489473_1547,25489472.0,,4985.55,5721.2,1547.0,,,,SMDVR,True
25423393,25423394.0,5.0,2481.15,3486.6,1547.0,-1.0,128.0,1764612382.0,SMDVR,False
v_25466310_1547,v_25466310_1547,,4093.6,5624.6,1547.0,,,,SMDVL,True
25489473,v_25489473_1547,5.0,4990.55,5716.2,1548.0,-1.0,128.0,1763152165.0,SMDVR,False
25423392,25423393.0,5.0,2539.155,3508.62,1548.0,-1.0,128.0,1776046398.0,SMDVR,False
25466310,v_25466310_1546,5.0,4092.0,5627.0,1548.0,-1.0,128.0,1765468883.0,SMDVL,False
25526661,25428430.0,5.0,6062.0,3573.77,1548.0,760.0,128.0,1765510575.0,SMDVL,False
25466311,25466310.0,5.0,4084.0,5665.0,1549.0,-1.0,128.0,1765468883.0,SMDVL,False
25428429,25526661.0,5.0,6058.0,3571.77,1549.0,760.0,128.0,1765510575.0,SMDVL,False
25489474,25489473.0,5.0,5004.55,5738.2,1549.0,-1.0,128.0,1763152168.0,SMDVR,False
25423391,25423392.0,5.0,2563.15,3526.6,1549.0,-1.0,128.0,1764612382.0,SMDVR,False
25466312,25466311.0,5.0,4072.0,5685.0,1550.0,-1.0,128.0,1765468883.0,SMDVL,False
25489475,25489474.0,5.0,5020.55,5722.2,1550.0,-1.0,128.0,1763152171.0,SMDVR,False
v_25428428_1550,25428429.0,,6046.0,3565.77,1550.0,,,,SMDVL,True
25423390,25423391.0,5.0,2563.15,3528.6,1550.0,-1.0,128.0,1764612382.0,SMDVR,False
v_25466313_1551,25466312.0,,4066.0,5704.5,1551.0,,,,SMDVL,True
25423389,25423390.0,5.0,2575.15,3518.6,1551.0,-1.0,128.0,1764612382.0,SMDVR,False
v_25489476_1551,25489475.0,,5031.05,5726.7,1551.0,,,,SMDVR,True
25428428,v_25428428_1550,5.0,6042.0,3563.77,1551.0,-1.0,128.0,1762885353.0,SMDVL,False
25489476,v_25489476_1551,5.0,5034.55,5728.2,1552.0,-1.0,128.0,1763152173.0,SMDVR,False
25423388,25423389.0,5.0,2581.15,3524.6,1552.0,-1.0,128.0,1764612382.0,SMDVR,False
25466313,v_25466313_1551,5.0,4064.0,5711.0,1552.0,-1.0,128.0,1765468883.0,SMDVL,False
v_25428427_1552,25428428.0,,6042.0,3563.77,1552.0,,,,SMDVL,True
25466314,25466313.0,5.0,4072.0,5711.0,1553.0,-1.0,128.0,1765468883.0,SMDVL,False
25428427,v_25428427_1552,5.0,6042.0,3563.77,1553.0,-1.0,128.0,1762885353.0,SMDVL,False
25423387,25423388.0,5.0,2581.15,3524.6,1553.0,-1.0,128.0,1764612382.0,SMDVR,False
v_25489477_1553,25489476.0,,5053.75,5727.0,1553.0,,,,SMDVR,True
v_25489477_1554,v_25489477_1554,,5060.150000000001,5726.599999999999,1554.0,,,,SMDVR,True
25428426,25428427.0,5.0,6042.0,3563.77,1554.0,-1.0,128.0,1762885353.0,SMDVL,False
v_25466315_1554,25466314.0,,4075.0,5729.0,1554.0,,,,SMDVL,True
25423386,25423387.0,5.0,2589.15,3574.6,1554.0,-1.0,128.0,1764612382.0,SMDVR,False
25489477,v_25489477_1553,5.0,5066.55,5726.2,1555.0,-1.0,128.0,1763152175.0,SMDVR,False
25466315,v_25466315_1554,5.0,4076.0,5735.0,1555.0,-1.0,128.0,1765468883.0,SMDVL,False
25423385,25423386.0,5.0,2589.15,3574.6,1555.0,-1.0,128.0,1764612382.0,SMDVR,False
v_25428555_1555,25428426.0,,6064.5,3539.77,1555.0,,,,SMDVL,True
v_25489478_1556,25489477.0,,5080.05,5711.2,1556.0,,,,SMDVR,True
25423384,25423385.0,5.0,2587.15,3586.6,1556.0,-1.0,128.0,1764612382.0,SMDVR,False
25466316,25466315.0,5.0,4078.0,5737.0,1556.0,-1.0,128.0,1765468883.0,SMDVL,False
25428555,v_25428555_1555,5.0,6072.0,3531.77,1556.0,-1.0,128.0,1762885353.0,SMDVL,False
25422736,25423384.0,5.0,2563.15,3580.6,1557.0,-1.0,128.0,1764612382.0,SMDVR,False
25489478,v_25489478_1556,5.0,5084.55,5706.2,1557.0,-1.0,128.0,1763152176.0,SMDVR,False
25466317,25466316.0,5.0,4080.0,5743.0,1557.0,-1.0,128.0,1765468883.0,SMDVL,False
v_25428556_1557,25428555.0,,6072.0,3540.77,1557.0,,,,SMDVL,True
25428556,v_25428556_1557,5.0,6072.0,3543.77,1558.0,-1.0,128.0,1762885353.0,SMDVL,False
v_25422735_1558,25422736.0,,2564.65,3571.6,1558.0,,,,SMDVR,True
25489479,25489478.0,5.0,5086.55,5698.2,1558.0,-1.0,128.0,1763152179.0,SMDVR,False
25466318,25466317.0,5.0,4090.0,5757.0,1558.0,-1.0,128.0,1765468883.0,SMDVL,False
v_25428557_1559,25428556.0,,6096.0,3507.77,1559.0,,,,SMDVL,True
25422735,v_25422735_1558,5.0,2565.15,3568.6,1559.0,-1.0,128.0,1764612382.0,SMDVR,False
25511690,25466318.0,5.0,4128.15,5780.65,1559.0,-1.0,128.0,1765468883.0,SMDVL,False
25489480,25489479.0,5.0,5082.55,5760.2,1559.0,-1.0,128.0,1763152181.0,SMDVR,False
v_25422734_1560,25422735.0,,2560.35,3563.8,1560.0,,,,SMDVR,True
25489481,25489480.0,5.0,5096.55,5782.2,1560.0,-1.0,128.0,1763152182.0,SMDVR,False
v_25428557_1560,v_25428557_1560,,6104.0,3495.77,1560.0,,,,SMDVL,True
v_25511689_1560,25511690.0,,4129.65,5798.65,1560.0,,,,SMDVL,True
25511689,v_25511689_1560,5.0,4130.15,5804.65,1561.0,-1.0,128.0,1765468883.0,SMDVL,False
v_25422734_1561,v_25422734_1561,,2558.75,3562.2,1561.0,,,,SMDVR,True
v_25489482_1561,25489481.0,,5101.05,5788.2,1561.0,,,,SMDVR,True
25428557,v_25428557_1559,5.0,6112.0,3483.77,1561.0,-1.0,128.0,1762885353.0,SMDVL,False
25422734,v_25422734_1560,5.0,2557.15,3560.6,1562.0,-1.0,128.0,1764612382.0,SMDVR,False
25511688,25511689.0,5.0,4130.15,5804.65,1562.0,-1.0,128.0,1765468883.0,SMDVL,False
25489482,v_25489482_1561,5.0,5102.55,5790.2,1562.0,-1.0,128.0,1763152183.0,SMDVR,False
v_25428558_1562,25428557.0,,6160.0,3435.77,1562.0,,,,SMDVL,True
25428558,v_25428558_1562,5.0,6176.0,3419.77,1563.0,-1.0,128.0,1762885353.0,SMDVL,False
25511687,25511688.0,5.0,4130.15,5804.65,1563.0,-1.0,128.0,1765468883.0,SMDVL,False
v_25489483_1563,25489482.0,,5120.55,5802.2,1563.0,,,,SMDVR,True
v_25422733_1563,25422734.0,,2539.15,3566.6,1563.0,,,,SMDVR,True
25489483,v_25489483_1563,5.0,5126.55,5806.2,1564.0,-1.0,128.0,1763152185.0,SMDVR,False
v_25511686_1564,25511687.0,,4148.15,5834.65,1564.0,,,,SMDVL,True
25422733,v_25422733_1563,5.0,2533.15,3568.6,1564.0,-1.0,128.0,1764612382.0,SMDVR,False
v_25428559_1564,25428558.0,,6215.6,3438.97,1564.0,,,,SMDVL,True
25489484,25489483.0,5.0,5140.55,5828.2,1565.0,-1.0,128.0,1763152186.0,SMDVR,False
v_25428559_1565,v_25428559_1565,,6228.8,3445.37,1565.0,,,,SMDVL,True
25511686,v_25511686_1564,5.0,4154.15,5844.65,1565.0,-1.0,128.0,1765468883.0,SMDVL,False
v_25422732_1565,25422733.0,,2542.75,3578.2,1565.0,,,,SMDVR,True
25428559,v_25428559_1564,5.0,6242.0,3451.77,1566.0,-1.0,128.0,1762885353.0,SMDVL,False
v_25511685_1566,25511686.0,,4151.15,5850.65,1566.0,,,,SMDVL,True
v_25422732_1566,v_25422732_1566,,2545.9500000000003,3581.4,1566.0,,,,SMDVR,True
v_25489485_1566,25489484.0,,5139.05,5844.7,1566.0,,,,SMDVR,True
25489485,v_25489485_1566,5.0,5138.55,5850.2,1567.0,-1.0,128.0,1763152188.0,SMDVR,False
25422732,v_25422732_1565,5.0,2549.15,3584.6,1567.0,-1.0,128.0,1764612382.0,SMDVR,False
25511685,v_25511685_1566,5.0,4150.15,5852.65,1567.0,-1.0,128.0,1765468883.0,SMDVL,False
v_25428560_1567,25428559.0,,6263.6,3426.57,1567.0,,,,SMDVL,True
v_25511684_1568,25511685.0,,4150.15,5858.65,1568.0,,,,SMDVL,True
v_25428560_1568,v_25428560_1568,,6270.8,3418.17,1568.0,,,,SMDVL,True
25422731,25422732.0,5.0,2525.15,3584.6,1568.0,717.0,128.0,1764612382.0,SMDVR,False
v_25489486_1568,25489485.0,,5140.05,5865.2,1568.0,,,,SMDVR,True
25422730,25422731.0,5.0,2525.15,3584.6,1569.0,717.0,128.0,1764612382.0,SMDVR,False
25428560,v_25428560_1567,5.0,6278.0,3409.77,1569.0,-1.0,128.0,1762885353.0,SMDVL,False
25511684,v_25511684_1568,5.0,4150.15,5860.65,1569.0,-1.0,128.0,1765468883.0,SMDVL,False
25489486,v_25489486_1568,5.0,5140.55,5870.2,1569.0,-1.0,128.0,1763152190.0,SMDVR,False
v_25489487_1570,25489486.0,,5149.55,5903.2,1570.0,,,,SMDVR,True
v_25422729_1570,25422730.0,,2525.15,3584.6,1570.0,,,,SMDVR,True
v_25511683_1570,25511684.0,,4153.15,5874.15,1570.0,,,,SMDVL,True
v_25428561_1570,25428560.0,,6291.2,3390.57,1570.0,,,,SMDVL,True
25489487,v_25489487_1570,5.0,5152.55,5914.2,1571.0,-1.0,128.0,1763152191.0,SMDVR,False
v_25428561_1571,v_25428561_1571,,6295.6,3384.17,1571.0,,,,SMDVL,True
v_25422729_1571,v_25422729_1571,,2525.15,3584.6,1571.0,,,,SMDVR,True
25511683,v_25511683_1570,5.0,4154.15,5878.65,1571.0,-1.0,128.0,1765468883.0,SMDVL,False
v_25489488_1572,25489487.0,,5152.55,5922.599999999999,1572.0,,,,SMDVR,True
25422729,v_25422729_1570,5.0,2525.15,3584.6,1572.0,717.0,128.0,1764612382.0,SMDVR,False
25428561,v_25428561_1570,5.0,6300.0,3377.77,1572.0,-1.0,128.0,1762885353.0,SMDVL,False
25511637,25511683.0,5.0,4150.15,5898.65,1572.0,-1.0,128.0,1765468883.0,SMDVL,False
v_25428562_1573,25428561.0,,6304.8,3376.57,1573.0,,,,SMDVL,True
25511638,25511637.0,5.0,4128.15,5902.65,1573.0,-1.0,128.0,1765468883.0,SMDVL,False
v_25422728_1573,25422729.0,,2525.15,3584.6,1573.0,,,,SMDVR,True
v_25489488_1573,v_25489488_1573,,5152.55,5925.4,1573.0,,,,SMDVR,True
v_25511639_1574,25511638.0,,4143.15,5944.65,1574.0,,,,SMDVL,True
25422728,v_25422728_1573,5.0,2525.15,3584.6,1574.0,717.0,128.0,1764612382.0,SMDVR,False
25489488,v_25489488_1572,5.0,5152.55,5928.2,1574.0,-1.0,128.0,1763152193.0,SMDVR,False
v_25428562_1574,v_25428562_1574,,6306.4,3376.17,1574.0,,,,SMDVL,True
25428562,v_25428562_1573,5.0,6308.0,3375.77,1575.0,-1.0,128.0,1762885353.0,SMDVL,False
25511639,v_25511639_1574,5.0,4148.15,5958.65,1575.0,-1.0,128.0,1765468883.0,SMDVL,False
25489489,25489488.0,5.0,5164.55,5944.2,1575.0,-1.0,128.0,1763152197.0,SMDVR,False
v_25422727_1575,25422728.0,,2516.15,3589.1,1575.0,,,,SMDVR,True
v_25489490_1576,25489489.0,,5175.05,5957.7,1576.0,,,,SMDVR,True
25511640,25511639.0,5.0,4164.15,5962.65,1576.0,-1.0,128.0,1765468883.0,SMDVL,False
25422727,v_25422727_1575,5.0,2513.15,3590.6,1576.0,717.0,128.0,1764612382.0,SMDVR,False
v_25428563_1576,25428562.0,,6310.0,3376.77,1576.0,,,,SMDVL,True
v_25428563_1577,v_25428563_1578,,6310.666666666667,3377.103333333333,1577.0,,,,SMDVL,True
25489490,v_25489490_1576,5.0,5178.55,5962.2,1577.0,-1.0,128.0,1763152199.0,SMDVR,False
25422737,25422727.0,5.0,2503.15,3583.6,1577.0,717.0,128.0,1764612382.0,SMDVR,False
v_25511641_1577,25511640.0,,4161.15,5971.65,1577.0,,,,SMDVL,True
25511641,v_25511641_1577,5.0,4160.15,5974.65,1578.0,-1.0,128.0,1765468883.0,SMDVL,False
v_25489491_1578,25489490.0,,5202.55,5975.7,1578.0,,,,SMDVR,True
25422726,25422737.0,5.0,2493.15,3576.6,1578.0,-1.0,128.0,1764612382.0,SMDVR,False
v_25428563_1578,v_25428563_1577,,6311.333333333333,3377.4366666666665,1578.0,,,,SMDVL,True
25511643,25511641.0,5.0,4158.15,5985.65,1579.0,-1.0,128.0,1765468883.0,SMDVL,False
v_25422725_1579,25422726.0,,2464.35,3562.2,1579.0,,,,SMDVR,True
25489491,v_25489491_1578,5.0,5210.55,5980.2,1579.0,-1.0,128.0,1763152201.0,SMDVR,False
25428563,v_25428563_1576,5.0,6312.0,3377.77,1579.0,-1.0,128.0,1762885353.0,SMDVL,False
v_25428564_1580,25428563.0,,6343.0,3375.77,1580.0,,,,SMDVL,True
v_25489492_1580,25489491.0,,5218.05,5971.2,1580.0,,,,SMDVR,True
v_25511644_1580,25511643.0,,4152.15,6022.4,1580.0,,,,SMDVL,True
v_25422725_1580,v_25422725_1580,,2454.75,3557.4,1580.0,,,,SMDVR,True
25422725,v_25422725_1579,5.0,2445.15,3552.6,1581.0,-1.0,128.0,1764612382.0,SMDVR,False
25489492,v_25489492_1580,5.0,5220.55,5968.2,1581.0,-1.0,128.0,1763152202.0,SMDVR,False
v_25428564_1581,v_25428564_1582,,6353.333333333333,3375.103333333333,1581.0,,,,SMDVL,True
25511644,v_25511644_1580,5.0,4150.15,6034.65,1581.0,-1.0,128.0,1765468883.0,SMDVL,False
v_25422724_1582,25422725.0,,2445.15,3552.6,1582.0,,,,SMDVR,True
25511645,25511644.0,5.0,4140.15,6064.65,1582.0,-1.0,128.0,1765468883.0,SMDVL,False
v_25428564_1582,v_25428564_1581,,6363.666666666667,3374.4366666666665,1582.0,,,,SMDVL,True
v_25489493_1582,25489492.0,,5235.55,5984.7,1582.0,,,,SMDVR,True
v_25422724_1583,v_25422724_1583,,2445.15,3552.6,1583.0,,,,SMDVR,True
25489493,v_25489493_1582,5.0,5240.55,5990.2,1583.0,-1.0,128.0,1763152206.0,SMDVR,False
v_25511646_1583,25511645.0,,4123.65,6093.15,1583.0,,,,SMDVL,True
25428564,v_25428564_1580,5.0,6374.0,3373.77,1583.0,-1.0,128.0,1762885353.0,SMDVL,False
v_25428565_1584,25428564.0,,6374.0,3373.77,1584.0,,,,SMDVL,True
25511646,v_25511646_1583,5.0,4118.15,6102.65,1584.0,-1.0,128.0,1765468883.0,SMDVL,False
v_25489494_1584,25489493.0,,5254.05,5982.7,1584.0,,,,SMDVR,True
25422724,v_25422724_1582,5.0,2445.15,3552.6,1584.0,-1.0,128.0,1764612382.0,SMDVR,False
v_25422715_1585,25422724.0,,2451.15,3558.6,1585.0,,,,SMDVR,True
v_25511647_1585,25511646.0,,4098.65,6150.65,1585.0,,,,SMDVL,True
25489494,v_25489494_1584,5.0,5258.55,5980.2,1585.0,-1.0,128.0,1763152208.0,SMDVR,False
v_25428565_1585,v_25428565_1586,,6374.0,3373.77,1585.0,,,,SMDVL,True
25422715,v_25422715_1585,5.0,2453.15,3560.6,1586.0,-1.0,128.0,1764612382.0,SMDVR,False
v_25489495_1586,25489494.0,,5259.75,5993.4,1586.0,,,,SMDVR,True
v_25428565_1586,v_25428565_1585,,6374.0,3373.77,1586.0,,,,SMDVL,True
25511647,v_25511647_1585,5.0,4092.15,6166.65,1586.0,-1.0,128.0,1765468883.0,SMDVL,False
v_25489495_1587,v_25489495_1587,,5260.150000000001,5997.8,1587.0,,,,SMDVR,True
v_25422723_1587,25422715.0,,2435.15,3560.6,1587.0,,,,SMDVR,True
25428565,v_25428565_1584,5.0,6374.0,3373.77,1587.0,-1.0,128.0,1762885353.0,SMDVL,False
v_25511648_1587,25511647.0,,4086.15,6199.65,1587.0,,,,SMDVL,True
25489495,v_25489495_1586,5.0,5260.55,6002.2,1588.0,-1.0,128.0,1763152209.0,SMDVR,False
25422723,v_25422723_1587,5.0,2429.15,3560.6,1588.0,-1.0,128.0,1764612382.0,SMDVR,False
v_25428566_1588,25428565.0,,6366.0,3371.77,1588.0,,,,SMDVL,True
25511648,v_25511648_1587,5.0,4084.15,6210.65,1588.0,-1.0,128.0,1765468883.0,SMDVL,False
25489496,25489495.0,5.0,5282.55,6026.2,1589.0,-1.0,128.0,1763152211.0,SMDVR,False
25511649,25511648.0,5.0,4070.15,6226.65,1589.0,-1.0,128.0,1765468883.0,SMDVL,False
v_25428566_1589,v_25428566_1590,,6363.333333333333,3371.103333333333,1589.0,,,,SMDVL,True
25428625,25422723.0,5.0,2367.15,3551.6,1589.0,-1.0,128.0,1764612382.0,SMDVR,False
25489497,25489496.0,5.0,5316.55,6040.2,1590.0,-1.0,128.0,1763152213.0,SMDVR,False
25428626,25428625.0,5.0,2419.15,3495.6,1590.0,-1.0,128.0,1764612382.0,SMDVR,False
25511650,25511649.0,5.0,4032.15,6318.65,1590.0,-1.0,128.0,1765468883.0,SMDVL,False
v_25428566_1590,v_25428566_1589,,6360.666666666667,3370.4366666666665,1590.0,,,,SMDVL,True
25511651,25511650.0,5.0,4028.15,6332.65,1591.0,-1.0,128.0,1765468883.0,SMDVL,False
v_25428627_1591,25428626.0,,2419.15,3489.6,1591.0,,,,SMDVR,True
25428566,v_25428566_1588,5.0,6358.0,3369.77,1591.0,-1.0,128.0,1762885353.0,SMDVL,False
25489498,25489497.0,5.0,5312.55,6060.2,1591.0,-1.0,128.0,1763152336.0,SMDVR,False
v_25428567_1592,25428566.0,,6365.5,3348.77,1592.0,,,,SMDVL,True
v_25489499_1592,25489498.0,,5319.75,6110.599999999999,1592.0,,,,SMDVR,True
25428627,v_25428627_1591,5.0,2419.15,3487.6,1592.0,-1.0,128.0,1764612382.0,SMDVR,False
v_25511652_1592,25511651.0,,4017.65,6358.15,1592.0,,,,SMDVL,True
25511652,v_25511652_1592,5.0,4014.15,6366.65,1593.0,-1.0,128.0,1765468883.0,SMDVL,False
v_25489499_1593,v_25489499_1593,,5322.150000000001,6127.4,1593.0,,,,SMDVR,True
25428567,v_25428567_1592,5.0,6368.0,3341.77,1593.0,-1.0,128.0,1762885353.0,SMDVL,False
v_25428628_1593,25428627.0,,2356.15,3433.6,1593.0,,,,SMDVR,True
25489499,v_25489499_1592,5.0,5324.55,6144.2,1594.0,-1.0,128.0,1763152337.0,SMDVR,False
25428568,25428567.0,5.0,6368.0,3333.77,1594.0,-1.0,128.0,1762885353.0,SMDVL,False
25428628,v_25428628_1593,5.0,2335.15,3415.6,1594.0,-1.0,128.0,1764612382.0,SMDVR,False
v_25511653_1594,25511652.0,,4008.15,6390.65,1594.0,,,,SMDVL,True
v_25428629_1595,25428628.0,,2335.15,3415.6,1595.0,,,,SMDVR,True
25428569,25428568.0,5.0,6368.0,3333.77,1595.0,-1.0,128.0,1762885353.0,SMDVL,False
v_25489500_1595,25489499.0,,5327.55,6184.7,1595.0,,,,SMDVR,True
25511653,v_25511653_1594,5.0,4006.15,6398.65,1595.0,-1.0,128.0,1765468883.0,SMDVL,False
v_25428570_1596,25428569.0,,6368.0,3329.27,1596.0,,,,SMDVL,True
25428629,v_25428629_1595,5.0,2335.15,3415.6,1596.0,-1.0,128.0,1764612382.0,SMDVR,False
25489500,v_25489500_1595,5.0,5328.55,6198.2,1596.0,-1.0,128.0,1763152339.0,SMDVR,False
25511654,25511653.0,5.0,4002.15,6416.65,1596.0,-1.0,128.0,1765468883.0,SMDVL,False
25489501,25489500.0,5.0,5334.55,6406.2,1597.0,-1.0,128.0,1763152363.0,SMDVR,False
25511655,25511654.0,5.0,3972.15,6502.65,1597.0,-1.0,128.0,1765468883.0,SMDVL,False
25428570,v_25428570_1596,5.0,6368.0,3327.77,1597.0,-1.0,128.0,1762885353.0,SMDVL,False
25428630,25428629.0,5.0,2295.15,3383.6,1597.0,-1.0,128.0,1764612382.0,SMDVR,False
25511656,25511655.0,5.0,3994.15,6526.65,1598.0,-1.0,128.0,1765468883.0,SMDVL,False
25489502,25489501.0,5.0,5334.55,6442.2,1598.0,-1.0,128.0,1763152365.0,SMDVR,False
v_25428631_1598,25428630.0,,2301.15,3395.6,1598.0,,,,SMDVR,True
v_25428571_1598,25428570.0,,6356.0,3327.77,1598.0,,,,SMDVL,True
25530408,25530407.0,5.0,3702.15,8030.65,1598.0,-1.0,128.0,1767821832.0,SMDVL,False
25530407,25530406.0,5.0,3758.15,8034.65,1599.0,-1.0,128.0,1767821832.0,SMDVL,False
v_25489503_1599,25489502.0,,5333.05,6464.7,1599.0,,,,SMDVR,True
v_25511657_1599,25511656.0,,3979.15,6543.15,1599.0,,,,SMDVL,True
25428571,v_25428571_1598,5.0,6352.0,3327.77,1599.0,-1.0,128.0,1762885353.0,SMDVL,False
25428631,v_25428631_1598,5.0,2303.15,3399.6,1599.0,-1.0,128.0,1764612382.0,SMDVR,False
v_25428572_1600,25428571.0,,6340.0,3321.77,1600.0,,,,SMDVL,True
25530406,25530405.0,5.0,3774.15,8030.65,1600.0,-1.0,128.0,1767821832.0,SMDVL,False
25511657,v_25511657_1599,5.0,3974.15,6548.65,1600.0,-1.0,128.0,1765468883.0,SMDVL,False
v_25428632_1600,25428631.0,,2285.15,3387.6,1600.0,,,,SMDVR,True
25489503,v_25489503_1599,5.0,5332.55,6472.2,1600.0,-1.0,128.0,1763152366.0,SMDVR,False
v_25489504_1601,25489503.0,,5335.55,6493.2,1601.0,,,,SMDVR,True
25530409,25535290.0,5.0,3754.15,8014.65,1601.0,-1.0,128.0,1767821832.0,SMDVL,False
25530405,25530409.0,5.0,3662.15,8030.65,1601.0,-1.0,128.0,1767821832.0,SMDVL,False
25428572,v_25428572_1600,5.0,6336.0,3319.77,1601.0,-1.0,128.0,1762885353.0,SMDVL,False
v_25511658_1601,25511657.0,,3969.65,6586.15,1601.0,,,,SMDVL,True
25428632,v_25428632_1600,5.0,2279.15,3383.6,1601.0,-1.0,128.0,1764612382.0,SMDVR,False
25530404,25530405.0,5.0,3550.15,8014.65,1602.0,-1.0,128.0,1767821832.0,SMDVL,False
25428573,25428572.0,5.0,6336.0,3319.77,1602.0,-1.0,128.0,1762885353.0,SMDVL,False
25535290,25535291.0,5.0,3898.65,7996.6,1602.0,-1.0,128.0,1767821832.0,SMDVL,False
v_25428633_1602,25428632.0,,2249.15,3335.6,1602.0,,,,SMDVR,True
25511658,v_25511658_1601,5.0,3968.15,6598.65,1602.0,-1.0,128.0,1765468883.0,SMDVL,False
25489504,v_25489504_1601,5.0,5336.55,6500.2,1602.0,-1.0,128.0,1763152368.0,SMDVR,False
25489505,25489504.0,5.0,5302.55,6548.2,1603.0,-1.0,128.0,1763152371.0,SMDVR,False
25393695,25530404.0,5.0,3254.05,7882.9,1603.0,-1.0,128.0,1767821832.0,SMDVL,False
25535291,25535292.0,5.0,3850.65,7866.6,1603.0,-1.0,128.0,1767821832.0,SMDVL,False
25511659,25511658.0,5.0,3898.15,6580.65,1603.0,-1.0,128.0,1765468883.0,SMDVL,False
25428633,v_25428633_1602,5.0,2239.15,3319.6,1603.0,-1.0,128.0,1764612382.0,SMDVR,False
25393694,25393695.0,5.0,3250.855,7859.7,1604.0,-1.0,128.0,1767821832.0,SMDVL,False
25535292,25535293.0,5.0,3870.65,7860.6,1604.0,-1.0,128.0,1767821832.0,SMDVL,False
25511660,25511659.0,5.0,3938.15,6624.65,1604.0,-1.0,128.0,1765468883.0,SMDVL,False
25428634,25428633.0,5.0,2259.15,3159.6,1604.0,-1.0,128.0,1764612382.0,SMDVR,False
25489506,25489505.0,5.0,5302.55,6564.2,1604.0,-1.0,128.0,1763152375.0,SMDVR,False
25428635,25428634.0,5.0,2239.15,3095.6,1605.0,-1.0,128.0,1764612382.0,SMDVR,False
25489507,25489506.0,5.0,5308.55,6572.2,1605.0,-1.0,128.0,1763152376.0,SMDVR,False
25511661,25511660.0,5.0,3948.15,6636.65,1605.0,-1.0,128.0,1765468883.0,SMDVL,False
25535293,25535294.0,5.0,3875.65,7858.6,1605.0,-1.0,128.0,1767821832.0,SMDVL,False
v_25393693_1605,25393694.0,,3190.855,7838.7,1605.0,,,,SMDVL,True
25428636,25428635.0,5.0,2255.15,3079.6,1606.0,-1.0,128.0,1764612382.0,SMDVR,False
25535294,25535295.0,5.0,3898.0,7826.0,1606.0,-1.0,128.0,1767981063.0,SMDVL,False
v_25489508_1606,25489507.0,,5311.55,6627.7,1606.0,,,,SMDVR,True
25393693,v_25393693_1605,5.0,3170.855,7831.7,1606.0,-1.0,128.0,1767821832.0,SMDVL,False
v_25511662_1606,25511661.0,,3984.15,6656.15,1606.0,,,,SMDVL,True
25511662,v_25511662_1606,5.0,3996.15,6662.65,1607.0,-1.0,128.0,1765468883.0,SMDVL,False
25428637,25428636.0,5.0,2255.15,3079.6,1607.0,-1.0,128.0,1764612382.0,SMDVR,False
25489508,v_25489508_1606,5.0,5312.55,6646.2,1607.0,-1.0,128.0,1763152377.0,SMDVR,False
v_25393692_1607,25393693.0,,3137.855,7816.7,1607.0,,,,SMDVL,True
25535295,25535296.0,5.0,3931.65,7834.6,1607.0,-1.0,128.0,1767821832.0,SMDVL,False
25428638,25428637.0,5.0,2255.15,3111.6,1608.0,-1.0,128.0,1764612382.0,SMDVR,False
v_25511663_1608,25511662.0,,3984.15,6715.45,1608.0,,,,SMDVL,True
25489509,25489508.0,5.0,5300.55,6658.2,1608.0,-1.0,128.0,1763152378.0,SMDVR,False
25535296,25535297.0,5.0,3955.65,7824.6,1608.0,-1.0,128.0,1767821832.0,SMDVL,False
25393692,v_25393692_1607,5.0,3126.855,7811.7,1608.0,-1.0,128.0,1767821832.0,SMDVL,False
25535297,25535298.0,5.0,3971.65,7812.6,1609.0,-1.0,128.0,1767821832.0,SMDVL,False
v_25489510_1609,25489509.0,,5278.05,6706.2,1609.0,,,,SMDVR,True
25428639,25428638.0,5.0,2251.15,3127.6,1609.0,-1.0,128.0,1764612382.0,SMDVR,False
v_25393691_1609,25393692.0,,3060.855,7784.7,1609.0,,,,SMDVL,True
v_25511663_1609,v_25511663_1609,,3980.15,6733.049999999999,1609.0,,,,SMDVL,True
25489510,v_25489510_1609,5.0,5270.55,6722.2,1610.0,-1.0,128.0,1763152379.0,SMDVR,False
25393691,v_25393691_1609,5.0,3038.855,7775.7,1610.0,-1.0,128.0,1767821832.0,SMDVL,False
25511663,v_25511663_1608,5.0,3976.15,6750.65,1610.0,-1.0,128.0,1765468883.0,SMDVL,False
25535298,25535299.0,5.0,3975.65,7806.6,1610.0,-1.0,128.0,1767821832.0,SMDVL,False
25428640,25428639.0,5.0,2251.15,3123.6,1610.0,-1.0,128.0,1764612382.0,SMDVR,False
v_25393690_1611,25393691.0,,2984.855,7751.7,1611.0,,,,SMDVL,True
25535299,v_25535299_1612,5.0,3997.65,7808.6,1611.0,-1.0,128.0,1767821832.0,SMDVL,False
25428641,25428640.0,5.0,2255.15,3095.6,1611.0,-1.0,128.0,1764612382.0,SMDVR,False
v_25511664_1611,25511663.0,,3967.15,6780.65,1611.0,,,,SMDVL,True
25489511,25489510.0,5.0,5252.55,6778.2,1611.0,-1.0,128.0,1763152380.0,SMDVR,False
25393690,v_25393690_1611,5.0,2966.855,7743.7,1612.0,-1.0,128.0,1767821832.0,SMDVL,False
25489512,25489511.0,5.0,5230.55,6802.2,1612.0,-1.0,128.0,1763152381.0,SMDVR,False
25511664,v_25511664_1611,5.0,3964.15,6790.65,1612.0,-1.0,128.0,1765468883.0,SMDVL,False
25428642,25428641.0,5.0,2255.15,3095.6,1612.0,-1.0,128.0,1764612382.0,SMDVR,False
25535343,25535342.0,5.0,4931.85,7765.7,1612.0,-1.0,128.0,1767825537.0,SMDVR,False
v_25535299_1612,25535300.0,,3996.65,7797.6,1612.0,,,,SMDVL,True
v_25511665_1613,25511664.0,,3996.55,6844.65,1613.0,,,,SMDVL,True
v_25489513_1613,25489512.0,,5196.05,6850.2,1613.0,,,,SMDVR,True
v_25393689_1613,25393690.0,,2936.855,7737.7,1613.0,,,,SMDVL,True
25428643,25428642.0,5.0,2259.15,3091.6,1613.0,-1.0,128.0,1764612382.0,SMDVR,False
25535342,25535341.0,5.0,4945.85,7799.7,1613.0,-1.0,128.0,1767825537.0,SMDVR,False
25535300,25535301.0,5.0,3995.65,7786.6,1613.0,-1.0,128.0,1767821832.0,SMDVL,False
v_25511665_1614,v_25511665_1614,,4007.35,6862.65,1614.0,,,,SMDVL,True
25393689,v_25393689_1613,5.0,2926.855,7735.7,1614.0,-1.0,128.0,1767821832.0,SMDVL,False
25489513,v_25489513_1613,5.0,5184.55,6866.2,1614.0,-1.0,128.0,1763152383.0,SMDVR,False
25535301,25535302.0,5.0,3993.65,7778.6,1614.0,-1.0,128.0,1767821832.0,SMDVL,False
25535341,25535344.0,5.0,5017.85,7777.7,1614.0,-1.0,128.0,1767825537.0,SMDVR,False
25535344,25535345.0,5.0,4929.85,7755.7,1614.0,-1.0,128.0,1767825537.0,SMDVR,False
25428644,25428643.0,5.0,2259.15,3091.6,1614.0,-1.0,128.0,1764612382.0,SMDVR,False
25511665,v_25511665_1613,5.0,4018.15,6880.65,1615.0,-1.0,128.0,1765468883.0,SMDVL,False
v_25393688_1615,25393689.0,,2883.655,7716.5,1615.0,,,,SMDVL,True
25535345,25535346.0,5.0,4873.85,7781.7,1615.0,-1.0,128.0,1767825537.0,SMDVR,False
25535340,25535341.0,5.0,5119.85,7821.7,1615.0,-1.0,128.0,1767825537.0,SMDVR,False
25535302,25535303.0,5.0,3987.65,7764.6,1615.0,-1.0,128.0,1767821832.0,SMDVL,False
25428645,25428644.0,5.0,2259.15,3091.6,1615.0,-1.0,128.0,1764612382.0,SMDVR,False
25489514,25489513.0,5.0,5166.55,6896.2,1615.0,-1.0,128.0,1763152383.0,SMDVR,False
25511666,25511665.0,5.0,4018.15,6884.65,1616.0,-1.0,128.0,1765468883.0,SMDVL,False
25535303,25535304.0,5.0,3979.65,7748.6,1616.0,-1.0,128.0,1767821832.0,SMDVL,False
25489515,25489514.0,5.0,5142.55,6936.2,1616.0,-1.0,128.0,1763152384.0,SMDVR,False
25428646,25428645.0,5.0,2267.15,3083.6,1616.0,-1.0,128.0,1764612382.0,SMDVR,False
v_25393688_1616,v_25393688_1616,,2869.255,7710.099999999999,1616.0,,,,SMDVL,True
25535346,25535347.0,5.0,4753.85,7755.7,1616.0,-1.0,128.0,1767825537.0,SMDVR,False
25414014,25535340.0,5.0,5278.85,7778.7,1616.0,-1.0,128.0,1767825537.0,SMDVR,False
25535347,25535350.0,5.0,4702.55,7540.25,1616.0,-1.0,128.0,1767935317.0,SMDVR,False
25428647,25428646.0,5.0,2267.15,3059.6,1617.0,-1.0,128.0,1764612382.0,SMDVR,False
25414013,25414014.0,5.0,5312.85,7772.7,1617.0,-1.0,128.0,1767825537.0,SMDVR,False
25535304,25535305.0,5.0,3991.65,7752.6,1617.0,-1.0,128.0,1767821832.0,SMDVL,False
25535350,25535351.0,5.0,4709.85,7539.7,1617.0,-1.0,128.0,1767825537.0,SMDVR,False
25535348,25535346.0,5.0,4765.85,7763.7,1617.0,-1.0,128.0,1767825537.0,SMDVR,False
25489516,25489515.0,5.0,5116.55,6964.2,1617.0,-1.0,128.0,1763152385.0,SMDVR,False
v_25511667_1617,25511666.0,,4010.65,6943.15,1617.0,,,,SMDVL,True
25393688,v_25393688_1615,5.0,2854.855,7703.7,1617.0,-1.0,128.0,1767821832.0,SMDVL,False
25511667,v_25511667_1617,5.0,4008.15,6962.65,1618.0,-1.0,128.0,1765468883.0,SMDVL,False
25535349,25535348.0,5.0,4821.85,7753.7,1618.0,-1.0,128.0,1767825537.0,SMDVR,False
25393687,25393688.0,5.0,2854.855,7707.7,1618.0,-1.0,128.0,1767821832.0,SMDVL,False
25535305,25535306.0,5.0,3993.65,7740.6,1618.0,-1.0,128.0,1767821832.0,SMDVL,False
25535351,25535352.0,5.0,4715.85,7529.7,1618.0,-1.0,128.0,1767825537.0,SMDVR,False
25414012,25414013.0,5.0,5360.85,7776.7,1618.0,-1.0,128.0,1767825537.0,SMDVR,False
25489517,25489516.0,5.0,5090.55,6992.2,1618.0,-1.0,128.0,1763152387.0,SMDVR,False
25428648,25428647.0,5.0,2267.15,3059.6,1618.0,-1.0,128.0,1764612382.0,SMDVR,False
v_25393686_1619,25393687.0,,2830.855,7686.7,1619.0,,,,SMDVL,True
25405635,25414012.0,5.0,5488.85,7787.7,1619.0,-1.0,128.0,1767825537.0,SMDVR,False
25428649,25428648.0,5.0,2267.15,3059.6,1619.0,-1.0,128.0,1764612382.0,SMDVR,False
v_25511668_1619,25511667.0,,4005.15,6998.65,1619.0,,,,SMDVL,True
25535306,25535307.0,5.0,3979.65,7728.6,1619.0,-1.0,128.0,1767821832.0,SMDVL,False
25489518,25489517.0,5.0,5072.55,7020.2,1619.0,-1.0,128.0,1763152389.0,SMDVR,False
25535352,25535353.0,5.0,4769.85,7503.7,1619.0,-1.0,128.0,1767825537.0,SMDVR,False
25511668,v_25511668_1619,5.0,4004.15,7010.65,1620.0,-1.0,128.0,1765468883.0,SMDVL,False
25428650,25428649.0,5.0,2255.15,3059.6,1620.0,-1.0,128.0,1764612382.0,SMDVR,False
25535307,25535309.0,5.0,3999.15,7706.65,1620.0,-1.0,128.0,1767821832.0,SMDVL,False
25393686,v_25393686_1619,5.0,2822.855,7679.7,1620.0,-1.0,128.0,1767821832.0,SMDVL,False
25489519,25489518.0,5.0,5042.55,7054.2,1620.0,-1.0,128.0,1763152390.0,SMDVR,False
25405634,25405635.0,5.0,5504.85,7771.7,1620.0,-1.0,128.0,1767825537.0,SMDVR,False
25535353,25535354.0,5.0,4733.85,7531.7,1620.0,-1.0,128.0,1767825537.0,SMDVR,False
25489520,25489519.0,5.0,5028.55,7090.2,1621.0,-1.0,128.0,1763152391.0,SMDVR,False
25535309,25535310.0,5.0,3975.15,7686.65,1621.0,-1.0,128.0,1767821832.0,SMDVL,False
v_25393685_1621,25393686.0,,2813.855,7679.7,1621.0,,,,SMDVL,True
v_25511669_1621,25511668.0,,3983.15,7042.15,1621.0,,,,SMDVL,True
25405633,25405634.0,5.0,5528.85,7763.7,1621.0,-1.0,128.0,1767825537.0,SMDVR,False
25535354,25535355.0,5.0,4773.85,7505.7,1621.0,-1.0,128.0,1767825537.0,SMDVR,False
25428651,25428650.0,5.0,2231.15,3023.6,1621.0,-1.0,128.0,1764612382.0,SMDVR,False
25535355,25489522.0,5.0,4807.85,7427.7,1622.0,-1.0,128.0,1767825537.0,SMDVR,False
25393685,v_25393685_1621,5.0,2810.855,7679.7,1622.0,-1.0,128.0,1767821832.0,SMDVL,False
25428652,25428651.0,5.0,2223.15,3039.6,1622.0,-1.0,128.0,1764612382.0,SMDVR,False
25405632,25405633.0,5.0,5556.85,7739.7,1622.0,-1.0,128.0,1767825537.0,SMDVR,False
25489521,25489520.0,5.0,4994.55,7144.2,1622.0,-1.0,128.0,1763152392.0,SMDVR,False
25535310,25535313.0,5.0,3974.15,7600.65,1622.0,-1.0,128.0,1767821832.0,SMDVL,False
25511669,v_25511669_1621,5.0,3976.15,7052.65,1622.0,-1.0,128.0,1765468883.0,SMDVL,False
v_25393684_1623,25393685.0,,2789.855,7670.7,1623.0,,,,SMDVL,True
25428653,25428652.0,5.0,2199.15,3011.6,1623.0,-1.0,128.0,1764612382.0,SMDVR,False
25405631,25405632.0,5.0,5560.85,7723.7,1623.0,-1.0,128.0,1767825537.0,SMDVR,False
25489522,25489521.0,5.0,4944.55,7196.2,1623.0,-1.0,128.0,1763152416.0,SMDVR,False
25535313,25535314.0,5.0,3978.15,7592.65,1623.0,-1.0,128.0,1767821832.0,SMDVL,False
v_25511670_1623,25511669.0,,3962.65,7075.15,1623.0,,,,SMDVL,True
25393684,v_25393684_1623,5.0,2782.855,7667.7,1624.0,-1.0,128.0,1767821832.0,SMDVL,False
25511670,v_25511670_1623,5.0,3958.15,7082.65,1624.0,-1.0,128.0,1765468883.0,SMDVL,False
25535314,v_25535314_1625,5.0,4000.15,7596.65,1624.0,-1.0,128.0,1767980293.0,SMDVL,False
25405630,25405631.0,5.0,5576.85,7707.7,1624.0,-1.0,128.0,1767825537.0,SMDVR,False
25489523,25489522.0,5.0,4881.55,7296.2,1624.0,-1.0,128.0,1763152420.0,SMDVR,False
v_25535314_1625,v_25535314_1626,,3997.1,7604.766666666666,1625.0,,,,SMDVL,True
v_25511671_1625,25511670.0,,3954.55,7093.45,1625.0,,,,SMDVL,True
25405629,25405630.0,5.0,5589.6,7685.8,1625.0,-1.0,128.0,1776038251.0,SMDVR,False
v_25393683_1625,25393684.0,,2767.855,7661.7,1625.0,,,,SMDVL,True
25489524,25489523.0,5.0,4903.55,7252.2,1625.0,-1.0,128.0,1763152421.0,SMDVR,False
v_25511671_1626,v_25511671_1626,,3953.35,7097.049999999999,1626.0,,,,SMDVL,True
25393683,v_25393683_1625,5.0,2762.855,7659.7,1626.0,-1.0,128.0,1767821832.0,SMDVL,False
25489525,25489524.0,5.0,4876.55,7292.2,1626.0,-1.0,128.0,1763152423.0,SMDVR,False
25405628,25405629.0,5.0,5617.6,7657.8,1626.0,-1.0,128.0,1776038220.0,SMDVR,False
v_25535314_1626,25535962.0,,3994.05,7612.883333333333,1626.0,,,,SMDVL,True
25511671,v_25511671_1625,5.0,3952.15,7100.65,1627.0,-1.0,128.0,1765468883.0,SMDVL,False
v_25393682_1627,25393683.0,,2738.855,7647.7,1627.0,,,,SMDVL,True
25405627,25405628.0,5.0,5616.85,7667.7,1627.0,-1.0,128.0,1767825537.0,SMDVR,False
25489526,25489525.0,5.0,4889.55,7285.2,1627.0,-1.0,128.0,1767825355.0,SMDVR,False
25535962,v_25535962_1628,5.0,3991.0,7621.0,1627.0,-1.0,99.0,1767980293.0,SMDVL,False
25405626,25405627.0,5.0,5628.85,7655.7,1628.0,-1.0,128.0,1767825537.0,SMDVR,False
25489527,25489526.0,5.0,4873.55,7303.2,1628.0,-1.0,128.0,1767825364.0,SMDVR,False
v_25535962_1628,25535315.0,,3968.575,7589.825,1628.0,,,,SMDVL,True
v_25511672_1628,25511671.0,,3955.75,7118.65,1628.0,,,,SMDVL,True
25393682,v_25393682_1627,5.0,2730.855,7643.7,1628.0,-1.0,128.0,1767821832.0,SMDVL,False
