node_id,parent_id,confidence,x,y,z,radius,creator_id,edition_time,cell_name,is_vnode
25427792,25427791.0,5.0,5362.0,3195.77,1341.0,-1.0,128.0,1760634944.0,RIAL,False
25427791,25427790.0,5.0,5366.0,3195.77,1342.0,-1.0,128.0,1760634942.0,RIAL,False
25427790,25427789.0,5.0,5370.0,3195.77,1343.0,-1.0,128.0,1760634941.0,RIAL,False
25427789,25427788.0,5.0,5450.0,3239.77,1344.0,-1.0,128.0,1760634932.0,RIAL,False
25427788,25427787.0,5.0,5342.0,3187.77,1345.0,-1.0,128.0,1760634920.0,RIAL,False
25427787,25554222.0,5.0,5342.0,3235.77,1346.0,-1.0,128.0,1769640022.0,RIAL,False
25554222,v_25554222_1348,5.0,5343.35,3223.77,1347.0,-1.0,128.0,1769640022.0,RIAL,False
v_25554222_1348,25427786.0,,5344.675,3211.77,1348.0,,,,RIAL,True
25427786,25427785.0,5.0,5346.0,3199.77,1349.0,-1.0,128.0,1760634913.0,RIAL,False
25427785,25427784.0,5.0,5346.0,3199.77,1350.0,-1.0,128.0,1760634912.0,RIAL,False
25427784,25427783.0,5.0,5386.0,3267.77,1351.0,-1.0,128.0,1760634911.0,RIAL,False
25427783,25554228.0,5.0,5458.0,3379.77,1352.0,-1.0,128.0,1769640118.0,RIAL,False
25554228,25427782.0,5.0,5474.0,3437.77,1353.0,-1.0,128.0,1769640118.0,RIAL,False
25427782,25426206.0,5.0,5490.0,3495.77,1354.0,-1.0,128.0,1760634908.0,RIAL,False
25439941,25439936.0,5.0,5542.6,3152.75,1354.0,-1.0,128.0,1761066074.0,RIAR,False
25439936,25439934.0,5.0,5522.6,3082.75,1355.0,-1.0,128.0,1761066071.0,RIAR,False
25426206,25426205.0,5.0,5522.0,3499.77,1355.0,-1.0,128.0,1760551687.0,RIAL,False
25426205,25426204.0,5.0,5700.0,3779.77,1356.0,-1.0,128.0,1760551684.0,RIAL,False
25426207,25426206.0,5.0,5098.0,3003.77,1356.0,-1.0,128.0,1760551692.0,RIAL,False
25439934,25439931.0,5.0,5510.6,3082.75,1356.0,-1.0,128.0,1761066071.0,RIAR,False
25439931,25439928.0,5.0,5492.6,3078.75,1357.0,-1.0,128.0,1761066069.0,RIAR,False
25438090,25438089.0,5.0,3613.625,3042.75,1357.0,-1.0,128.0,1760993459.0,RIAR,False
25426204,25426203.0,5.0,5736.0,3827.77,1357.0,-1.0,128.0,1760551681.0,RIAL,False
25426208,25426207.0,5.0,5040.0,2985.77,1357.0,-1.0,128.0,1760551703.0,RIAL,False
25426203,25426202.0,5.0,5746.0,3937.77,1358.0,-1.0,128.0,1760551680.0,RIAL,False
25426209,25426208.0,5.0,5032.0,2961.77,1358.0,-1.0,128.0,1760551704.0,RIAL,False
25439928,25439924.0,5.0,5500.6,3078.75,1358.0,-1.0,128.0,1761066067.0,RIAR,False
25438089,25438088.0,5.0,3633.625,3086.75,1358.0,-1.0,128.0,1760993455.0,RIAR,False
25439924,25439920.0,5.0,5500.6,3076.75,1359.0,-1.0,128.0,1761066064.0,RIAR,False
25438088,25438087.0,5.0,3665.625,3094.75,1359.0,-1.0,128.0,1760993451.0,RIAR,False
25426210,25426209.0,5.0,5000.0,2949.77,1359.0,-1.0,128.0,1760551705.0,RIAL,False
25554239,25554238.0,5.0,4901.0,2765.77,1359.0,-1.0,128.0,1769640343.0,RIAR,False
25426202,25426201.0,5.0,5748.0,3971.77,1359.0,-1.0,128.0,1760551679.0,RIAL,False
25438087,25553193.0,5.0,3681.625,3094.75,1360.0,-1.0,128.0,1769488131.0,RIAR,False
25426212,25426210.0,5.0,5230.0,3137.77,1360.0,-1.0,128.0,1760551712.0,RIAL,False
25426211,25426210.0,5.0,4892.0,2921.77,1360.0,-1.0,128.0,1760551710.0,RIAL,False
25426201,25426200.0,5.0,5748.0,3971.77,1360.0,-1.0,128.0,1760551678.0,RIAL,False
25554238,25554237.0,5.0,4901.0,2769.77,1360.0,-1.0,128.0,1769640342.0,RIAR,False
25439914,25439907.0,5.0,5062.6,3068.75,1360.0,-1.0,128.0,1761066057.0,RIAR,False
25439920,25439907.0,5.0,5402.6,3004.75,1360.0,-1.0,128.0,1761066061.0,RIAR,False
25426213,25426212.0,5.0,5228.0,3157.77,1361.0,-1.0,128.0,1760551717.0,RIAL,False
25426218,25426211.0,5.0,4766.0,2921.77,1361.0,-1.0,128.0,1760551750.0,RIAL,False
25426200,25554180.0,5.0,5754.0,4011.77,1361.0,-1.0,128.0,1769639350.0,RIAL,False
25439907,25439906.0,5.0,5338.6,2996.75,1361.0,-1.0,128.0,1761066050.0,RIAR,False
25553193,25438086.0,5.0,3679.625,3094.75,1361.0,-1.0,128.0,1769488131.0,RIAR,False
25554237,25554236.0,5.0,4901.0,2785.77,1361.0,-1.0,128.0,1769640340.0,RIAR,False
25554180,25426199.0,5.0,5767.0,4039.77,1362.0,-1.0,128.0,1769639350.0,RIAL,False
25426214,25426213.0,5.0,5222.0,3163.77,1362.0,-1.0,128.0,1760551718.0,RIAL,False
25426219,25426218.0,5.0,4762.0,2919.77,1362.0,-1.0,128.0,1760551757.0,RIAL,False
25438086,25558759.0,5.0,3677.625,3094.75,1362.0,-1.0,128.0,1771619874.0,RIAR,False
25554236,25553189.0,5.0,4901.0,2797.77,1362.0,-1.0,128.0,1769640340.0,RIAR,False
25439906,25553189.0,5.0,5338.6,2996.75,1362.0,-1.0,128.0,1769488065.0,RIAR,False
25426215,25426214.0,5.0,5216.0,3175.77,1363.0,-1.0,128.0,1760551719.0,RIAL,False
v_25426220_1363,25426219.0,,4718.5,2907.77,1363.0,,,,RIAL,True
25558759,25438085.0,5.0,3661.625,3054.75,1363.0,-1.0,128.0,1771619874.0,RIAR,False
25553189,25439904.0,5.0,5338.6,2996.75,1363.0,-1.0,128.0,1769488065.0,RIAR,False
25426199,25426198.0,5.0,5780.0,4067.77,1363.0,-1.0,128.0,1760551673.0,RIAL,False
25439904,25439902.0,5.0,5338.6,2996.75,1364.0,-1.0,128.0,1761066048.0,RIAR,False
25438085,v_25438085_1365,5.0,3640.96,3020.56,1364.0,-1.0,128.0,1771721109.0,RIAR,False
25426198,v_25426198_1365,5.0,5744.0,4089.77,1364.0,-1.0,128.0,1760551671.0,RIAL,False
25426216,25426215.0,5.0,5220.0,3167.77,1364.0,-1.0,128.0,1760551720.0,RIAL,False
25426220,v_25426220_1363,5.0,4704.0,2903.77,1364.0,-1.0,128.0,1760551758.0,RIAL,False
25426221,25426220.0,5.0,4688.0,2897.77,1365.0,-1.0,128.0,1760551759.0,RIAL,False
25426217,25426216.0,5.0,5231.6,3170.77,1365.0,-1.0,128.0,1769486539.0,RIAL,False
v_25426198_1365,25426197.0,,5737.0,4115.77,1365.0,,,,RIAL,True
v_25438085_1365,25438084.0,,3645.2925,3017.655,1365.0,,,,RIAR,True
25439902,25439901.0,5.0,5324.6,2978.75,1365.0,-1.0,128.0,1761066047.0,RIAR,False
25438084,v_25438084_1367,5.0,3649.625,3014.75,1366.0,-1.0,128.0,1760993446.0,RIAR,False
25426197,25426196.0,5.0,5730.0,4141.77,1366.0,-1.0,128.0,1760551670.0,RIAL,False
25554168,25426221.0,5.0,4666.0,2896.77,1366.0,-1.0,128.0,1769639142.0,RIAL,False
25553099,25426217.0,5.0,5227.6,3170.77,1366.0,-1.0,128.0,1769486542.0,RIAL,False
25439901,25439899.0,5.0,5324.6,2978.75,1366.0,-1.0,128.0,1761066046.0,RIAR,False
25439899,25439897.0,5.0,5272.6,2950.75,1367.0,-1.0,128.0,1761066045.0,RIAR,False
25426222,25554168.0,5.0,4644.0,2895.77,1367.0,-1.0,128.0,1769639142.0,RIAL,False
25426196,25426195.0,5.0,5732.0,4147.77,1367.0,-1.0,128.0,1760551669.0,RIAL,False
v_25438084_1367,25438083.0,,3629.625,3018.75,1367.0,,,,RIAR,True
25439897,25439824.0,5.0,5271.6,2942.77,1368.0,-1.0,128.0,1769486591.0,RIAR,False
25438083,25438082.0,5.0,3609.625,3022.75,1368.0,-1.0,128.0,1760993444.0,RIAR,False
25426223,25426222.0,5.0,4606.0,2905.77,1368.0,-1.0,128.0,1760551760.0,RIAL,False
25426195,25426194.0,5.0,5734.0,4175.77,1368.0,-1.0,128.0,1760551668.0,RIAL,False
25426194,25426193.0,5.0,5766.0,4227.77,1369.0,-1.0,128.0,1760551667.0,RIAL,False
25439824,25439823.0,5.0,5231.6,2922.75,1369.0,-1.0,128.0,1761065515.0,RIAR,False
25438082,25438080.0,5.0,3561.625,3074.75,1369.0,-1.0,128.0,1760993444.0,RIAR,False
25558971,25426223.0,5.0,4598.0,2906.77,1369.0,-1.0,128.0,1771722217.0,RIAL,False
25438080,25438079.0,5.0,3545.625,3086.75,1370.0,-1.0,128.0,1760993435.0,RIAR,False
25426193,25553096.0,5.0,5816.0,4281.77,1370.0,-1.0,128.0,1769486468.0,RIAL,False
25426224,25558971.0,5.0,4590.0,2907.77,1370.0,-1.0,128.0,1771722217.0,RIAL,False
25439825,25439824.0,5.0,5459.6,3254.75,1370.0,-1.0,128.0,1761065521.0,RIAR,False
25439823,25438092.0,5.0,4915.625,2902.75,1370.0,-1.0,128.0,1761065503.0,RIAR,False
25426239,25426238.0,5.0,3930.0,3099.77,1370.0,-1.0,128.0,1760551839.0,RIAL,False
25426225,25426224.0,5.0,4544.0,2911.77,1371.0,-1.0,128.0,1760551766.0,RIAL,False
25438079,25438078.0,5.0,3237.625,3434.77,1371.0,-1.0,128.0,1769486662.0,RIAR,False
25439826,25439825.0,5.0,5543.6,3458.75,1371.0,-1.0,128.0,1761065527.0,RIAR,False
25426236,25426235.0,5.0,3470.0,2949.77,1371.0,-1.0,128.0,1760551818.0,RIAL,False
25553096,25426192.0,5.0,5821.0,4312.77,1371.0,-1.0,128.0,1769486468.0,RIAL,False
25438081,25438080.0,5.0,3793.625,2974.75,1371.0,-1.0,128.0,1760993437.0,RIAR,False
25438092,25438091.0,5.0,4857.625,2914.75,1371.0,-1.0,128.0,1760993490.0,RIAR,False
25426238,25426237.0,5.0,3930.0,3085.77,1371.0,-1.0,128.0,1760551838.0,RIAL,False
25553108,25438091.0,5.0,4831.625,2888.76,1372.0,-1.0,128.0,1769486751.0,RIAR,False
25426226,25426225.0,5.0,4524.0,2929.77,1372.0,-1.0,128.0,1760551768.0,RIAL,False
25426230,25426229.0,5.0,4116.0,2947.77,1372.0,-1.0,128.0,1760551781.0,RIAL,False
25426235,25426234.0,5.0,3432.0,2959.77,1372.0,-1.0,128.0,1760551817.0,RIAL,False
25426237,25426233.0,5.0,3938.0,3081.77,1372.0,-1.0,128.0,1760551835.0,RIAL,False
25439827,25439826.0,5.0,5563.6,3478.75,1372.0,-1.0,128.0,1761065528.0,RIAR,False
25438091,25438081.0,5.0,4369.625,3066.75,1372.0,-1.0,128.0,1760993485.0,RIAR,False
25438078,v_25438078_1373,5.0,3217.625,3438.75,1372.0,-1.0,128.0,1760993423.0,RIAR,False
25426192,25554183.0,5.0,5826.0,4343.77,1372.0,-1.0,128.0,1769639383.0,RIAL,False
25554183,25426191.0,5.0,5834.0,4361.77,1373.0,-1.0,128.0,1769639383.0,RIAL,False
25438093,25438091.0,5.0,4311.625,3042.76,1373.0,-1.0,128.0,1769486761.0,RIAR,False
25553110,25438093.0,5.0,4821.625,2878.76,1373.0,-1.0,128.0,1769486762.0,RIAR,False
25426233,25426232.0,5.0,3894.0,3067.77,1373.0,-1.0,128.0,1760551807.0,RIAL,False
25426234,25426232.0,5.0,3480.0,3001.77,1373.0,-1.0,128.0,1760551810.0,RIAL,False
25426227,25426226.0,5.0,4482.0,2937.77,1373.0,-1.0,128.0,1760551769.0,RIAL,False
25426229,25426228.0,5.0,4124.0,2967.77,1373.0,-1.0,128.0,1760551775.0,RIAL,False
25439828,25439827.0,5.0,5563.6,3618.75,1373.0,-1.0,128.0,1761065532.0,RIAR,False
v_25438078_1373,25438077.0,,3173.625,3498.75,1373.0,,,,RIAR,True
25438094,25438093.0,5.0,3857.625,2870.75,1374.0,-1.0,128.0,1760993503.0,RIAR,False
25438095,25438093.0,5.0,4645.625,2954.75,1374.0,-1.0,128.0,1760993507.0,RIAR,False
25438077,v_25438077_1375,5.0,3129.625,3558.75,1374.0,-1.0,128.0,1760993422.0,RIAR,False
25439830,25439828.0,5.0,5675.6,3942.75,1374.0,-1.0,128.0,1761065538.0,RIAR,False
25439829,25439828.0,5.0,5651.6,3222.75,1374.0,-1.0,128.0,1761065535.0,RIAR,False
25426228,25426227.0,5.0,4290.0,2999.77,1374.0,-1.0,128.0,1760551773.0,RIAL,False
25426232,25426231.0,5.0,3710.0,3049.77,1374.0,-1.0,128.0,1760551806.0,RIAL,False
25426191,25426190.0,5.0,5842.0,4379.77,1374.0,-1.0,128.0,1760551663.0,RIAL,False
25438096,25438094.0,5.0,3869.625,2854.75,1375.0,-1.0,128.0,1760993514.0,RIAR,False
v_25438077_1375,25438076.0,,3093.625,3592.75,1375.0,,,,RIAR,True
25426231,25426228.0,5.0,3830.0,3041.77,1375.0,-1.0,128.0,1760551788.0,RIAL,False
25426190,25426189.0,5.0,5827.0,4405.77,1375.0,-1.0,128.0,1760551561.0,RIAL,False
25439831,25439829.0,5.0,5643.6,3222.75,1375.0,-1.0,128.0,1761065555.0,RIAR,False
25439837,25439830.0,5.0,5759.6,4074.75,1375.0,-1.0,128.0,1761065575.0,RIAR,False
25438099,25438095.0,5.0,4705.625,2942.75,1375.0,-1.0,128.0,1760993531.0,RIAR,False
25426240,25426231.0,5.0,3784.0,3035.77,1376.0,-1.0,128.0,1760551850.0,RIAL,False
25438076,v_25438076_1377,5.0,3057.625,3626.75,1376.0,-1.0,128.0,1760993421.0,RIAR,False
25439832,25439831.0,5.0,5646.15,3227.6,1376.0,-1.0,128.0,1765923048.0,RIAR,False
25438097,25438096.0,5.0,3893.625,2854.75,1376.0,-1.0,128.0,1760993515.0,RIAR,False
25438100,25438099.0,5.0,4709.625,2894.75,1376.0,-1.0,128.0,1760993533.0,RIAR,False
25439838,25439837.0,5.0,5803.6,4146.75,1376.0,-1.0,128.0,1761065579.0,RIAR,False
25426189,25426188.0,5.0,5835.0,4411.77,1376.0,-1.0,128.0,1760551560.0,RIAL,False
25426188,25426187.0,5.0,5853.0,4437.77,1377.0,-1.0,128.0,1760551559.0,RIAL,False
25426241,25426240.0,5.0,3758.0,3023.77,1377.0,-1.0,128.0,1760551851.0,RIAL,False
25439839,25439838.0,5.0,5827.6,4206.75,1377.0,-1.0,128.0,1761065580.0,RIAR,False
25439833,25439832.0,5.0,5643.6,3222.75,1377.0,-1.0,128.0,1761065556.0,RIAR,False
v_25438076_1377,25438075.0,,3021.625,3650.75,1377.0,,,,RIAR,True
25438098,25438097.0,5.0,3901.625,2838.75,1377.0,-1.0,128.0,1760993517.0,RIAR,False
25438101,25438100.0,5.0,4689.625,2910.75,1377.0,-1.0,128.0,1760993534.0,RIAR,False
25426187,25426186.0,5.0,5885.0,4467.77,1378.0,-1.0,128.0,1760551558.0,RIAL,False
25438075,25438074.0,5.0,2985.625,3674.75,1378.0,-1.0,128.0,1760993419.0,RIAR,False
25439834,25439833.0,5.0,5647.6,3222.75,1378.0,-1.0,128.0,1761065558.0,RIAR,False
25426242,25426241.0,5.0,3722.0,3029.77,1378.0,-1.0,128.0,1760551852.0,RIAL,False
25439840,25439839.0,5.0,5879.6,4238.75,1378.0,-1.0,128.0,1761065581.0,RIAR,False
25438102,25438101.0,5.0,4605.625,2938.75,1378.0,-1.0,128.0,1760993535.0,RIAR,False
25438103,25438102.0,5.0,4601.625,2942.75,1379.0,-1.0,128.0,1760993536.0,RIAR,False
25439835,25439834.0,5.0,5671.6,3234.76,1379.0,-1.0,128.0,1769488241.0,RIAR,False
25438074,v_25438074_1380,5.0,2981.625,3686.75,1379.0,-1.0,128.0,1760993416.0,RIAR,False
25439841,25439840.0,5.0,5923.6,4306.75,1379.0,-1.0,128.0,1761065582.0,RIAR,False
25426186,25426185.0,5.0,5929.0,4489.77,1379.0,-1.0,128.0,1760551556.0,RIAL,False
25426243,25426242.0,5.0,3726.0,3023.77,1379.0,-1.0,128.0,1760551853.0,RIAL,False
25438104,25438103.0,5.0,4456.05,3009.83,1380.0,-1.0,128.0,1765512832.0,RIAR,False
25439842,25439841.0,5.0,5926.15,4314.6,1380.0,-1.0,128.0,1761447338.0,RIAR,False
25426244,25426243.0,5.0,3719.95,3024.55,1380.0,-1.0,128.0,1761280490.0,RIAL,False
25439836,25439835.0,5.0,5679.6,3234.75,1380.0,-1.0,128.0,1761065560.0,RIAR,False
25426185,25426183.0,5.0,5977.0,4583.77,1380.0,-1.0,128.0,1760551550.0,RIAL,False
25426184,25426183.0,5.0,6013.0,4963.77,1380.0,-1.0,128.0,1760551548.0,RIAL,False
v_25438074_1380,v_25438074_1381,,2954.958333333333,3702.75,1380.0,,,,RIAR,True
25439843,25439842.0,5.0,5924.6,4444.75,1381.0,-1.0,128.0,1761065873.0,RIAR,False
v_25438074_1381,25438073.0,,2928.2916666666665,3718.75,1381.0,,,,RIAR,True
25426183,25426182.0,5.0,5997.0,4911.77,1381.0,-1.0,128.0,1760551541.0,RIAL,False
25426245,25426244.0,5.0,3408.0,3119.77,1381.0,-1.0,128.0,1760552064.0,RIAL,False
25453734,25426244.0,5.0,4255.95,3084.55,1381.0,-1.0,128.0,1761280499.0,RIAL,False
25438073,v_25438073_1383,5.0,2901.625,3734.75,1382.0,-1.0,128.0,1760993414.0,RIAR,False
25453735,25453734.0,5.0,4275.95,3072.55,1382.0,-1.0,128.0,1761280500.0,RIAL,False
25439844,25439843.0,5.0,5924.6,4444.75,1382.0,-1.0,128.0,1761065874.0,RIAR,False
25426182,25426181.0,5.0,5985.0,4925.77,1382.0,-1.0,128.0,1760551540.0,RIAL,False
25426246,25426245.0,5.0,3342.0,3175.77,1382.0,-1.0,128.0,1760552069.0,RIAL,False
25426181,25426180.0,5.0,5997.0,4971.77,1383.0,-1.0,128.0,1760551538.0,RIAL,False
v_25438073_1383,25438072.0,,2863.625,3800.75,1383.0,,,,RIAR,True
v_25439845_1383,25439844.0,,5957.6,4485.25,1383.0,,,,RIAR,True
25426247,25426246.0,5.0,3308.0,3197.77,1383.0,-1.0,128.0,1760552069.0,RIAL,False
25439845,v_25439845_1383,5.0,5968.6,4498.75,1384.0,-1.0,128.0,1761065877.0,RIAR,False
25426248,25426247.0,5.0,3270.0,3211.77,1384.0,-1.0,128.0,1760552070.0,RIAL,False
25426180,25426179.0,5.0,5969.0,5109.75,1384.0,-1.0,128.0,1760551533.0,RIAL,False
25438072,25553114.0,5.0,2825.625,3866.75,1384.0,-1.0,128.0,1769486885.0,RIAR,False
25426179,25426178.0,5.0,5945.0,5261.75,1385.0,-1.0,128.0,1760551532.0,RIAL,False
25426249,25426248.0,5.0,3242.0,3241.77,1385.0,-1.0,128.0,1760552071.0,RIAL,False
25439846,25439845.0,5.0,6010.6,4596.75,1385.0,-1.0,128.0,1761065878.0,RIAR,False
25553114,25438071.0,5.0,2807.625,3882.76,1385.0,-1.0,128.0,1769486890.0,RIAR,False
25426250,25426249.0,5.0,3142.0,3347.77,1386.0,-1.0,128.0,1760552076.0,RIAL,False
25426178,25426177.0,5.0,5935.0,5355.75,1386.0,-1.0,128.0,1760551530.0,RIAL,False
25438071,v_25438071_1387,5.0,2797.625,3902.75,1386.0,-1.0,128.0,1760993409.0,RIAR,False
v_25439847_1386,25439846.0,,5998.6,4721.25,1386.0,,,,RIAR,True
25426251,25426250.0,5.0,3124.0,3349.77,1387.0,-1.0,128.0,1760552077.0,RIAL,False
25426177,25426176.0,5.0,5907.0,5407.75,1387.0,-1.0,128.0,1760551528.0,RIAL,False
25439847,v_25439847_1386,5.0,5994.6,4762.75,1387.0,-1.0,128.0,1761065880.0,RIAR,False
v_25438071_1387,25438070.0,,2791.625,3918.75,1387.0,,,,RIAR,True
25439848,25439847.0,5.0,5998.6,4820.75,1388.0,-1.0,128.0,1761065882.0,RIAR,False
25438070,25553117.0,5.0,2785.625,3934.75,1388.0,-1.0,128.0,1769486914.0,RIAR,False
25426176,25426175.0,5.0,5897.0,5445.75,1388.0,-1.0,128.0,1760551525.0,RIAL,False
25426252,25426251.0,5.0,3110.0,3395.77,1388.0,-1.0,128.0,1760552078.0,RIAL,False
25426253,25426252.0,5.0,3080.0,3437.77,1389.0,-1.0,128.0,1760552079.0,RIAL,False
25426175,25426174.0,5.0,5885.0,5469.75,1389.0,-1.0,128.0,1760551524.0,RIAL,False
25553117,25438069.0,5.0,2791.625,3970.75,1389.0,-1.0,128.0,1769486914.0,RIAR,False
25558539,25439848.0,5.0,5985.6,4832.75,1389.0,-1.0,128.0,1771607769.0,RIAR,False
25439849,25558539.0,5.0,5972.6,4844.75,1390.0,-1.0,128.0,1771607769.0,RIAR,False
25426255,25426253.0,5.0,3154.0,3299.77,1390.0,-1.0,128.0,1760552089.0,RIAL,False
25426254,25426253.0,5.0,2968.0,3567.77,1390.0,-1.0,128.0,1760552087.0,RIAL,False
25426174,25558564.0,5.0,5845.0,5535.75,1390.0,-1.0,128.0,1771608373.0,RIAL,False
25438069,25438068.0,5.0,2797.625,4006.75,1390.0,-1.0,128.0,1760993407.0,RIAR,False
25427793,25426255.0,5.0,3234.0,3243.77,1391.0,-1.0,128.0,1760634954.0,RIAL,False
25558564,25426173.0,5.0,5829.0,5550.75,1391.0,-1.0,128.0,1771608373.0,RIAL,False
v_25439850_1391,25439849.0,,5972.6,4893.95,1391.0,,,,RIAR,True
25438106,25438066.0,5.0,2733.625,4554.75,1391.0,-1.0,128.0,1760993627.0,RIAR,False
25438068,25438067.0,5.0,2813.625,4114.75,1391.0,-1.0,128.0,1760993406.0,RIAR,False
25426256,25426254.0,5.0,2958.0,3719.77,1391.0,-1.0,128.0,1760552106.0,RIAL,False
25426173,25426172.0,5.0,5813.0,5565.75,1392.0,-1.0,128.0,1760551521.0,RIAL,False
25426257,25426256.0,5.0,2946.0,3725.77,1392.0,-1.0,128.0,1760552108.0,RIAL,False
25427794,25427793.0,5.0,3230.0,3211.77,1392.0,-1.0,128.0,1760634955.0,RIAL,False
v_25439850_1392,v_25439850_1392,,5972.6,4910.35,1392.0,,,,RIAR,True
25438067,25438065.0,5.0,2801.625,4134.75,1392.0,-1.0,128.0,1760993400.0,RIAR,False
25438066,25438065.0,5.0,2713.625,4534.75,1392.0,-1.0,128.0,1760993397.0,RIAR,False
25439850,v_25439850_1391,5.0,5972.6,4926.75,1393.0,-1.0,128.0,1761065885.0,RIAR,False
25438065,25438064.0,5.0,2749.625,4318.75,1393.0,-1.0,128.0,1760993392.0,RIAR,False
25426172,v_25426172_1394,5.0,5797.0,5573.75,1393.0,-1.0,128.0,1760551518.0,RIAL,False
25426258,25426257.0,5.0,2926.0,3729.77,1393.0,-1.0,128.0,1760552108.0,RIAL,False
25554245,25427794.0,5.0,3230.0,3211.77,1393.0,-1.0,128.0,1769640469.0,RIAL,False
25438105,25438063.0,5.0,2757.625,5250.75,1393.0,-1.0,128.0,1760993619.0,RIAR,False
v_25439851_1394,25439850.0,,5963.6,4932.75,1394.0,,,,RIAR,True
v_25426172_1394,25426171.0,,5791.0,5578.75,1394.0,,,,RIAL,True
25427795,25554245.0,5.0,3230.0,3211.77,1394.0,-1.0,128.0,1769640469.0,RIAL,False
25438064,25438062.0,5.0,2757.625,4534.75,1394.0,-1.0,128.0,1760993390.0,RIAR,False
25438063,25438062.0,5.0,2733.625,5142.75,1394.0,-1.0,128.0,1760993382.0,RIAR,False
25426259,25426258.0,5.0,2880.0,3797.77,1394.0,-1.0,128.0,1760552109.0,RIAL,False
25427796,25427795.0,5.0,3190.0,3219.77,1395.0,-1.0,128.0,1760634957.0,RIAL,False
25426171,25554186.0,5.0,5785.0,5583.75,1395.0,-1.0,128.0,1769639467.0,RIAL,False
25426260,25426259.0,5.0,2844.0,3873.77,1395.0,-1.0,128.0,1760552118.0,RIAL,False
25439851,v_25439851_1394,5.0,5960.6,4934.75,1395.0,-1.0,128.0,1761065886.0,RIAR,False
25438062,25553121.0,5.0,2729.625,4734.75,1395.0,-1.0,128.0,1769486981.0,RIAR,False
25426261,25426260.0,5.0,2778.0,3997.77,1396.0,-1.0,128.0,1760552120.0,RIAL,False
25427797,25427796.0,5.0,3178.0,3239.77,1396.0,-1.0,128.0,1760634965.0,RIAL,False
25554186,25426170.0,5.0,5766.0,5582.75,1396.0,-1.0,128.0,1769639467.0,RIAL,False
25439852,25439851.0,5.0,5916.6,4992.75,1396.0,-1.0,128.0,1761065890.0,RIAR,False
25553121,25438061.0,5.0,2723.625,4778.75,1396.0,-1.0,128.0,1769486981.0,RIAR,False
25554243,25427797.0,5.0,3186.5,3251.77,1397.0,-1.0,128.0,1769640458.0,RIAL,False
25426262,25426261.0,5.0,2732.0,4053.77,1397.0,-1.0,128.0,1760552128.0,RIAL,False
25426170,25426169.0,5.0,5747.0,5581.75,1397.0,-1.0,128.0,1760551516.0,RIAL,False
25439853,25439852.0,5.0,5876.6,4994.75,1397.0,-1.0,128.0,1761065894.0,RIAR,False
25438061,25438060.0,5.0,2717.625,4822.75,1397.0,-1.0,128.0,1760993376.0,RIAR,False
25426169,25426168.0,5.0,5747.0,5595.75,1398.0,-1.0,128.0,1760551515.0,RIAL,False
25426263,25426262.0,5.0,2702.0,4071.77,1398.0,-1.0,128.0,1760552128.0,RIAL,False
25439854,25439853.0,5.0,5920.6,5326.75,1398.0,-1.0,128.0,1761065900.0,RIAR,False
25438060,25438051.0,5.0,2705.625,4926.75,1398.0,-1.0,128.0,1760993375.0,RIAR,False
25439855,25439854.0,5.0,5824.6,5522.75,1399.0,-1.0,128.0,1761065911.0,RIAR,False
25438051,25438050.0,5.0,2729.625,5262.75,1399.0,-1.0,128.0,1760993334.0,RIAR,False
25426168,v_25426168_1400,5.0,5651.0,5681.75,1399.0,-1.0,128.0,1760551512.0,RIAL,False
25554153,25426263.0,5.0,2741.0,4252.77,1399.0,-1.0,128.0,1769638750.0,RIAL,False
v_25426168_1400,25426167.0,,5648.0,5711.75,1400.0,,,,RIAL,True
25426264,25554153.0,5.0,2780.0,4433.77,1400.0,-1.0,128.0,1769638750.0,RIAL,False
25438050,25438045.0,5.0,2735.625,5292.75,1400.0,-1.0,128.0,1760993332.0,RIAR,False
25439856,25439855.0,5.0,5818.6,5530.75,1400.0,-1.0,128.0,1761065912.0,RIAR,False
25438045,25553124.0,5.0,2745.625,5284.75,1401.0,-1.0,128.0,1769487088.0,RIAR,False
25554258,25439856.0,5.0,5804.45,5543.9,1401.0,-1.0,128.0,1769640697.0,RIAR,False
25426265,25426264.0,5.0,2790.0,4489.77,1401.0,-1.0,128.0,1760552155.0,RIAL,False
25426167,25426166.0,5.0,5645.0,5741.75,1401.0,-1.0,128.0,1760551511.0,RIAL,False
25553088,25554258.0,5.0,5790.3,5557.1,1402.0,-1.0,128.0,1769640697.0,RIAR,False
25553124,v_25553124_1403,5.0,2768.96,5320.1,1402.0,-1.0,128.0,1769487088.0,RIAR,False
25553085,25426166.0,5.0,5676.15,5454.3,1402.0,-1.0,128.0,1769486311.0,RIAL,False
25426266,25426265.0,5.0,2784.0,4497.77,1402.0,-1.0,128.0,1760552156.0,RIAL,False
25426166,25426165.0,5.0,5647.0,5767.75,1402.0,-1.0,128.0,1760551506.0,RIAL,False
25426165,25426164.0,5.0,5629.0,5815.75,1403.0,-1.0,128.0,1760551505.0,RIAL,False
25426267,25426266.0,5.0,2770.0,4561.77,1403.0,-1.0,128.0,1760552157.0,RIAL,False
25553086,25553085.0,5.0,5674.15,5460.3,1403.0,-1.0,128.0,1769486311.0,RIAL,False
v_25553124_1403,25438043.0,,2792.2925,5355.425,1403.0,,,,RIAR,True
25439857,25553088.0,5.0,5776.15,5570.3,1403.0,-1.0,128.0,1769486325.0,RIAR,False
v_25439858_1404,25439857.0,,5705.9875,5590.1375,1404.0,,,,RIAR,True
25438043,25553126.0,5.0,2815.625,5390.75,1404.0,-1.0,128.0,1769487107.0,RIAR,False
25426164,25554189.0,5.0,5591.0,5863.75,1404.0,-1.0,128.0,1769639506.0,RIAL,False
25426268,25426267.0,5.0,2766.0,4585.77,1404.0,-1.0,128.0,1760552158.0,RIAL,False
25554189,v_25554189_1406,5.0,5576.35,5887.75,1405.0,-1.0,128.0,1769639506.0,RIAL,False
25439858,v_25439858_1404,5.0,5682.6,5596.75,1405.0,-1.0,128.0,1761065915.0,RIAR,False
25426269,25426268.0,5.0,2768.0,4591.77,1405.0,-1.0,128.0,1760552159.0,RIAL,False
25553126,25553130.0,5.0,2830.29,5418.1,1405.0,-1.0,128.0,1769487138.0,RIAR,False
25426270,25426269.0,5.0,2760.0,4655.77,1406.0,-1.0,128.0,1760552160.0,RIAL,False
v_25554192_1406,25439858.0,,5661.6,5608.75,1406.0,,,,RIAR,True
v_25554189_1406,25426163.0,,5561.675,5911.75,1406.0,,,,RIAL,True
25553130,25438041.0,5.0,2844.96,5445.4,1406.0,-1.0,128.0,1769487138.0,RIAR,False
25554192,v_25554192_1406,5.0,5654.6,5612.75,1407.0,-1.0,128.0,1769639524.0,RIAR,False
25438041,v_25438041_1408,5.0,2864.375,5469.0,1407.0,-1.0,128.0,1769487148.0,RIAR,False
25426163,v_25426163_1408,5.0,5547.0,5935.75,1407.0,-1.0,128.0,1760551500.0,RIAL,False
25426271,25426270.0,5.0,2752.0,4701.77,1407.0,-1.0,128.0,1760552161.0,RIAL,False
v_25426163_1408,v_25426163_1409,,5533.666666666667,5951.75,1408.0,,,,RIAL,True
v_25438041_1408,25438037.0,,2899.0,5535.875,1408.0,,,,RIAR,True
25426272,25426271.0,5.0,2754.0,4755.77,1408.0,-1.0,128.0,1760552163.0,RIAL,False
25439859,25554192.0,5.0,5640.6,5620.75,1408.0,-1.0,128.0,1769639524.0,RIAR,False
25438037,25553134.0,5.0,2933.625,5602.75,1409.0,-1.0,128.0,1769487206.0,RIAR,False
v_25426163_1409,25426162.0,,5520.333333333333,5967.75,1409.0,,,,RIAL,True
25426273,25426272.0,5.0,2760.0,4821.77,1409.0,-1.0,128.0,1760552164.0,RIAL,False
v_25439860_1409,25439859.0,,5629.8,5651.95,1409.0,,,,RIAR,True
25426274,25426273.0,5.0,2756.0,4841.77,1410.0,-1.0,128.0,1760552165.0,RIAL,False
v_25439860_1410,v_25439860_1410,,5626.200000000001,5662.35,1410.0,,,,RIAR,True
25426162,25426161.0,5.0,5507.0,5983.75,1410.0,-1.0,128.0,1760551491.0,RIAL,False
25553134,25438036.0,5.0,2954.625,5656.75,1410.0,-1.0,128.0,1769487209.0,RIAR,False
25426161,v_25426161_1412,5.0,5437.0,6013.75,1411.0,-1.0,128.0,1760551487.0,RIAL,False
25439860,v_25439860_1409,5.0,5622.6,5672.75,1411.0,-1.0,128.0,1761065919.0,RIAR,False
25438036,25553139.0,5.0,2979.625,5698.75,1411.0,-1.0,128.0,1769487228.0,RIAR,False
25426275,25426274.0,5.0,2756.0,4877.77,1411.0,-1.0,128.0,1760552166.0,RIAL,False
v_25426161_1412,25426160.0,,5394.0,6021.75,1412.0,,,,RIAL,True
25553139,25438035.0,5.0,3005.625,5722.75,1412.0,-1.0,128.0,1769487228.0,RIAR,False
v_25553083_1412,25439860.0,,5605.6125,5678.75,1412.0,,,,RIAR,True
25426276,25426275.0,5.0,2766.0,4881.77,1412.0,-1.0,128.0,1760552168.0,RIAL,False
25426160,v_25426160_1414,5.0,5351.0,6029.75,1413.0,-1.0,128.0,1760551486.0,RIAL,False
25426277,25426276.0,5.0,2774.0,4891.77,1413.0,-1.0,128.0,1760552169.0,RIAL,False
25553083,v_25553083_1412,5.0,5599.95,5680.75,1413.0,-1.0,128.0,1769486271.0,RIAR,False
25438035,25554147.0,5.0,3035.625,5750.75,1413.0,-1.0,128.0,1769638635.0,RIAR,False
25426278,25426277.0,5.0,2736.0,4607.77,1414.0,-1.0,128.0,1760552172.0,RIAL,False
25426279,25426277.0,5.0,2848.0,5177.75,1414.0,-1.0,128.0,1760552174.0,RIAL,False
25554147,25438033.0,5.0,3054.625,5757.75,1414.0,-1.0,128.0,1769638635.0,RIAR,False
25439861,25553083.0,5.0,5588.6,5684.75,1414.0,-1.0,128.0,1769486271.0,RIAR,False
v_25426160_1414,25426159.0,,5320.0,6024.75,1414.0,,,,RIAL,True
25427728,25426279.0,5.0,2848.0,5239.75,1415.0,-1.0,128.0,1760634501.0,RIAL,False
25427981,25426278.0,5.0,2744.0,4583.77,1415.0,-1.0,128.0,1760635313.0,RIAL,False
25426159,v_25426159_1416,5.0,5289.0,6019.75,1415.0,-1.0,128.0,1760551485.0,RIAL,False
25438033,v_25438033_1416,5.0,3073.625,5764.75,1415.0,-1.0,128.0,1769487264.0,RIAR,False
25439862,25439861.0,5.0,5564.6,5742.75,1415.0,-1.0,128.0,1761065925.0,RIAR,False
25427982,25427981.0,5.0,2744.0,4527.77,1416.0,-1.0,128.0,1760635314.0,RIAL,False
25427729,25427728.0,5.0,2860.0,5267.75,1416.0,-1.0,128.0,1760634503.0,RIAL,False
v_25438033_1416,25553142.0,,3092.2925,5778.075,1416.0,,,,RIAR,True
v_25426159_1416,25426158.0,,5240.0,6016.75,1416.0,,,,RIAL,True
25558567,25439862.0,5.0,5551.6,5742.75,1416.0,-1.0,128.0,1771608440.0,RIAR,False
25553142,25438032.0,5.0,3110.96,5791.4,1417.0,-1.0,128.0,1769487264.0,RIAR,False
25439863,25558567.0,5.0,5538.6,5742.75,1417.0,-1.0,128.0,1771608440.0,RIAR,False
25426158,v_25426158_1418,5.0,5191.0,6013.75,1417.0,-1.0,128.0,1760551484.0,RIAL,False
25554234,25427982.0,5.0,2746.0,4503.77,1417.0,-1.0,128.0,1769640251.0,RIAL,False
25427730,25427729.0,5.0,2864.0,5295.75,1417.0,-1.0,128.0,1760634504.0,RIAL,False
25427983,25554234.0,5.0,2748.0,4479.77,1418.0,-1.0,128.0,1769640251.0,RIAL,False
25427731,25427730.0,5.0,2896.0,5327.75,1418.0,-1.0,128.0,1760634506.0,RIAL,False
25438032,25553144.0,5.0,3129.625,5804.75,1418.0,-1.0,128.0,1769487278.0,RIAR,False
v_25426158_1418,25426157.0,,5194.0,6018.75,1418.0,,,,RIAL,True
v_25553080_1418,25439863.0,,5519.5875,5765.737499999999,1418.0,,,,RIAR,True
25427985,25427983.0,5.0,2760.0,4471.77,1419.0,-1.0,128.0,1760635317.0,RIAL,False
25427732,25427731.0,5.0,2880.0,5379.75,1419.0,-1.0,128.0,1760634507.0,RIAL,False
25426157,v_25426157_1420,5.0,5197.0,6023.75,1419.0,-1.0,128.0,1769639584.0,RIAL,False
25553144,25553148.0,5.0,3132.96,5814.75,1419.0,-1.0,128.0,1769487314.0,RIAR,False
25553080,v_25553080_1418,5.0,5513.25,5773.4,1419.0,-1.0,128.0,1769486243.0,RIAR,False
25553148,25438031.0,5.0,3136.29,5824.75,1420.0,-1.0,128.0,1769487314.0,RIAR,False
25439864,25553080.0,5.0,5500.6,5788.75,1420.0,-1.0,128.0,1769486243.0,RIAR,False
25427733,25427732.0,5.0,2904.0,5375.75,1420.0,-1.0,128.0,1760634510.0,RIAL,False
25527665,25427985.0,5.0,2748.0,4433.79,1420.0,-1.0,128.0,1765988210.0,RIAL,False
v_25426157_1420,25554195.0,,5187.675,6024.425,1420.0,,,,RIAL,True
25554195,25426156.0,5.0,5178.35,6025.1,1421.0,-1.0,128.0,1769639584.0,RIAL,False
25527666,25527665.0,5.0,2744.0,4385.79,1421.0,-1.0,128.0,1765988212.0,RIAL,False
25553079,25439864.0,5.0,5489.6,5821.75,1421.0,-1.0,128.0,1769486236.0,RIAR,False
25438031,v_25438031_1422,5.0,3139.625,5834.75,1421.0,-1.0,128.0,1760993313.0,RIAR,False
25427734,25427733.0,5.0,2908.0,5375.75,1421.0,-1.0,128.0,1760634511.0,RIAL,False
v_25438031_1422,25438030.0,,3144.625,5863.75,1422.0,,,,RIAR,True
25439865,25553079.0,5.0,5478.6,5854.75,1422.0,-1.0,128.0,1769486236.0,RIAR,False
25427735,25427734.0,5.0,2932.0,5447.75,1422.0,-1.0,128.0,1760634513.0,RIAL,False
25426156,25555979.0,5.0,5169.0,6025.75,1422.0,-1.0,128.0,1770327645.0,RIAL,False
25438030,25438029.0,5.0,3149.625,5892.75,1423.0,-1.0,128.0,1760993312.0,RIAR,False
25555980,25439865.0,5.0,5468.45,5862.1,1423.0,-1.0,128.0,1770327647.0,RIAR,False
25555979,v_25555979_1424,5.0,5154.35,6031.1,1423.0,-1.0,128.0,1770327645.0,RIAL,False
25427736,25427735.0,5.0,2920.0,5491.75,1423.0,-1.0,128.0,1760634674.0,RIAL,False
25427737,25427736.0,5.0,2964.0,5519.75,1424.0,-1.0,128.0,1760634675.0,RIAL,False
25438029,25438026.0,5.0,3149.625,5894.75,1424.0,-1.0,128.0,1760993311.0,RIAR,False
v_25439866_1424,25555980.0,,5453.1875,5873.0875,1424.0,,,,RIAR,True
v_25555979_1424,25426155.0,,5139.675,6036.425,1424.0,,,,RIAL,True
25438026,25557632.0,5.0,3165.625,5922.75,1425.0,-1.0,128.0,1771218097.0,RIAR,False
25439866,v_25439866_1424,5.0,5448.1,5876.75,1425.0,-1.0,128.0,1770327647.0,RIAR,False
25427738,25427737.0,5.0,2952.0,5551.75,1425.0,-1.0,128.0,1760634676.0,RIAL,False
25426155,25554197.0,5.0,5125.0,6041.75,1425.0,-1.0,128.0,1769639595.0,RIAL,False
25553077,25439866.0,5.0,5442.6,5910.75,1426.0,-1.0,128.0,1769486206.0,RIAR,False
25557632,25438017.0,5.0,3207.625,5991.9,1426.0,-1.0,128.0,1771218097.0,RIAR,False
25427739,25427738.0,5.0,3020.0,5663.75,1426.0,-1.0,128.0,1760634683.0,RIAL,False
25554197,v_25554197_1427,5.0,5125.0,6041.75,1426.0,-1.0,128.0,1769639595.0,RIAL,False
25427740,25427739.0,5.0,3032.0,5727.75,1427.0,-1.0,128.0,1760634687.0,RIAL,False
25554140,25554139.0,5.0,3202.5,5790.75,1427.0,-1.0,128.0,1769638526.0,RIAL,False
v_25554197_1427,25426154.0,,5125.0,6041.75,1427.0,,,,RIAL,True
25438017,25555481.0,5.0,3249.625,6061.1,1427.0,-1.0,128.0,1769775068.0,RIAR,False
25553151,25438017.0,5.0,3233.625,5709.1,1427.0,-1.0,128.0,1769487445.0,RIAR,False
25439867,25553077.0,5.0,5438.6,5948.75,1427.0,-1.0,128.0,1769486206.0,RIAR,False
25439868,25439867.0,5.0,5438.6,5974.75,1428.0,-1.0,128.0,1761065943.0,RIAR,False
25555481,25438015.0,5.0,3384.625,6115.65,1428.0,-1.0,128.0,1769775068.0,RIAR,False
25426154,25555407.0,5.0,5125.0,6041.75,1428.0,-1.0,128.0,1769773894.0,RIAL,False
25554139,25427742.0,5.0,3202.5,5790.75,1428.0,-1.0,128.0,1769638525.0,RIAL,False
25553152,25553151.0,5.0,3235.625,5709.1,1428.0,-1.0,128.0,1769487466.0,RIAR,False
25427741,25427740.0,5.0,3012.0,5743.75,1428.0,-1.0,128.0,1760634689.0,RIAL,False
25555407,v_25555407_1430,5.0,5105.65,6046.4,1429.0,-1.0,128.0,1769773894.0,RIAL,False
25427742,25427741.0,5.0,3124.0,5763.75,1429.0,-1.0,128.0,1760634694.0,RIAL,False
25553153,25553152.0,5.0,3217.625,5689.1,1429.0,-1.0,128.0,1769487447.0,RIAR,False
25438015,v_25438015_1430,5.0,3519.625,6170.25,1429.0,-1.0,128.0,1769487513.0,RIAR,False
25555408,25439868.0,5.0,5416.6,5994.75,1429.0,-1.0,128.0,1769773896.0,RIAR,False
v_25438015_1430,v_25438015_1431,,3532.2916666666665,6180.416666666667,1430.0,,,,RIAR,True
25427743,25427742.0,5.0,3180.0,5863.75,1430.0,-1.0,128.0,1760634695.0,RIAL,False
v_25555407_1430,25426153.0,,5086.325,6051.075,1430.0,,,,RIAL,True
25553154,25553153.0,5.0,3223.625,5667.1,1430.0,-1.0,128.0,1769487448.0,RIAR,False
25439869,25555408.0,5.0,5394.6,6014.75,1430.0,-1.0,128.0,1769773896.0,RIAR,False
v_25427744_1431,25427743.0,,3237.6,5885.35,1431.0,,,,RIAL,True
v_25438015_1431,25438014.0,,3544.958333333333,6190.583333333333,1431.0,,,,RIAR,True
v_25439870_1431,25439869.0,,5363.400000000001,6059.15,1431.0,,,,RIAR,True
25426153,v_25426153_1432,5.0,5067.0,6055.75,1431.0,-1.0,128.0,1769773925.0,RIAL,False
25553155,25553154.0,5.0,3233.625,5673.1,1431.0,-1.0,128.0,1769487449.0,RIAR,False
v_25439870_1432,v_25439870_1432,,5353.0,6073.95,1432.0,,,,RIAR,True
25438014,v_25438014_1433,5.0,3557.625,6200.75,1432.0,-1.0,128.0,1760993271.0,RIAR,False
v_25426153_1432,25555411.0,,5055.0,6057.075,1432.0,,,,RIAL,True
v_25427744_1432,v_25427744_1432,,3256.8,5892.55,1432.0,,,,RIAL,True
25427744,v_25427744_1431,5.0,3276.0,5899.75,1433.0,-1.0,128.0,1760634697.0,RIAL,False
25555411,25426152.0,5.0,5043.0,6058.4,1433.0,-1.0,128.0,1769773925.0,RIAL,False
25439870,v_25439870_1431,5.0,5342.6,6088.75,1433.0,-1.0,128.0,1761065946.0,RIAR,False
v_25438014_1433,25438013.0,,3557.625,6188.75,1433.0,,,,RIAR,True
v_25439871_1434,25439870.0,,5337.8,6097.15,1434.0,,,,RIAR,True
25426152,v_25426152_1435,5.0,5031.0,6059.75,1434.0,-1.0,128.0,1760551475.0,RIAL,False
25438013,25438012.0,5.0,3557.625,6176.75,1434.0,-1.0,128.0,1760993270.0,RIAR,False
25425549,25425548.0,5.0,6703.0,4675.77,1434.0,-1.0,128.0,1760550215.0,RIAL,False
v_25427745_1434,25427744.0,,3300.0,5902.75,1434.0,,,,RIAL,True
25425548,25425547.0,5.0,6721.0,4639.77,1435.0,-1.0,128.0,1760550214.0,RIAL,False
v_25426152_1435,v_25426152_1436,,5019.0,6059.75,1435.0,,,,RIAL,True
25427745,v_25427745_1434,5.0,3308.0,5903.75,1435.0,-1.0,128.0,1760634698.0,RIAL,False
25438012,25438007.0,5.0,3591.625,6228.75,1435.0,-1.0,128.0,1760993269.0,RIAR,False
v_25439871_1435,v_25439871_1435,,5336.200000000001,6099.95,1435.0,,,,RIAR,True
25425547,25425545.0,5.0,6715.0,4591.77,1436.0,-1.0,128.0,1760550212.0,RIAL,False
25439871,v_25439871_1434,5.0,5334.6,6102.75,1436.0,-1.0,128.0,1761065947.0,RIAR,False
25438007,25553159.0,5.0,3605.625,6284.75,1436.0,-1.0,128.0,1769487543.0,RIAR,False
v_25426152_1436,25426151.0,,5007.0,6059.75,1436.0,,,,RIAL,True
v_25427746_1436,25427745.0,,3341.0,5933.75,1436.0,,,,RIAL,True
25553159,v_25553159_1438,5.0,3627.625,6272.75,1437.0,-1.0,128.0,1769487549.0,RIAR,False
v_25439872_1437,25439871.0,,5313.0,6123.15,1437.0,,,,RIAR,True
25427746,v_25427746_1436,5.0,3352.0,5943.75,1437.0,-1.0,128.0,1760634699.0,RIAL,False
25426151,v_25426151_1438,5.0,4995.0,6059.75,1437.0,-1.0,128.0,1760551474.0,RIAL,False
25425545,25425544.0,5.0,6693.0,4567.77,1437.0,-1.0,128.0,1760550204.0,RIAL,False
v_25426151_1438,25426150.0,,4989.0,6062.75,1438.0,,,,RIAL,True
v_25553159_1438,25438006.0,,3652.625,6266.75,1438.0,,,,RIAR,True
25427747,25427746.0,5.0,3392.0,5979.75,1438.0,-1.0,128.0,1760634702.0,RIAL,False
v_25439872_1438,v_25439872_1438,,5305.8,6129.95,1438.0,,,,RIAR,True
25425544,25425543.0,5.0,6693.0,4559.77,1438.0,-1.0,128.0,1760550203.0,RIAL,False
25438006,v_25438006_1440,5.0,3677.625,6260.75,1439.0,-1.0,128.0,1769487562.0,RIAR,False
25439872,v_25439872_1437,5.0,5298.6,6136.75,1439.0,-1.0,128.0,1761065949.0,RIAR,False
25426150,v_25426150_1440,5.0,4983.0,6065.75,1439.0,-1.0,128.0,1760551473.0,RIAL,False
25425543,25425542.0,5.0,6681.0,4559.77,1439.0,-1.0,128.0,1760550202.0,RIAL,False
v_25427748_1439,25427747.0,,3401.0,6006.75,1439.0,,,,RIAL,True
25553070,25439872.0,5.0,5290.8,6141.45,1440.0,-1.0,128.0,1769486159.0,RIAR,False
25425542,25425541.0,5.0,6647.0,4557.77,1440.0,-1.0,128.0,1760550199.0,RIAL,False
25427748,v_25427748_1439,5.0,3404.0,6015.75,1440.0,-1.0,128.0,1760634704.0,RIAL,False
v_25438006_1440,v_25438006_1441,,3706.2916666666665,6245.416666666667,1440.0,,,,RIAR,True
v_25426150_1440,25426149.0,,4968.0,6058.75,1440.0,,,,RIAL,True
25425541,25425539.0,5.0,6627.0,4551.77,1441.0,-1.0,128.0,1760550198.0,RIAL,False
v_25427749_1441,25427748.0,,3443.0,6075.75,1441.0,,,,RIAL,True
25426149,v_25426149_1442,5.0,4953.0,6051.75,1441.0,-1.0,128.0,1760551471.0,RIAL,False
v_25439873_1441,25553070.0,,5275.650000000001,6151.425,1441.0,,,,RIAR,True
v_25438006_1441,25438004.0,,3734.9583333333335,6230.083333333333,1441.0,,,,RIAR,True
25425539,25425538.0,5.0,6641.0,4543.77,1442.0,-1.0,128.0,1760550190.0,RIAL,False
25438004,v_25438004_1443,5.0,3763.625,6214.75,1442.0,-1.0,128.0,1760993261.0,RIAR,False
25427749,v_25427749_1441,5.0,3456.0,6095.75,1442.0,-1.0,128.0,1760634705.0,RIAL,False
v_25426149_1442,v_25426149_1443,,4940.333333333333,6045.75,1442.0,,,,RIAL,True
25439873,v_25439873_1441,5.0,5270.6,6154.75,1442.0,-1.0,128.0,1769486159.0,RIAR,False
25554136,25427749.0,5.0,3468.0,6099.75,1443.0,-1.0,128.0,1769638429.0,RIAL,False
v_25438004_1443,v_25438004_1444,,3772.9583333333335,6209.416666666667,1443.0,,,,RIAR,True
25555426,25439873.0,5.0,5244.6,6158.75,1443.0,-1.0,128.0,1769774056.0,RIAR,False
25425538,25425537.0,5.0,6643.0,4155.77,1443.0,-1.0,128.0,1760550186.0,RIAL,False
25425540,25425539.0,5.0,6619.0,4847.77,1443.0,-1.0,128.0,1760550194.0,RIAL,False
v_25426149_1443,25426148.0,,4927.666666666667,6039.75,1443.0,,,,RIAL,True
v_25438004_1444,25438003.0,,3782.2916666666665,6204.083333333333,1444.0,,,,RIAR,True
25427750,25554136.0,5.0,3480.0,6103.75,1444.0,-1.0,128.0,1769638429.0,RIAL,False
25426148,v_25426148_1445,5.0,4915.0,6033.75,1444.0,-1.0,128.0,1760551470.0,RIAL,False
25425537,25425536.0,5.0,6633.0,4157.77,1444.0,-1.0,128.0,1760550184.0,RIAL,False
25425550,25425540.0,5.0,6541.0,5015.75,1444.0,-1.0,128.0,1760550230.0,RIAL,False
25555429,25555426.0,5.0,5218.6,6162.75,1444.0,-1.0,128.0,1769774072.0,RIAR,False
25438003,25553165.0,5.0,3791.625,6198.75,1445.0,-1.0,128.0,1769487584.0,RIAR,False
v_25439874_1445,25555429.0,,5179.6,6168.75,1445.0,,,,RIAR,True
25425551,25425550.0,5.0,6345.0,5323.75,1445.0,-1.0,128.0,1760550234.0,RIAL,False
25425552,25425550.0,5.0,6591.0,4859.77,1445.0,-1.0,128.0,1760550237.0,RIAL,False
25425536,v_25425536_1446,5.0,6659.0,4051.77,1445.0,-1.0,128.0,1760550178.0,RIAL,False
25427751,25427750.0,5.0,3500.0,6107.75,1445.0,-1.0,128.0,1760634748.0,RIAL,False
v_25426148_1445,25426147.0,,4899.0,6029.75,1445.0,,,,RIAL,True
v_25425536_1446,25425535.0,,6674.0,4014.77,1446.0,,,,RIAL,True
25553165,25438002.0,5.0,3810.625,6170.75,1446.0,-1.0,128.0,1769487584.0,RIAR,False
25439874,v_25439874_1445,5.0,5166.6,6170.75,1446.0,-1.0,128.0,1769774072.0,RIAR,False
25425553,25425551.0,5.0,6319.0,5369.75,1446.0,-1.0,128.0,1760550242.0,RIAL,False
25426147,v_25426147_1447,5.0,4883.0,6025.75,1446.0,-1.0,128.0,1769774107.0,RIAL,False
25555476,25427751.0,5.0,3506.0,6117.75,1446.0,-1.0,128.0,1769774987.0,RIAL,False
25425535,v_25425535_1448,5.0,6689.0,3977.77,1447.0,-1.0,128.0,1760550177.0,RIAL,False
v_25553066_1447,25439874.0,,5158.6125,6162.762500000001,1447.0,,,,RIAR,True
25427752,25555476.0,5.0,3512.0,6127.75,1447.0,-1.0,128.0,1769774987.0,RIAL,False
25438002,v_25438002_1448,5.0,3829.625,6142.75,1447.0,-1.0,128.0,1760993256.0,RIAR,False
v_25426147_1447,v_25426147_1448,,4875.5,6021.25,1447.0,,,,RIAL,True
25425554,25425553.0,5.0,6307.0,5389.75,1447.0,-1.0,128.0,1760550243.0,RIAL,False
v_25426147_1448,25555437.0,,4868.0,6016.75,1448.0,,,,RIAL,True
v_25425535_1448,25425534.0,,6693.0,3949.77,1448.0,,,,RIAL,True
v_25427753_1448,25427752.0,,3572.0,6112.75,1448.0,,,,RIAL,True
25553066,v_25553066_1447,5.0,5155.95,6160.1,1448.0,-1.0,128.0,1769486127.0,RIAR,False
v_25438002_1448,v_25438002_1449,,3840.2916666666665,6136.75,1448.0,,,,RIAR,True
25425555,25425554.0,5.0,6295.0,5415.75,1448.0,-1.0,128.0,1760550244.0,RIAL,False
25555437,25426146.0,5.0,4860.5,6012.25,1449.0,-1.0,128.0,1769774107.0,RIAL,False
v_25438002_1449,25438001.0,,3850.9583333333335,6130.75,1449.0,,,,RIAR,True
25427753,v_25427753_1448,5.0,3592.0,6107.75,1449.0,-1.0,128.0,1760634750.0,RIAL,False
25439875,25553066.0,5.0,5150.6,6154.75,1449.0,-1.0,128.0,1769486127.0,RIAR,False
25425534,v_25425534_1450,5.0,6697.0,3921.77,1449.0,-1.0,128.0,1760550176.0,RIAL,False
25425556,25425555.0,5.0,6261.0,5473.75,1449.0,-1.0,128.0,1760550245.0,RIAL,False
25426146,25554204.0,5.0,4853.0,6007.75,1450.0,-1.0,128.0,1769639659.0,RIAL,False
25425557,25425556.0,5.0,6215.0,5505.75,1450.0,-1.0,128.0,1760550246.0,RIAL,False
25438001,25553167.0,5.0,3861.625,6124.75,1450.0,-1.0,128.0,1769487595.0,RIAR,False
v_25553063_1450,25439875.0,,5119.73,6137.2,1450.0,,,,RIAR,True
25427754,25427753.0,5.0,3564.0,6107.75,1450.0,-1.0,128.0,1760634751.0,RIAL,False
v_25425534_1450,v_25425534_1451,,6702.333333333333,3900.4366666666665,1450.0,,,,RIAL,True
v_25553063_1451,v_25553063_1451,,5109.44,6131.35,1451.0,,,,RIAR,True
25425558,25425557.0,5.0,6193.0,5589.75,1451.0,-1.0,128.0,1760550251.0,RIAL,False
v_25425534_1451,25425533.0,,6707.666666666667,3879.1033333333335,1451.0,,,,RIAL,True
25553167,25555471.0,5.0,3870.96,6108.1,1451.0,-1.0,128.0,1769774946.0,RIAR,False
v_25427755_1451,25427754.0,,3564.0,6107.75,1451.0,,,,RIAL,True
25554204,v_25554204_1452,5.0,4843.665,6005.1,1451.0,-1.0,128.0,1769639659.0,RIAL,False
25425533,v_25425533_1453,5.0,6713.0,3857.77,1452.0,-1.0,128.0,1769455759.0,RIAL,False
25427755,v_25427755_1451,5.0,3564.0,6107.75,1452.0,-1.0,128.0,1760634753.0,RIAL,False
v_25554204_1452,25426145.0,,4834.3325,6002.425,1452.0,,,,RIAL,True
25425559,25425558.0,5.0,6173.0,5617.75,1452.0,-1.0,128.0,1760550252.0,RIAL,False
25553063,v_25553063_1450,5.0,5099.15,6125.5,1452.0,-1.0,128.0,1769486114.0,RIAR,False
25555471,25437995.0,5.0,3880.29,6091.4,1452.0,-1.0,128.0,1769774946.0,RIAR,False
25425560,25425559.0,5.0,6135.0,5641.75,1453.0,-1.0,128.0,1760550252.0,RIAL,False
v_25439876_1453,25553063.0,,5070.2375,6112.9375,1453.0,,,,RIAR,True
25437995,v_25437995_1454,5.0,3889.625,6074.75,1453.0,-1.0,128.0,1760993247.0,RIAR,False
25426145,v_25426145_1454,5.0,4825.0,5999.75,1453.0,-1.0,128.0,1760551466.0,RIAL,False
v_25425533_1453,25552872.0,,6712.325,3839.1025,1453.0,,,,RIAL,True
25554132,25427755.0,5.0,3578.0,6111.75,1453.0,-1.0,128.0,1769638398.0,RIAL,False
25425561,25425560.0,5.0,6121.0,5663.75,1454.0,-1.0,128.0,1760550253.0,RIAL,False
25439876,v_25439876_1453,5.0,5060.6,6108.75,1454.0,-1.0,128.0,1769486114.0,RIAR,False
v_25426145_1454,25426144.0,,4816.0,6012.75,1454.0,,,,RIAL,True
25552872,25425532.0,5.0,6711.65,3820.435,1454.0,-1.0,128.0,1769455759.0,RIAL,False
25427756,25554132.0,5.0,3592.0,6115.75,1454.0,-1.0,128.0,1769638398.0,RIAL,False
v_25437995_1454,25437993.0,,3896.625,6071.75,1454.0,,,,RIAR,True
25437993,v_25437993_1456,5.0,3903.625,6068.75,1455.0,-1.0,128.0,1760993245.0,RIAR,False
25426144,v_25426144_1456,5.0,4807.0,6025.75,1455.0,-1.0,128.0,1760551465.0,RIAL,False
25425532,v_25425532_1456,5.0,6711.0,3801.77,1455.0,-1.0,128.0,1760550173.0,RIAL,False
25553061,25439876.0,5.0,5045.4,6102.2,1455.0,-1.0,128.0,1769486094.0,RIAR,False
v_25427757_1455,25427756.0,,3613.0,6118.75,1455.0,,,,RIAL,True
25425562,25425561.0,5.0,6087.0,5727.75,1455.0,-1.0,128.0,1760550258.0,RIAL,False
v_25437993_1456,25437992.0,,3915.625,6058.75,1456.0,,,,RIAR,True
v_25439877_1456,25553061.0,,5019.0125,6086.475,1456.0,,,,RIAR,True
v_25426144_1456,25426143.0,,4789.0,6049.75,1456.0,,,,RIAL,True
25425563,25425562.0,5.0,6075.0,5745.75,1456.0,-1.0,128.0,1760550259.0,RIAL,False
25427757,v_25427757_1455,5.0,3620.0,6119.75,1456.0,-1.0,128.0,1760634756.0,RIAL,False
v_25425532_1456,v_25425532_1457,,6701.666666666667,3791.1033333333335,1456.0,,,,RIAL,True
25437992,25555464.0,5.0,3927.625,6048.75,1457.0,-1.0,128.0,1769774883.0,RIAR,False
v_25427758_1457,25427757.0,,3623.0,6143.75,1457.0,,,,RIAL,True
25425564,25425563.0,5.0,6069.0,5753.75,1457.0,-1.0,128.0,1760550263.0,RIAL,False
v_25425532_1457,25425531.0,,6692.333333333333,3780.4366666666665,1457.0,,,,RIAL,True
25426143,v_25426143_1458,5.0,4771.0,6073.75,1457.0,-1.0,128.0,1760551464.0,RIAL,False
v_25439877_1457,v_25439877_1458,,5010.216666666666,6081.233333333334,1457.0,,,,RIAR,True
v_25426143_1458,v_25426143_1459,,4760.333333333333,6076.416666666667,1458.0,,,,RIAL,True
25555464,v_25555464_1459,5.0,3923.625,6057.4,1458.0,-1.0,128.0,1769774883.0,RIAR,False
25425531,25425530.0,5.0,6683.0,3769.77,1458.0,-1.0,128.0,1760550171.0,RIAL,False
25425565,25425564.0,5.0,6067.0,5755.75,1458.0,-1.0,128.0,1760550263.0,RIAL,False
v_25439877_1458,v_25439877_1457,,5001.420833333334,6075.991666666667,1458.0,,,,RIAR,True
25427758,v_25427758_1457,5.0,3624.0,6151.75,1458.0,-1.0,128.0,1760634757.0,RIAL,False
v_25555464_1459,25437990.0,,3919.625,6066.075,1459.0,,,,RIAR,True
v_25427759_1459,25427758.0,,3633.0,6154.75,1459.0,,,,RIAL,True
25439877,v_25439877_1456,5.0,4992.625,6070.75,1459.0,-1.0,128.0,1769486094.0,RIAR,False
25425530,25425529.0,5.0,6673.0,3759.77,1459.0,-1.0,128.0,1760550171.0,RIAL,False
v_25425566_1459,25425565.0,,6044.5,5761.75,1459.0,,,,RIAL,True
v_25426143_1459,25426142.0,,4749.666666666667,6079.083333333333,1459.0,,,,RIAL,True
25437990,25437989.0,5.0,3915.625,6074.75,1460.0,-1.0,128.0,1760993243.0,RIAR,False
25425566,v_25425566_1459,5.0,6037.0,5763.75,1460.0,-1.0,128.0,1760550265.0,RIAL,False
25427759,v_25427759_1459,5.0,3636.0,6155.75,1460.0,-1.0,128.0,1760634758.0,RIAL,False
25426142,25554207.0,5.0,4739.0,6081.75,1460.0,-1.0,128.0,1769639687.0,RIAL,False
25425529,25425528.0,5.0,6651.0,3731.77,1460.0,-1.0,128.0,1760550170.0,RIAL,False
25553058,25439877.0,5.0,4963.455,6038.75,1460.0,-1.0,128.0,1769486055.0,RIAR,False
v_25439878_1461,25553058.0,,4916.157,5971.55,1461.0,,,,RIAR,True
25437989,25553170.0,5.0,3947.625,6072.75,1461.0,-1.0,128.0,1769487629.0,RIAR,False
25425567,25425566.0,5.0,6021.0,5791.75,1461.0,-1.0,128.0,1760550266.0,RIAL,False
25425528,25425527.0,5.0,6613.0,3691.77,1461.0,-1.0,128.0,1760550167.0,RIAL,False
25554125,25427759.0,5.0,3648.0,6157.75,1461.0,-1.0,128.0,1769638291.0,RIAL,False
25554207,v_25554207_1462,5.0,4732.335,6087.1,1461.0,-1.0,128.0,1769639687.0,RIAL,False
v_25439878_1462,v_25439878_1462,,4900.391,5949.15,1462.0,,,,RIAR,True
25427760,25554125.0,5.0,3660.0,6159.75,1462.0,-1.0,128.0,1769638291.0,RIAL,False
25425568,25425567.0,5.0,6013.0,5799.75,1462.0,-1.0,128.0,1760550268.0,RIAL,False
25553170,25437988.0,5.0,3962.625,6066.75,1462.0,-1.0,128.0,1769487629.0,RIAR,False
25425527,25425526.0,5.0,6589.0,3689.77,1462.0,-1.0,128.0,1760550166.0,RIAL,False
v_25554207_1462,25426141.0,,4725.6675,6092.425,1462.0,,,,RIAL,True
25426141,v_25426141_1464,5.0,4719.0,6097.75,1463.0,-1.0,128.0,1769639701.0,RIAL,False
25425569,25425568.0,5.0,5985.0,5867.75,1463.0,-1.0,128.0,1760550270.0,RIAL,False
25439878,v_25439878_1461,5.0,4884.625,5926.75,1463.0,-1.0,128.0,1769486055.0,RIAR,False
25437988,v_25437988_1464,5.0,3977.625,6060.75,1463.0,-1.0,128.0,1769487641.0,RIAR,False
v_25427761_1463,25427760.0,,3695.3625,6134.887500000001,1463.0,,,,RIAL,True
25425526,25425525.0,5.0,6561.0,3671.77,1463.0,-1.0,128.0,1760550163.0,RIAL,False
25425525,v_25425525_1465,5.0,6545.0,3669.77,1464.0,-1.0,128.0,1760550162.0,RIAL,False
v_25437988_1464,25553171.0,,3994.9575,6066.75,1464.0,,,,RIAR,True
25427761,v_25427761_1463,5.0,3707.15,6126.6,1464.0,-1.0,128.0,1766178684.0,RIAL,False
v_25426141_1464,25554209.0,,4718.3325,6099.075,1464.0,,,,RIAL,True
25425570,25425569.0,5.0,5976.0,5883.05,1464.0,-1.0,128.0,1768633010.0,RIAL,False
25439879,25439878.0,5.0,4805.625,5798.75,1464.0,-1.0,128.0,1769485979.0,RIAR,False
25425986,25425570.0,5.0,5977.0,5937.75,1465.0,-1.0,128.0,1760551184.0,RIAL,False
25554209,25426140.0,5.0,4717.665,6100.4,1465.0,-1.0,128.0,1769639701.0,RIAL,False
v_25425525_1465,25425524.0,,6534.0,3663.77,1465.0,,,,RIAL,True
v_25427762_1465,25427761.0,,3737.7875,6091.4625,1465.0,,,,RIAL,True
25553171,25437987.0,5.0,4012.29,6072.75,1465.0,-1.0,128.0,1769487641.0,RIAR,False
25553054,25439879.0,5.0,4759.125,5775.75,1465.0,-1.0,128.0,1769486027.0,RIAR,False
25437859,25437858.0,5.0,2179.625,5040.75,1466.0,-1.0,128.0,1760992898.0,RIAR,False
25437987,v_25437987_1467,5.0,4029.625,6078.75,1466.0,-1.0,128.0,1760993239.0,RIAR,False
25426140,v_25426140_1467,5.0,4717.0,6101.75,1466.0,-1.0,128.0,1760551461.0,RIAL,False
25439880,25553054.0,5.0,4712.625,5752.75,1466.0,-1.0,128.0,1769486027.0,RIAR,False
25427762,v_25427762_1465,5.0,3748.0,6079.75,1466.0,-1.0,128.0,1760634761.0,RIAL,False
25425987,25425986.0,5.0,5975.0,5951.75,1466.0,-1.0,128.0,1760551185.0,RIAL,False
25425524,25425523.0,5.0,6523.0,3657.77,1466.0,-1.0,128.0,1760550158.0,RIAL,False
v_25426140_1467,25426139.0,,4710.0,6101.75,1467.0,,,,RIAL,True
25557580,25427762.0,5.0,3770.0,6059.75,1467.0,-1.0,128.0,1771216937.0,RIAL,False
25437858,25437857.0,5.0,2197.155,5072.3,1467.0,-1.0,128.0,1769804217.0,RIAR,False
v_25437987_1467,25437985.0,,4049.3125,6080.625,1467.0,,,,RIAR,True
25557600,25439880.0,5.0,4678.625,5751.75,1467.0,-1.0,128.0,1771217280.0,RIAR,False
25425988,25425987.0,5.0,5960.8,6021.6,1467.0,-1.0,128.0,1767680671.0,RIAL,False
25425523,v_25425523_1468,5.0,6507.0,3655.77,1467.0,-1.0,128.0,1760550157.0,RIAL,False
25427763,25557580.0,5.0,3792.0,6039.75,1468.0,-1.0,128.0,1771216937.0,RIAL,False
v_25425523_1468,25425522.0,,6498.0,3654.77,1468.0,,,,RIAL,True
25426139,25553053.0,5.0,4703.0,6101.75,1468.0,-1.0,128.0,1769486008.0,RIAL,False
25425989,25425988.0,5.0,5975.0,6021.75,1468.0,-1.0,128.0,1760551187.0,RIAL,False
25437857,25437856.0,5.0,2205.625,5088.75,1468.0,-1.0,128.0,1760992884.0,RIAR,False
25439881,25557600.0,5.0,4644.625,5750.75,1468.0,-1.0,128.0,1771217280.0,RIAR,False
25437985,25555461.0,5.0,4069.0,6082.5,1468.0,-1.0,128.0,1769774853.0,RIAR,False
25553049,25439881.0,5.0,4647.625,5750.75,1469.0,-1.0,128.0,1769486006.0,RIAR,False
25437856,25437855.0,5.0,2213.625,5098.75,1469.0,-1.0,128.0,1760992880.0,RIAR,False
25555461,25437984.0,5.0,4080.31,6081.6,1469.0,-1.0,128.0,1769774853.0,RIAR,False
25553053,25426138.0,5.0,4691.0,6095.75,1469.0,-1.0,128.0,1769486008.0,RIAL,False
25425522,25425521.0,5.0,6489.0,3653.77,1469.0,-1.0,128.0,1760550156.0,RIAL,False
25437861,25437860.0,5.0,2149.625,4150.75,1469.0,-1.0,128.0,1760992911.0,RIAR,False
v_25427764_1469,25427763.0,,3855.0,5997.75,1469.0,,,,RIAL,True
25425999,25425989.0,5.0,5979.0,6065.75,1469.0,-1.0,128.0,1760551232.0,RIAL,False
25426138,25554212.0,5.0,4679.0,6089.75,1470.0,-1.0,128.0,1769639715.0,RIAL,False
25426000,25425999.0,5.0,5959.0,6059.75,1470.0,-1.0,128.0,1760551233.0,RIAL,False
25427764,v_25427764_1469,5.0,3876.0,5983.75,1470.0,-1.0,128.0,1760634764.0,RIAL,False
25437984,v_25437984_1471,5.0,4091.625,6080.75,1470.0,-1.0,128.0,1760993236.0,RIAR,False
25425521,25425520.0,5.0,6489.0,3651.77,1470.0,-1.0,128.0,1760550155.0,RIAL,False
25437855,25437854.0,5.0,2215.625,4996.75,1470.0,-1.0,128.0,1760992879.0,RIAR,False
25439882,25553049.0,5.0,4642.625,5750.75,1470.0,-1.0,128.0,1769485956.0,RIAR,False
25437860,25437853.0,5.0,2181.625,4148.75,1470.0,-1.0,128.0,1760992909.0,RIAR,False
v_25437984_1471,v_25437984_1472,,4099.625,6082.75,1471.0,,,,RIAR,True
25427765,25427764.0,5.0,3884.0,5975.75,1471.0,-1.0,128.0,1760634765.0,RIAL,False
25427769,25427768.0,5.0,4244.0,5779.75,1471.0,-1.0,128.0,1760634804.0,RIAL,False
25553046,25439882.0,5.0,4635.96,5752.1,1471.0,-1.0,128.0,1769485948.0,RIAR,False
25532797,25426000.0,5.0,5951.0,6066.75,1471.0,-1.0,128.0,1767679936.0,RIAL,False
25437853,25437851.0,5.0,2203.625,4182.75,1471.0,-1.0,128.0,1760992869.0,RIAR,False
25437854,25437851.0,5.0,2219.625,4966.75,1471.0,-1.0,128.0,1760992872.0,RIAR,False
25425520,v_25425520_1472,5.0,6477.0,3655.77,1471.0,-1.0,128.0,1760550154.0,RIAL,False
25554212,25426137.0,5.0,4668.0,6076.75,1471.0,-1.0,128.0,1769639715.0,RIAL,False
v_25437984_1472,25437983.0,,4107.625,6084.75,1472.0,,,,RIAR,True
v_25439883_1472,25553046.0,,4625.95875,5754.0875,1472.0,,,,RIAR,True
25437851,25437850.0,5.0,2233.625,5004.75,1472.0,-1.0,128.0,1760992850.0,RIAR,False
25426137,v_25426137_1473,5.0,4657.0,6063.75,1472.0,-1.0,128.0,1760551457.0,RIAL,False
25427768,25427767.0,5.0,4240.0,5779.75,1472.0,-1.0,128.0,1760634788.0,RIAL,False
25426001,25532797.0,5.0,5943.0,6073.75,1472.0,-1.0,128.0,1767679936.0,RIAL,False
v_25425520_1472,25425519.0,,6485.0,3656.77,1472.0,,,,RIAL,True
25427766,25427765.0,5.0,3932.0,5951.75,1472.0,-1.0,128.0,1760634766.0,RIAL,False
25427767,25427766.0,5.0,4037.015,5913.75,1473.0,-1.0,128.0,1765468589.0,RIAL,False
25437850,25437849.0,5.0,2257.625,4540.75,1473.0,-1.0,128.0,1760992843.0,RIAR,False
25425519,v_25425519_1474,5.0,6493.0,3657.77,1473.0,-1.0,128.0,1760550153.0,RIAL,False
v_25426137_1473,v_25426137_1474,,4650.333333333333,6059.75,1473.0,,,,RIAL,True
v_25426002_1473,25426001.0,,5913.0,6096.25,1473.0,,,,RIAL,True
25437852,25437851.0,5.0,2281.625,5304.75,1473.0,-1.0,128.0,1760992851.0,RIAR,False
25439883,v_25439883_1472,5.0,4622.625,5754.75,1473.0,-1.0,128.0,1769485948.0,RIAR,False
25437983,v_25437983_1474,5.0,4115.625,6086.75,1473.0,-1.0,128.0,1769487662.0,RIAR,False
25427770,25427767.0,5.0,4048.0,5899.75,1474.0,-1.0,128.0,1760634811.0,RIAL,False
25426002,v_25426002_1473,5.0,5903.0,6103.75,1474.0,-1.0,128.0,1760551235.0,RIAL,False
25557604,25439883.0,5.0,4591.625,5759.75,1474.0,-1.0,128.0,1771217310.0,RIAR,False
25437849,25556333.0,5.0,2251.625,4392.75,1474.0,-1.0,128.0,1770397430.0,RIAR,False
v_25426137_1474,25426136.0,,4643.666666666667,6055.75,1474.0,,,,RIAL,True
25437862,25437852.0,5.0,2331.625,5332.75,1474.0,-1.0,128.0,1760992924.0,RIAR,False
v_25425519_1474,25425518.0,,6505.0,3661.77,1474.0,,,,RIAL,True
v_25437983_1474,25553175.0,,4121.625,6079.425,1474.0,,,,RIAR,True
25556333,25437848.0,5.0,2280.625,4324.75,1475.0,-1.0,128.0,1770397430.0,RIAR,False
25439884,25557604.0,5.0,4560.625,5764.75,1475.0,-1.0,128.0,1771217310.0,RIAR,False
25427771,25427770.0,5.0,4048.0,5887.75,1475.0,-1.0,128.0,1760634812.0,RIAL,False
25437863,25437862.0,5.0,2337.795,5369.0,1475.0,-1.0,128.0,1767680058.0,RIAR,False
25532795,25426002.0,5.0,5889.8,6115.6,1475.0,-1.0,128.0,1767679888.0,RIAL,False
25426136,v_25426136_1476,5.0,4637.0,6051.75,1475.0,-1.0,128.0,1769774227.0,RIAL,False
25553175,25437982.0,5.0,4127.625,6072.1,1475.0,-1.0,128.0,1769487662.0,RIAR,False
25425518,25558951.0,5.0,6517.0,3665.77,1475.0,-1.0,128.0,1771721739.0,RIAL,False
25437864,25437863.0,5.0,2365.625,5432.75,1476.0,-1.0,128.0,1760992926.0,RIAR,False
25558951,25425517.0,5.0,6517.0,3664.77,1476.0,-1.0,128.0,1771721739.0,RIAL,False
25437982,25554119.0,5.0,4133.625,6064.75,1476.0,-1.0,128.0,1769638203.0,RIAR,False
25437848,25556335.0,5.0,2309.625,4256.75,1476.0,-1.0,128.0,1770397456.0,RIAR,False
v_25439885_1476,25439884.0,,4518.625,5784.25,1476.0,,,,RIAR,True
v_25426136_1476,25555446.0,,4637.0,6051.75,1476.0,,,,RIAL,True
v_25427772_1476,25427771.0,,4069.0,5851.75,1476.0,,,,RIAL,True
25426003,25532795.0,5.0,5871.8,6123.6,1476.0,-1.0,128.0,1767679885.0,RIAL,False
25439885,v_25439885_1476,5.0,4504.625,5790.75,1477.0,-1.0,128.0,1761065976.0,RIAR,False
25437865,25437864.0,5.0,2385.625,5502.75,1477.0,-1.0,128.0,1760992927.0,RIAR,False
25425517,v_25425517_1478,5.0,6517.0,3663.77,1477.0,-1.0,128.0,1760550151.0,RIAL,False
25555446,25426135.0,5.0,4637.0,6051.75,1477.0,-1.0,128.0,1769774227.0,RIAL,False
25556335,25437847.0,5.0,2304.625,4222.75,1477.0,-1.0,128.0,1770397456.0,RIAR,False
25427772,v_25427772_1476,5.0,4076.0,5839.75,1477.0,-1.0,128.0,1760634813.0,RIAL,False
25554119,25437981.0,5.0,4133.625,6061.75,1477.0,-1.0,128.0,1769638203.0,RIAR,False
25426005,25426003.0,5.0,5861.0,6149.75,1477.0,-1.0,128.0,1760551238.0,RIAL,False
25437981,v_25437981_1479,5.0,4133.625,6058.75,1478.0,-1.0,128.0,1760993232.0,RIAR,False
v_25427773_1478,25427772.0,,4076.0,5839.75,1478.0,,,,RIAL,True
25437847,25437846.0,5.0,2299.625,4188.75,1478.0,-1.0,128.0,1760992833.0,RIAR,False
25437866,25437865.0,5.0,2411.625,5502.75,1478.0,-1.0,128.0,1760992928.0,RIAR,False
v_25557606_1478,25439885.0,,4488.62375,5799.75,1478.0,,,,RIAR,True
25426006,25426005.0,5.0,5851.0,6161.75,1478.0,-1.0,128.0,1760551239.0,RIAL,False
25426135,v_25426135_1479,5.0,4637.0,6051.75,1478.0,-1.0,128.0,1769639745.0,RIAL,False
v_25425517_1478,25425516.0,,6518.0,3663.77,1478.0,,,,RIAL,True
25425516,v_25425516_1480,5.0,6519.0,3663.77,1479.0,-1.0,128.0,1760550149.0,RIAL,False
v_25426135_1479,25554216.0,,4637.0,6051.75,1479.0,,,,RIAL,True
25426009,25426006.0,5.0,5815.0,6229.75,1479.0,-1.0,128.0,1760551241.0,RIAL,False
25427773,v_25427773_1478,5.0,4076.0,5839.75,1479.0,-1.0,128.0,1760634815.0,RIAL,False
25437846,25437845.0,5.0,2247.625,4102.75,1479.0,-1.0,128.0,1760992832.0,RIAR,False
25437867,25437866.0,5.0,2461.625,5566.75,1479.0,-1.0,128.0,1760992930.0,RIAR,False
v_25437981_1479,25437979.0,,4133.625,6047.75,1479.0,,,,RIAR,True
25557606,v_25557606_1478,5.0,4483.29,5802.75,1479.0,-1.0,128.0,1771217341.0,RIAR,False
v_25425516_1480,25425515.0,,6508.0,3665.77,1480.0,,,,RIAL,True
v_25427774_1480,25427773.0,,4103.0,5830.75,1480.0,,,,RIAL,True
25437845,25437844.0,5.0,2205.625,3936.75,1480.0,-1.0,128.0,1760992827.0,RIAR,False
25554216,25426134.0,5.0,4637.0,6051.75,1480.0,-1.0,128.0,1769639745.0,RIAL,False
25439886,25557606.0,5.0,4472.625,5808.75,1480.0,-1.0,128.0,1771217341.0,RIAR,False
25426012,25426009.0,5.0,5779.0,6265.75,1480.0,-1.0,128.0,1760551243.0,RIAL,False
25437868,25437867.0,5.0,2515.625,5612.75,1480.0,-1.0,128.0,1760992931.0,RIAR,False
25437979,v_25437979_1481,5.0,4133.625,6036.75,1480.0,-1.0,128.0,1760993231.0,RIAR,False
25426013,25426012.0,5.0,5763.0,6297.75,1481.0,-1.0,128.0,1760551245.0,RIAL,False
25426134,v_25426134_1482,5.0,4637.0,6051.75,1481.0,-1.0,128.0,1760551454.0,RIAL,False
25425515,v_25425515_1482,5.0,6497.0,3667.77,1481.0,-1.0,128.0,1760550149.0,RIAL,False
25427774,v_25427774_1480,5.0,4112.0,5827.75,1481.0,-1.0,128.0,1760634817.0,RIAL,False
v_25557609_1481,25439886.0,,4446.62625,5824.762500000001,1481.0,,,,RIAR,True
v_25437979_1481,25437978.0,,4132.625,6035.75,1481.0,,,,RIAR,True
25437844,25553182.0,5.0,2177.625,3808.75,1481.0,-1.0,128.0,1769487826.0,RIAR,False
25437869,25437868.0,5.0,2541.625,5730.75,1481.0,-1.0,128.0,1760992938.0,RIAR,False
25437870,25437869.0,5.0,2583.625,5848.75,1482.0,-1.0,128.0,1760992943.0,RIAR,False
25437978,v_25437978_1483,5.0,4131.625,6034.75,1482.0,-1.0,128.0,1760993230.0,RIAR,False
25426014,25426013.0,5.0,5753.0,6299.75,1482.0,-1.0,128.0,1760551246.0,RIAL,False
25557609,v_25557609_1481,5.0,4437.96,5830.1,1482.0,-1.0,128.0,1771217361.0,RIAR,False
25553182,25437843.0,5.0,2175.625,3804.76,1482.0,-1.0,128.0,1769487832.0,RIAR,False
v_25426134_1482,v_25426134_1483,,4633.0,6045.083333333333,1482.0,,,,RIAL,True
v_25425515_1482,25425514.0,,6493.0,3667.77,1482.0,,,,RIAL,True
v_25437978_1483,25437976.0,,4129.2925,6032.3,1483.0,,,,RIAR,True
v_25426134_1483,25426133.0,,4629.0,6038.416666666667,1483.0,,,,RIAL,True
25425514,v_25425514_1484,5.0,6489.0,3667.77,1483.0,-1.0,128.0,1760550147.0,RIAL,False
25439887,25557609.0,5.0,4420.625,5840.75,1483.0,-1.0,128.0,1771217361.0,RIAR,False
25437843,25556339.0,5.0,2167.625,3796.75,1483.0,-1.0,128.0,1770402361.0,RIAR,False
v_25426015_1483,25426014.0,,5732.0,6319.25,1483.0,,,,RIAL,True
25437871,25437870.0,5.0,2583.625,5864.75,1483.0,-1.0,128.0,1760992944.0,RIAR,False
v_25425514_1484,25425513.0,,6487.0,3673.77,1484.0,,,,RIAL,True
25426015,v_25426015_1483,5.0,5725.0,6325.75,1484.0,-1.0,128.0,1760551247.0,RIAL,False
25426133,v_25426133_1485,5.0,4625.0,6031.75,1484.0,-1.0,128.0,1760551453.0,RIAL,False
25439888,25439887.0,5.0,4420.625,5876.75,1484.0,-1.0,128.0,1761065980.0,RIAR,False
25437872,25437871.0,5.0,2593.625,5890.75,1484.0,-1.0,128.0,1760992945.0,RIAR,False
25556339,25437842.0,5.0,2167.625,3796.75,1484.0,-1.0,128.0,1770402361.0,RIAR,False
25437976,v_25437976_1485,5.0,4126.96,6029.85,1484.0,-1.0,128.0,1769487681.0,RIAR,False
25437873,25437872.0,5.0,2603.625,5900.75,1485.0,-1.0,128.0,1760992946.0,RIAR,False
25437842,25437841.0,5.0,2167.625,3796.75,1485.0,-1.0,128.0,1760992821.0,RIAR,False
25439889,25439888.0,5.0,4482.625,5902.75,1485.0,-1.0,128.0,1761065984.0,RIAR,False
v_25437976_1485,v_25437976_1486,,4140.348333333333,6021.816666666667,1485.0,,,,RIAR,True
v_25426133_1485,v_25426133_1486,,4624.5,6030.75,1485.0,,,,RIAL,True
v_25426016_1485,25426015.0,,5690.5,6357.25,1485.0,,,,RIAL,True
25425513,v_25425513_1486,5.0,6485.0,3679.77,1485.0,-1.0,128.0,1760550146.0,RIAL,False
v_25425513_1486,25425512.0,,6476.0,3691.77,1486.0,,,,RIAL,True
v_25426133_1486,v_25426133_1487,,4624.0,6029.75,1486.0,,,,RIAL,True
v_25437976_1486,25437975.0,,4153.736666666667,6013.783333333334,1486.0,,,,RIAR,True
25426016,v_25426016_1485,5.0,5679.0,6367.75,1486.0,-1.0,128.0,1760551248.0,RIAL,False
25437841,25437840.0,5.0,2167.625,3796.75,1486.0,-1.0,128.0,1760992820.0,RIAR,False
25439890,25439889.0,5.0,4482.625,5902.75,1486.0,-1.0,128.0,1761065985.0,RIAR,False
25437874,25437873.0,5.0,2637.8,5949.0,1486.0,-1.0,128.0,1767679561.0,RIAR,False
25437875,25437874.0,5.0,2633.625,5972.75,1487.0,-1.0,128.0,1760992949.0,RIAR,False
25439891,25439890.0,5.0,4482.625,5902.75,1487.0,-1.0,128.0,1761065987.0,RIAR,False
25437975,25555459.0,5.0,4167.125,6005.75,1487.0,-1.0,128.0,1769774822.0,RIAR,False
25437840,25437839.0,5.0,2163.625,3798.75,1487.0,-1.0,128.0,1760992819.0,RIAR,False
v_25426133_1487,25426132.0,,4623.5,6028.75,1487.0,,,,RIAL,True
25530660,25426016.0,5.0,5665.0,6369.75,1487.0,-1.0,128.0,1767499430.0,RIAL,False
25425512,v_25425512_1488,5.0,6467.0,3703.77,1487.0,-1.0,128.0,1760550145.0,RIAL,False
25426132,v_25426132_1489,5.0,4623.0,6027.75,1488.0,-1.0,128.0,1760551452.0,RIAL,False
25437839,25437838.0,5.0,2183.625,3772.75,1488.0,-1.0,128.0,1760992817.0,RIAR,False
v_25425512_1488,v_25425512_1489,,6467.0,3703.77,1488.0,,,,RIAL,True
25555459,25437974.0,5.0,4167.375,6004.25,1488.0,-1.0,128.0,1769774822.0,RIAR,False
25426017,25530660.0,5.0,5651.0,6371.75,1488.0,-1.0,128.0,1767499430.0,RIAL,False
25437876,25437875.0,5.0,2641.625,6036.75,1488.0,-1.0,128.0,1760992951.0,RIAR,False
25437838,25437837.0,5.0,2189.625,3758.75,1489.0,-1.0,128.0,1760992816.0,RIAR,False
25437877,25437876.0,5.0,2648.16,6091.0,1489.0,-1.0,128.0,1769485201.0,RIAR,False
25437974,v_25437974_1490,5.0,4167.625,6002.75,1489.0,-1.0,128.0,1760993226.0,RIAR,False
v_25426018_1489,25426017.0,,5618.0,6401.75,1489.0,,,,RIAL,True
v_25425512_1489,25425511.0,,6467.0,3703.77,1489.0,,,,RIAL,True
v_25426132_1489,25426131.0,,4626.0,6016.75,1489.0,,,,RIAL,True
v_25437974_1490,25437973.0,,4174.625,5996.75,1490.0,,,,RIAR,True
25425511,25425510.0,5.0,6467.0,3703.77,1490.0,-1.0,128.0,1760550144.0,RIAL,False
25437837,25437836.0,5.0,2199.625,3746.75,1490.0,-1.0,128.0,1760992815.0,RIAR,False
25426018,v_25426018_1489,5.0,5607.0,6411.75,1490.0,-1.0,128.0,1760551250.0,RIAL,False
25437878,25437877.0,5.0,2671.01,6135.05,1490.0,-1.0,128.0,1768625083.0,RIAR,False
25426131,25557463.0,5.0,4629.0,6005.75,1490.0,-1.0,128.0,1771215131.0,RIAL,False
25552881,25426018.0,5.0,5579.0,6430.75,1491.0,-1.0,128.0,1769455940.0,RIAL,False
25557463,25426130.0,5.0,4637.0,5979.75,1491.0,-1.0,128.0,1771215131.0,RIAL,False
25425510,25425509.0,5.0,6461.0,3711.77,1491.0,-1.0,128.0,1760550143.0,RIAL,False
25437836,25437835.0,5.0,2219.625,3714.75,1491.0,-1.0,128.0,1760992814.0,RIAR,False
25437973,v_25437973_1492,5.0,4181.625,5990.75,1491.0,-1.0,128.0,1760993225.0,RIAR,False
25437879,25437878.0,5.0,2671.625,6132.75,1491.0,-1.0,128.0,1760992954.0,RIAR,False
25425509,25425508.0,5.0,6456.0,3707.77,1492.0,-1.0,128.0,1760550135.0,RIAL,False
25426019,25552881.0,5.0,5551.0,6449.75,1492.0,-1.0,128.0,1769455940.0,RIAL,False
25437880,25437879.0,5.0,2739.625,6180.75,1492.0,-1.0,128.0,1760992957.0,RIAR,False
25426130,25554219.0,5.0,4645.0,5953.75,1492.0,-1.0,128.0,1769639761.0,RIAL,False
25437835,25437834.0,5.0,2236.61,3720.76,1492.0,-1.0,128.0,1769485620.0,RIAR,False
v_25437973_1492,25437972.0,,4181.625,5990.75,1492.0,,,,RIAR,True
25437881,25437880.0,5.0,2857.625,6228.75,1493.0,-1.0,128.0,1760992964.0,RIAR,False
25554219,25426129.0,5.0,4655.0,5936.75,1493.0,-1.0,128.0,1769639761.0,RIAL,False
25437972,v_25437972_1494,5.0,4181.625,5990.75,1493.0,-1.0,128.0,1760993224.0,RIAR,False
25425508,25425507.0,5.0,6452.0,3731.77,1493.0,-1.0,128.0,1760550133.0,RIAL,False
25426020,25426019.0,5.0,5493.0,6497.75,1493.0,-1.0,128.0,1760551254.0,RIAL,False
25437834,25437833.0,5.0,2235.625,3716.75,1493.0,-1.0,128.0,1760992812.0,RIAR,False
25426021,25426020.0,5.0,5453.0,6529.75,1494.0,-1.0,128.0,1760551256.0,RIAL,False
25426129,v_25426129_1495,5.0,4665.0,5919.75,1494.0,-1.0,128.0,1760551448.0,RIAL,False
25425507,25425506.0,5.0,6452.0,3747.77,1494.0,-1.0,128.0,1760550130.0,RIAL,False
v_25437972_1494,25437971.0,,4181.625,5990.75,1494.0,,,,RIAR,True
25437833,25437832.0,5.0,2247.625,3734.75,1494.0,-1.0,128.0,1760992809.0,RIAR,False
25437882,25437881.0,5.0,2865.625,6248.75,1494.0,-1.0,128.0,1760992965.0,RIAR,False
25437883,25437882.0,5.0,2875.625,6242.75,1495.0,-1.0,128.0,1760992966.0,RIAR,False
25437971,v_25437971_1496,5.0,4181.625,5990.75,1495.0,-1.0,128.0,1760993223.0,RIAR,False
25552887,25426021.0,5.0,5437.0,6552.75,1495.0,-1.0,128.0,1769455987.0,RIAL,False
25425506,25425505.0,5.0,6444.0,3763.77,1495.0,-1.0,128.0,1760550129.0,RIAL,False
v_25426129_1495,25426128.0,,4671.0,5912.75,1495.0,,,,RIAL,True
25437832,25437831.0,5.0,2265.625,3726.75,1495.0,-1.0,128.0,1760992808.0,RIAR,False
v_25437971_1496,25437970.0,,4173.625,5979.75,1496.0,,,,RIAR,True
25426128,25426127.0,5.0,4677.0,5905.75,1496.0,-1.0,128.0,1760551447.0,RIAL,False
25437831,25437830.0,5.0,2273.625,3720.75,1496.0,-1.0,128.0,1760992807.0,RIAR,False
25426022,25552887.0,5.0,5421.0,6575.75,1496.0,-1.0,128.0,1769455987.0,RIAL,False
v_25437884_1496,25437883.0,,2920.625,6277.25,1496.0,,,,RIAR,True
25425505,25425504.0,5.0,6444.0,3771.77,1496.0,-1.0,128.0,1760550129.0,RIAL,False
25425504,25425453.0,5.0,6432.0,3775.77,1497.0,-1.0,128.0,1760550128.0,RIAL,False
25437970,25557594.0,5.0,4165.625,5968.75,1497.0,-1.0,128.0,1771217201.0,RIAR,False
25437884,v_25437884_1496,5.0,2935.625,6288.75,1497.0,-1.0,128.0,1760992968.0,RIAR,False
v_25426023_1497,25426022.0,,5401.8,6591.35,1497.0,,,,RIAL,True
25426127,25557460.0,5.0,4675.0,5889.75,1497.0,-1.0,128.0,1771215105.0,RIAL,False
25437830,25437829.0,5.0,2305.625,3680.75,1497.0,-1.0,128.0,1760992806.0,RIAR,False
25557594,25437969.0,5.0,4152.625,5951.75,1498.0,-1.0,128.0,1771217201.0,RIAR,False
v_25426023_1498,v_25426023_1498,,5395.4,6596.55,1498.0,,,,RIAL,True
25557460,25426126.0,5.0,4673.0,5870.75,1498.0,-1.0,128.0,1771215105.0,RIAL,False
25437829,25437828.0,5.0,2309.625,3658.75,1498.0,-1.0,128.0,1760992804.0,RIAR,False
25437885,25437884.0,5.0,2993.625,6318.75,1498.0,-1.0,128.0,1760992970.0,RIAR,False
25425453,v_25425453_1499,5.0,6440.0,3807.77,1498.0,-1.0,128.0,1760550046.0,RIAL,False
v_25425453_1499,25425452.0,,6444.0,3811.77,1499.0,,,,RIAL,True
25437886,25437885.0,5.0,3061.625,6344.75,1499.0,-1.0,128.0,1760992971.0,RIAR,False
25437828,25437827.0,5.0,2307.625,3658.75,1499.0,-1.0,128.0,1760992803.0,RIAR,False
25426023,v_25426023_1497,5.0,5389.0,6601.75,1499.0,-1.0,128.0,1760551259.0,RIAL,False
25437969,v_25437969_1500,5.0,4139.625,5934.75,1499.0,-1.0,128.0,1760993220.0,RIAR,False
25426126,25426125.0,5.0,4671.0,5851.75,1499.0,-1.0,128.0,1760551444.0,RIAL,False
v_25437887_1500,25437886.0,,3100.625,6335.75,1500.0,,,,RIAR,True
v_25437969_1500,25437968.0,,4135.625,5928.75,1500.0,,,,RIAR,True
25437827,25437826.0,5.0,2319.625,3668.75,1500.0,-1.0,128.0,1760992802.0,RIAR,False
25425452,v_25425452_1501,5.0,6448.0,3815.77,1500.0,-1.0,128.0,1760550044.0,RIAL,False
25426125,25426124.0,5.0,4675.0,5853.75,1500.0,-1.0,128.0,1760551443.0,RIAL,False
25426024,25426023.0,5.0,5331.0,6629.75,1500.0,-1.0,128.0,1760551260.0,RIAL,False
25426124,25555452.0,5.0,4689.0,5835.75,1501.0,-1.0,128.0,1769774281.0,RIAL,False
25437968,v_25437968_1502,5.0,4131.625,5922.75,1501.0,-1.0,128.0,1760993219.0,RIAR,False
25437887,v_25437887_1500,5.0,3113.625,6332.75,1501.0,-1.0,128.0,1760992973.0,RIAR,False
25437826,25437825.0,5.0,2319.625,3668.75,1501.0,-1.0,128.0,1760992802.0,RIAR,False
v_25425452_1501,25425451.0,,6436.0,3815.77,1501.0,,,,RIAL,True
v_25426025_1501,25426024.0,,5298.0,6650.75,1501.0,,,,RIAL,True
25437825,v_25437825_1503,5.0,2313.625,3666.75,1502.0,-1.0,128.0,1760992800.0,RIAR,False
25530639,25437887.0,5.0,3133.625,6327.75,1502.0,-1.0,128.0,1767497715.0,RIAR,False
v_25437968_1502,25437967.0,,4126.625,5918.75,1502.0,,,,RIAR,True
25426025,v_25426025_1501,5.0,5287.0,6657.75,1502.0,-1.0,128.0,1760551261.0,RIAL,False
25555452,25426123.0,5.0,4697.0,5817.75,1502.0,-1.0,128.0,1769774281.0,RIAL,False
25425451,v_25425451_1503,5.0,6424.0,3815.77,1502.0,-1.0,128.0,1760550043.0,RIAL,False
v_25437825_1503,25437824.0,,2312.625,3666.75,1503.0,,,,RIAR,True
v_25426026_1503,25426025.0,,5258.5,6693.75,1503.0,,,,RIAL,True
v_25425451_1503,25425450.0,,6418.0,3815.77,1503.0,,,,RIAL,True
25426123,25426122.0,5.0,4705.0,5799.75,1503.0,-1.0,128.0,1760551439.0,RIAL,False
25437967,v_25437967_1504,5.0,4121.625,5914.75,1503.0,-1.0,128.0,1760993218.0,RIAR,False
25437888,25530639.0,5.0,3153.625,6322.75,1503.0,-1.0,128.0,1767497715.0,RIAR,False
25530641,25437888.0,5.0,3207.155,6349.0,1504.0,-1.0,128.0,1769484609.0,RIAR,False
25437824,25437823.0,5.0,2311.625,3666.75,1504.0,-1.0,128.0,1760992799.0,RIAR,False
25426026,v_25426026_1503,5.0,5249.0,6705.75,1504.0,-1.0,128.0,1760551264.0,RIAL,False
25426122,25426121.0,5.0,4711.0,5793.75,1504.0,-1.0,128.0,1760551438.0,RIAL,False
25425450,25425449.0,5.0,6412.0,3815.77,1504.0,-1.0,128.0,1760550041.0,RIAL,False
v_25437967_1504,25437966.0,,4116.625,5888.75,1504.0,,,,RIAR,True
25425449,25425448.0,5.0,6404.0,3803.77,1505.0,-1.0,128.0,1760550040.0,RIAL,False
25426121,v_25426121_1506,5.0,4719.0,5773.75,1505.0,-1.0,128.0,1760551437.0,RIAL,False
25426027,25426026.0,5.0,5237.0,6741.75,1505.0,-1.0,128.0,1760551265.0,RIAL,False
25437823,25429257.0,5.0,2337.625,3674.75,1505.0,-1.0,128.0,1760992798.0,RIAR,False
25438109,25438108.0,5.0,4105.625,6778.75,1505.0,-1.0,128.0,1760993676.0,RIAR,False
25437966,v_25437966_1506,5.0,4111.625,5862.75,1505.0,-1.0,128.0,1760993217.0,RIAR,False
25437889,25530641.0,5.0,3265.625,6372.75,1505.0,-1.0,128.0,1767497746.0,RIAR,False
25429257,25429256.0,5.0,2333.625,3680.75,1506.0,-1.0,128.0,1760656263.0,RIAR,False
25438108,25438107.0,5.0,4023.625,6864.75,1506.0,-1.0,128.0,1760993651.0,RIAR,False
v_25426121_1506,25426120.0,,4737.0,5757.75,1506.0,,,,RIAL,True
25437890,25437889.0,5.0,3397.625,6518.75,1506.0,-1.0,128.0,1760993012.0,RIAR,False
v_25437966_1506,25437965.0,,4121.625,5856.75,1506.0,,,,RIAR,True
25426028,25426027.0,5.0,5193.0,6793.75,1506.0,-1.0,128.0,1760551268.0,RIAL,False
25425448,25425446.0,5.0,6404.0,3843.77,1506.0,-1.0,128.0,1760550039.0,RIAL,False
25426120,v_25426120_1508,5.0,4755.0,5741.75,1507.0,-1.0,128.0,1760551436.0,RIAL,False
25425446,v_25425446_1508,5.0,6428.0,3855.77,1507.0,-1.0,128.0,1760550036.0,RIAL,False
25426029,25426028.0,5.0,5187.0,6805.75,1507.0,-1.0,128.0,1760551269.0,RIAL,False
25437891,25437890.0,5.0,3455.625,6624.75,1507.0,-1.0,128.0,1760993014.0,RIAR,False
25437965,25437964.0,5.0,4131.625,5850.75,1507.0,-1.0,128.0,1760993215.0,RIAR,False
25429256,25429255.0,5.0,2361.625,3676.75,1507.0,-1.0,128.0,1760656261.0,RIAR,False
25438107,25437894.0,5.0,4027.625,6880.75,1507.0,-1.0,128.0,1760993650.0,RIAR,False
25556645,25426029.0,5.0,5165.8,6846.0,1508.0,-1.0,128.0,1770571429.0,RIAL,False
v_25425446_1508,25425444.0,,6424.0,3843.77,1508.0,,,,RIAL,True
v_25426120_1508,25426119.0,,4754.0,5740.75,1508.0,,,,RIAL,True
25437964,v_25437964_1509,5.0,4125.625,5842.75,1508.0,-1.0,128.0,1760993205.0,RIAR,False
25437894,25437893.0,5.0,3951.625,6964.75,1508.0,-1.0,128.0,1760993025.0,RIAR,False
25437892,25437891.0,5.0,3527.625,6660.75,1508.0,-1.0,128.0,1760993018.0,RIAR,False
25429255,25429254.0,5.0,2369.625,3692.75,1508.0,-1.0,128.0,1760656260.0,RIAR,False
25425444,v_25425444_1510,5.0,6420.0,3831.77,1509.0,-1.0,128.0,1760550035.0,RIAL,False
v_25437964_1509,25437963.0,,4128.625,5837.75,1509.0,,,,RIAR,True
25429254,25429253.0,5.0,2377.625,3700.75,1509.0,-1.0,128.0,1760656258.0,RIAR,False
25426119,25426118.0,5.0,4753.0,5739.75,1509.0,-1.0,128.0,1760551435.0,RIAL,False
25426030,25556645.0,5.0,5151.8,6861.0,1509.0,-1.0,128.0,1770571429.0,RIAL,False
25437893,25437892.0,5.0,3601.625,6800.75,1509.0,-1.0,128.0,1760993021.0,RIAR,False
25429253,25429252.0,5.0,2425.625,3720.75,1510.0,-1.0,128.0,1760656256.0,RIAR,False
v_25426031_1510,25426030.0,,5136.2,6873.5625,1510.0,,,,RIAL,True
25437895,25437893.0,5.0,3669.625,6840.75,1510.0,-1.0,128.0,1760993030.0,RIAR,False
25437963,v_25437963_1511,5.0,4131.625,5832.75,1510.0,-1.0,128.0,1760993203.0,RIAR,False
25426118,v_25426118_1511,5.0,4747.0,5733.75,1510.0,-1.0,128.0,1760551431.0,RIAL,False
v_25425444_1510,25425441.0,,6408.0,3839.77,1510.0,,,,RIAL,True
v_25426118_1511,25426117.0,,4742.0,5730.75,1511.0,,,,RIAL,True
v_25437963_1511,25437961.0,,4134.625,5825.75,1511.0,,,,RIAR,True
25425441,v_25425441_1512,5.0,6396.0,3847.77,1511.0,-1.0,128.0,1760550034.0,RIAL,False
25426031,v_25426031_1510,5.0,5131.0,6877.75,1511.0,-1.0,128.0,1760551271.0,RIAL,False
25429252,25429251.0,5.0,2437.625,3728.75,1511.0,-1.0,128.0,1760656255.0,RIAR,False
25437896,25437895.0,5.0,3757.625,6914.75,1511.0,-1.0,128.0,1760993035.0,RIAR,False
25437961,25555456.0,5.0,4137.625,5818.75,1512.0,-1.0,128.0,1769774761.0,RIAR,False
v_25425441_1512,25425438.0,,6384.0,3855.77,1512.0,,,,RIAL,True
25552855,25426031.0,5.0,5118.0,6895.75,1512.0,-1.0,128.0,1769454540.0,RIAL,False
25426117,v_25426117_1513,5.0,4737.0,5727.75,1512.0,-1.0,128.0,1760551430.0,RIAL,False
25437897,25437896.0,5.0,3841.625,6948.75,1512.0,-1.0,128.0,1760993036.0,RIAR,False
25429251,25429250.0,5.0,2437.625,3728.75,1512.0,-1.0,128.0,1760656254.0,RIAR,False
25425438,25425437.0,5.0,6372.0,3863.77,1513.0,-1.0,128.0,1760550033.0,RIAL,False
25555456,25437959.0,5.0,4142.625,5817.75,1513.0,-1.0,128.0,1769774761.0,RIAR,False
25429250,25429249.0,5.0,2433.625,3724.75,1513.0,-1.0,128.0,1760656253.0,RIAR,False
25437898,25437897.0,5.0,3973.625,6970.75,1513.0,-1.0,128.0,1760993037.0,RIAR,False
25426032,25552855.0,5.0,5105.0,6913.75,1513.0,-1.0,128.0,1769454540.0,RIAL,False
v_25426117_1513,25426116.0,,4735.0,5735.75,1513.0,,,,RIAL,True
25437959,v_25437959_1515,5.0,4147.625,5816.75,1514.0,-1.0,128.0,1760993200.0,RIAR,False
25437899,25437898.0,5.0,4019.625,7004.75,1514.0,-1.0,128.0,1760993039.0,RIAR,False
25425437,25425436.0,5.0,6344.0,3891.77,1514.0,-1.0,128.0,1760550032.0,RIAL,False
v_25426033_1514,25426032.0,,5087.0,6930.25,1514.0,,,,RIAL,True
25426116,v_25426116_1515,5.0,4733.0,5743.75,1514.0,-1.0,128.0,1760551429.0,RIAL,False
25429249,25429248.0,5.0,2429.625,3756.75,1514.0,-1.0,128.0,1760656251.0,RIAR,False
v_25426116_1515,25426115.0,,4723.0,5741.75,1515.0,,,,RIAL,True
25425436,25425435.0,5.0,6332.0,3887.77,1515.0,-1.0,128.0,1760550031.0,RIAL,False
25437900,25437899.0,5.0,4045.625,7004.75,1515.0,-1.0,128.0,1760993040.0,RIAR,False
v_25437959_1515,25437957.0,,4147.625,5816.75,1515.0,,,,RIAR,True
25426033,v_25426033_1514,5.0,5081.0,6935.75,1515.0,-1.0,128.0,1760551273.0,RIAL,False
25429248,25429247.0,5.0,2433.625,3780.75,1515.0,-1.0,128.0,1760656250.0,RIAR,False
25426115,v_25426115_1517,5.0,4713.0,5739.75,1516.0,-1.0,128.0,1760551428.0,RIAL,False
25429247,25429246.0,5.0,2457.625,3788.75,1516.0,-1.0,128.0,1760656249.0,RIAR,False
25426035,25426033.0,5.0,5055.0,6949.75,1516.0,-1.0,128.0,1760551274.0,RIAL,False
25425435,25425434.0,5.0,6328.0,3878.0,1516.0,-1.0,128.0,1765579148.0,RIAL,False
25437957,v_25437957_1517,5.0,4147.625,5816.75,1516.0,-1.0,128.0,1760993199.0,RIAR,False
25437901,25437900.0,5.0,4036.545,7005.0,1516.0,-1.0,128.0,1767499720.0,RIAR,False
25437902,25437901.0,5.0,4045.625,7004.75,1517.0,-1.0,128.0,1760993042.0,RIAR,False
25429246,25422493.0,5.0,2477.625,3764.75,1517.0,-1.0,128.0,1760656243.0,RIAR,False
25552823,25426035.0,5.0,5041.0,6963.75,1517.0,-1.0,128.0,1769453878.0,RIAL,False
v_25437957_1517,25437955.0,,4149.625,5822.75,1517.0,,,,RIAR,True
v_25426115_1517,25426114.0,,4704.0,5737.75,1517.0,,,,RIAL,True
25425434,25425433.0,5.0,6308.0,3887.77,1517.0,-1.0,128.0,1760550029.0,RIAL,False
25422493,25422492.0,5.0,2489.625,3810.75,1518.0,-1.0,128.0,1760503185.0,RIAR,False
25426036,25552823.0,5.0,5027.0,6977.75,1518.0,-1.0,128.0,1769453878.0,RIAL,False
25437903,25437902.0,5.0,4047.625,7024.75,1518.0,-1.0,128.0,1760993043.0,RIAR,False
25425433,25425431.0,5.0,6292.0,3891.77,1518.0,-1.0,128.0,1760550028.0,RIAL,False
25437955,v_25437955_1519,5.0,4151.625,5828.75,1518.0,-1.0,128.0,1760993198.0,RIAR,False
25426114,v_25426114_1519,5.0,4695.0,5735.75,1518.0,-1.0,128.0,1760551427.0,RIAL,False
25437904,25437903.0,5.0,4047.625,7024.75,1519.0,-1.0,128.0,1760993044.0,RIAR,False
25422492,25422491.0,5.0,2489.625,3798.75,1519.0,-1.0,128.0,1760503183.0,RIAR,False
v_25426114_1519,25426113.0,,4712.0,5751.75,1519.0,,,,RIAL,True
25426044,25426036.0,5.0,5003.0,6981.75,1519.0,-1.0,128.0,1760551291.0,RIAL,False
25425431,25425429.0,5.0,6272.0,3895.77,1519.0,-1.0,128.0,1760550027.0,RIAL,False
v_25437955_1519,25437953.0,,4155.625,5817.75,1519.0,,,,RIAR,True
25437953,25437952.0,5.0,4159.625,5806.75,1520.0,-1.0,128.0,1760993197.0,RIAR,False
25426046,25426044.0,5.0,4971.0,7009.75,1520.0,-1.0,128.0,1760551293.0,RIAL,False
25425429,25425425.0,5.0,6244.0,3903.77,1520.0,-1.0,128.0,1760550026.0,RIAL,False
25422491,25422490.0,5.0,2529.625,3786.75,1520.0,-1.0,128.0,1760503171.0,RIAR,False
25426113,25426112.0,5.0,4729.0,5767.75,1520.0,-1.0,128.0,1760551425.0,RIAL,False
25437905,25437904.0,5.0,4047.625,7024.75,1520.0,-1.0,128.0,1760993045.0,RIAR,False
25426112,25426111.0,5.0,4713.0,5747.75,1521.0,-1.0,128.0,1760551422.0,RIAL,False
25422490,25422489.0,5.0,2569.625,3790.75,1521.0,-1.0,128.0,1760503167.0,RIAR,False
25425425,25425423.0,5.0,6196.0,3903.77,1521.0,-1.0,128.0,1760550025.0,RIAL,False
25426047,25426046.0,5.0,4965.0,7011.75,1521.0,-1.0,128.0,1760551294.0,RIAL,False
25437952,25437951.0,5.0,4159.625,5806.75,1521.0,-1.0,128.0,1760993196.0,RIAR,False
25437906,25437905.0,5.0,4071.625,7024.75,1521.0,-1.0,128.0,1760993048.0,RIAR,False
25437951,25437950.0,5.0,4201.625,5824.75,1522.0,-1.0,128.0,1760993174.0,RIAR,False
25426048,25426047.0,5.0,4957.0,7019.75,1522.0,-1.0,128.0,1760551299.0,RIAL,False
25422489,25422488.0,5.0,2593.625,3822.75,1522.0,-1.0,128.0,1760503160.0,RIAR,False
25426111,25426110.0,5.0,4749.0,5791.75,1522.0,-1.0,128.0,1760551421.0,RIAL,False
25437907,25437906.0,5.0,4071.625,7024.75,1522.0,-1.0,128.0,1760993049.0,RIAR,False
25425423,25425420.0,5.0,6144.0,3923.77,1522.0,-1.0,128.0,1760550023.0,RIAL,False
25426110,25426109.0,5.0,4781.0,5823.75,1523.0,-1.0,128.0,1760551412.0,RIAL,False
25422488,25422487.0,5.0,2641.625,3802.75,1523.0,-1.0,128.0,1760503153.0,RIAR,False
25437908,25437907.0,5.0,4064.525,7024.3,1523.0,-1.0,128.0,1767499994.0,RIAR,False
25426049,25426048.0,5.0,4929.0,7025.75,1523.0,-1.0,128.0,1760551300.0,RIAL,False
25425420,25425417.0,5.0,6124.0,3927.77,1523.0,-1.0,128.0,1760550022.0,RIAL,False
25437950,25437949.0,5.0,4209.625,5826.75,1523.0,-1.0,128.0,1760993169.0,RIAR,False
25437909,25437908.0,5.0,4089.625,7016.75,1524.0,-1.0,128.0,1760993051.0,RIAR,False
v_25426050_1524,25426049.0,,4905.0,7022.75,1524.0,,,,RIAL,True
25437949,25437948.0,5.0,4217.625,5834.75,1524.0,-1.0,128.0,1760993167.0,RIAR,False
25422487,25422486.0,5.0,2685.625,3794.75,1524.0,-1.0,128.0,1760503151.0,RIAR,False
25425417,25425415.0,5.0,6104.0,3935.77,1524.0,-1.0,128.0,1760550021.0,RIAL,False
25426109,25426108.0,5.0,4789.0,5867.75,1524.0,-1.0,128.0,1760551411.0,RIAL,False
25425415,25425413.0,5.0,6068.0,3951.77,1525.0,-1.0,128.0,1760550020.0,RIAL,False
25437910,25437909.0,5.0,4111.625,7016.75,1525.0,-1.0,128.0,1760993052.0,RIAR,False
25437948,25437947.0,5.0,4201.625,5868.75,1525.0,-1.0,128.0,1760993166.0,RIAR,False
25426050,v_25426050_1524,5.0,4897.0,7021.75,1525.0,-1.0,128.0,1760551301.0,RIAL,False
25422486,25422485.0,5.0,2697.625,3802.75,1525.0,-1.0,128.0,1760503150.0,RIAR,False
25426108,25426107.0,5.0,4803.0,5899.75,1525.0,-1.0,128.0,1760551410.0,RIAL,False
25426107,25426106.0,5.0,4823.0,5913.75,1526.0,-1.0,128.0,1760551407.0,RIAL,False
25552763,25437910.0,5.0,4133.625,7016.75,1526.0,-1.0,128.0,1769447091.0,RIAR,False
25422485,25422484.0,5.0,2709.625,3834.75,1526.0,-1.0,128.0,1760503149.0,RIAR,False
25552860,25426050.0,5.0,4886.0,7023.75,1526.0,-1.0,128.0,1769454624.0,RIAL,False
25437947,25437946.0,5.0,4183.625,5896.75,1526.0,-1.0,128.0,1760993165.0,RIAR,False
25425413,25425412.0,5.0,6020.0,3979.77,1526.0,-1.0,128.0,1760550019.0,RIAL,False
25426106,25426105.0,5.0,4827.0,5935.75,1527.0,-1.0,128.0,1760551406.0,RIAL,False
25437946,25437945.0,5.0,4169.625,5934.75,1527.0,-1.0,128.0,1760993164.0,RIAR,False
25422484,25422483.0,5.0,2721.625,3850.75,1527.0,-1.0,128.0,1760503148.0,RIAR,False
25426051,25552860.0,5.0,4875.0,7025.75,1527.0,-1.0,128.0,1769454624.0,RIAL,False
25425412,25425411.0,5.0,5988.0,3999.77,1527.0,-1.0,128.0,1760550018.0,RIAL,False
25437911,25552763.0,5.0,4155.625,7016.75,1527.0,-1.0,128.0,1769447091.0,RIAR,False
25425411,25425410.0,5.0,5960.0,4027.77,1528.0,-1.0,128.0,1760550017.0,RIAL,False
25437945,25437944.0,5.0,4169.625,5950.75,1528.0,-1.0,128.0,1760993163.0,RIAR,False
v_25426052_1528,25426051.0,,4860.0,7033.25,1528.0,,,,RIAL,True
25422483,25422482.0,5.0,2725.625,3866.75,1528.0,-1.0,128.0,1760503147.0,RIAR,False
25437912,25437911.0,5.0,4167.625,7072.75,1528.0,-1.0,128.0,1760993056.0,RIAR,False
25426105,25426104.0,5.0,4827.0,5945.75,1528.0,-1.0,128.0,1760551406.0,RIAL,False
25425410,25425397.0,5.0,5940.0,4039.77,1529.0,-1.0,128.0,1760550016.0,RIAL,False
25422482,25422481.0,5.0,2725.625,3866.75,1529.0,-1.0,128.0,1760503145.0,RIAR,False
25426104,25426103.0,5.0,4843.0,5985.75,1529.0,-1.0,128.0,1760551404.0,RIAL,False
25426052,v_25426052_1528,5.0,4855.0,7035.75,1529.0,-1.0,128.0,1760551304.0,RIAL,False
25437944,25437943.0,5.0,4163.625,5982.75,1529.0,-1.0,128.0,1760993162.0,RIAR,False
25437913,25437912.0,5.0,4243.625,7122.75,1529.0,-1.0,128.0,1760993057.0,RIAR,False
25422481,25422480.0,5.0,2761.625,3866.75,1530.0,-1.0,128.0,1760503144.0,RIAR,False
25425404,25425388.0,5.0,5528.0,4183.77,1530.0,-1.0,128.0,1760550011.0,RIAL,False
25425397,25425388.0,5.0,5880.0,4071.77,1530.0,-1.0,128.0,1760550007.0,RIAL,False
25437914,25437913.0,5.0,4295.625,7128.75,1530.0,-1.0,128.0,1760993058.0,RIAR,False
25426103,25426102.0,5.0,4827.0,6025.75,1530.0,-1.0,128.0,1760551403.0,RIAL,False
25437943,25437942.0,5.0,4163.625,6010.75,1530.0,-1.0,128.0,1760993161.0,RIAR,False
25426053,25426052.0,5.0,4829.0,7021.75,1530.0,-1.0,128.0,1760551309.0,RIAL,False
25437942,25437941.0,5.0,4171.625,6030.75,1531.0,-1.0,128.0,1760993159.0,RIAR,False
25552768,25437914.0,5.0,4295.625,7128.75,1531.0,-1.0,128.0,1769447169.0,RIAR,False
25426054,25426053.0,5.0,4827.0,7031.75,1531.0,-1.0,128.0,1760551310.0,RIAL,False
25422480,25422479.0,5.0,2765.625,3870.75,1531.0,-1.0,128.0,1760503143.0,RIAR,False
25426102,25426101.0,5.0,4845.0,6051.75,1531.0,-1.0,128.0,1760551402.0,RIAL,False
25425388,25425385.0,5.0,5692.0,4151.77,1531.0,-1.0,128.0,1760550003.0,RIAL,False
25437941,25437940.0,5.0,4145.625,6086.75,1532.0,-1.0,128.0,1760993158.0,RIAR,False
25426101,25426100.0,5.0,4873.0,6087.75,1532.0,-1.0,128.0,1760551401.0,RIAL,False
25437915,25552768.0,5.0,4295.625,7128.75,1532.0,-1.0,128.0,1769447169.0,RIAR,False
25422479,25422478.0,5.0,2769.625,3870.75,1532.0,-1.0,128.0,1760503142.0,RIAR,False
25425385,25425380.0,5.0,5656.0,4171.77,1532.0,-1.0,128.0,1760550002.0,RIAL,False
v_25426055_1532,25426054.0,,4827.0,7031.75,1532.0,,,,RIAL,True
25425380,v_25425380_1534,5.0,5644.0,4195.77,1533.0,-1.0,128.0,1760549999.0,RIAL,False
25422478,25422477.0,5.0,2801.625,3878.75,1533.0,-1.0,128.0,1760503141.0,RIAR,False
25426100,25426099.0,5.0,4905.0,6127.75,1533.0,-1.0,128.0,1760551400.0,RIAL,False
25426055,v_25426055_1532,5.0,4827.0,7031.75,1533.0,-1.0,128.0,1760551311.0,RIAL,False
v_25437916_1533,25437915.0,,4297.53,7128.9375,1533.0,,,,RIAR,True
25437940,25437939.0,5.0,4147.625,6140.75,1533.0,-1.0,128.0,1760993156.0,RIAR,False
v_25425380_1534,v_25425380_1535,,5633.0,4195.77,1534.0,,,,RIAL,True
v_25426056_1534,25426055.0,,4815.0,7034.15,1534.0,,,,RIAL,True
25422477,25422476.0,5.0,2817.625,3874.75,1534.0,-1.0,128.0,1760503140.0,RIAR,False
25437939,v_25437939_1535,5.0,4071.625,6188.75,1534.0,-1.0,128.0,1760993152.0,RIAR,False
25426099,25426098.0,5.0,4919.0,6145.75,1534.0,-1.0,128.0,1760551399.0,RIAL,False
25437916,v_25437916_1533,5.0,4298.165,7129.0,1534.0,-1.0,128.0,1769484968.0,RIAR,False
v_25426056_1535,v_25426056_1535,,4811.0,7034.95,1535.0,,,,RIAL,True
v_25425380_1535,v_25425380_1536,,5622.0,4195.77,1535.0,,,,RIAL,True
25422476,25422475.0,5.0,2809.625,3862.75,1535.0,-1.0,128.0,1760503138.0,RIAR,False
v_25437939_1535,25437938.0,,4055.625,6201.75,1535.0,,,,RIAR,True
v_25552770_1535,25437916.0,,4285.01,7128.8125,1535.0,,,,RIAR,True
25426098,25426097.0,5.0,4921.0,6157.75,1535.0,-1.0,128.0,1760551397.0,RIAL,False
v_25425380_1536,25425377.0,,5611.0,4195.77,1536.0,,,,RIAL,True
25552770,v_25552770_1535,5.0,4280.625,7128.75,1536.0,-1.0,128.0,1769447189.0,RIAR,False
25437938,25437937.0,5.0,4039.625,6214.75,1536.0,-1.0,128.0,1760993151.0,RIAR,False
25426097,25426096.0,5.0,4921.0,6177.75,1536.0,-1.0,128.0,1760551396.0,RIAL,False
25426056,v_25426056_1534,5.0,4807.0,7035.75,1536.0,-1.0,128.0,1760551312.0,RIAL,False
25422475,25422474.0,5.0,2821.625,3854.75,1536.0,-1.0,128.0,1760503137.0,RIAR,False
25426096,25426095.0,5.0,4911.0,6207.75,1537.0,-1.0,128.0,1760551395.0,RIAL,False
25437937,25437936.0,5.0,4013.625,6250.75,1537.0,-1.0,128.0,1760993150.0,RIAR,False
25552926,25552770.0,5.0,4273.125,7128.75,1537.0,-1.0,128.0,1769457020.0,RIAR,False
v_25552832_1537,25426056.0,,4801.0,7043.737499999999,1537.0,,,,RIAL,True
25425377,v_25425377_1538,5.0,5600.0,4195.77,1537.0,-1.0,128.0,1760549998.0,RIAL,False
25422474,25422473.0,5.0,2849.625,3862.75,1537.0,-1.0,128.0,1760503135.0,RIAR,False
25422473,25422472.0,5.0,2869.625,3878.75,1538.0,-1.0,128.0,1760503134.0,RIAR,False
25437917,25552926.0,5.0,4265.625,7128.75,1538.0,-1.0,128.0,1769457020.0,RIAR,False
25552832,v_25552832_1537,5.0,4799.0,7046.4,1538.0,-1.0,128.0,1769454008.0,RIAL,False
25437936,25437935.0,5.0,3997.625,6306.75,1538.0,-1.0,128.0,1760993149.0,RIAR,False
25426095,25426094.0,5.0,4921.0,6239.75,1538.0,-1.0,128.0,1760551394.0,RIAL,False
v_25425377_1538,v_25425377_1539,,5565.333333333333,4198.436666666667,1538.0,,,,RIAL,True
v_25425377_1539,25425376.0,,5530.666666666667,4201.1033333333335,1539.0,,,,RIAL,True
25422472,25422471.0,5.0,2885.625,3874.75,1539.0,-1.0,128.0,1760503133.0,RIAR,False
v_25553021_1539,25437917.0,,4265.625,7128.75,1539.0,,,,RIAR,True
25426057,25552832.0,5.0,4795.0,7051.75,1539.0,-1.0,128.0,1769454008.0,RIAL,False
25426094,v_25426094_1540,5.0,4927.0,6285.75,1539.0,-1.0,128.0,1760551393.0,RIAL,False
25437935,25437934.0,5.0,3979.625,6366.75,1539.0,-1.0,128.0,1760993147.0,RIAR,False
25553021,v_25553021_1539,5.0,4265.625,7128.75,1540.0,-1.0,128.0,1769484951.0,RIAR,False
v_25426094_1540,25426093.0,,4926.0,6309.75,1540.0,,,,RIAL,True
v_25426058_1540,25426057.0,,4781.5,7068.25,1540.0,,,,RIAL,True
25425376,v_25425376_1541,5.0,5496.0,4203.77,1540.0,-1.0,128.0,1760549996.0,RIAL,False
25422471,25422470.0,5.0,2897.625,3846.75,1540.0,-1.0,128.0,1760503131.0,RIAR,False
25437934,25437933.0,5.0,3969.625,6390.75,1540.0,-1.0,128.0,1760993146.0,RIAR,False
25552903,25426057.0,5.0,4844.6,6858.75,1540.0,-1.0,128.0,1769456353.0,RIAL,False
25426093,25426092.0,5.0,4925.0,6333.75,1541.0,-1.0,128.0,1760551391.0,RIAL,False
v_25425376_1541,v_25425376_1542,,5492.0,4200.77,1541.0,,,,RIAL,True
25422470,25422469.0,5.0,2901.625,3834.75,1541.0,-1.0,128.0,1760503130.0,RIAR,False
25426058,v_25426058_1540,5.0,4777.0,7073.75,1541.0,-1.0,128.0,1760551315.0,RIAL,False
25437933,v_25437933_1542,5.0,3949.625,6480.75,1541.0,-1.0,128.0,1760993145.0,RIAR,False
v_25437918_1541,25553021.0,,4265.625,7128.75,1541.0,,,,RIAR,True
25437918,v_25437918_1541,5.0,4265.625,7128.75,1542.0,-1.0,128.0,1769484951.0,RIAR,False
v_25437933_1542,25437932.0,,3944.625,6517.75,1542.0,,,,RIAR,True
25552863,25426058.0,5.0,4771.665,7077.75,1542.0,-1.0,128.0,1769454652.0,RIAL,False
25422469,25422468.0,5.0,2893.625,3822.75,1542.0,-1.0,128.0,1760503129.0,RIAR,False
25426092,25426091.0,5.0,4941.0,6359.75,1542.0,-1.0,128.0,1760551390.0,RIAL,False
v_25425376_1542,v_25425376_1543,,5488.0,4197.77,1542.0,,,,RIAL,True
25552775,25437918.0,5.0,4264.625,7123.25,1543.0,-1.0,128.0,1769447225.0,RIAR,False
25437932,v_25437932_1544,5.0,3939.625,6554.75,1543.0,-1.0,128.0,1760993143.0,RIAR,False
25426091,25426090.0,5.0,4973.0,6379.75,1543.0,-1.0,128.0,1760551389.0,RIAL,False
v_25425376_1543,25425375.0,,5484.0,4194.77,1543.0,,,,RIAL,True
v_25426059_1543,25552863.0,,4763.66625,7083.75,1543.0,,,,RIAL,True
25422468,25422467.0,5.0,2949.625,3826.75,1543.0,-1.0,128.0,1760503128.0,RIAR,False
25425375,v_25425375_1545,5.0,5480.0,4191.77,1544.0,-1.0,128.0,1760549995.0,RIAL,False
25426090,v_25426090_1545,5.0,4973.0,6399.75,1544.0,-1.0,128.0,1760551387.0,RIAL,False
25422467,25422466.0,5.0,2985.625,3822.75,1544.0,-1.0,128.0,1760503127.0,RIAR,False
25426059,v_25426059_1543,5.0,4761.0,7085.75,1544.0,-1.0,128.0,1769454652.0,RIAL,False
v_25437932_1544,25437931.0,,3924.625,6591.75,1544.0,,,,RIAR,True
v_25437919_1544,25552775.0,,4262.825,7113.35,1544.0,,,,RIAR,True
25426060,25426059.0,5.0,4725.0,7061.75,1545.0,-1.0,128.0,1760551326.0,RIAL,False
v_25425375_1545,v_25425375_1546,,5478.0,4189.77,1545.0,,,,RIAL,True
25422466,v_25422466_1546,5.0,3017.625,3786.75,1545.0,-1.0,128.0,1760503126.0,RIAR,False
v_25426090_1545,25426089.0,,4976.0,6416.75,1545.0,,,,RIAL,True
25437931,v_25437931_1546,5.0,3909.625,6628.75,1545.0,-1.0,128.0,1760993142.0,RIAR,False
v_25437919_1545,v_25437919_1545,,4262.225,7110.05,1545.0,,,,RIAR,True
25426089,25426088.0,5.0,4979.0,6433.75,1546.0,-1.0,128.0,1760551386.0,RIAL,False
v_25426061_1546,25426060.0,,4720.5,7064.75,1546.0,,,,RIAL,True
v_25422466_1546,25422465.0,,3025.625,3774.75,1546.0,,,,RIAR,True
v_25425375_1546,v_25425375_1547,,5476.0,4187.77,1546.0,,,,RIAL,True
25437919,v_25437919_1544,5.0,4261.625,7106.75,1546.0,-1.0,128.0,1769447225.0,RIAR,False
v_25437931_1546,25437930.0,,3915.625,6641.75,1546.0,,,,RIAR,True
25422465,25422464.0,5.0,3033.625,3762.75,1547.0,-1.0,128.0,1760503124.0,RIAR,False
25552779,25437919.0,5.0,4265.625,7095.75,1547.0,-1.0,128.0,1769447259.0,RIAR,False
v_25425375_1547,25425372.0,,5474.0,4185.77,1547.0,,,,RIAL,True
25426088,25426087.0,5.0,4983.0,6429.75,1547.0,-1.0,128.0,1760551384.0,RIAL,False
25426061,v_25426061_1546,5.0,4719.0,7065.75,1547.0,-1.0,128.0,1760551327.0,RIAL,False
25437930,25437929.0,5.0,3921.625,6654.75,1547.0,-1.0,128.0,1760993141.0,RIAR,False
25426087,25426085.0,5.0,5011.0,6471.75,1548.0,-1.0,128.0,1760551384.0,RIAL,False
25437920,25552779.0,5.0,4269.625,7084.75,1548.0,-1.0,128.0,1769447259.0,RIAR,False
25422464,25422463.0,5.0,3046.055,3761.815,1548.0,-1.0,128.0,1765510545.0,RIAR,False
25437929,25437923.0,5.0,3925.625,6690.75,1548.0,-1.0,128.0,1760993140.0,RIAR,False
v_25552838_1548,25426061.0,,4726.00125,7065.75,1548.0,,,,RIAL,True
25425372,v_25425372_1549,5.0,5472.0,4183.77,1548.0,-1.0,128.0,1760549993.0,RIAL,False
25422463,v_25422463_1550,5.0,3105.625,3782.75,1549.0,-1.0,128.0,1760503119.0,RIAR,False
25426085,25426084.0,5.0,5017.0,6521.75,1549.0,-1.0,128.0,1760551379.0,RIAL,False
v_25425372_1549,v_25425372_1550,,5474.666666666667,4175.77,1549.0,,,,RIAL,True
25437921,25437920.0,5.0,4269.625,7084.75,1549.0,-1.0,128.0,1760993072.0,RIAR,False
25437923,25437922.0,5.0,3991.625,6794.75,1549.0,-1.0,128.0,1760993075.0,RIAR,False
25552838,v_25552838_1548,5.0,4728.335,7065.75,1549.0,-1.0,128.0,1769454056.0,RIAL,False
25426062,25552838.0,5.0,4733.0,7065.75,1550.0,-1.0,128.0,1769454056.0,RIAL,False
v_25422463_1550,25422462.0,,3113.625,3774.75,1550.0,,,,RIAR,True
v_25425372_1550,25425369.0,,5477.333333333333,4167.77,1550.0,,,,RIAL,True
25437922,25437921.0,5.0,4149.625,6950.75,1550.0,-1.0,128.0,1760993073.0,RIAR,False
25426084,v_25426084_1551,5.0,5021.0,6561.75,1550.0,-1.0,128.0,1760551378.0,RIAL,False
25437924,25437922.0,5.0,4155.625,6926.75,1551.0,-1.0,128.0,1760993086.0,RIAR,False
25422462,v_25422462_1552,5.0,3121.625,3766.75,1551.0,-1.0,128.0,1760503118.0,RIAR,False
25552840,25426062.0,5.0,4741.0,7058.75,1551.0,-1.0,128.0,1769454077.0,RIAL,False
v_25426084_1551,25426083.0,,5028.0,6587.75,1551.0,,,,RIAL,True
25425369,v_25425369_1552,5.0,5480.0,4159.77,1551.0,-1.0,128.0,1760549992.0,RIAL,False
25426063,25552840.0,5.0,4749.0,7051.75,1552.0,-1.0,128.0,1769454077.0,RIAL,False
25552783,25437924.0,5.0,4155.625,6926.75,1552.0,-1.0,128.0,1769447287.0,RIAR,False
25426083,25426082.0,5.0,5035.0,6613.75,1552.0,-1.0,128.0,1760551376.0,RIAL,False
v_25425369_1552,v_25425369_1553,,5484.0,4145.1033333333335,1552.0,,,,RIAL,True
v_25422462_1552,25422461.0,,3121.625,3764.75,1552.0,,,,RIAR,True
v_25425369_1553,25425366.0,,5488.0,4130.436666666667,1553.0,,,,RIAL,True
25437925,25552783.0,5.0,4155.625,6926.75,1553.0,-1.0,128.0,1769447287.0,RIAR,False
25552897,25426063.0,5.0,4755.0,7039.75,1553.0,-1.0,128.0,1769456274.0,RIAL,False
25422461,25422460.0,5.0,3121.625,3762.75,1553.0,-1.0,128.0,1760503117.0,RIAR,False
25426082,25426081.0,5.0,5035.0,6637.75,1553.0,-1.0,128.0,1760551375.0,RIAL,False
v_25437926_1554,25437925.0,,4179.625,6934.25,1554.0,,,,RIAR,True
v_25426064_1554,25552897.0,,4764.0,7021.75,1554.0,,,,RIAL,True
25426081,25426067.0,5.0,5033.0,6651.75,1554.0,-1.0,128.0,1760551374.0,RIAL,False
25425366,v_25425366_1555,5.0,5492.0,4115.77,1554.0,-1.0,128.0,1760549991.0,RIAL,False
25422460,v_25422460_1555,5.0,3121.625,3762.75,1554.0,-1.0,128.0,1760503116.0,RIAR,False
v_25425366_1555,25425364.0,,5492.0,4115.77,1555.0,,,,RIAL,True
25426064,v_25426064_1554,5.0,4767.0,7015.75,1555.0,-1.0,128.0,1769456274.0,RIAL,False
25426067,25426066.0,5.0,5025.0,6707.75,1555.0,-1.0,128.0,1760551338.0,RIAL,False
v_25422460_1555,25422459.0,,3119.625,3764.75,1555.0,,,,RIAR,True
25437926,v_25437926_1554,5.0,4187.625,6936.75,1555.0,-1.0,128.0,1760993089.0,RIAR,False
25422459,v_25422459_1557,5.0,3117.625,3766.75,1556.0,-1.0,128.0,1760503114.0,RIAR,False
25437927,25437926.0,5.0,4181.625,6944.75,1556.0,-1.0,128.0,1760993090.0,RIAR,False
25425364,25425361.0,5.0,5492.0,4115.77,1556.0,-1.0,128.0,1760549989.0,RIAL,False
25426066,25426064.0,5.0,4865.0,6835.75,1556.0,-1.0,128.0,1760551336.0,RIAL,False
25426068,25426066.0,5.0,4871.0,6837.75,1557.0,-1.0,128.0,1760551341.0,RIAL,False
25425361,25425359.0,5.0,5500.0,4131.77,1557.0,-1.0,128.0,1760549989.0,RIAL,False
v_25422459_1557,25422458.0,,3119.625,3768.75,1557.0,,,,RIAR,True
v_25437928_1557,25437927.0,,4172.625,6938.75,1557.0,,,,RIAR,True
25437928,v_25437928_1557,5.0,4169.625,6936.75,1558.0,-1.0,128.0,1760993091.0,RIAR,False
25422458,25422457.0,5.0,3121.625,3770.75,1558.0,-1.0,128.0,1760503107.0,RIAR,False
25425359,25425353.0,5.0,5520.0,4147.77,1558.0,-1.0,128.0,1760549988.0,RIAL,False
25426069,25426068.0,5.0,4871.0,6837.75,1558.0,-1.0,128.0,1760551341.0,RIAL,False
25422457,25422456.0,5.0,3117.625,3726.75,1559.0,-1.0,128.0,1760503104.0,RIAR,False
25425353,v_25425353_1560,5.0,5544.0,4059.77,1559.0,-1.0,128.0,1760549984.0,RIAL,False
25426070,25426069.0,5.0,4871.0,6837.75,1559.0,-1.0,128.0,1760551344.0,RIAL,False
25422456,25422455.0,5.0,3121.625,3726.75,1560.0,-1.0,128.0,1760503099.0,RIAR,False
v_25426071_1560,25426070.0,,4878.5,6824.25,1560.0,,,,RIAL,True
v_25425353_1560,v_25425353_1561,,5572.0,4029.1033333333335,1560.0,,,,RIAL,True
v_25425353_1561,25425351.0,,5600.0,3998.4366666666665,1561.0,,,,RIAL,True
25426071,v_25426071_1560,5.0,4881.0,6819.75,1561.0,-1.0,128.0,1760551345.0,RIAL,False
25422455,25422454.0,5.0,3121.625,3734.75,1561.0,-1.0,128.0,1760503097.0,RIAR,False
25422454,25422453.0,5.0,3125.625,3722.75,1562.0,-1.0,128.0,1760503096.0,RIAR,False
25425351,v_25425351_1563,5.0,5628.0,3967.77,1562.0,-1.0,128.0,1760549982.0,RIAL,False
25426072,25426071.0,5.0,4909.0,6803.75,1562.0,-1.0,128.0,1760551348.0,RIAL,False
v_25425351_1563,v_25425351_1564,,5632.0,3947.77,1563.0,,,,RIAL,True
25422453,v_25422453_1564,5.0,3113.625,3674.75,1563.0,-1.0,128.0,1760503095.0,RIAR,False
25426073,25426072.0,5.0,4941.0,6819.75,1563.0,-1.0,128.0,1760551349.0,RIAL,False
v_25422453_1564,25422452.0,,3111.625,3668.75,1564.0,,,,RIAR,True
25426074,25426073.0,5.0,4977.0,6845.75,1564.0,-1.0,128.0,1760551350.0,RIAL,False
v_25425351_1564,25425350.0,,5636.0,3927.77,1564.0,,,,RIAL,True
25425350,v_25425350_1566,5.0,5640.0,3907.77,1565.0,-1.0,128.0,1760549981.0,RIAL,False
25422452,v_25422452_1566,5.0,3109.625,3662.75,1565.0,-1.0,128.0,1760503091.0,RIAR,False
25426075,25426074.0,5.0,5007.0,6865.75,1565.0,-1.0,128.0,1760551351.0,RIAL,False
25426076,25426075.0,5.0,5031.0,6873.75,1566.0,-1.0,128.0,1760551352.0,RIAL,False
v_25425350_1566,v_25425350_1567,,5672.666666666667,3858.4366666666665,1566.0,,,,RIAL,True
v_25422452_1566,25422451.0,,3099.625,3668.75,1566.0,,,,RIAR,True
25422451,v_25422451_1568,5.0,3089.625,3674.75,1567.0,-1.0,128.0,1760503089.0,RIAR,False
v_25425350_1567,25425297.0,,5705.333333333333,3809.1033333333335,1567.0,,,,RIAL,True
25426077,25426076.0,5.0,5045.0,6883.75,1567.0,-1.0,128.0,1760551353.0,RIAL,False
v_25422451_1568,v_25422451_1569,,3089.625,3674.75,1568.0,,,,RIAR,True
25426078,25426077.0,5.0,5049.0,6897.75,1568.0,-1.0,128.0,1760551354.0,RIAL,False
25425297,v_25425297_1569,5.0,5738.0,3759.77,1568.0,-1.0,128.0,1760549942.0,RIAL,False
25426079,25426078.0,5.0,5045.0,6911.75,1569.0,-1.0,128.0,1760551355.0,RIAL,False
v_25425297_1569,25425293.0,,5740.0,3755.77,1569.0,,,,RIAL,True
v_25422451_1569,25422450.0,,3089.625,3674.75,1569.0,,,,RIAR,True
25426080,25426079.0,5.0,5033.0,6929.75,1570.0,-1.0,128.0,1760551356.0,RIAL,False
25425293,v_25425293_1571,5.0,5742.0,3751.77,1570.0,-1.0,128.0,1760549941.0,RIAL,False
25422450,v_25422450_1571,5.0,3089.625,3674.75,1570.0,-1.0,128.0,1760503087.0,RIAR,False
v_25425293_1571,25425290.0,,5744.0,3749.77,1571.0,,,,RIAL,True
v_25422450_1571,25422449.0,,3081.625,3660.75,1571.0,,,,RIAR,True
25422449,v_25422449_1573,5.0,3073.625,3646.75,1572.0,-1.0,128.0,1760503085.0,RIAR,False
25425290,v_25425290_1573,5.0,5746.0,3747.77,1572.0,-1.0,128.0,1760549939.0,RIAL,False
v_25425290_1573,25425230.0,,5737.0,3755.77,1573.0,,,,RIAL,True
v_25422449_1573,25422448.0,,3063.625,3636.75,1573.0,,,,RIAR,True
25425230,v_25425230_1575,5.0,5728.0,3763.77,1574.0,-1.0,128.0,1760549963.0,RIAL,False
25422448,v_25422448_1575,5.0,3053.625,3626.75,1574.0,-1.0,128.0,1760503084.0,RIAR,False
v_25425230_1575,v_25425230_1576,,5722.0,3762.17,1575.0,,,,RIAL,True
v_25422448_1575,25422447.0,,3037.625,3620.75,1575.0,,,,RIAR,True
25422447,v_25422447_1577,5.0,3021.625,3614.75,1576.0,-1.0,128.0,1760503082.0,RIAR,False
v_25425230_1576,v_25425230_1577,,5716.0,3760.57,1576.0,,,,RIAL,True
v_25422447_1577,25422446.0,,3007.625,3606.75,1577.0,,,,RIAR,True
v_25425230_1577,v_25425230_1578,,5710.0,3758.97,1577.0,,,,RIAL,True
v_25425230_1578,25425309.0,,5704.0,3757.37,1578.0,,,,RIAL,True
25422446,25422445.0,5.0,2993.625,3598.75,1578.0,-1.0,128.0,1760503081.0,RIAR,False
25425309,v_25425309_1580,5.0,5698.0,3755.77,1579.0,-1.0,128.0,1760549963.0,RIAL,False
25422445,25422444.0,5.0,2993.625,3598.75,1579.0,-1.0,128.0,1760503080.0,RIAR,False
25422444,25422443.0,5.0,2981.625,3594.75,1580.0,-1.0,128.0,1760503079.0,RIAR,False
v_25425309_1580,25425312.0,,5692.0,3739.77,1580.0,,,,RIAL,True
25425312,v_25425312_1582,5.0,5686.0,3723.77,1581.0,-1.0,128.0,1760549963.0,RIAL,False
25422443,25422442.0,5.0,2981.625,3594.75,1581.0,-1.0,128.0,1760503077.0,RIAR,False
v_25425312_1582,v_25425312_1583,,5686.0,3723.77,1582.0,,,,RIAL,True
25422442,v_25422442_1583,5.0,2945.625,3582.75,1582.0,-1.0,128.0,1760503074.0,RIAR,False
v_25422442_1583,25422441.0,,2945.625,3582.75,1583.0,,,,RIAR,True
v_25425312_1583,v_25425312_1584,,5686.0,3723.77,1583.0,,,,RIAL,True
v_25425312_1584,25425331.0,,5686.0,3723.77,1584.0,,,,RIAL,True
25422441,25422440.0,5.0,2945.625,3582.75,1584.0,-1.0,128.0,1760503072.0,RIAR,False
25422440,25422439.0,5.0,2937.625,3578.75,1585.0,-1.0,128.0,1760503071.0,RIAR,False
25425331,,5.0,5686.0,3723.77,1585.0,790.0,128.0,1760549971.0,RIAL,False
25422439,v_25422439_1587,5.0,2925.625,3574.75,1586.0,-1.0,128.0,1760503069.0,RIAR,False
25425313,25425331.0,5.0,5686.0,3723.77,1586.0,790.0,128.0,1760549971.0,RIAL,False
v_25422439_1587,25422438.0,,2919.625,3570.75,1587.0,,,,RIAR,True
v_25425316_1587,25425313.0,,5679.142857142857,3692.912857142857,1587.0,,,,RIAL,True
v_25425316_1588,v_25425316_1590,,5676.857142857143,3682.627142857143,1588.0,,,,RIAL,True
25422438,25422437.0,5.0,2913.625,3566.75,1588.0,-1.0,128.0,1760503068.0,RIAR,False
25422437,25422436.0,5.0,2873.625,3546.75,1589.0,-1.0,128.0,1760503066.0,RIAR,False
v_25425316_1589,v_25425316_1589,,5674.571428571428,3672.341428571429,1589.0,,,,RIAL,True
25422436,v_25422436_1591,5.0,2861.625,3542.75,1590.0,-1.0,128.0,1760503065.0,RIAR,False
v_25425316_1590,v_25425316_1588,,5672.285714285715,3662.055714285714,1590.0,,,,RIAL,True
v_25422436_1591,25422435.0,,2873.625,3550.75,1591.0,,,,RIAR,True
25425316,v_25425316_1587,5.0,5670.0,3651.77,1591.0,790.0,128.0,1760549971.0,RIAL,False
v_25425342_1592,25425316.0,,5652.0,3639.77,1592.0,,,,RIAL,True
25422435,25422434.0,5.0,2885.625,3558.75,1592.0,-1.0,128.0,1760503063.0,RIAR,False
25422434,v_25422434_1594,5.0,2853.625,3562.75,1593.0,-1.0,128.0,1760503062.0,RIAR,False
25425342,v_25425342_1592,5.0,5646.0,3635.77,1593.0,790.0,128.0,1760549971.0,RIAL,False
v_25422434_1594,25422386.0,,2841.625,3556.75,1594.0,,,,RIAR,True
v_25425318_1594,25425342.0,,5628.0,3623.77,1594.0,,,,RIAL,True
25425318,v_25425318_1594,5.0,5622.0,3619.77,1595.0,-1.0,128.0,1760549971.0,RIAL,False
25422386,25422385.0,5.0,2829.625,3550.75,1595.0,-1.0,128.0,1760502802.0,RIAR,False
25422385,v_25422385_1597,5.0,2797.625,3526.75,1596.0,-1.0,128.0,1760502798.0,RIAR,False
v_25425320_1596,25425318.0,,5582.0,3599.77,1596.0,,,,RIAL,True
v_25425320_1597,v_25425320_1598,,5568.666666666667,3593.103333333333,1597.0,,,,RIAL,True
v_25422385_1597,v_25422385_1598,,2789.625,3522.75,1597.0,,,,RIAR,True
v_25422385_1598,v_25422385_1599,,2781.625,3518.75,1598.0,,,,RIAR,True
v_25425320_1598,v_25425320_1597,,5555.333333333333,3586.4366666666665,1598.0,,,,RIAL,True
25425320,v_25425320_1596,5.0,5542.0,3579.77,1599.0,-1.0,128.0,1760549956.0,RIAL,False
v_25422385_1599,25422384.0,,2773.625,3514.75,1599.0,,,,RIAR,True
v_25425323_1600,25425320.0,,5514.0,3551.77,1600.0,,,,RIAL,True
25422384,v_25422384_1601,5.0,2765.625,3510.75,1600.0,-1.0,128.0,1760502797.0,RIAR,False
v_25422384_1601,v_25422384_1602,,2763.625,3494.75,1601.0,,,,RIAR,True
v_25425323_1601,v_25425323_1602,,5504.666666666667,3542.4366666666665,1601.0,,,,RIAL,True
v_25425323_1602,v_25425323_1601,,5495.333333333333,3533.103333333333,1602.0,,,,RIAL,True
v_25422384_1602,v_25422384_1603,,2761.625,3478.75,1602.0,,,,RIAR,True
25425323,v_25425323_1600,5.0,5486.0,3523.77,1603.0,-1.0,128.0,1760549957.0,RIAL,False
v_25422384_1603,25422383.0,,2759.625,3462.75,1603.0,,,,RIAR,True
25422383,v_25422383_1605,5.0,2757.625,3446.75,1604.0,-1.0,128.0,1760502795.0,RIAR,False
v_25428026_1604,25425323.0,,5462.0,3499.77,1604.0,,,,RIAL,True
25428026,v_25428026_1604,5.0,5454.0,3491.77,1605.0,-1.0,128.0,1760635346.0,RIAL,False
v_25422383_1605,v_25422383_1606,,2749.625,3442.75,1605.0,,,,RIAR,True
v_25422383_1606,v_25422383_1607,,2741.625,3438.75,1606.0,,,,RIAR,True
v_25428030_1606,25428026.0,,5390.0,3465.77,1606.0,,,,RIAL,True
v_25428030_1607,v_25428030_1608,,5368.666666666667,3457.103333333333,1607.0,,,,RIAL,True
v_25422383_1607,25422382.0,,2733.625,3434.75,1607.0,,,,RIAR,True
v_25428030_1608,v_25428030_1607,,5347.333333333333,3448.4366666666665,1608.0,,,,RIAL,True
25422382,25422387.0,5.0,2725.625,3430.75,1608.0,-1.0,128.0,1760502810.0,RIAR,False
25422387,,5.0,2729.625,3416.75,1609.0,830.0,128.0,1760502820.0,RIAR,False
25428030,v_25428030_1606,5.0,5326.0,3439.77,1609.0,-1.0,128.0,1760635347.0,RIAL,False
v_25428033_1610,25428030.0,,5273.2,3408.57,1610.0,,,,RIAL,True
v_25422381_1610,25422387.0,,2736.825,3391.55,1610.0,,,,RIAR,True
v_25422381_1611,v_25422381_1611,,2739.225,3383.15,1611.0,,,,RIAR,True
v_25428033_1611,v_25428033_1611,,5255.6,3398.17,1611.0,,,,RIAL,True
25422381,v_25422381_1610,5.0,2741.625,3374.75,1612.0,830.0,128.0,1760502820.0,RIAR,False
25428033,v_25428033_1610,5.0,5238.0,3387.77,1612.0,-1.0,128.0,1760635348.0,RIAL,False
v_25422365_1613,25422381.0,,2722.425,3369.95,1613.0,,,,RIAR,True
v_25428037_1613,25428033.0,,5174.0,3347.77,1613.0,,,,RIAL,True
v_25422365_1614,v_25422365_1614,,2716.025,3368.35,1614.0,,,,RIAR,True
v_25428037_1614,v_25428037_1615,,5152.666666666667,3334.4366666666665,1614.0,,,,RIAL,True
25422365,v_25422365_1613,5.0,2709.625,3366.75,1615.0,830.0,128.0,1760502820.0,RIAR,False
v_25428037_1615,v_25428037_1614,,5131.333333333333,3321.103333333333,1615.0,,,,RIAL,True
25422388,25422365.0,5.0,2709.625,3366.75,1616.0,830.0,128.0,1760502820.0,RIAR,False
25428037,v_25428037_1613,5.0,5110.0,3307.77,1616.0,-1.0,128.0,1760635350.0,RIAL,False
v_25428040_1617,25428037.0,,5035.6,3281.37,1617.0,,,,RIAL,True
v_25422378_1617,25422388.0,,2709.625,3366.75,1617.0,,,,RIAR,True
v_25428040_1618,v_25428040_1618,,5010.8,3272.57,1618.0,,,,RIAL,True
25422378,v_25422378_1617,5.0,2709.625,3366.75,1618.0,-1.0,128.0,1760502820.0,RIAR,False
v_25422494_1619,25422378.0,,2715.625,3369.75,1619.0,,,,RIAR,True
25428040,v_25428040_1617,5.0,4986.0,3263.77,1619.0,-1.0,128.0,1760635351.0,RIAL,False
25422494,v_25422494_1619,5.0,2717.625,3370.75,1620.0,-1.0,128.0,1760503206.0,RIAR,False
v_25428044_1620,25428040.0,,4950.0,3230.17,1620.0,,,,RIAL,True
25422379,25422494.0,5.0,2709.625,3366.75,1621.0,-1.0,128.0,1760503206.0,RIAR,False
v_25428044_1621,v_25428044_1621,,4938.0,3218.97,1621.0,,,,RIAL,True
v_25422380_1622,25422379.0,,2762.425,3359.55,1622.0,,,,RIAR,True
25428044,v_25428044_1620,5.0,4926.0,3207.77,1622.0,-1.0,128.0,1760635352.0,RIAL,False
v_25428047_1623,25428044.0,,4844.4,3174.17,1623.0,,,,RIAL,True
v_25422380_1623,v_25422380_1623,,2780.025,3357.15,1623.0,,,,RIAR,True
v_25428047_1624,v_25428047_1624,,4817.2,3162.97,1624.0,,,,RIAL,True
25422380,v_25422380_1622,5.0,2797.625,3354.75,1624.0,-1.0,128.0,1760503212.0,RIAR,False
v_25422495_1625,25422380.0,,2827.625,3264.75,1625.0,,,,RIAR,True
25428047,v_25428047_1623,5.0,4790.0,3151.77,1625.0,-1.0,128.0,1760635353.0,RIAL,False
25422495,v_25422495_1625,5.0,2837.625,3234.75,1626.0,-1.0,128.0,1760503213.0,RIAR,False
v_25428050_1626,25428047.0,,4785.2,3146.97,1626.0,,,,RIAL,True
v_25428050_1627,v_25428050_1627,,4783.6,3145.37,1627.0,,,,RIAL,True
25422496,25422495.0,5.0,2869.625,3214.75,1627.0,-1.0,128.0,1760503216.0,RIAR,False
25428050,v_25428050_1626,5.0,4782.0,3143.77,1628.0,-1.0,128.0,1760635354.0,RIAL,False
25422497,25422496.0,5.0,2873.625,3246.75,1628.0,-1.0,128.0,1760503217.0,RIAR,False
