node_id,parent_id,confidence,x,y,z,radius,creator_id,edition_time,cell_name,is_vnode
v_25399974_1293,25399973.0,,6331.85,1659.7,1293.0,,,,SAADR,True
v_25529695_1293,v_25529695_1294,,2231.15,1816.742857142857,1293.0,,,,SAADL,True
25399973,v_25399973_1295,5.0,6338.85,1658.7,1294.0,-1.0,128.0,1757297479.0,SAADR,False
v_25529695_1294,v_25529695_1295,,2231.15,1821.885714285714,1294.0,,,,SAADL,True
v_25529695_1295,v_25529695_1296,,2231.15,1827.0285714285712,1295.0,,,,SAADL,True
v_25399973_1295,v_25399973_1296,,6339.516666666667,1656.7,1295.0,,,,SAADR,True
v_25529695_1296,v_25529695_1297,,2231.15,1832.1714285714288,1296.0,,,,SAADL,True
v_25399973_1296,25399972.0,,6340.183333333333,1654.7,1296.0,,,,SAADR,True
v_25529695_1297,v_25529695_1298,,2231.15,1837.3142857142857,1297.0,,,,SAADL,True
25399972,v_25399972_1298,5.0,6340.85,1652.7,1297.0,-1.0,128.0,1757297478.0,SAADR,False
v_25529695_1298,25529694.0,,2231.15,1842.4571428571428,1298.0,,,,SAADL,True
v_25399972_1298,v_25399972_1299,,6337.516666666667,1648.0333333333333,1298.0,,,,SAADR,True
25529694,v_25529694_1300,5.0,2231.15,1847.6,1299.0,-1.0,128.0,1766432911.0,SAADL,False
v_25399972_1299,25399971.0,,6334.183333333333,1643.3666666666668,1299.0,,,,SAADR,True
25399971,v_25399971_1301,5.0,6330.85,1638.7,1300.0,-1.0,128.0,1757297476.0,SAADR,False
v_25529694_1300,v_25529694_1301,,2233.5136363636366,1842.509090909091,1300.0,,,,SAADL,True
v_25399971_1301,25399970.0,,6331.85,1635.7,1301.0,,,,SAADR,True
v_25529694_1301,v_25529694_1302,,2235.8772727272726,1837.4181818181817,1301.0,,,,SAADL,True
25399970,v_25399970_1303,5.0,6332.85,1632.7,1302.0,-1.0,128.0,1757297475.0,SAADR,False
v_25529694_1302,v_25529694_1303,,2238.240909090909,1832.3272727272729,1302.0,,,,SAADL,True
v_25399970_1303,25399969.0,,6331.85,1630.7,1303.0,,,,SAADR,True
v_25529694_1303,v_25529694_1304,,2240.6045454545456,1827.236363636364,1303.0,,,,SAADL,True
v_25529694_1304,v_25529694_1305,,2242.968181818182,1822.1454545454544,1304.0,,,,SAADL,True
25399969,v_25399969_1305,5.0,6330.85,1628.7,1304.0,-1.0,128.0,1757297473.0,SAADR,False
v_25529694_1305,v_25529694_1306,,2245.331818181818,1817.0545454545447,1305.0,,,,SAADL,True
v_25399969_1305,25399968.0,,6332.85,1630.7,1305.0,,,,SAADR,True
25399968,25399967.0,5.0,6334.85,1632.7,1306.0,-1.0,128.0,1757297472.0,SAADR,False
v_25529694_1306,v_25529694_1307,,2247.6954545454546,1811.963636363636,1306.0,,,,SAADL,True
v_25529694_1307,v_25529694_1308,,2250.059090909091,1806.8727272727272,1307.0,,,,SAADL,True
25399967,25399966.0,5.0,6322.85,1626.7,1307.0,-1.0,128.0,1757297471.0,SAADR,False
25399966,25399965.0,5.0,6328.85,1628.7,1308.0,-1.0,128.0,1757297469.0,SAADR,False
v_25529694_1308,v_25529694_1309,,2252.422727272728,1801.7818181818184,1308.0,,,,SAADL,True
25399965,v_25399965_1310,5.0,6328.85,1622.7,1309.0,-1.0,128.0,1757297468.0,SAADR,False
v_25529694_1309,25529693.0,,2254.786363636364,1796.690909090909,1309.0,,,,SAADL,True
v_25399965_1310,25399964.0,,6325.85,1619.7,1310.0,,,,SAADR,True
25529693,v_25529693_1311,5.0,2257.15,1791.6,1310.0,-1.0,128.0,1766432909.0,SAADL,False
v_25529693_1311,v_25529693_1312,,2257.4833333333336,1793.2666666666669,1311.0,,,,SAADL,True
25399964,25399963.0,5.0,6322.85,1616.7,1311.0,-1.0,128.0,1757297466.0,SAADR,False
v_25529693_1312,v_25529693_1313,,2257.8166666666666,1794.9333333333332,1312.0,,,,SAADL,True
25399963,v_25399963_1313,5.0,6328.85,1614.7,1312.0,-1.0,128.0,1757297459.0,SAADR,False
v_25399963_1313,v_25399963_1314,,6324.85,1610.7,1313.0,,,,SAADR,True
v_25529693_1313,v_25529693_1314,,2258.15,1796.6,1313.0,,,,SAADL,True
v_25399963_1314,25399962.0,,6320.85,1606.7,1314.0,,,,SAADR,True
v_25529693_1314,v_25529693_1315,,2258.4833333333336,1798.2666666666669,1314.0,,,,SAADL,True
25399962,v_25399962_1316,5.0,6316.85,1602.7,1315.0,-1.0,128.0,1757297458.0,SAADR,False
v_25529693_1315,25529692.0,,2258.8166666666666,1799.9333333333332,1315.0,,,,SAADL,True
v_25399962_1316,v_25399962_1317,,6315.516666666667,1600.7,1316.0,,,,SAADR,True
25529692,v_25529692_1317,5.0,2259.15,1801.6,1316.0,-1.0,128.0,1766432907.0,SAADL,False
v_25399962_1317,25399961.0,,6314.183333333333,1598.7,1317.0,,,,SAADR,True
v_25529692_1317,v_25529692_1318,,2260.8166666666666,1796.6,1317.0,,,,SAADL,True
25399961,v_25399961_1319,5.0,6312.85,1596.7,1318.0,-1.0,128.0,1757297456.0,SAADR,False
v_25529692_1318,v_25529692_1319,,2262.4833333333336,1791.6,1318.0,,,,SAADL,True
v_25529692_1319,v_25529692_1320,,2264.15,1786.6,1319.0,,,,SAADL,True
v_25399961_1319,v_25399961_1320,,6308.85,1595.7,1319.0,,,,SAADR,True
v_25529692_1320,v_25529692_1321,,2265.8166666666666,1781.6,1320.0,,,,SAADL,True
v_25399961_1320,v_25399961_1321,,6304.85,1594.7,1320.0,,,,SAADR,True
v_25529692_1321,25529691.0,,2267.4833333333336,1776.6,1321.0,,,,SAADL,True
v_25399961_1321,25399960.0,,6300.85,1593.7,1321.0,,,,SAADR,True
25529691,v_25529691_1323,5.0,2269.15,1771.6,1322.0,-1.0,128.0,1766432906.0,SAADL,False
25399960,v_25399960_1323,5.0,6296.85,1592.7,1322.0,-1.0,128.0,1757297455.0,SAADR,False
v_25529691_1323,v_25529691_1324,,2269.8762500000003,1771.175,1323.0,,,,SAADL,True
v_25399960_1323,25399959.0,,6296.85,1595.7,1323.0,,,,SAADR,True
25399959,25399958.0,5.0,6296.85,1598.7,1324.0,-1.0,128.0,1757297453.0,SAADR,False
v_25529691_1324,v_25529691_1325,,2270.6025,1770.75,1324.0,,,,SAADL,True
25399958,25399279.0,5.0,6290.85,1582.7,1325.0,-1.0,128.0,1757297452.0,SAADR,False
v_25529691_1325,25399278.0,,2271.32875,1770.325,1325.0,,,,SAADL,True
25399279,,5.0,6294.85,1584.7,1326.0,-1.0,128.0,1757210092.0,SAADR,False
25399278,,5.0,2272.055,1769.9,1326.0,-1.0,128.0,1757202906.0,SAADL,False
v_25525921_1327,25399278.0,,2269.655,1773.5,1327.0,,,,SAADL,True
25399839,25399279.0,5.0,6294.85,1580.7,1327.0,-1.0,128.0,1757210099.0,SAADR,False
v_25525921_1328,v_25525921_1328,,2268.855,1774.7,1328.0,,,,SAADL,True
v_25399840_1328,25399839.0,,6287.35,1580.7,1328.0,,,,SAADR,True
25399840,v_25399840_1328,5.0,6284.85,1580.7,1329.0,-1.0,128.0,1757210101.0,SAADR,False
25525921,v_25525921_1327,5.0,2268.055,1775.9,1329.0,-1.0,128.0,1765390486.0,SAADL,False
v_25525922_1330,25525921.0,,2269.7692857142856,1775.0428571428572,1330.0,,,,SAADL,True
v_25399841_1330,25399840.0,,6280.35,1568.7,1330.0,,,,SAADR,True
25399841,v_25399841_1330,5.0,6278.85,1564.7,1331.0,-1.0,128.0,1757210102.0,SAADR,False
v_25525922_1331,v_25525922_1333,,2270.340714285714,1774.757142857143,1331.0,,,,SAADL,True
v_25525922_1332,v_25525922_1332,,2270.9121428571425,1774.4714285714288,1332.0,,,,SAADL,True
v_25399842_1332,25399841.0,,6275.85,1561.7,1332.0,,,,SAADR,True
v_25525922_1333,v_25525922_1331,,2271.4835714285714,1774.1857142857143,1333.0,,,,SAADL,True
25399842,v_25399842_1332,5.0,6274.85,1560.7,1333.0,-1.0,128.0,1757210103.0,SAADR,False
25525922,v_25525922_1330,5.0,2272.055,1773.9,1334.0,-1.0,128.0,1765390487.0,SAADL,False
v_25399843_1334,25399842.0,,6267.35,1551.7,1334.0,,,,SAADR,True
25399843,v_25399843_1334,5.0,6264.85,1548.7,1335.0,-1.0,128.0,1757210105.0,SAADR,False
v_25525923_1335,25525922.0,,2276.555,1782.9,1335.0,,,,SAADL,True
25399844,25399843.0,5.0,6272.85,1544.7,1336.0,-1.0,128.0,1757210107.0,SAADR,False
v_25525923_1336,v_25525923_1339,,2278.055,1785.9,1336.0,,,,SAADL,True
v_25525923_1337,v_25525923_1338,,2279.555,1788.9,1337.0,,,,SAADL,True
v_25399845_1337,25399844.0,,6262.35,1543.2,1337.0,,,,SAADR,True
25399845,v_25399845_1337,5.0,6258.85,1542.7,1338.0,-1.0,128.0,1757210111.0,SAADR,False
v_25525923_1338,v_25525923_1337,,2281.055,1791.9,1338.0,,,,SAADL,True
v_25525923_1339,v_25525923_1336,,2282.555,1794.9,1339.0,,,,SAADL,True
v_25399846_1339,25399845.0,,6256.450000000001,1541.5,1339.0,,,,SAADR,True
25525923,v_25525923_1335,5.0,2284.055,1797.9,1340.0,-1.0,128.0,1765390489.0,SAADL,False
v_25399846_1340,v_25399846_1340,,6255.650000000001,1541.1,1340.0,,,,SAADR,True
v_25525924_1341,25525923.0,,2284.9121428571425,1786.757142857143,1341.0,,,,SAADL,True
25399846,v_25399846_1339,5.0,6254.85,1540.7,1341.0,-1.0,128.0,1757210112.0,SAADR,False
25399847,25399846.0,5.0,6242.85,1536.7,1342.0,-1.0,128.0,1757210114.0,SAADR,False
v_25525924_1342,v_25525924_1344,,2285.197857142857,1783.0428571428572,1342.0,,,,SAADL,True
v_25399848_1343,25399847.0,,6232.05,1529.5,1343.0,,,,SAADR,True
v_25525924_1343,v_25525924_1343,,2285.4835714285714,1779.3285714285714,1343.0,,,,SAADL,True
v_25399848_1344,v_25399848_1344,,6228.450000000001,1527.1,1344.0,,,,SAADR,True
v_25525924_1344,v_25525924_1342,,2285.7692857142856,1775.614285714286,1344.0,,,,SAADL,True
25399848,v_25399848_1343,5.0,6224.85,1524.7,1345.0,-1.0,128.0,1757210116.0,SAADR,False
25525924,v_25525924_1341,5.0,2286.055,1771.9,1345.0,-1.0,128.0,1765390490.0,SAADL,False
v_25525925_1346,25525924.0,,2286.055,1771.9,1346.0,,,,SAADL,True
v_25399849_1346,25399848.0,,6229.650000000001,1518.7,1346.0,,,,SAADR,True
v_25399849_1347,v_25399849_1347,,6231.25,1516.7,1347.0,,,,SAADR,True
v_25525925_1347,v_25525925_1350,,2286.055,1771.9,1347.0,,,,SAADL,True
v_25525925_1348,v_25525925_1349,,2286.055,1771.9,1348.0,,,,SAADL,True
25399849,v_25399849_1346,5.0,6232.85,1514.7,1348.0,-1.0,128.0,1757210117.0,SAADR,False
v_25399850_1349,25399849.0,,6219.650000000001,1502.7,1349.0,,,,SAADR,True
v_25525925_1349,v_25525925_1348,,2286.055,1771.9,1349.0,,,,SAADL,True
v_25525925_1350,v_25525925_1347,,2286.055,1771.9,1350.0,,,,SAADL,True
v_25399850_1350,v_25399850_1350,,6215.25,1498.7,1350.0,,,,SAADR,True
25399850,v_25399850_1349,5.0,6210.85,1494.7,1351.0,-1.0,128.0,1757210119.0,SAADR,False
25525925,v_25525925_1346,5.0,2286.055,1771.9,1351.0,-1.0,128.0,1765390491.0,SAADL,False
v_25525926_1352,25525925.0,,2285.197857142857,1771.9,1352.0,,,,SAADL,True
v_25399851_1352,25399850.0,,6219.85,1484.2,1352.0,,,,SAADR,True
25455869,25455868.0,5.0,5220.0,2662.5,1353.0,-1.0,128.0,1765405663.0,SAADR,False
25399851,v_25399851_1352,5.0,6222.85,1480.7,1353.0,-1.0,128.0,1757210120.0,SAADR,False
v_25525926_1353,v_25525926_1355,,2284.9121428571425,1771.9,1353.0,,,,SAADL,True
v_25399852_1354,25399851.0,,6224.85,1481.7,1354.0,,,,SAADR,True
v_25525926_1354,v_25525926_1354,,2284.6264285714283,1771.9,1354.0,,,,SAADL,True
25455868,25455867.0,5.0,5208.0,2674.5,1354.0,-1.0,128.0,1765405663.0,SAADR,False
25455867,25455866.0,5.0,5204.0,2690.5,1355.0,-1.0,128.0,1765405663.0,SAADR,False
v_25525926_1355,v_25525926_1353,,2284.340714285714,1771.9,1355.0,,,,SAADL,True
v_25399852_1355,v_25399852_1356,,6225.516666666667,1482.0333333333333,1355.0,,,,SAADR,True
v_25399852_1356,v_25399852_1355,,6226.183333333333,1482.3666666666668,1356.0,,,,SAADR,True
25455866,25455865.0,5.0,5212.0,2690.5,1356.0,-1.0,128.0,1765405663.0,SAADR,False
25525926,v_25525926_1352,5.0,2284.055,1771.9,1356.0,-1.0,128.0,1765390492.0,SAADL,False
v_25525927_1357,25525926.0,,2288.340714285714,1767.614285714286,1357.0,,,,SAADL,True
25399852,v_25399852_1354,5.0,6226.85,1482.7,1357.0,-1.0,128.0,1757210121.0,SAADR,False
25455865,25455864.0,5.0,5224.0,2686.5,1357.0,-1.0,128.0,1765405663.0,SAADR,False
v_25399853_1358,25399852.0,,6237.650000000001,1493.5,1358.0,,,,SAADR,True
v_25525927_1358,v_25525927_1360,,2289.7692857142856,1766.1857142857143,1358.0,,,,SAADL,True
25455864,25455863.0,5.0,5300.0,2738.5,1358.0,-1.0,128.0,1765405663.0,SAADR,False
25455863,25455862.0,5.0,5300.0,2754.5,1359.0,-1.0,128.0,1765405663.0,SAADR,False
v_25399853_1359,v_25399853_1359,,6241.25,1497.1,1359.0,,,,SAADR,True
v_25525927_1359,v_25525927_1359,,2291.197857142857,1764.757142857143,1359.0,,,,SAADL,True
v_25525927_1360,v_25525927_1358,,2292.6264285714283,1763.3285714285714,1360.0,,,,SAADL,True
25399853,v_25399853_1358,5.0,6244.85,1500.7,1360.0,-1.0,128.0,1757210123.0,SAADR,False
25455862,25455861.0,5.0,5300.0,2762.5,1360.0,-1.0,128.0,1765405663.0,SAADR,False
v_25399854_1361,25399853.0,,6255.35,1511.2,1361.0,,,,SAADR,True
25525927,v_25525927_1357,5.0,2294.055,1761.9,1361.0,-1.0,128.0,1765390494.0,SAADL,False
25455861,25455860.0,5.0,5340.0,2770.5,1361.0,-1.0,128.0,1765405663.0,SAADR,False
25399854,v_25399854_1361,5.0,6258.85,1514.7,1362.0,-1.0,128.0,1757210124.0,SAADR,False
25455860,25455859.0,5.0,5352.0,2766.5,1362.0,-1.0,128.0,1765405663.0,SAADR,False
v_25525928_1362,25525927.0,,2294.055,1761.9,1362.0,,,,SAADL,True
v_25399855_1363,25399854.0,,6272.35,1519.2,1363.0,,,,SAADR,True
25455859,25455858.0,5.0,5372.0,2802.5,1363.0,-1.0,128.0,1765405663.0,SAADR,False
v_25525928_1363,v_25525928_1366,,2294.055,1761.9,1363.0,,,,SAADL,True
25455858,25455857.0,5.0,5360.0,2798.5,1364.0,-1.0,128.0,1765405663.0,SAADR,False
25399855,v_25399855_1363,5.0,6276.85,1520.7,1364.0,-1.0,128.0,1757210126.0,SAADR,False
v_25525928_1364,v_25525928_1365,,2294.055,1761.9,1364.0,,,,SAADL,True
25455857,25455856.0,5.0,5372.0,2798.5,1365.0,-1.0,128.0,1765405663.0,SAADR,False
v_25525928_1365,v_25525928_1364,,2294.055,1761.9,1365.0,,,,SAADL,True
v_25399856_1365,25399855.0,,6285.85,1520.7,1365.0,,,,SAADR,True
v_25525928_1366,v_25525928_1363,,2294.055,1761.9,1366.0,,,,SAADL,True
25399856,v_25399856_1365,5.0,6288.85,1520.7,1366.0,-1.0,128.0,1757210128.0,SAADR,False
25455856,25455855.0,5.0,5388.0,2782.5,1366.0,-1.0,128.0,1765405663.0,SAADR,False
25453756,25453755.0,5.0,5449.95,2600.55,1366.0,-1.0,128.0,1766454333.0,SAADL,False
25455855,25455854.0,5.0,5376.0,2746.5,1367.0,-1.0,128.0,1765405663.0,SAADR,False
25525928,v_25525928_1362,5.0,2294.055,1761.9,1367.0,-1.0,128.0,1765390495.0,SAADL,False
v_25399857_1367,25399856.0,,6279.85,1525.2,1367.0,,,,SAADR,True
25453755,25453753.0,5.0,5465.95,2616.55,1367.0,-1.0,128.0,1766454333.0,SAADL,False
v_25525929_1368,25525928.0,,2294.055,1761.9,1368.0,,,,SAADL,True
25453753,25453752.0,5.0,5405.95,2576.55,1368.0,-1.0,128.0,1766454333.0,SAADL,False
25455854,25455853.0,5.0,5412.0,2698.5,1368.0,-1.0,128.0,1765405663.0,SAADR,False
25399857,v_25399857_1367,5.0,6276.85,1526.7,1368.0,-1.0,128.0,1757210129.0,SAADR,False
v_25525929_1369,v_25525929_1370,,2294.055,1761.9,1369.0,,,,SAADL,True
v_25399858_1369,25399857.0,,6290.35,1529.7,1369.0,,,,SAADR,True
25453752,25453751.0,5.0,5037.95,2452.55,1369.0,-1.0,128.0,1766454333.0,SAADL,False
25455853,25455852.0,5.0,5420.0,2718.5,1369.0,-1.0,128.0,1765405663.0,SAADR,False
25453754,25453753.0,5.0,5757.95,2852.55,1369.0,-1.0,128.0,1766454333.0,SAADL,False
25453751,25453750.0,5.0,4935.95,2429.55,1370.0,-1.0,128.0,1766454333.0,SAADL,False
25453757,25453754.0,5.0,5669.95,2776.55,1370.0,-1.0,128.0,1766454333.0,SAADL,False
25453758,25453754.0,5.0,5929.95,2964.55,1370.0,-1.0,128.0,1766454333.0,SAADL,False
25455852,25455851.0,5.0,5420.0,2718.5,1370.0,-1.0,128.0,1765405663.0,SAADR,False
v_25525929_1370,v_25525929_1369,,2294.055,1761.9,1370.0,,,,SAADL,True
25399858,v_25399858_1369,5.0,6294.85,1530.7,1370.0,-1.0,128.0,1757210131.0,SAADR,False
v_25399859_1371,25399858.0,,6287.35,1529.2,1371.0,,,,SAADR,True
25453759,25453758.0,5.0,5973.95,3012.55,1371.0,-1.0,128.0,1766454333.0,SAADL,False
25455851,25455850.0,5.0,5420.0,2718.5,1371.0,-1.0,128.0,1765405663.0,SAADR,False
25525929,v_25525929_1368,5.0,2294.055,1761.9,1371.0,-1.0,128.0,1765390496.0,SAADL,False
25453750,25453749.0,5.0,4859.95,2413.55,1371.0,-1.0,128.0,1766454333.0,SAADL,False
25453760,25453759.0,5.0,6029.95,3040.55,1372.0,-1.0,128.0,1766454333.0,SAADL,False
25453749,25453748.0,5.0,4779.95,2387.55,1372.0,-1.0,128.0,1766454333.0,SAADL,False
25399859,v_25399859_1371,5.0,6284.85,1528.7,1372.0,-1.0,128.0,1757210132.0,SAADR,False
25421123,25421122.0,5.0,4099.0,2432.0,1372.0,-1.0,128.0,1765405663.0,SAADR,False
v_25525930_1372,25525929.0,,2297.4835714285714,1757.614285714286,1372.0,,,,SAADL,True
25455850,25455849.0,5.0,5388.0,2718.5,1372.0,-1.0,128.0,1765405663.0,SAADR,False
25453748,25453747.0,5.0,4739.95,2384.55,1373.0,-1.0,128.0,1766454333.0,SAADL,False
v_25399860_1373,25399859.0,,6298.35,1540.7,1373.0,,,,SAADR,True
25421122,25421121.0,5.0,4101.0,2438.0,1373.0,-1.0,128.0,1765405663.0,SAADR,False
v_25525930_1373,v_25525930_1375,,2298.6264285714283,1756.1857142857143,1373.0,,,,SAADL,True
25453761,25453760.0,5.0,6165.95,3144.55,1373.0,-1.0,128.0,1766454333.0,SAADL,False
25455849,25455848.0,5.0,5364.0,2726.5,1373.0,-1.0,128.0,1765405663.0,SAADR,False
25399860,v_25399860_1373,5.0,6302.85,1544.7,1374.0,-1.0,128.0,1757210134.0,SAADR,False
v_25525930_1374,v_25525930_1374,,2299.7692857142856,1754.757142857143,1374.0,,,,SAADL,True
25421121,25421120.0,5.0,4089.0,2438.0,1374.0,-1.0,128.0,1765405663.0,SAADR,False
25453747,25453746.0,5.0,4719.95,2368.55,1374.0,-1.0,128.0,1766454333.0,SAADL,False
25453744,25453743.0,5.0,4119.95,2516.55,1374.0,-1.0,128.0,1766454333.0,SAADL,False
25455848,25455847.0,5.0,5320.0,2718.5,1374.0,-1.0,128.0,1765405663.0,SAADR,False
25453762,25453761.0,5.0,6173.95,3152.55,1374.0,-1.0,128.0,1766454333.0,SAADL,False
25453743,25453742.0,5.0,4119.95,2524.55,1375.0,-1.0,128.0,1766454333.0,SAADL,False
v_25525930_1375,v_25525930_1373,,2300.9121428571425,1753.3285714285714,1375.0,,,,SAADL,True
25455847,25422097.0,5.0,5320.0,2718.5,1375.0,-1.0,128.0,1765405663.0,SAADR,False
25421120,25421115.0,5.0,4095.0,2442.0,1375.0,-1.0,128.0,1765405663.0,SAADR,False
25453763,25453762.0,5.0,6237.95,3220.55,1375.0,-1.0,128.0,1766454333.0,SAADL,False
25453746,25453745.0,5.0,4691.95,2352.55,1375.0,-1.0,128.0,1766454333.0,SAADL,False
v_25399861_1375,25399860.0,,6299.25,1545.9,1375.0,,,,SAADR,True
25421115,25421116.0,5.0,4079.15,2437.6,1376.0,-1.0,128.0,1765405663.0,SAADR,False
25453742,25453741.0,5.0,4115.95,2528.55,1376.0,-1.0,128.0,1766454333.0,SAADL,False
25453764,25453763.0,5.0,6375.95,3375.55,1376.0,-1.0,128.0,1766454333.0,SAADL,False
25453745,25453740.0,5.0,4675.95,2332.55,1376.0,-1.0,128.0,1766454333.0,SAADL,False
25422097,25422098.0,5.0,5265.0,2719.0,1376.0,-1.0,128.0,1765405663.0,SAADR,False
25525930,v_25525930_1372,5.0,2302.055,1751.9,1376.0,-1.0,128.0,1765390497.0,SAADL,False
v_25399861_1376,v_25399861_1376,,6298.05,1546.3,1376.0,,,,SAADR,True
25399861,v_25399861_1375,5.0,6296.85,1546.7,1377.0,-1.0,128.0,1757210136.0,SAADR,False
25453741,25453739.0,5.0,4123.95,2508.55,1377.0,-1.0,128.0,1766454333.0,SAADL,False
25421114,25421115.0,5.0,3837.0,2476.0,1377.0,-1.0,128.0,1765405663.0,SAADR,False
25421116,25421117.0,5.0,4349.0,2468.0,1377.0,-1.0,128.0,1765405663.0,SAADR,False
25453740,25453739.0,5.0,4579.95,2324.55,1377.0,-1.0,128.0,1766454333.0,SAADL,False
25453765,25453764.0,5.0,6373.95,3424.55,1377.0,-1.0,128.0,1766454333.0,SAADL,False
25422096,25422097.0,5.0,4865.0,2457.0,1377.0,-1.0,128.0,1765405663.0,SAADR,False
25422098,25422099.0,5.0,5385.0,2789.0,1377.0,-1.0,128.0,1765405663.0,SAADR,False
v_25525932_1377,25525930.0,,2322.055,1740.9,1377.0,,,,SAADL,True
v_25525932_1378,v_25525932_1379,,2328.7216666666664,1737.2333333333331,1378.0,,,,SAADL,True
v_25453766_1378,25453765.0,,6403.95,3454.55,1378.0,,,,SAADL,True
v_25399862_1378,25399861.0,,6324.450000000001,1565.9,1378.0,,,,SAADR,True
25421117,25421118.0,5.0,4385.0,2460.0,1378.0,-1.0,128.0,1765405663.0,SAADR,False
25421113,25421114.0,5.0,3803.0,2472.0,1378.0,-1.0,128.0,1765405663.0,SAADR,False
25453739,25453738.0,5.0,4255.95,2460.55,1378.0,-1.0,128.0,1766454333.0,SAADL,False
25422095,25422096.0,5.0,4863.0,2455.0,1378.0,-1.0,128.0,1765405663.0,SAADR,False
25422099,25422100.0,5.0,5497.0,2861.0,1378.0,-1.0,128.0,1765405663.0,SAADR,False
25421112,25421113.0,5.0,3793.0,2464.0,1379.0,-1.0,128.0,1765405663.0,SAADR,False
25421118,25421119.0,5.0,4441.0,2432.0,1379.0,-1.0,128.0,1765405663.0,SAADR,False
v_25525932_1379,v_25525932_1378,,2335.3883333333333,1733.5666666666668,1379.0,,,,SAADL,True
25422094,25422095.0,5.0,4867.0,2461.0,1379.0,-1.0,128.0,1765405663.0,SAADR,False
25422100,25422101.0,5.0,5609.0,2919.0,1379.0,-1.0,128.0,1765405663.0,SAADR,False
v_25399862_1379,v_25399862_1379,,6333.650000000001,1572.3,1379.0,,,,SAADR,True
25453738,25453737.0,5.0,4103.95,2488.55,1379.0,-1.0,128.0,1766454333.0,SAADL,False
25453766,v_25453766_1378,5.0,6413.95,3464.55,1379.0,-1.0,128.0,1766454333.0,SAADL,False
25453737,25453736.0,5.0,4051.95,2536.55,1380.0,-1.0,128.0,1766454333.0,SAADL,False
25422101,25422103.0,5.0,5907.0,3049.0,1380.0,-1.0,128.0,1765405663.0,SAADR,False
25421111,25421112.0,5.0,3745.0,2500.0,1380.0,-1.0,128.0,1765405663.0,SAADR,False
25421119,25422094.0,5.0,4677.0,2326.0,1380.0,-1.0,128.0,1765405663.0,SAADR,False
25453767,25453766.0,5.0,6413.95,3512.55,1380.0,-1.0,128.0,1766454333.0,SAADL,False
25422102,25422100.0,5.0,5453.0,2869.0,1380.0,-1.0,128.0,1765405663.0,SAADR,False
25525932,v_25525932_1377,5.0,2342.055,1729.9,1380.0,-1.0,128.0,1765390501.0,SAADL,False
25399862,v_25399862_1378,5.0,6342.85,1578.7,1380.0,-1.0,128.0,1757210137.0,SAADR,False
25422103,25422104.0,5.0,6035.0,3246.0,1381.0,-1.0,128.0,1765405663.0,SAADR,False
25525931,25525932.0,5.0,2360.055,1727.9,1381.0,-1.0,128.0,1765390507.0,SAADL,False
25453736,25453784.0,5.0,3879.95,2684.55,1381.0,-1.0,128.0,1766454333.0,SAADL,False
25557289,25557288.0,5.0,6688.0,3672.0,1381.0,-1.0,128.0,1771015598.0,SAADR,False
25399863,25399862.0,5.0,6400.85,1634.7,1381.0,-1.0,128.0,1757210141.0,SAADR,False
25453768,25453767.0,5.0,6473.95,3700.55,1381.0,-1.0,128.0,1766454333.0,SAADL,False
25420158,25421111.0,5.0,3589.0,2599.0,1381.0,-1.0,128.0,1765405663.0,SAADR,False
25469644,25421119.0,5.0,4759.0,2390.0,1381.0,-1.0,128.0,1765405663.0,SAADR,False
25420157,25420158.0,5.0,3579.0,2595.0,1382.0,-1.0,128.0,1765405663.0,SAADR,False
v_25525934_1382,25525931.0,,2360.055,1727.9,1382.0,,,,SAADL,True
25469645,25469644.0,5.0,4749.0,2348.0,1382.0,-1.0,128.0,1765405663.0,SAADR,False
25557288,25557287.0,5.0,6688.0,3670.0,1382.0,-1.0,128.0,1771015597.0,SAADR,False
25399864,25399863.0,5.0,6404.85,1634.7,1382.0,-1.0,128.0,1757210142.0,SAADR,False
25453769,25453768.0,5.0,6473.95,3676.55,1382.0,-1.0,128.0,1766454333.0,SAADL,False
25422104,25422105.0,5.0,6103.0,3258.0,1382.0,-1.0,128.0,1765405663.0,SAADR,False
25453784,25453785.0,5.0,3813.95,2692.55,1382.0,-1.0,128.0,1766454333.0,SAADL,False
25453785,25453786.0,5.0,3701.95,2728.55,1383.0,-1.0,128.0,1766454333.0,SAADL,False
25399865,25399864.0,5.0,6414.85,1638.7,1383.0,-1.0,128.0,1757210143.0,SAADR,False
25422105,25422106.0,5.0,6099.0,3282.0,1383.0,-1.0,128.0,1765405663.0,SAADR,False
25557287,25557286.0,5.0,6688.0,3662.0,1383.0,-1.0,128.0,1771015596.0,SAADR,False
v_25453770_1383,25453769.0,,6470.95,3706.55,1383.0,,,,SAADL,True
v_25525934_1383,v_25525934_1385,,2360.055,1727.9,1383.0,,,,SAADL,True
25420156,25420157.0,5.0,3523.0,2625.0,1383.0,-1.0,128.0,1765405663.0,SAADR,False
25399866,25399865.0,5.0,6406.85,1642.7,1384.0,-1.0,128.0,1757210146.0,SAADR,False
25422106,25422107.0,5.0,6111.0,3314.0,1384.0,-1.0,128.0,1765405663.0,SAADR,False
25453770,v_25453770_1383,5.0,6469.95,3716.55,1384.0,-1.0,128.0,1766454333.0,SAADL,False
25420155,25420156.0,5.0,3463.0,2647.0,1384.0,-1.0,128.0,1765405663.0,SAADR,False
v_25525934_1384,v_25525934_1384,,2360.055,1727.9,1384.0,,,,SAADL,True
25557286,25422106.0,5.0,6688.0,3662.0,1384.0,-1.0,128.0,1771015596.0,SAADR,False
25453786,25453787.0,5.0,3601.95,2792.55,1384.0,-1.0,128.0,1766454333.0,SAADL,False
25453771,25453770.0,5.0,6473.95,3724.55,1385.0,-1.0,128.0,1766454333.0,SAADL,False
25453787,25453788.0,5.0,3513.95,2792.55,1385.0,-1.0,128.0,1766454333.0,SAADL,False
25399867,25399866.0,5.0,6406.85,1634.7,1385.0,-1.0,128.0,1757210147.0,SAADR,False
25422107,25422108.0,5.0,6339.0,3462.0,1385.0,-1.0,128.0,1765405663.0,SAADR,False
25420154,25420155.0,5.0,3320.025,2680.75,1385.0,-1.0,128.0,1765405663.0,SAADR,False
v_25525934_1385,v_25525934_1383,,2360.055,1727.9,1385.0,,,,SAADL,True
25525934,v_25525934_1382,5.0,2360.055,1727.9,1386.0,-1.0,128.0,1765390508.0,SAADL,False
25422108,25422109.0,5.0,6411.0,3510.0,1386.0,-1.0,128.0,1765405663.0,SAADR,False
25453772,25453771.0,5.0,6473.95,3736.55,1386.0,-1.0,128.0,1766454333.0,SAADL,False
25399868,25399867.0,5.0,6394.85,1634.7,1386.0,-1.0,128.0,1757210155.0,SAADR,False
25453788,25453789.0,5.0,3465.95,2804.55,1386.0,-1.0,128.0,1766454333.0,SAADL,False
25420153,25420154.0,5.0,3185.0,2707.0,1386.0,-1.0,128.0,1765405663.0,SAADR,False
25453773,25453772.0,5.0,6473.95,3764.55,1387.0,-1.0,128.0,1766454333.0,SAADL,False
v_25525935_1387,25525934.0,,2366.055,1723.614285714286,1387.0,,,,SAADL,True
25453789,25453790.0,5.0,3449.95,2796.55,1387.0,-1.0,128.0,1766454333.0,SAADL,False
25422109,25422111.0,5.0,6343.0,3494.0,1387.0,-1.0,128.0,1765405663.0,SAADR,False
25420152,25420153.0,5.0,3127.0,2759.0,1387.0,-1.0,128.0,1765405663.0,SAADR,False
25399869,25399868.0,5.0,6400.85,1640.7,1387.0,-1.0,128.0,1757210161.0,SAADR,False
25422111,25422112.0,5.0,6507.0,3570.0,1388.0,-1.0,128.0,1765405663.0,SAADR,False
v_25399870_1388,25399869.0,,6414.35,1636.2,1388.0,,,,SAADR,True
25453790,25453791.0,5.0,3385.95,2840.55,1388.0,-1.0,128.0,1766454333.0,SAADL,False
25422110,25422109.0,5.0,6007.0,3366.0,1388.0,-1.0,128.0,1765405663.0,SAADR,False
v_25525935_1388,v_25525935_1390,,2368.055,1722.1857142857143,1388.0,,,,SAADL,True
25453774,25453773.0,5.0,6473.95,3788.55,1388.0,-1.0,128.0,1766454333.0,SAADL,False
25420151,25420152.0,5.0,3099.0,2789.0,1388.0,-1.0,128.0,1765405663.0,SAADR,False
25453791,25453792.0,5.0,3389.95,2848.55,1389.0,-1.0,128.0,1766454333.0,SAADL,False
25422515,25422110.0,5.0,5991.0,3300.0,1389.0,-1.0,128.0,1765405663.0,SAADR,False
25422112,25422113.0,5.0,6555.0,3598.0,1389.0,-1.0,128.0,1765405663.0,SAADR,False
v_25525935_1389,v_25525935_1389,,2370.055,1720.757142857143,1389.0,,,,SAADL,True
25453775,25453774.0,5.0,6489.95,3844.55,1389.0,-1.0,128.0,1766454333.0,SAADL,False
25399870,v_25399870_1388,5.0,6418.85,1634.7,1389.0,-1.0,128.0,1757210162.0,SAADR,False
25420150,25420151.0,5.0,3069.0,2809.0,1389.0,-1.0,128.0,1765405663.0,SAADR,False
25453776,25453775.0,5.0,6505.95,3880.55,1390.0,-1.0,128.0,1766454333.0,SAADL,False
25422516,25422515.0,5.0,5971.0,3200.0,1390.0,-1.0,128.0,1765405663.0,SAADR,False
25420149,25420150.0,5.0,3005.0,2849.0,1390.0,-1.0,128.0,1765405663.0,SAADR,False
25453792,25453793.0,5.0,3317.95,2884.55,1390.0,-1.0,128.0,1766454333.0,SAADL,False
25399871,25399870.0,5.0,6426.85,1636.7,1390.0,-1.0,128.0,1757210164.0,SAADR,False
25422113,25422114.0,5.0,6583.0,3670.0,1390.0,-1.0,128.0,1765405663.0,SAADR,False
v_25525935_1390,v_25525935_1388,,2372.055,1719.3285714285714,1390.0,,,,SAADL,True
25453793,25453794.0,5.0,3237.95,2924.55,1391.0,-1.0,128.0,1766454333.0,SAADL,False
25399872,25399871.0,5.0,6424.85,1638.7,1391.0,-1.0,128.0,1757210165.0,SAADR,False
25525935,v_25525935_1387,5.0,2374.055,1717.9,1391.0,-1.0,128.0,1765390509.0,SAADL,False
25453777,25453776.0,5.0,6521.95,3924.55,1391.0,-1.0,128.0,1766454333.0,SAADL,False
25422114,25422115.0,5.0,6627.0,3690.0,1391.0,-1.0,128.0,1765405663.0,SAADR,False
25420148,25420149.0,5.0,2975.0,2887.0,1391.0,-1.0,128.0,1765405663.0,SAADR,False
25420147,25420148.0,5.0,2957.0,2935.0,1392.0,-1.0,128.0,1765405663.0,SAADR,False
25422115,25422116.0,5.0,6643.0,3770.0,1392.0,-1.0,128.0,1765405663.0,SAADR,False
v_25453778_1392,25453777.0,,6515.95,3948.55,1392.0,,,,SAADL,True
v_25525936_1392,25525935.0,,2374.055,1717.9,1392.0,,,,SAADL,True
25453794,25453795.0,5.0,3241.95,2932.55,1392.0,-1.0,128.0,1766454333.0,SAADL,False
25399873,25399872.0,5.0,6434.85,1642.7,1392.0,-1.0,128.0,1757210166.0,SAADR,False
25420146,25420147.0,5.0,2913.0,2965.0,1393.0,-1.0,128.0,1765405663.0,SAADR,False
25453778,v_25453778_1392,5.0,6513.95,3956.55,1393.0,-1.0,128.0,1766454333.0,SAADL,False
v_25525936_1393,v_25525936_1395,,2374.055,1717.9,1393.0,,,,SAADL,True
25453795,25453796.0,5.0,3217.95,2940.55,1393.0,-1.0,128.0,1766454333.0,SAADL,False
25422116,25422117.0,5.0,6667.0,3810.0,1393.0,-1.0,128.0,1765405663.0,SAADR,False
25399874,25399873.0,5.0,6452.85,1648.7,1393.0,-1.0,128.0,1757210168.0,SAADR,False
25422117,25422118.0,5.0,6687.0,3766.0,1394.0,-1.0,128.0,1765405663.0,SAADR,False
v_25525936_1394,v_25525936_1394,,2374.055,1717.9,1394.0,,,,SAADL,True
25453779,25453778.0,5.0,6513.95,3992.55,1394.0,-1.0,128.0,1766454333.0,SAADL,False
25399875,25399874.0,5.0,6452.85,1654.7,1394.0,-1.0,128.0,1757210169.0,SAADR,False
25453796,25453797.0,5.0,3125.95,2976.55,1394.0,-1.0,128.0,1766454333.0,SAADL,False
25420145,25420146.0,5.0,2767.0,3063.0,1394.0,-1.0,128.0,1765405663.0,SAADR,False
25399876,25399875.0,5.0,6462.85,1666.7,1395.0,-1.0,128.0,1757210170.0,SAADR,False
25422118,25422119.0,5.0,6687.0,3798.0,1395.0,-1.0,128.0,1765405663.0,SAADR,False
25420144,25420145.0,5.0,2731.0,3087.0,1395.0,-1.0,128.0,1765405663.0,SAADR,False
v_25525936_1395,v_25525936_1393,,2374.055,1717.9,1395.0,,,,SAADL,True
25453780,25453779.0,5.0,6497.95,4084.55,1395.0,-1.0,128.0,1766454333.0,SAADL,False
25453797,25453798.0,5.0,3025.95,3024.55,1395.0,-1.0,128.0,1766454333.0,SAADL,False
25399877,25399876.0,5.0,6486.85,1666.7,1396.0,-1.0,128.0,1757210171.0,SAADR,False
25453798,25453799.0,5.0,2989.95,3044.55,1396.0,-1.0,128.0,1766454333.0,SAADL,False
25525936,v_25525936_1392,5.0,2374.055,1717.9,1396.0,-1.0,128.0,1765390510.0,SAADL,False
25453781,25453780.0,5.0,6509.95,4132.55,1396.0,-1.0,128.0,1766454333.0,SAADL,False
25420143,25420144.0,5.0,2691.0,3119.0,1396.0,-1.0,128.0,1765405663.0,SAADR,False
25422119,25422121.0,5.0,6687.0,3814.0,1396.0,-1.0,128.0,1765405663.0,SAADR,False
25453782,25453781.0,5.0,6497.95,4184.55,1397.0,-1.0,128.0,1766454333.0,SAADL,False
25422121,25422123.0,5.0,6647.0,3614.0,1397.0,-1.0,128.0,1765405663.0,SAADR,False
25422120,25422119.0,5.0,6703.0,3910.0,1397.0,-1.0,128.0,1765405663.0,SAADR,False
v_25525937_1397,25525936.0,,2370.305,1739.65,1397.0,,,,SAADL,True
25420142,25420143.0,5.0,2681.0,3133.0,1397.0,-1.0,128.0,1765405663.0,SAADR,False
25453799,25453800.0,5.0,2949.95,3068.55,1397.0,-1.0,128.0,1766454333.0,SAADL,False
25399878,25399877.0,5.0,6492.85,1670.7,1397.0,-1.0,128.0,1757210174.0,SAADR,False
v_25525937_1398,v_25525937_1401,,2369.055,1746.9,1398.0,,,,SAADL,True
25453800,25453801.0,5.0,2917.95,3084.55,1398.0,-1.0,128.0,1766454333.0,SAADL,False
25422123,25422124.0,5.0,6647.0,3614.0,1398.0,-1.0,128.0,1765405663.0,SAADR,False
25422122,25422120.0,5.0,6687.0,3878.0,1398.0,-1.0,128.0,1765405663.0,SAADR,False
25453783,25453782.0,5.0,6489.95,4204.55,1398.0,-1.0,128.0,1766454333.0,SAADL,False
25399879,25399878.0,5.0,6514.85,1688.7,1398.0,-1.0,128.0,1757210177.0,SAADR,False
25420141,25420142.0,5.0,2653.0,3153.0,1398.0,-1.0,128.0,1765405663.0,SAADR,False
25453801,25453802.0,5.0,2857.95,3152.55,1399.0,-1.0,128.0,1766454333.0,SAADL,False
25529951,25453783.0,3.0,6497.95,4297.55,1399.0,-1.0,99.0,1766454333.0,SAADL,False
25420140,25420141.0,5.0,2575.0,3245.0,1399.0,-1.0,128.0,1765405663.0,SAADR,False
25399880,25399879.0,5.0,6574.85,1776.7,1399.0,-1.0,128.0,1757210178.0,SAADR,False
25422124,25422125.0,5.0,6599.0,3642.0,1399.0,-1.0,128.0,1765405663.0,SAADR,False
v_25525937_1399,v_25525937_1400,,2367.805,1754.15,1399.0,,,,SAADL,True
v_25525937_1400,v_25525937_1399,,2366.555,1761.4,1400.0,,,,SAADL,True
25422125,25422126.0,5.0,6575.0,3654.0,1400.0,-1.0,128.0,1765405663.0,SAADR,False
25420139,25420140.0,5.0,2503.0,3305.0,1400.0,-1.0,128.0,1765405663.0,SAADR,False
25399881,25399880.0,5.0,6572.85,1776.7,1400.0,-1.0,128.0,1757210179.0,SAADR,False
25418724,25529951.0,5.0,6479.8,4358.615,1400.0,-1.0,128.0,1766454333.0,SAADL,False
25453802,25453803.0,5.0,2841.95,3160.55,1400.0,-1.0,128.0,1766454333.0,SAADL,False
25453803,25453804.0,5.0,2821.95,3164.55,1401.0,-1.0,128.0,1766454333.0,SAADL,False
25420138,25420139.0,5.0,2491.0,3371.0,1401.0,-1.0,128.0,1765405663.0,SAADR,False
25418723,25418724.0,5.0,6479.8,4420.615,1401.0,-1.0,128.0,1766454333.0,SAADL,False
25399882,25399881.0,5.0,6586.85,1778.7,1401.0,-1.0,128.0,1757210181.0,SAADR,False
25422126,25422127.0,5.0,6575.0,3686.0,1401.0,-1.0,128.0,1765405663.0,SAADR,False
v_25525937_1401,v_25525937_1398,,2365.305,1768.65,1401.0,,,,SAADL,True
25420137,25420138.0,5.0,2461.0,3405.0,1402.0,-1.0,128.0,1765405663.0,SAADR,False
25453804,v_25453804_1403,5.0,2821.95,3172.55,1402.0,-1.0,128.0,1766454333.0,SAADL,False
25418722,25418723.0,5.0,6485.8,4440.615,1402.0,-1.0,128.0,1766454333.0,SAADL,False
25399883,25399882.0,5.0,6584.85,1798.7,1402.0,-1.0,128.0,1757210185.0,SAADR,False
25422127,25422128.0,5.0,6551.0,3698.0,1402.0,-1.0,128.0,1765405663.0,SAADR,False
25525937,v_25525937_1397,5.0,2364.055,1775.9,1402.0,-1.0,128.0,1765390512.0,SAADL,False
25422128,25422129.0,5.0,6531.0,3698.0,1403.0,-1.0,128.0,1765405663.0,SAADR,False
v_25525938_1403,25525937.0,,2362.055,1760.9,1403.0,,,,SAADL,True
v_25453804_1403,25453805.0,,2807.95,3182.55,1403.0,,,,SAADL,True
25418721,25418722.0,5.0,6477.8,4512.615,1403.0,-1.0,128.0,1766454333.0,SAADL,False
25399884,25399883.0,5.0,6592.85,1796.7,1403.0,-1.0,128.0,1757210186.0,SAADR,False
25420136,25420137.0,5.0,2439.0,3419.0,1403.0,-1.0,128.0,1765405663.0,SAADR,False
25418720,25418721.0,5.0,6475.8,4576.615,1404.0,-1.0,128.0,1766454333.0,SAADL,False
25453805,25453806.0,5.0,2793.95,3192.55,1404.0,-1.0,128.0,1766454333.0,SAADL,False
25422129,v_25422129_1405,5.0,6503.0,3706.0,1404.0,-1.0,128.0,1765405663.0,SAADR,False
25399885,25399884.0,5.0,6604.85,1798.7,1404.0,-1.0,128.0,1757210188.0,SAADR,False
25420135,25420136.0,5.0,2443.0,3425.0,1404.0,-1.0,128.0,1765405663.0,SAADR,False
v_25525938_1404,v_25525938_1405,,2361.3883333333333,1755.9,1404.0,,,,SAADL,True
v_25422129_1405,25422130.0,,6475.0,3738.0,1405.0,,,,SAADR,True
v_25525938_1405,v_25525938_1404,,2360.7216666666664,1750.9,1405.0,,,,SAADL,True
25418719,25418720.0,5.0,6481.8,4606.615,1405.0,-1.0,128.0,1766454333.0,SAADL,False
25453806,25453807.0,5.0,2757.95,3208.55,1405.0,-1.0,128.0,1766454333.0,SAADL,False
25399886,25399885.0,5.0,6624.85,1810.7,1405.0,-1.0,128.0,1757210192.0,SAADR,False
25422133,25422132.0,5.0,6191.0,3738.0,1405.0,-1.0,128.0,1765405663.0,SAADR,False
25420134,25420135.0,5.0,2423.0,3449.0,1405.0,-1.0,128.0,1765405663.0,SAADR,False
25420133,25420134.0,5.0,2385.0,3499.0,1406.0,-1.0,128.0,1765405663.0,SAADR,False
25525938,v_25525938_1403,5.0,2360.055,1745.9,1406.0,-1.0,128.0,1765390513.0,SAADL,False
25422132,25422131.0,5.0,6167.0,3738.0,1406.0,-1.0,128.0,1765405663.0,SAADR,False
25422130,25422131.0,5.0,6447.0,3770.0,1406.0,-1.0,128.0,1765405663.0,SAADR,False
25453807,25453808.0,5.0,2713.95,3232.55,1406.0,-1.0,128.0,1766454333.0,SAADL,False
25418718,25418719.0,5.0,6481.8,4632.615,1406.0,-1.0,128.0,1766454333.0,SAADL,False
25399887,25399886.0,5.0,6628.85,1820.7,1406.0,-1.0,128.0,1757210193.0,SAADR,False
v_25525939_1407,25525938.0,,2360.055,1749.3285714285714,1407.0,,,,SAADL,True
25420132,25420133.0,5.0,2335.0,3545.0,1407.0,-1.0,128.0,1765405663.0,SAADR,False
25422131,25422135.0,5.0,6259.0,3774.0,1407.0,-1.0,128.0,1765405663.0,SAADR,False
25453808,25453809.0,5.0,2693.95,3268.55,1407.0,-1.0,128.0,1766454333.0,SAADL,False
25399888,25399887.0,5.0,6646.85,1834.7,1407.0,-1.0,128.0,1757210195.0,SAADR,False
25418717,25418718.0,5.0,6450.0,4683.78,1407.0,-1.0,128.0,1767380988.0,SAADL,False
v_25525939_1408,v_25525939_1410,,2360.055,1750.4714285714288,1408.0,,,,SAADL,True
25453809,25453810.0,5.0,2657.95,3292.55,1408.0,-1.0,128.0,1766454333.0,SAADL,False
25420131,25420132.0,5.0,2289.0,3627.0,1408.0,-1.0,128.0,1765405663.0,SAADR,False
25422134,25422131.0,5.0,6163.0,3650.0,1408.0,-1.0,128.0,1765405663.0,SAADR,False
25399889,25399888.0,5.0,6672.85,1846.7,1408.0,-1.0,128.0,1757210196.0,SAADR,False
25422135,25422141.0,5.0,6263.0,3834.0,1408.0,-1.0,128.0,1765405663.0,SAADR,False
25418716,25418717.0,5.0,6455.8,4696.615,1408.0,-1.0,128.0,1766454333.0,SAADL,False
v_25525939_1409,v_25525939_1409,,2360.055,1751.614285714286,1409.0,,,,SAADL,True
25418715,25418716.0,5.0,6455.8,4696.615,1409.0,-1.0,128.0,1766454333.0,SAADL,False
25399890,25399889.0,5.0,6674.85,1858.7,1409.0,-1.0,128.0,1757210199.0,SAADR,False
25420130,25420131.0,5.0,2269.0,3659.0,1409.0,-1.0,128.0,1765405663.0,SAADR,False
25422141,25422142.0,5.0,6239.0,3866.0,1409.0,-1.0,128.0,1765405663.0,SAADR,False
25422136,25422134.0,5.0,6171.0,3642.0,1409.0,-1.0,128.0,1765405663.0,SAADR,False
25453810,25453811.0,5.0,2581.95,3360.55,1409.0,-1.0,128.0,1766454333.0,SAADL,False
25453811,25453812.0,5.0,2565.95,3364.55,1410.0,-1.0,128.0,1766454333.0,SAADL,False
25422137,25422136.0,5.0,6175.0,3642.0,1410.0,-1.0,128.0,1765405663.0,SAADR,False
25420129,25420130.0,5.0,2263.0,3695.0,1410.0,-1.0,128.0,1765405663.0,SAADR,False
25422142,25422143.0,5.0,6223.0,3882.0,1410.0,-1.0,128.0,1765405663.0,SAADR,False
25418714,25418715.0,5.0,6451.8,4732.615,1410.0,-1.0,128.0,1766454333.0,SAADL,False
25399891,25399890.0,5.0,6694.85,1882.7,1410.0,-1.0,128.0,1757210200.0,SAADR,False
v_25525939_1410,v_25525939_1408,,2360.055,1752.757142857143,1410.0,,,,SAADL,True
25418728,25418727.0,5.0,6302.8,5212.6,1410.0,-1.0,128.0,1766454333.0,SAADL,False
25418727,25418712.0,5.0,6306.8,5218.6,1411.0,-1.0,128.0,1766454333.0,SAADL,False
25418713,25418714.0,5.0,6445.8,4764.615,1411.0,-1.0,128.0,1766454333.0,SAADL,False
25399892,25399891.0,5.0,6704.85,1886.7,1411.0,-1.0,128.0,1757210201.0,SAADR,False
25525939,v_25525939_1407,5.0,2360.055,1753.9,1411.0,-1.0,128.0,1765390514.0,SAADL,False
25422138,25422137.0,5.0,6175.0,3654.0,1411.0,-1.0,128.0,1765405663.0,SAADR,False
25420128,25420129.0,5.0,2255.0,3725.0,1411.0,-1.0,128.0,1765405663.0,SAADR,False
25422143,25422144.0,5.0,6215.0,3870.0,1411.0,-1.0,128.0,1765405663.0,SAADR,False
25453812,25453813.0,5.0,2577.95,3388.55,1411.0,-1.0,128.0,1766454333.0,SAADL,False
25422139,25422138.0,5.0,6187.0,3658.0,1412.0,-1.0,128.0,1765405663.0,SAADR,False
25420127,25420128.0,5.0,2245.0,3755.0,1412.0,-1.0,128.0,1765405663.0,SAADR,False
25453813,25453817.0,5.0,2453.95,3480.55,1412.0,-1.0,128.0,1766454333.0,SAADL,False
25418711,25418713.0,5.0,6423.8,4848.615,1412.0,-1.0,128.0,1766454333.0,SAADL,False
25422144,25422145.0,5.0,6259.0,4022.0,1412.0,-1.0,128.0,1765405663.0,SAADR,False
25453814,25453812.0,5.0,2817.95,3332.55,1412.0,-1.0,128.0,1766454333.0,SAADL,False
v_25525940_1412,25525939.0,,2351.655,1759.3000000000002,1412.0,,,,SAADL,True
25418712,25418710.0,5.0,6329.8,5200.6,1412.0,-1.0,128.0,1766454333.0,SAADL,False
25399893,25399892.0,5.0,6738.85,1914.7,1412.0,-1.0,128.0,1757210203.0,SAADR,False
25420126,25420127.0,5.0,2233.0,3793.0,1413.0,-1.0,128.0,1765405663.0,SAADR,False
25418710,25418711.0,5.0,6325.8,5130.6,1413.0,-1.0,128.0,1766454333.0,SAADL,False
25453817,25453818.0,5.0,2397.95,3516.55,1413.0,-1.0,128.0,1766454333.0,SAADL,False
25422145,25422146.0,5.0,6179.0,4074.0,1413.0,-1.0,128.0,1765405663.0,SAADR,False
v_25525940_1413,v_25525940_1428,,2348.855,1761.1,1413.0,,,,SAADL,True
25422140,25422139.0,5.0,6207.0,3662.0,1413.0,-1.0,128.0,1765405663.0,SAADR,False
25399894,25399893.0,5.0,6752.85,1934.7,1413.0,-1.0,128.0,1757210204.0,SAADR,False
25453815,25453814.0,5.0,2837.95,3344.55,1413.0,-1.0,128.0,1766454333.0,SAADL,False
25422146,25422147.0,5.0,6143.0,4074.0,1414.0,-1.0,128.0,1765405663.0,SAADR,False
25418709,25418710.0,5.0,6293.8,5170.6,1414.0,-1.0,128.0,1766454333.0,SAADL,False
25399895,25399894.0,5.0,6756.85,1946.7,1414.0,-1.0,128.0,1757210205.0,SAADR,False
25420125,25420126.0,5.0,2219.0,3829.0,1414.0,-1.0,128.0,1765405663.0,SAADR,False
v_25525940_1414,v_25525940_1427,,2346.055,1762.9,1414.0,,,,SAADL,True
25453818,25453819.0,5.0,2273.95,3584.55,1414.0,-1.0,128.0,1766454333.0,SAADL,False
25453816,25453815.0,5.0,2861.95,3344.55,1414.0,-1.0,128.0,1766454333.0,SAADL,False
25420124,25420125.0,5.0,2213.0,3855.0,1415.0,-1.0,128.0,1765405663.0,SAADR,False
25422147,25422148.0,5.0,6124.0,4050.01,1415.0,-1.0,128.0,1772641147.0,SAADR,False
v_25525940_1415,v_25525940_1426,,2343.255,1764.7,1415.0,,,,SAADL,True
v_25558629_1415,25418709.0,,6291.8125,5212.6,1415.0,,,,SAADL,True
25453819,25557277.0,5.0,2241.95,3616.55,1415.0,-1.0,128.0,1771013875.0,SAADL,False
25399896,25399895.0,5.0,6778.85,1972.7,1415.0,-1.0,128.0,1757210206.0,SAADR,False
25558629,v_25558629_1415,5.0,6291.15,5226.6,1416.0,-1.0,128.0,1771619012.0,SAADL,False
25557277,25453820.0,5.0,2223.95,3636.55,1416.0,-1.0,128.0,1771013875.0,SAADL,False
25399897,25399896.0,5.0,6826.85,2032.7,1416.0,-1.0,128.0,1757210208.0,SAADR,False
v_25525940_1416,v_25525940_1425,,2340.455,1766.5,1416.0,,,,SAADL,True
25420123,25420124.0,5.0,2191.0,3877.0,1416.0,-1.0,128.0,1765405663.0,SAADR,False
25422148,25422149.0,5.0,6115.0,4054.0,1416.0,-1.0,128.0,1765405663.0,SAADR,False
25453820,v_25453820_1418,5.0,2205.95,3656.55,1417.0,-1.0,128.0,1766454333.0,SAADL,False
v_25525940_1417,v_25525940_1424,,2337.655,1768.3000000000002,1417.0,,,,SAADL,True
25420122,25420123.0,5.0,2171.0,3939.0,1417.0,-1.0,128.0,1765405663.0,SAADR,False
25422149,25422150.0,5.0,6087.0,3978.0,1417.0,-1.0,128.0,1765405663.0,SAADR,False
25399898,25399897.0,5.0,6864.85,2080.7,1417.0,-1.0,128.0,1757210209.0,SAADR,False
25418708,25558629.0,5.0,6289.8,5254.6,1417.0,-1.0,128.0,1771619012.0,SAADL,False
25420121,25420122.0,5.0,2151.0,3979.0,1418.0,-1.0,128.0,1765405663.0,SAADR,False
25418707,25418708.0,5.0,6281.8,5280.6,1418.0,-1.0,128.0,1766454333.0,SAADL,False
25422150,25422151.0,5.0,6079.0,3990.0,1418.0,-1.0,128.0,1765405663.0,SAADR,False
v_25453820_1418,25453821.0,,2189.95,3674.55,1418.0,,,,SAADL,True
v_25525940_1418,v_25525940_1423,,2334.855,1770.1,1418.0,,,,SAADL,True
25399899,25399898.0,5.0,6882.85,2094.7,1418.0,-1.0,128.0,1757210224.0,SAADR,False
v_25525940_1419,v_25525940_1422,,2332.055,1771.9,1419.0,,,,SAADL,True
25453821,v_25453821_1420,5.0,2173.95,3692.55,1419.0,-1.0,128.0,1766454333.0,SAADL,False
25399900,25399899.0,5.0,6904.85,2120.7,1419.0,-1.0,128.0,1757210225.0,SAADR,False
25418706,25418707.0,5.0,6301.8,5320.6,1419.0,-1.0,128.0,1766454333.0,SAADL,False
25420120,25420121.0,5.0,2159.0,4009.0,1419.0,-1.0,128.0,1765405663.0,SAADR,False
25422151,25422152.0,5.0,6083.0,4006.0,1419.0,-1.0,128.0,1765405663.0,SAADR,False
25422152,25422153.0,5.0,6083.0,4002.0,1420.0,-1.0,128.0,1765405663.0,SAADR,False
25418705,25418706.0,5.0,6275.8,5488.6,1420.0,-1.0,128.0,1766454333.0,SAADL,False
25399901,25399900.0,5.0,6922.85,2142.7,1420.0,-1.0,128.0,1757210226.0,SAADR,False
v_25525940_1420,v_25525940_1421,,2329.255,1773.7,1420.0,,,,SAADL,True
v_25453821_1420,v_25453821_1421,,2153.95,3724.55,1420.0,,,,SAADL,True
v_25420119_1420,25420120.0,,2141.0,4043.5,1420.0,,,,SAADR,True
25399902,25399901.0,5.0,6942.85,2172.7,1421.0,-1.0,128.0,1757210227.0,SAADR,False
v_25525940_1421,v_25525940_1420,,2326.455,1775.5,1421.0,,,,SAADL,True
v_25418704_1421,25418705.0,,6230.8,5521.6,1421.0,,,,SAADL,True
v_25453821_1421,25453822.0,,2133.95,3756.55,1421.0,,,,SAADL,True
25422153,25422154.0,5.0,6107.0,3974.0,1421.0,-1.0,128.0,1765405663.0,SAADR,False
25420119,v_25420119_1420,5.0,2135.0,4055.0,1421.0,-1.0,128.0,1765405663.0,SAADR,False
25418704,v_25418704_1421,5.0,6215.8,5532.6,1422.0,-1.0,128.0,1766454333.0,SAADL,False
25422154,25422156.0,5.0,6111.0,3978.0,1422.0,-1.0,128.0,1765405663.0,SAADR,False
25420118,25420119.0,5.0,2149.0,4081.0,1422.0,-1.0,128.0,1765405663.0,SAADR,False
25399903,25399902.0,5.0,6954.85,2192.7,1422.0,-1.0,128.0,1757210228.0,SAADR,False
25453822,25557264.0,5.0,2113.95,3788.55,1422.0,-1.0,128.0,1771013243.0,SAADL,False
v_25525940_1422,v_25525940_1419,,2323.655,1777.3000000000002,1422.0,,,,SAADL,True
25422155,25422154.0,5.0,6143.0,3886.0,1423.0,-1.0,128.0,1765405663.0,SAADR,False
v_25418703_1423,25418704.0,,6200.8,5562.6,1423.0,,,,SAADL,True
v_25525940_1423,v_25525940_1418,,2320.855,1779.1,1423.0,,,,SAADL,True
25399904,25399903.0,5.0,6980.85,2216.7,1423.0,-1.0,128.0,1757210229.0,SAADR,False
25420117,25420118.0,5.0,2143.0,4121.0,1423.0,-1.0,128.0,1765405663.0,SAADR,False
25557264,25453823.0,5.0,2109.95,3796.55,1423.0,-1.0,128.0,1771013243.0,SAADL,False
25422156,25422158.0,5.0,5967.0,4050.0,1423.0,-1.0,128.0,1765405663.0,SAADR,False
v_25525940_1424,v_25525940_1417,,2318.055,1780.9,1424.0,,,,SAADL,True
25399905,25399904.0,5.0,6994.85,2250.7,1424.0,-1.0,128.0,1757210232.0,SAADR,False
25422158,25422159.0,5.0,5915.0,4074.0,1424.0,-1.0,128.0,1765405663.0,SAADR,False
25420116,25420117.0,5.0,2147.0,4225.0,1424.0,-1.0,128.0,1765405663.0,SAADR,False
25453823,v_25453823_1425,5.0,2105.95,3804.55,1424.0,-1.0,128.0,1766454333.0,SAADL,False
25418703,v_25418703_1423,5.0,6195.8,5572.6,1424.0,-1.0,128.0,1766454333.0,SAADL,False
25422159,25422160.0,5.0,5903.0,4074.0,1425.0,-1.0,128.0,1765405663.0,SAADR,False
25399906,25399905.0,5.0,7008.85,2280.7,1425.0,-1.0,128.0,1757210233.0,SAADR,False
v_25525940_1425,v_25525940_1416,,2315.255,1782.7,1425.0,,,,SAADL,True
v_25418702_1425,25418703.0,,6162.8,5599.6,1425.0,,,,SAADL,True
v_25453823_1425,25453824.0,,2101.95,3816.55,1425.0,,,,SAADL,True
25420115,25420116.0,5.0,2139.0,4281.0,1425.0,-1.0,128.0,1765405663.0,SAADR,False
v_25525940_1426,v_25525940_1415,,2312.455,1784.5,1426.0,,,,SAADL,True
25420114,25420115.0,5.0,2123.0,4297.0,1426.0,-1.0,128.0,1765405663.0,SAADR,False
25399907,25399906.0,5.0,7022.85,2302.7,1426.0,-1.0,128.0,1757210234.0,SAADR,False
25418702,v_25418702_1425,5.0,6151.8,5608.6,1426.0,-1.0,128.0,1766454333.0,SAADL,False
25422160,25422161.0,5.0,5883.0,4078.0,1426.0,-1.0,128.0,1765405663.0,SAADR,False
25453824,25557268.0,5.0,2097.95,3828.55,1426.0,-1.0,128.0,1771013286.0,SAADL,False
v_25525940_1427,v_25525940_1414,,2309.655,1786.3000000000002,1427.0,,,,SAADL,True
25422161,25422162.0,5.0,5859.0,4078.0,1427.0,-1.0,128.0,1765405663.0,SAADR,False
25557268,25453825.0,5.0,2099.95,3846.55,1427.0,-1.0,128.0,1771013286.0,SAADL,False
v_25418701_1427,25418702.0,,6123.3,5629.6,1427.0,,,,SAADL,True
25420113,25420114.0,5.0,2137.0,4347.0,1427.0,-1.0,128.0,1765405663.0,SAADR,False
25399908,25399907.0,5.0,7054.85,2330.7,1427.0,-1.0,128.0,1757210236.0,SAADR,False
25420112,25420113.0,5.0,2183.0,4509.0,1428.0,-1.0,128.0,1765405663.0,SAADR,False
25399909,25399908.0,5.0,7064.85,2362.7,1428.0,-1.0,128.0,1757210237.0,SAADR,False
25422162,25422163.0,5.0,5843.0,4094.0,1428.0,-1.0,128.0,1765405663.0,SAADR,False
25418701,v_25418701_1427,5.0,6113.8,5636.6,1428.0,-1.0,128.0,1766454333.0,SAADL,False
25453825,25557270.0,5.0,2101.95,3864.55,1428.0,-1.0,128.0,1771013382.0,SAADL,False
25420104,25420103.0,5.0,2431.0,5199.0,1428.0,-1.0,128.0,1765405663.0,SAADR,False
v_25525940_1428,v_25525940_1413,,2306.855,1788.1,1428.0,,,,SAADL,True
25557270,25453826.0,5.0,2113.95,3856.55,1429.0,-1.0,128.0,1771013382.0,SAADL,False
v_25418700_1429,25418701.0,,6077.8,5666.6,1429.0,,,,SAADL,True
25525940,v_25525940_1412,5.0,2304.055,1789.9,1429.0,-1.0,128.0,1765390518.0,SAADL,False
25420111,25420112.0,5.0,2191.0,4563.0,1429.0,-1.0,128.0,1765405663.0,SAADR,False
25399910,25399909.0,5.0,7070.85,2378.7,1429.0,-1.0,128.0,1757210241.0,SAADR,False
25420103,25420102.0,5.0,2435.0,5187.0,1429.0,-1.0,128.0,1765405663.0,SAADR,False
25422163,25422164.0,5.0,5831.0,4094.0,1429.0,-1.0,128.0,1765405663.0,SAADR,False
25420110,25420111.0,5.0,2201.0,4605.0,1430.0,-1.0,128.0,1765405663.0,SAADR,False
25399911,25399910.0,5.0,7074.85,2382.7,1430.0,-1.0,128.0,1757210249.0,SAADR,False
v_25525941_1430,25525940.0,,2304.9121428571425,1800.1857142857143,1430.0,,,,SAADL,True
25453826,25453827.0,5.0,2125.95,3848.55,1430.0,-1.0,128.0,1766454333.0,SAADL,False
25420102,25556208.0,5.0,2426.0,5173.0,1430.0,-1.0,128.0,1770356628.0,SAADR,False
25418700,v_25418700_1429,5.0,6065.8,5676.6,1430.0,-1.0,128.0,1766454333.0,SAADL,False
25422164,25422165.0,5.0,5839.0,4074.0,1430.0,-1.0,128.0,1765405663.0,SAADR,False
v_25418699_1431,25418700.0,,6035.8,5699.1,1431.0,,,,SAADL,True
25453827,25453828.0,5.0,2277.95,3752.55,1431.0,-1.0,128.0,1766454333.0,SAADL,False
25422165,25422166.0,5.0,5823.0,4074.0,1431.0,-1.0,128.0,1765405663.0,SAADR,False
25399912,25399911.0,5.0,7072.85,2404.7,1431.0,-1.0,128.0,1757210250.0,SAADR,False
25420109,25420110.0,5.0,2219.0,4655.0,1431.0,-1.0,128.0,1765405663.0,SAADR,False
25556208,25420101.0,5.0,2431.5,5170.0,1431.0,-1.0,128.0,1770356628.0,SAADR,False
v_25525941_1431,v_25525941_1433,,2305.197857142857,1803.6142857142856,1431.0,,,,SAADL,True
25422166,25422167.0,5.0,5823.0,4062.0,1432.0,-1.0,128.0,1765405663.0,SAADR,False
25453828,25453829.0,5.0,2325.95,3756.55,1432.0,-1.0,128.0,1766454333.0,SAADL,False
v_25525941_1432,v_25525941_1432,,2305.4835714285714,1807.0428571428567,1432.0,,,,SAADL,True
25399913,25399912.0,5.0,7094.85,2424.7,1432.0,-1.0,128.0,1757210252.0,SAADR,False
25420108,25420109.0,5.0,2233.0,4693.0,1432.0,-1.0,128.0,1765405663.0,SAADR,False
25420101,25420100.0,5.0,2437.0,5167.0,1432.0,-1.0,128.0,1765405663.0,SAADR,False
25418699,v_25418699_1431,5.0,6025.8,5706.6,1432.0,-1.0,128.0,1766454333.0,SAADL,False
v_25525941_1433,v_25525941_1431,,2305.7692857142856,1810.4714285714288,1433.0,,,,SAADL,True
25453829,25453830.0,5.0,2341.95,3756.55,1433.0,-1.0,128.0,1766454333.0,SAADL,False
25420107,25420108.0,5.0,2245.0,4725.0,1433.0,-1.0,128.0,1765405663.0,SAADR,False
25422167,25422168.0,5.0,5815.0,4058.0,1433.0,-1.0,128.0,1765405663.0,SAADR,False
25420100,25420099.0,5.0,2437.0,5167.0,1433.0,-1.0,128.0,1765405663.0,SAADR,False
25399914,25399913.0,5.0,7122.85,2448.7,1433.0,-1.0,128.0,1757210255.0,SAADR,False
v_25418698_1433,25418699.0,,5998.8,5720.1,1433.0,,,,SAADL,True
25422168,25422169.0,5.0,5815.0,4058.0,1434.0,-1.0,128.0,1765405663.0,SAADR,False
25399915,25399914.0,5.0,7142.85,2474.7,1434.0,-1.0,128.0,1757210257.0,SAADR,False
25453830,25453831.0,5.0,2369.95,3780.55,1434.0,-1.0,128.0,1766454333.0,SAADL,False
25420099,25420098.0,5.0,2463.0,5175.0,1434.0,-1.0,128.0,1765405663.0,SAADR,False
25420106,25420107.0,5.0,2265.0,4765.0,1434.0,-1.0,128.0,1765405663.0,SAADR,False
25525941,v_25525941_1430,5.0,2306.055,1813.9,1434.0,-1.0,128.0,1765390519.0,SAADL,False
25418698,v_25418698_1433,5.0,5989.8,5724.6,1434.0,-1.0,128.0,1766454333.0,SAADL,False
25420105,25420106.0,5.0,2293.0,4803.0,1435.0,-1.0,128.0,1765405663.0,SAADR,False
25420098,25420094.0,5.0,2459.0,5167.0,1435.0,-1.0,128.0,1765405663.0,SAADR,False
25453831,25453832.0,5.0,2381.95,3792.55,1435.0,-1.0,128.0,1766454333.0,SAADL,False
v_25525942_1435,25525941.0,,2295.7692857142856,1816.4714285714288,1435.0,,,,SAADL,True
25399916,25399915.0,5.0,7162.85,2482.7,1435.0,-1.0,128.0,1757210260.0,SAADR,False
25422169,25422170.0,5.0,5815.0,4058.0,1435.0,-1.0,128.0,1765405663.0,SAADR,False
25418697,25418698.0,5.0,5975.8,5730.6,1435.0,-1.0,128.0,1766454333.0,SAADL,False
25399917,25399916.0,5.0,7180.85,2502.7,1436.0,-1.0,128.0,1757210261.0,SAADR,False
v_25525942_1436,v_25525942_1438,,2292.340714285714,1817.328571428572,1436.0,,,,SAADL,True
25453832,v_25453832_1437,5.0,2401.95,3804.55,1436.0,-1.0,128.0,1766454333.0,SAADL,False
25418696,25418697.0,5.0,5951.8,5760.6,1436.0,-1.0,128.0,1766454333.0,SAADL,False
25422170,25422171.0,5.0,5819.0,4054.0,1436.0,-1.0,128.0,1765405663.0,SAADR,False
25420094,25420105.0,5.0,2445.0,5125.0,1436.0,-1.0,128.0,1765405663.0,SAADR,False
25420093,25420094.0,5.0,2407.0,5413.0,1437.0,-1.0,128.0,1765405663.0,SAADR,False
25418695,25418696.0,5.0,5941.8,5766.6,1437.0,-1.0,128.0,1766454333.0,SAADL,False
25420095,25420094.0,5.0,2451.0,5061.0,1437.0,-1.0,128.0,1765405663.0,SAADR,False
v_25453832_1437,25453833.0,,2417.95,3820.55,1437.0,,,,SAADL,True
25399918,25399917.0,5.0,7186.85,2516.7,1437.0,-1.0,128.0,1757210262.0,SAADR,False
25422171,25422172.0,5.0,5827.0,4018.0,1437.0,-1.0,128.0,1765405663.0,SAADR,False
v_25525942_1437,v_25525942_1437,,2288.9121428571425,1818.1857142857143,1437.0,,,,SAADL,True
25422172,25422173.0,5.0,5855.0,3990.0,1438.0,-1.0,128.0,1765405663.0,SAADR,False
25399919,25399918.0,5.0,7194.85,2540.7,1438.0,-1.0,128.0,1757297193.0,SAADR,False
v_25525942_1438,v_25525942_1436,,2285.4835714285714,1819.0428571428567,1438.0,,,,SAADL,True
25420096,25420095.0,5.0,2471.0,5087.0,1438.0,-1.0,128.0,1765405663.0,SAADR,False
25453833,25453834.0,5.0,2433.95,3836.55,1438.0,-1.0,128.0,1766454333.0,SAADL,False
25420092,25420093.0,5.0,2415.0,5443.0,1438.0,-1.0,128.0,1765405663.0,SAADR,False
25418694,25418695.0,5.0,5941.8,5766.6,1438.0,-1.0,128.0,1766454333.0,SAADL,False
25399920,25399919.0,5.0,7210.85,2576.7,1439.0,-1.0,128.0,1757297196.0,SAADR,False
25420091,25420092.0,5.0,2429.0,5467.0,1439.0,-1.0,128.0,1765405663.0,SAADR,False
25422173,25422174.0,5.0,5851.0,4010.0,1439.0,-1.0,128.0,1765405663.0,SAADR,False
25420097,25420096.0,5.0,2483.0,5107.0,1439.0,-1.0,128.0,1765405663.0,SAADR,False
25525942,v_25525942_1435,5.0,2282.055,1819.9,1439.0,-1.0,128.0,1765390521.0,SAADL,False
25453834,25453835.0,5.0,2457.95,3840.55,1439.0,-1.0,128.0,1766454333.0,SAADL,False
25418693,25418694.0,5.0,5911.8,5772.6,1439.0,-1.0,128.0,1766454333.0,SAADL,False
25453835,25453836.0,5.0,2485.95,3860.55,1440.0,-1.0,128.0,1766454333.0,SAADL,False
v_25525943_1440,25525942.0,,2266.055,1838.5666666666668,1440.0,,,,SAADL,True
v_25418692_1440,25418693.0,,5902.8,5778.6,1440.0,,,,SAADL,True
25399921,25399920.0,5.0,7222.85,2590.7,1440.0,-1.0,128.0,1757297197.0,SAADR,False
25420090,25420091.0,5.0,2439.0,5489.0,1440.0,-1.0,128.0,1765405663.0,SAADR,False
25422174,25422175.0,5.0,5843.0,4006.0,1440.0,-1.0,128.0,1765405663.0,SAADR,False
25399922,25399921.0,5.0,7236.85,2618.7,1441.0,-1.0,128.0,1757297199.0,SAADR,False
25420089,25420090.0,5.0,2461.0,5511.0,1441.0,-1.0,128.0,1765405663.0,SAADR,False
v_25525943_1441,v_25525943_1445,,2260.7216666666664,1844.788888888889,1441.0,,,,SAADL,True
25453836,25453837.0,5.0,2481.95,3860.55,1441.0,-1.0,128.0,1766454333.0,SAADL,False
25422175,25422176.0,5.0,5839.0,4014.0,1441.0,-1.0,128.0,1765405663.0,SAADR,False
25418692,v_25418692_1440,5.0,5899.8,5780.6,1441.0,-1.0,128.0,1766454333.0,SAADL,False
v_25418691_1442,25418692.0,,5856.3,5810.6,1442.0,,,,SAADL,True
25453837,25453838.0,5.0,2501.95,3888.55,1442.0,-1.0,128.0,1766454333.0,SAADL,False
v_25525943_1442,v_25525943_1444,,2255.3883333333333,1851.0111111111112,1442.0,,,,SAADL,True
v_25420088_1442,25420089.0,,2471.5,5529.0,1442.0,,,,SAADR,True
25422176,25422177.0,5.0,5823.0,4010.0,1442.0,-1.0,128.0,1765405663.0,SAADR,False
25399923,25399922.0,5.0,7240.85,2646.7,1442.0,-1.0,128.0,1757297200.0,SAADR,False
25453838,25453839.0,5.0,2513.95,3916.55,1443.0,-1.0,128.0,1766454333.0,SAADL,False
v_25525943_1443,v_25525943_1443,,2250.055,1857.233333333333,1443.0,,,,SAADL,True
25422177,25422178.0,5.0,5807.0,3982.0,1443.0,-1.0,128.0,1765405663.0,SAADR,False
25420088,v_25420088_1442,5.0,2475.0,5535.0,1443.0,-1.0,128.0,1765405663.0,SAADR,False
25418691,v_25418691_1442,5.0,5841.8,5820.6,1443.0,-1.0,128.0,1766454333.0,SAADL,False
25399924,25399923.0,5.0,7246.85,2674.7,1443.0,-1.0,128.0,1757297202.0,SAADR,False
25422178,25422179.0,5.0,5819.0,3994.0,1444.0,-1.0,128.0,1765405663.0,SAADR,False
25418690,25418691.0,5.0,5823.8,5826.6,1444.0,-1.0,128.0,1766454333.0,SAADL,False
25399925,25399924.0,5.0,7266.85,2700.7,1444.0,-1.0,128.0,1757297205.0,SAADR,False
25420087,25420088.0,5.0,2489.0,5565.0,1444.0,-1.0,128.0,1765405663.0,SAADR,False
25453839,25453840.0,5.0,2537.95,3944.55,1444.0,-1.0,128.0,1766454333.0,SAADL,False
v_25525943_1444,v_25525943_1442,,2244.7216666666664,1863.455555555556,1444.0,,,,SAADL,True
25422179,25422180.0,5.0,5819.0,3982.0,1445.0,-1.0,128.0,1765405663.0,SAADR,False
25420086,25420087.0,5.0,2503.0,5573.0,1445.0,-1.0,128.0,1765405663.0,SAADR,False
25399926,25399925.0,5.0,7274.85,2728.7,1445.0,-1.0,128.0,1757297209.0,SAADR,False
25556200,25453841.0,5.0,2668.0,3958.005,1445.0,-1.0,128.0,1770356460.0,SAADL,False
v_25418689_1445,25418690.0,,5810.3,5826.6,1445.0,,,,SAADL,True
25453840,25453841.0,5.0,2545.95,3972.55,1445.0,-1.0,128.0,1766454333.0,SAADL,False
v_25525943_1445,v_25525943_1441,,2239.3883333333333,1869.677777777778,1445.0,,,,SAADL,True
v_25420085_1446,25420086.0,,2531.5,5594.0,1446.0,,,,SAADR,True
25399927,25399926.0,5.0,7276.85,2754.7,1446.0,-1.0,128.0,1757297211.0,SAADR,False
25422180,25422181.0,5.0,5823.0,3986.0,1446.0,-1.0,128.0,1765405663.0,SAADR,False
25525943,v_25525943_1440,5.0,2234.055,1875.9,1446.0,-1.0,128.0,1765390522.0,SAADL,False
25418689,v_25418689_1445,5.0,5805.8,5826.6,1446.0,-1.0,128.0,1766454333.0,SAADL,False
25453841,25453842.0,5.0,2578.15,3948.6,1446.0,-1.0,128.0,1766454333.0,SAADL,False
25399928,25399927.0,5.0,7290.85,2768.7,1447.0,-1.0,128.0,1757297212.0,SAADR,False
v_25418688_1447,25418689.0,,5781.8,5837.1,1447.0,,,,SAADL,True
25453842,25529406.0,5.0,2597.95,3936.55,1447.0,-1.0,128.0,1766454333.0,SAADL,False
25422181,v_25422181_1448,5.0,5823.0,3986.0,1447.0,-1.0,128.0,1765405663.0,SAADR,False
25420085,v_25420085_1446,5.0,2541.0,5601.0,1447.0,-1.0,128.0,1765405663.0,SAADR,False
v_25525944_1447,25525943.0,,2206.455,1916.7,1447.0,,,,SAADL,True
25420084,25420085.0,5.0,2561.0,5613.0,1448.0,-1.0,128.0,1765405663.0,SAADR,False
25418688,v_25418688_1447,5.0,5773.8,5840.6,1448.0,-1.0,128.0,1766454333.0,SAADL,False
v_25525944_1448,v_25525944_1448,,2197.255,1930.3,1448.0,,,,SAADL,True
25529406,25453843.0,5.0,2624.95,3914.415,1448.0,-1.0,128.0,1766454333.0,SAADL,False
25399929,25399928.0,5.0,7296.85,2790.7,1448.0,-1.0,128.0,1757297215.0,SAADR,False
v_25422181_1448,25422182.0,,5821.0,3978.0,1448.0,,,,SAADR,True
25453843,25453844.0,5.0,2625.95,3912.55,1449.0,-1.0,128.0,1766454333.0,SAADL,False
25418687,25418688.0,5.0,5749.8,5836.6,1449.0,-1.0,128.0,1766454333.0,SAADL,False
25399930,25399929.0,5.0,7300.85,2812.7,1449.0,-1.0,128.0,1757297217.0,SAADR,False
25422182,25422183.0,5.0,5819.0,3970.0,1449.0,-1.0,128.0,1765405663.0,SAADR,False
25525944,v_25525944_1447,5.0,2188.055,1943.9,1449.0,-1.0,128.0,1765390524.0,SAADL,False
25420083,25420084.0,5.0,2575.0,5617.0,1449.0,-1.0,128.0,1765405663.0,SAADR,False
v_25525945_1450,25525944.0,,2155.4835714285714,1979.0428571428567,1450.0,,,,SAADL,True
25453844,25551496.0,5.0,2621.95,3868.55,1450.0,-1.0,128.0,1768937680.0,SAADL,False
25399931,25399930.0,5.0,7298.85,2832.7,1450.0,-1.0,128.0,1757297219.0,SAADR,False
25420082,25420083.0,5.0,2589.0,5625.0,1450.0,-1.0,128.0,1765405663.0,SAADR,False
25422183,25422184.0,5.0,5807.0,3954.0,1450.0,-1.0,128.0,1765405663.0,SAADR,False
25418686,25418687.0,5.0,5715.8,5862.6,1450.0,-1.0,128.0,1766454333.0,SAADL,False
25399932,25399931.0,5.0,7306.85,2846.7,1451.0,-1.0,128.0,1757297220.0,SAADR,False
25551496,25453845.0,5.0,2625.15,3860.6,1451.0,-1.0,128.0,1771013927.0,SAADL,False
25420081,25420082.0,5.0,2613.0,5627.0,1451.0,-1.0,128.0,1765405663.0,SAADR,False
v_25525945_1451,v_25525945_1453,,2144.6264285714283,1990.757142857143,1451.0,,,,SAADL,True
v_25418685_1451,25418686.0,,5708.3,5850.6,1451.0,,,,SAADL,True
25422184,25422185.0,5.0,5787.0,3922.0,1451.0,-1.0,128.0,1765405663.0,SAADR,False
25418685,v_25418685_1451,5.0,5705.8,5846.6,1452.0,-1.0,128.0,1766454333.0,SAADL,False
v_25525945_1452,v_25525945_1452,,2133.7692857142856,2002.4714285714288,1452.0,,,,SAADL,True
25453845,v_25453845_1453,5.0,2625.95,3864.55,1452.0,-1.0,128.0,1766454333.0,SAADL,False
25399933,25399932.0,5.0,7314.85,2870.7,1452.0,-1.0,128.0,1757297222.0,SAADR,False
25420080,25420081.0,5.0,2627.0,5627.0,1452.0,-1.0,128.0,1765405663.0,SAADR,False
25422185,25422186.0,5.0,5783.0,3886.0,1452.0,-1.0,128.0,1765405663.0,SAADR,False
25420079,25420080.0,5.0,2645.0,5635.0,1453.0,-1.0,128.0,1765405663.0,SAADR,False
25422186,25422187.0,5.0,5791.0,3854.0,1453.0,-1.0,128.0,1765405663.0,SAADR,False
v_25453845_1453,25453846.0,,2647.95,3872.55,1453.0,,,,SAADL,True
25399934,25399933.0,5.0,7324.85,2898.7,1453.0,-1.0,128.0,1757297224.0,SAADR,False
v_25525945_1453,v_25525945_1451,,2122.9121428571425,2014.1857142857143,1453.0,,,,SAADL,True
25418684,25418685.0,5.0,5685.8,5860.6,1453.0,-1.0,128.0,1766454333.0,SAADL,False
25418683,25418684.0,5.0,5675.8,5854.6,1454.0,-1.0,128.0,1766454333.0,SAADL,False
25422187,25422188.0,5.0,5799.0,3818.0,1454.0,-1.0,128.0,1765405663.0,SAADR,False
25525945,v_25525945_1450,5.0,2112.055,2025.9,1454.0,-1.0,128.0,1765390564.0,SAADL,False
25453846,25453847.0,5.0,2669.95,3880.55,1454.0,-1.0,128.0,1766454333.0,SAADL,False
25399935,25399934.0,5.0,7322.85,2922.7,1454.0,-1.0,128.0,1757297225.0,SAADR,False
25420078,25420079.0,5.0,2675.0,5653.0,1454.0,-1.0,128.0,1765405663.0,SAADR,False
25418682,25418683.0,5.0,5655.8,5862.6,1455.0,-1.0,128.0,1766454333.0,SAADL,False
25422188,25422189.0,5.0,5811.0,3802.0,1455.0,-1.0,128.0,1765405663.0,SAADR,False
25453848,25453846.0,5.0,2549.95,3832.55,1455.0,-1.0,128.0,1766454333.0,SAADL,False
25399936,25399935.0,5.0,7316.85,2940.7,1455.0,-1.0,128.0,1757297227.0,SAADR,False
25420077,25420078.0,5.0,2693.0,5669.0,1455.0,-1.0,128.0,1765405663.0,SAADR,False
25453847,25453854.0,5.0,2865.95,4044.55,1455.0,-1.0,128.0,1766454333.0,SAADL,False
v_25525946_1455,25525945.0,,2073.055,2065.9,1455.0,,,,SAADL,True
v_25525946_1456,v_25525946_1457,,2060.055,2079.2333333333336,1456.0,,,,SAADL,True
25453854,25453855.0,5.0,2889.95,4080.55,1456.0,-1.0,128.0,1766454333.0,SAADL,False
25420076,25420077.0,5.0,2719.0,5685.0,1456.0,-1.0,128.0,1765405663.0,SAADR,False
25399937,25399936.0,5.0,7324.85,2958.7,1456.0,-1.0,128.0,1757297229.0,SAADR,False
25453849,25453848.0,5.0,2537.95,3812.55,1456.0,-1.0,128.0,1766454333.0,SAADL,False
25418681,25418682.0,5.0,5625.8,5864.6,1456.0,-1.0,128.0,1766454333.0,SAADL,False
25422189,25422190.0,5.0,5835.0,3770.0,1456.0,-1.0,128.0,1765405663.0,SAADR,False
25422190,25422191.0,5.0,5871.0,3742.0,1457.0,-1.0,128.0,1765405663.0,SAADR,False
25420075,25420076.0,5.0,2717.0,5693.0,1457.0,-1.0,128.0,1765405663.0,SAADR,False
25453850,25453849.0,5.0,2517.95,3800.55,1457.0,-1.0,128.0,1766454333.0,SAADL,False
v_25525946_1457,v_25525946_1456,,2047.055,2092.5666666666666,1457.0,,,,SAADL,True
25453855,v_25453855_1458,5.0,2905.95,4088.55,1457.0,-1.0,128.0,1766454333.0,SAADL,False
25399938,25399937.0,5.0,7316.85,2972.7,1457.0,-1.0,128.0,1757297230.0,SAADR,False
25399939,25399938.0,5.0,7332.85,3076.7,1457.0,-1.0,128.0,1757297273.0,SAADR,False
25418680,25418681.0,5.0,5609.8,5868.6,1457.0,-1.0,128.0,1766454333.0,SAADL,False
25525946,v_25525946_1455,5.0,2034.055,2105.9,1458.0,-1.0,128.0,1765390566.0,SAADL,False
25420074,25420075.0,5.0,2731.0,5689.0,1458.0,-1.0,128.0,1765405663.0,SAADR,False
25422191,25422192.0,5.0,5871.0,3746.0,1458.0,-1.0,128.0,1765405663.0,SAADR,False
25453851,25453850.0,5.0,2477.95,3796.55,1458.0,-1.0,128.0,1766454333.0,SAADL,False
25399940,25399939.0,5.0,7330.85,3008.7,1458.0,-1.0,128.0,1757297275.0,SAADR,False
25418679,25418680.0,5.0,5591.8,5866.6,1458.0,-1.0,128.0,1766454333.0,SAADL,False
v_25453855_1458,25453856.0,,2937.95,4102.55,1458.0,,,,SAADL,True
25418678,25418679.0,5.0,5587.8,5866.6,1459.0,-1.0,128.0,1766454333.0,SAADL,False
25399941,25399940.0,5.0,7332.85,3024.7,1459.0,-1.0,128.0,1757297276.0,SAADR,False
v_25525947_1459,25525946.0,,1996.055,2163.9,1459.0,,,,SAADL,True
25453856,25453857.0,5.0,2969.95,4116.55,1459.0,-1.0,128.0,1766454333.0,SAADL,False
25420073,25420074.0,5.0,2735.0,5715.0,1459.0,-1.0,128.0,1765405663.0,SAADR,False
25453852,25453851.0,5.0,2457.95,3800.55,1459.0,-1.0,128.0,1766454333.0,SAADL,False
25422192,25422193.0,5.0,5883.0,3706.0,1459.0,-1.0,128.0,1765405663.0,SAADR,False
v_25525947_1460,v_25525947_1461,,1983.388333333333,2183.2333333333336,1460.0,,,,SAADL,True
25453853,25453852.0,5.0,2429.95,3788.55,1460.0,-1.0,128.0,1766454333.0,SAADL,False
25422193,25422194.0,5.0,5883.0,3686.0,1460.0,-1.0,128.0,1765405663.0,SAADR,False
25418677,25418678.0,5.0,5571.8,5868.6,1460.0,-1.0,128.0,1766454333.0,SAADL,False
25399942,25399941.0,5.0,7332.85,3028.7,1460.0,-1.0,128.0,1757297277.0,SAADR,False
25453857,25453858.0,5.0,2993.95,4100.55,1460.0,-1.0,128.0,1766454333.0,SAADL,False
25420072,25420073.0,5.0,2731.0,5751.0,1460.0,-1.0,128.0,1765405663.0,SAADR,False
25399943,25399942.0,5.0,7332.85,3032.7,1461.0,-1.0,128.0,1757297279.0,SAADR,False
25557274,25453853.0,5.0,2429.45,3796.55,1461.0,-1.0,128.0,1771013803.0,SAADL,False
25422194,25422195.0,5.0,5887.0,3658.0,1461.0,-1.0,128.0,1765405663.0,SAADR,False
25418676,25418677.0,5.0,5549.8,5888.6,1461.0,-1.0,128.0,1766454333.0,SAADL,False
25420071,25420072.0,5.0,2783.0,5827.0,1461.0,-1.0,128.0,1765405663.0,SAADR,False
v_25525947_1461,v_25525947_1460,,1970.7216666666668,2202.5666666666666,1461.0,,,,SAADL,True
25453858,25453859.0,5.0,3017.95,4092.55,1461.0,-1.0,128.0,1766454333.0,SAADL,False
25399944,25399943.0,5.0,7324.85,3042.7,1462.0,-1.0,128.0,1757297280.0,SAADR,False
25525947,v_25525947_1459,5.0,1958.055,2221.9,1462.0,-1.0,128.0,1765390567.0,SAADL,False
25418675,25418676.0,5.0,5541.8,5888.6,1462.0,-1.0,128.0,1766454333.0,SAADL,False
25453859,25453860.0,5.0,3057.95,4076.55,1462.0,-1.0,128.0,1766454333.0,SAADL,False
25420070,25420071.0,5.0,2835.0,5895.0,1462.0,-1.0,128.0,1765405663.0,SAADR,False
25422195,25422196.0,5.0,5883.0,3626.0,1462.0,-1.0,128.0,1765405663.0,SAADR,False
v_25525948_1463,25525947.0,,1929.7692857142856,2255.328571428572,1463.0,,,,SAADL,True
25453860,25453861.0,5.0,3057.95,4072.55,1463.0,-1.0,128.0,1766454333.0,SAADL,False
25420069,25420070.0,5.0,2921.0,5961.0,1463.0,-1.0,128.0,1765405663.0,SAADR,False
25418674,25418675.0,5.0,5541.8,5888.6,1463.0,-1.0,128.0,1766454333.0,SAADL,False
25422196,25422197.0,5.0,5867.0,3570.0,1463.0,-1.0,128.0,1765405663.0,SAADR,False
25399945,25399944.0,5.0,7314.85,3024.7,1463.0,-1.0,128.0,1757297281.0,SAADR,False
25422197,25422198.0,5.0,5851.0,3518.0,1464.0,-1.0,128.0,1765405663.0,SAADR,False
25399946,25399945.0,5.0,7318.85,3026.7,1464.0,-1.0,128.0,1757297282.0,SAADR,False
25418673,25418674.0,5.0,5549.8,5886.6,1464.0,-1.0,128.0,1766454333.0,SAADL,False
25420068,25420069.0,5.0,2975.0,6003.0,1464.0,-1.0,128.0,1765405663.0,SAADR,False
v_25525948_1464,v_25525948_1466,,1920.3407142857145,2266.4714285714285,1464.0,,,,SAADL,True
25453861,25453862.0,5.0,3081.95,4052.55,1464.0,-1.0,128.0,1766454333.0,SAADL,False
25453862,25453863.0,5.0,3113.95,4032.55,1465.0,-1.0,128.0,1766454333.0,SAADL,False
v_25525948_1465,v_25525948_1465,,1910.912142857143,2277.614285714286,1465.0,,,,SAADL,True
25422198,25422199.0,5.0,5847.0,3502.0,1465.0,-1.0,128.0,1765405663.0,SAADR,False
v_25418672_1465,25418673.0,,5541.400000000001,5892.6,1465.0,,,,SAADL,True
25399947,25399946.0,5.0,7304.85,3024.7,1465.0,-1.0,128.0,1757297283.0,SAADR,False
25420067,25420068.0,5.0,2991.0,6011.0,1465.0,-1.0,128.0,1765405663.0,SAADR,False
25399948,25399947.0,5.0,7296.85,3026.7,1466.0,-1.0,128.0,1757297284.0,SAADR,False
v_25418672_1466,v_25418672_1466,,5538.6,5894.6,1466.0,,,,SAADL,True
25420066,25420067.0,5.0,3013.0,6025.0,1466.0,-1.0,128.0,1765405663.0,SAADR,False
25422199,25422200.0,5.0,5839.0,3514.0,1466.0,-1.0,128.0,1765405663.0,SAADR,False
v_25525948_1466,v_25525948_1464,,1901.483571428572,2288.7571428571428,1466.0,,,,SAADL,True
25453863,25453864.0,5.0,3117.95,4028.55,1466.0,-1.0,128.0,1766454333.0,SAADL,False
25525948,v_25525948_1463,5.0,1892.055,2299.9,1467.0,-1.0,128.0,1765390568.0,SAADL,False
25453864,25453865.0,5.0,3129.95,4032.55,1467.0,-1.0,128.0,1766454333.0,SAADL,False
25418672,v_25418672_1465,5.0,5535.8,5896.6,1467.0,-1.0,128.0,1766454333.0,SAADL,False
25399949,25399948.0,5.0,7290.85,3024.7,1467.0,-1.0,128.0,1757297285.0,SAADR,False
25420065,25420066.0,5.0,3027.0,6041.0,1467.0,-1.0,128.0,1765405663.0,SAADR,False
25422200,25422201.0,5.0,5823.0,3498.0,1467.0,-1.0,128.0,1765405663.0,SAADR,False
v_25525949_1468,25525948.0,,1854.055,2342.9,1468.0,,,,SAADL,True
25453865,25453866.0,5.0,3117.95,4020.55,1468.0,-1.0,128.0,1766454333.0,SAADL,False
25420064,25420065.0,5.0,3053.0,6051.0,1468.0,-1.0,128.0,1765405663.0,SAADR,False
25422201,25422202.0,5.0,5831.0,3474.0,1468.0,-1.0,128.0,1765405663.0,SAADR,False
v_25418671_1468,25418672.0,,5516.8,5912.6,1468.0,,,,SAADL,True
25399950,25399949.0,5.0,7276.85,3006.7,1468.0,-1.0,128.0,1757297287.0,SAADR,False
25420063,25420064.0,5.0,3107.0,6073.0,1469.0,-1.0,128.0,1765405663.0,SAADR,False
v_25525949_1469,v_25525949_1470,,1841.388333333333,2357.2333333333336,1469.0,,,,SAADL,True
25422202,25422203.0,5.0,5839.0,3454.0,1469.0,-1.0,128.0,1765405663.0,SAADR,False
25453866,25453867.0,5.0,3129.95,3992.55,1469.0,-1.0,128.0,1766454333.0,SAADL,False
v_25418671_1469,v_25418671_1470,,5510.466666666667,5917.933333333333,1469.0,,,,SAADL,True
v_25399951_1469,25399950.0,,7263.35,2990.2,1469.0,,,,SAADR,True
25453867,25453868.0,5.0,3125.95,3980.55,1470.0,-1.0,128.0,1766454333.0,SAADL,False
v_25525949_1470,v_25525949_1469,,1828.7216666666668,2371.5666666666666,1470.0,,,,SAADL,True
25422203,25422204.0,5.0,5839.0,3434.0,1470.0,-1.0,128.0,1765405663.0,SAADR,False
25420062,25420063.0,5.0,3135.0,6059.0,1470.0,-1.0,128.0,1765405663.0,SAADR,False
v_25418671_1470,v_25418671_1469,,5504.133333333333,5923.266666666667,1470.0,,,,SAADL,True
25399951,v_25399951_1469,5.0,7258.85,2984.7,1470.0,-1.0,128.0,1757297292.0,SAADR,False
25525949,v_25525949_1468,5.0,1816.055,2385.9,1471.0,-1.0,128.0,1765390569.0,SAADL,False
25422204,25422205.0,5.0,5879.0,3382.0,1471.0,-1.0,128.0,1765405663.0,SAADR,False
25399952,25399951.0,5.0,7254.85,2962.7,1471.0,-1.0,128.0,1757297295.0,SAADR,False
25418671,v_25418671_1468,5.0,5497.8,5928.6,1471.0,-1.0,128.0,1766454333.0,SAADL,False
25420061,25420062.0,5.0,3139.0,6079.0,1471.0,-1.0,128.0,1765405663.0,SAADR,False
25453868,v_25453868_1472,5.0,3121.95,3968.55,1471.0,-1.0,128.0,1766454333.0,SAADL,False
25422205,25422206.0,5.0,5983.0,3294.0,1472.0,-1.0,128.0,1765405663.0,SAADR,False
v_25453868_1472,25453869.0,,3107.95,3950.55,1472.0,,,,SAADL,True
25420060,25420061.0,5.0,3151.0,6083.0,1472.0,-1.0,128.0,1765405663.0,SAADR,False
25399953,25399952.0,5.0,7256.85,2962.7,1472.0,-1.0,128.0,1757297297.0,SAADR,False
v_25525950_1472,25525949.0,,1789.4835714285714,2428.7571428571428,1472.0,,,,SAADL,True
v_25418670_1472,25418671.0,,5489.400000000001,5928.6,1472.0,,,,SAADL,True
25420059,25420060.0,5.0,3147.0,6067.0,1473.0,-1.0,128.0,1765405663.0,SAADR,False
v_25525950_1473,v_25525950_1475,,1780.6264285714287,2443.042857142857,1473.0,,,,SAADL,True
25453869,v_25453869_1474,5.0,3093.95,3932.55,1473.0,-1.0,128.0,1766454333.0,SAADL,False
25399954,25399953.0,5.0,7258.85,2956.7,1473.0,-1.0,128.0,1757297299.0,SAADR,False
v_25418670_1473,v_25418670_1473,,5486.6,5928.6,1473.0,,,,SAADL,True
25422206,25422207.0,5.0,6019.0,3266.0,1473.0,-1.0,128.0,1765405663.0,SAADR,False
v_25525950_1474,v_25525950_1474,,1771.7692857142858,2457.328571428572,1474.0,,,,SAADL,True
25420058,25420059.0,5.0,3137.0,6043.0,1474.0,-1.0,128.0,1765405663.0,SAADR,False
25422207,25422208.0,5.0,6043.0,3254.0,1474.0,-1.0,128.0,1765405663.0,SAADR,False
v_25453869_1474,25453870.0,,3095.95,3934.55,1474.0,,,,SAADL,True
25418670,v_25418670_1472,5.0,5483.8,5928.6,1474.0,-1.0,128.0,1766454333.0,SAADL,False
25399955,25399954.0,5.0,7258.85,2966.7,1474.0,-1.0,128.0,1757297300.0,SAADR,False
v_25418669_1475,25418670.0,,5469.400000000001,5945.400000000001,1475.0,,,,SAADL,True
25422208,25422209.0,5.0,6119.0,3210.0,1475.0,-1.0,128.0,1765405663.0,SAADR,False
25399956,25399955.0,5.0,7246.85,3034.7,1475.0,-1.0,128.0,1757297383.0,SAADR,False
v_25525950_1475,v_25525950_1473,,1762.912142857143,2471.614285714286,1475.0,,,,SAADL,True
25420057,25420058.0,5.0,3129.0,6035.0,1475.0,-1.0,128.0,1765405663.0,SAADR,False
25453870,25453871.0,5.0,3097.95,3936.55,1475.0,-1.0,128.0,1766454333.0,SAADL,False
25453871,25453872.0,5.0,3073.95,3904.55,1476.0,-1.0,128.0,1766454333.0,SAADL,False
25525950,v_25525950_1472,5.0,1754.055,2485.9,1476.0,-1.0,128.0,1765390571.0,SAADL,False
25420056,25420057.0,5.0,3163.0,6065.0,1476.0,-1.0,128.0,1765405663.0,SAADR,False
v_25418669_1476,v_25418669_1476,,5464.6,5951.0,1476.0,,,,SAADL,True
25422209,25422210.0,5.0,6215.0,3194.0,1476.0,-1.0,128.0,1765405663.0,SAADR,False
25399957,25399956.0,5.0,7242.85,3052.7,1476.0,-1.0,128.0,1757297384.0,SAADR,False
25516419,25399957.0,5.0,7194.75,3111.895,1477.0,-1.0,128.0,1764822863.0,SAADR,False
25420055,25420056.0,5.0,3187.0,6095.0,1477.0,-1.0,128.0,1765405663.0,SAADR,False
25453872,v_25453872_1478,5.0,3081.95,3900.55,1477.0,-1.0,128.0,1766454333.0,SAADL,False
25422210,25422211.0,5.0,6255.0,3226.0,1477.0,-1.0,128.0,1765405663.0,SAADR,False
v_25525951_1477,25525950.0,,1717.055,2539.9,1477.0,,,,SAADL,True
25418669,v_25418669_1475,5.0,5459.8,5956.6,1477.0,-1.0,128.0,1766454333.0,SAADL,False
25422211,25422212.0,5.0,6291.0,3242.0,1478.0,-1.0,128.0,1765405663.0,SAADR,False
25420054,25420055.0,5.0,3225.0,6107.0,1478.0,-1.0,128.0,1765405663.0,SAADR,False
25418637,25418636.0,5.0,4697.8,5480.6,1478.0,-1.0,128.0,1766454333.0,SAADL,False
v_25525951_1478,v_25525951_1479,,1704.7216666666668,2557.9,1478.0,,,,SAADL,True
25516420,25516419.0,5.0,7120.75,3113.895,1478.0,-1.0,128.0,1764822864.0,SAADR,False
v_25418668_1478,25418669.0,,5443.3,5956.6,1478.0,,,,SAADL,True
v_25453872_1478,25453873.0,,3065.95,3894.55,1478.0,,,,SAADL,True
25516421,25516420.0,5.0,7104.75,3095.895,1479.0,-1.0,128.0,1764822866.0,SAADR,False
25418636,25418635.0,5.0,4681.8,5484.6,1479.0,-1.0,128.0,1766454333.0,SAADL,False
25453873,25453874.0,5.0,3049.95,3888.55,1479.0,-1.0,128.0,1766454333.0,SAADL,False
25418668,v_25418668_1478,5.0,5437.8,5956.6,1479.0,-1.0,128.0,1766454333.0,SAADL,False
v_25525951_1479,v_25525951_1478,,1692.388333333333,2575.9,1479.0,,,,SAADL,True
25420053,25420054.0,5.0,3293.0,6147.0,1479.0,-1.0,128.0,1765405663.0,SAADR,False
25422212,25422213.0,5.0,6307.0,3242.0,1479.0,-1.0,128.0,1765405663.0,SAADR,False
25418635,25559118.0,5.0,4663.8,5492.6,1480.0,-1.0,128.0,1771732200.0,SAADL,False
v_25418667_1480,25418668.0,,5434.8,5956.6,1480.0,,,,SAADL,True
25420052,25420053.0,5.0,3319.0,6159.0,1480.0,-1.0,128.0,1765405663.0,SAADR,False
25453874,25453875.0,5.0,3073.95,3884.55,1480.0,-1.0,128.0,1766454333.0,SAADL,False
25525951,v_25525951_1477,5.0,1680.055,2593.9,1480.0,-1.0,128.0,1765390572.0,SAADL,False
v_25516422_1480,25516421.0,,7101.75,3097.395,1480.0,,,,SAADR,True
25422213,25422214.0,5.0,6359.0,3250.0,1480.0,-1.0,128.0,1765405663.0,SAADR,False
25516422,v_25516422_1480,5.0,7100.75,3097.895,1481.0,-1.0,128.0,1764822867.0,SAADR,False
25559118,25418634.0,5.0,4650.8,5497.6,1481.0,-1.0,128.0,1771732200.0,SAADL,False
25420051,25420052.0,5.0,3359.0,6171.0,1481.0,-1.0,128.0,1765405663.0,SAADR,False
25422214,25422215.0,5.0,6391.0,3262.0,1481.0,-1.0,128.0,1765405663.0,SAADR,False
v_25525952_1481,25525951.0,,1663.055,2624.9,1481.0,,,,SAADL,True
25453875,25453876.0,5.0,3073.95,3840.55,1481.0,-1.0,128.0,1766454333.0,SAADL,False
25418667,v_25418667_1480,5.0,5433.8,5956.6,1481.0,-1.0,128.0,1766454333.0,SAADL,False
25420050,25420051.0,5.0,3377.0,6173.0,1482.0,-1.0,128.0,1765405663.0,SAADR,False
25453876,25453877.0,5.0,3081.95,3796.55,1482.0,-1.0,128.0,1766454333.0,SAADL,False
v_25525952_1482,v_25525952_1483,,1657.388333333333,2635.2333333333336,1482.0,,,,SAADL,True
25422215,25422216.0,5.0,6415.0,3274.0,1482.0,-1.0,128.0,1765405663.0,SAADR,False
25516423,25516422.0,5.0,7110.75,3103.895,1482.0,-1.0,128.0,1764822870.0,SAADR,False
v_25418666_1482,25418667.0,,5421.8,5952.1,1482.0,,,,SAADL,True
25418634,25418633.0,5.0,4637.8,5502.6,1482.0,-1.0,128.0,1766454333.0,SAADL,False
25422216,25422217.0,5.0,6419.0,3270.0,1483.0,-1.0,128.0,1765405663.0,SAADR,False
25418666,v_25418666_1482,5.0,5417.8,5950.6,1483.0,-1.0,128.0,1766454333.0,SAADL,False
25420049,25420050.0,5.0,3397.0,6179.0,1483.0,-1.0,128.0,1765405663.0,SAADR,False
v_25525952_1483,v_25525952_1482,,1651.7216666666668,2645.5666666666666,1483.0,,,,SAADL,True
v_25516424_1483,25516423.0,,7122.75,3112.895,1483.0,,,,SAADR,True
25453877,25453878.0,5.0,3077.95,3780.55,1483.0,-1.0,128.0,1766454333.0,SAADL,False
25418633,v_25418633_1484,5.0,4639.8,5538.6,1483.0,-1.0,128.0,1766454333.0,SAADL,False
25516424,v_25516424_1483,5.0,7126.75,3115.895,1484.0,-1.0,128.0,1764822873.0,SAADR,False
25525952,v_25525952_1481,5.0,1646.055,2655.9,1484.0,-1.0,128.0,1765390574.0,SAADL,False
25453878,25453879.0,5.0,3073.95,3760.55,1484.0,-1.0,128.0,1766454333.0,SAADL,False
25420048,25420049.0,5.0,3421.0,6181.0,1484.0,-1.0,128.0,1765405663.0,SAADR,False
v_25418633_1484,25418632.0,,4624.8,5542.6,1484.0,,,,SAADL,True
v_25418665_1484,25418666.0,,5410.3,5950.6,1484.0,,,,SAADL,True
25422217,25422218.0,5.0,6483.0,3282.0,1484.0,-1.0,128.0,1765405663.0,SAADR,False
25453879,25453880.0,5.0,3049.95,3752.55,1485.0,-1.0,128.0,1766454333.0,SAADL,False
25420047,25420048.0,5.0,3433.0,6185.0,1485.0,-1.0,128.0,1765405663.0,SAADR,False
25418665,v_25418665_1484,5.0,5407.8,5950.6,1485.0,-1.0,128.0,1766454333.0,SAADL,False
25422218,25422219.0,5.0,6495.0,3270.0,1485.0,-1.0,128.0,1765405663.0,SAADR,False
25516425,25516424.0,5.0,7122.25,3125.885,1485.0,-1.0,128.0,1765906501.0,SAADR,False
25418632,25559115.0,5.0,4609.8,5546.6,1485.0,-1.0,128.0,1771732193.0,SAADL,False
v_25525953_1485,25525952.0,,1613.4835714285714,2702.1857142857143,1485.0,,,,SAADL,True
25453880,25453881.0,5.0,3045.95,3736.55,1486.0,-1.0,128.0,1766454333.0,SAADL,False
25559115,25418631.0,5.0,4593.8,5542.6,1486.0,-1.0,128.0,1771732193.0,SAADL,False
25516426,25516425.0,5.0,7120.75,3131.895,1486.0,-1.0,128.0,1764822877.0,SAADR,False
25422219,25422220.0,5.0,6523.0,3266.0,1486.0,-1.0,128.0,1765405663.0,SAADR,False
25420046,25420047.0,5.0,3451.0,6191.0,1486.0,-1.0,128.0,1765405663.0,SAADR,False
v_25525953_1486,v_25525953_1488,,1602.6264285714287,2717.614285714286,1486.0,,,,SAADL,True
25418664,25418665.0,5.0,5393.8,5954.6,1486.0,-1.0,128.0,1766454333.0,SAADL,False
25418663,25418664.0,5.0,5393.8,5954.6,1487.0,-1.0,128.0,1766454333.0,SAADL,False
25516427,25516426.0,5.0,7082.75,3133.895,1487.0,-1.0,128.0,1764822879.0,SAADR,False
v_25525953_1487,v_25525953_1487,,1591.7692857142858,2733.042857142857,1487.0,,,,SAADL,True
25422220,25422221.0,5.0,6555.0,3262.0,1487.0,-1.0,128.0,1765405663.0,SAADR,False
25453881,25453882.0,5.0,3033.95,3716.55,1487.0,-1.0,128.0,1766454333.0,SAADL,False
v_25526039_1487,25516426.0,,7149.5,3129.93,1487.0,,,,SAADR,True
25418631,v_25418631_1488,5.0,4577.8,5538.6,1487.0,-1.0,128.0,1766454333.0,SAADL,False
25420045,25420046.0,5.0,3459.0,6191.0,1487.0,-1.0,128.0,1765405663.0,SAADR,False
25453882,25453883.0,5.0,3009.95,3672.55,1488.0,-1.0,128.0,1766454333.0,SAADL,False
v_25526039_1488,v_25526039_1492,,7159.083333333333,3129.275,1488.0,,,,SAADR,True
v_25525953_1488,v_25525953_1486,,1580.912142857143,2748.4714285714285,1488.0,,,,SAADL,True
25420044,25420045.0,5.0,3461.0,6189.0,1488.0,-1.0,128.0,1765405663.0,SAADR,False
25420027,25420026.0,5.0,4057.0,5631.0,1488.0,-1.0,128.0,1765405663.0,SAADR,False
25418662,25418663.0,5.0,5381.8,5954.6,1488.0,-1.0,128.0,1766454333.0,SAADL,False
25422221,25422222.0,5.0,6583.0,3258.0,1488.0,-1.0,128.0,1765405663.0,SAADR,False
v_25418631_1488,25418630.0,,4577.8,5542.6,1488.0,,,,SAADL,True
25516428,25516427.0,5.0,7000.75,3125.895,1488.0,-1.0,128.0,1764822881.0,SAADR,False
25422222,25422223.0,5.0,6603.0,3258.0,1489.0,-1.0,128.0,1765405663.0,SAADR,False
25420043,25420044.0,5.0,3473.0,6169.0,1489.0,-1.0,128.0,1765405663.0,SAADR,False
25453883,25453884.0,5.0,3001.95,3640.55,1489.0,-1.0,128.0,1766454333.0,SAADL,False
25420026,25420025.0,5.0,4083.0,5627.0,1489.0,-1.0,128.0,1765405663.0,SAADR,False
v_25526039_1489,v_25526039_1491,,7168.666666666667,3128.62,1489.0,,,,SAADR,True
25516429,25516428.0,5.0,7002.75,3147.895,1489.0,-1.0,128.0,1764822883.0,SAADR,False
25418630,25557466.0,5.0,4577.8,5546.6,1489.0,-1.0,128.0,1771215148.0,SAADL,False
25418661,25418662.0,5.0,5365.8,5954.6,1489.0,-1.0,128.0,1766454333.0,SAADL,False
25525953,v_25525953_1485,5.0,1570.055,2763.9,1489.0,-1.0,128.0,1765390575.0,SAADL,False
25422223,25422224.0,5.0,6679.0,3270.0,1490.0,-1.0,128.0,1765405663.0,SAADR,False
25557466,25418629.0,5.0,4582.38,5560.35,1490.0,-1.0,128.0,1771215148.0,SAADL,False
25420025,25420024.0,5.0,4129.0,5605.0,1490.0,-1.0,128.0,1765405663.0,SAADR,False
25420042,25420043.0,5.0,3497.0,6165.0,1490.0,-1.0,128.0,1765405663.0,SAADR,False
25418660,25418661.0,5.0,5351.8,5964.6,1490.0,-1.0,128.0,1766454333.0,SAADL,False
v_25525955_1490,25525953.0,,1546.055,2838.9,1490.0,,,,SAADL,True
v_25526039_1490,v_25526039_1490,,7178.25,3127.965,1490.0,,,,SAADR,True
25453884,25453885.0,5.0,2997.95,3612.55,1490.0,-1.0,128.0,1766454333.0,SAADL,False
25418629,v_25418629_1492,5.0,4586.965,5574.05,1491.0,-1.0,128.0,1771013780.0,SAADL,False
25422224,25422225.0,5.0,6739.0,3274.0,1491.0,-1.0,128.0,1765405663.0,SAADR,False
v_25525955_1491,v_25525955_1492,,1538.055,2863.9,1491.0,,,,SAADL,True
v_25526039_1491,v_25526039_1489,,7187.833333333333,3127.31,1491.0,,,,SAADR,True
25420041,25420042.0,5.0,3497.0,6165.0,1491.0,-1.0,128.0,1765405663.0,SAADR,False
25418659,25418660.0,5.0,5329.8,5984.6,1491.0,-1.0,128.0,1766454333.0,SAADL,False
25453885,25453886.0,5.0,2993.95,3604.55,1491.0,-1.0,128.0,1766454333.0,SAADL,False
25420024,25420023.0,5.0,4147.0,5607.0,1491.0,-1.0,128.0,1765405663.0,SAADR,False
v_25526039_1492,v_25526039_1488,,7197.416666666667,3126.655,1492.0,,,,SAADR,True
25418658,25418659.0,5.0,5339.8,5964.6,1492.0,-1.0,128.0,1766454333.0,SAADL,False
25420040,25420041.0,5.0,3503.0,6143.0,1492.0,-1.0,128.0,1765405663.0,SAADR,False
25420023,25420022.0,5.0,4173.0,5599.0,1492.0,-1.0,128.0,1765405663.0,SAADR,False
25453886,25453887.0,5.0,2989.95,3592.55,1492.0,-1.0,128.0,1766454333.0,SAADL,False
25422225,25422226.0,5.0,6763.0,3270.0,1492.0,-1.0,128.0,1765405663.0,SAADR,False
v_25418629_1492,25418628.0,,4588.3825,5584.325000000001,1492.0,,,,SAADL,True
v_25525955_1492,v_25525955_1491,,1530.055,2888.9,1492.0,,,,SAADL,True
25453887,25453888.0,5.0,2929.95,3592.55,1493.0,-1.0,128.0,1766454333.0,SAADL,False
25418657,25418658.0,5.0,5297.8,5998.6,1493.0,-1.0,128.0,1766454333.0,SAADL,False
25418628,v_25418628_1494,5.0,4589.8,5594.6,1493.0,-1.0,128.0,1766454333.0,SAADL,False
25526039,v_25526039_1487,5.0,7207.0,3126.0,1493.0,-1.0,128.0,1765405663.0,SAADR,False
25420022,25420021.0,5.0,4225.0,5589.0,1493.0,-1.0,128.0,1765405663.0,SAADR,False
25422226,25422227.0,5.0,6767.0,3302.0,1493.0,-1.0,128.0,1765405663.0,SAADR,False
25420039,25420040.0,5.0,3515.0,6125.0,1493.0,-1.0,128.0,1765405663.0,SAADR,False
25525955,v_25525955_1490,5.0,1522.055,2913.9,1493.0,-1.0,128.0,1765390580.0,SAADL,False
25453888,25453889.0,5.0,2929.95,3588.55,1494.0,-1.0,128.0,1766454333.0,SAADL,False
25420021,25420020.0,5.0,4217.0,5617.0,1494.0,-1.0,128.0,1765405663.0,SAADR,False
v_25418628_1494,25418627.0,,4587.8,5594.6,1494.0,,,,SAADL,True
25420038,25420039.0,5.0,3519.0,6123.0,1494.0,-1.0,128.0,1765405663.0,SAADR,False
v_25525956_1494,25525955.0,,1513.055,2945.4,1494.0,,,,SAADL,True
25418656,25418657.0,5.0,5267.8,6008.6,1494.0,-1.0,128.0,1766454333.0,SAADL,False
25526038,25526039.0,5.0,7205.0,3150.0,1494.0,-1.0,128.0,1765405663.0,SAADR,False
25422227,25422228.0,5.0,6771.0,3294.0,1494.0,-1.0,128.0,1765405663.0,SAADR,False
v_25526037_1495,25526038.0,,7197.5,3162.0,1495.0,,,,SAADR,True
25525956,v_25525956_1494,5.0,1510.055,2955.9,1495.0,-1.0,128.0,1765390581.0,SAADL,False
25420020,25558608.0,5.0,4235.0,5581.0,1495.0,-1.0,128.0,1771609349.0,SAADR,False
25420037,25420038.0,5.0,3521.0,6121.0,1495.0,-1.0,128.0,1765405663.0,SAADR,False
25418655,25418656.0,5.0,5267.8,6008.6,1495.0,-1.0,128.0,1766454333.0,SAADL,False
25422228,v_25422228_1496,5.0,6775.0,3298.0,1495.0,-1.0,128.0,1765405663.0,SAADR,False
25418627,v_25418627_1496,5.0,4585.8,5594.6,1495.0,-1.0,128.0,1766454333.0,SAADL,False
25453889,25453890.0,5.0,2909.95,3584.55,1495.0,-1.0,128.0,1766454333.0,SAADL,False
25418654,25418655.0,5.0,5245.8,6010.6,1496.0,-1.0,128.0,1766454333.0,SAADL,False
25526037,v_25526037_1495,5.0,7195.0,3166.0,1496.0,-1.0,128.0,1765405663.0,SAADR,False
v_25525957_1496,25525956.0,,1510.055,2961.9,1496.0,,,,SAADL,True
25453890,25453891.0,5.0,2889.95,3576.55,1496.0,-1.0,128.0,1766454333.0,SAADL,False
25558608,25420019.0,5.0,4236.0,5581.0,1496.0,-1.0,128.0,1771609350.0,SAADR,False
v_25418627_1496,25418626.0,,4598.8,5597.6,1496.0,,,,SAADL,True
25420036,25420037.0,5.0,3527.0,6095.0,1496.0,-1.0,128.0,1765405663.0,SAADR,False
v_25422228_1496,25422229.0,,6775.0,3294.0,1496.0,,,,SAADR,True
v_25525957_1497,v_25525957_1497,,1510.055,2963.9,1497.0,,,,SAADL,True
25420019,25420018.0,5.0,4237.0,5581.0,1497.0,-1.0,128.0,1765405663.0,SAADR,False
25453891,25453892.0,5.0,2881.95,3584.55,1497.0,-1.0,128.0,1766454333.0,SAADL,False
25526036,25526037.0,5.0,7177.0,3184.0,1497.0,-1.0,128.0,1765405663.0,SAADR,False
25418626,25418625.0,5.0,4611.8,5600.6,1497.0,-1.0,128.0,1766454333.0,SAADL,False
25420035,25420036.0,5.0,3547.0,6101.0,1497.0,-1.0,128.0,1765405663.0,SAADR,False
25422229,25422230.0,5.0,6775.0,3290.0,1497.0,-1.0,128.0,1765405663.0,SAADR,False
25418653,25418654.0,5.0,5245.8,6012.6,1497.0,-1.0,128.0,1766454333.0,SAADL,False
25418652,25418653.0,5.0,5189.8,5998.6,1498.0,-1.0,128.0,1766454333.0,SAADL,False
25525957,v_25525957_1496,5.0,1510.055,2965.9,1498.0,-1.0,128.0,1765390582.0,SAADL,False
25453892,25453893.0,5.0,2865.95,3560.55,1498.0,-1.0,128.0,1766454333.0,SAADL,False
25418625,25418624.0,5.0,4631.8,5606.6,1498.0,-1.0,128.0,1766454333.0,SAADL,False
25420018,25420017.0,5.0,4225.0,5595.0,1498.0,-1.0,128.0,1765405663.0,SAADR,False
25422230,25422231.0,5.0,6879.0,3322.0,1498.0,-1.0,128.0,1765405663.0,SAADR,False
25526035,25526036.0,5.0,7169.0,3186.0,1498.0,-1.0,128.0,1765405663.0,SAADR,False
25420034,25420035.0,5.0,3577.0,6075.0,1498.0,-1.0,128.0,1765405663.0,SAADR,False
25422231,25422232.0,5.0,6915.0,3354.0,1499.0,-1.0,128.0,1765405663.0,SAADR,False
25420017,25420016.0,5.0,4207.0,5597.0,1499.0,-1.0,128.0,1765405663.0,SAADR,False
25453893,25453894.0,5.0,2861.95,3553.55,1499.0,-1.0,128.0,1766454333.0,SAADL,False
25418624,v_25418624_1500,5.0,4645.8,5616.6,1499.0,-1.0,128.0,1766454333.0,SAADL,False
v_25525958_1499,25525957.0,,1510.055,3009.1,1499.0,,,,SAADL,True
25526034,25526035.0,5.0,7165.0,3226.0,1499.0,-1.0,128.0,1765405663.0,SAADR,False
25420033,25420034.0,5.0,3595.0,6063.0,1499.0,-1.0,128.0,1765405663.0,SAADR,False
v_25418651_1499,25418652.0,,5152.3,5992.6,1499.0,,,,SAADL,True
25420016,v_25420016_1501,5.0,4201.0,5619.0,1500.0,-1.0,128.0,1765405663.0,SAADR,False
25526033,25526034.0,5.0,7155.0,3240.0,1500.0,-1.0,128.0,1765405663.0,SAADR,False
25422232,25422233.0,5.0,6939.0,3370.0,1500.0,-1.0,128.0,1765405663.0,SAADR,False
25418651,v_25418651_1499,5.0,5139.8,5990.6,1500.0,-1.0,128.0,1766454333.0,SAADL,False
25418622,25418623.0,5.0,4647.8,5614.6,1500.0,-1.0,128.0,1766454333.0,SAADL,False
25453894,25453895.0,5.0,2839.95,3547.55,1500.0,-1.0,128.0,1766454333.0,SAADL,False
v_25525958_1500,v_25525958_1500,,1510.055,3023.5,1500.0,,,,SAADL,True
v_25418624_1500,25418623.0,,4646.8,5615.6,1500.0,,,,SAADL,True
25420032,25420033.0,5.0,3615.0,6067.0,1500.0,-1.0,128.0,1765405663.0,SAADR,False
v_25420031_1501,25420032.0,,3642.0,6070.0,1501.0,,,,SAADR,True
v_25420016_1501,25420015.0,,4195.0,5635.0,1501.0,,,,SAADR,True
25422233,25526033.0,5.0,7041.0,3364.0,1501.0,-1.0,128.0,1765405663.0,SAADR,False
25525958,v_25525958_1499,5.0,1510.055,3037.9,1501.0,-1.0,128.0,1765390583.0,SAADL,False
25418650,25418651.0,5.0,5127.8,5994.6,1501.0,-1.0,128.0,1766454333.0,SAADL,False
25453895,25453896.0,5.0,2821.95,3559.55,1501.0,-1.0,128.0,1766454333.0,SAADL,False
25418623,25418621.0,5.0,4647.8,5614.6,1501.0,-1.0,128.0,1766454333.0,SAADL,False
v_25525959_1502,25525958.0,,1512.5120000000002,3064.72,1502.0,,,,SAADL,True
25420031,v_25420031_1501,5.0,3651.0,6071.0,1502.0,-1.0,128.0,1765405663.0,SAADR,False
v_25418649_1502,25418650.0,,5118.8,5994.6,1502.0,,,,SAADL,True
25420015,25420014.0,5.0,4189.0,5651.0,1502.0,-1.0,128.0,1765405663.0,SAADR,False
25418621,25418620.0,5.0,4647.8,5614.6,1502.0,-1.0,128.0,1766454333.0,SAADL,False
25422234,25422233.0,5.0,6951.0,3386.0,1502.0,-1.0,128.0,1765405663.0,SAADR,False
25453896,25453897.0,5.0,2809.95,3525.55,1502.0,-1.0,128.0,1766454333.0,SAADL,False
25418620,25418619.0,5.0,4669.8,5612.6,1503.0,-1.0,128.0,1766454333.0,SAADL,False
25453897,25453898.0,5.0,2805.95,3491.55,1503.0,-1.0,128.0,1766454333.0,SAADL,False
v_25525959_1503,v_25525959_1503,,1513.331,3073.66,1503.0,,,,SAADL,True
25420014,25420013.0,5.0,4199.0,5681.0,1503.0,-1.0,128.0,1765405663.0,SAADR,False
25422235,25422234.0,5.0,6971.0,3386.0,1503.0,-1.0,128.0,1765405663.0,SAADR,False
25418649,v_25418649_1502,5.0,5115.8,5994.6,1503.0,-1.0,128.0,1766454333.0,SAADL,False
25420030,25420031.0,5.0,3675.0,6065.0,1503.0,-1.0,128.0,1765405663.0,SAADR,False
25418648,25418649.0,5.0,5087.8,5968.6,1504.0,-1.0,128.0,1766454333.0,SAADL,False
25418619,25418618.0,5.0,4687.8,5610.6,1504.0,-1.0,128.0,1766454333.0,SAADL,False
25420029,25420030.0,5.0,3703.0,6077.0,1504.0,-1.0,128.0,1765405663.0,SAADR,False
25420013,25420012.0,5.0,4187.0,5697.0,1504.0,-1.0,128.0,1765405663.0,SAADR,False
25422236,25422235.0,5.0,6991.0,3370.0,1504.0,-1.0,128.0,1765405663.0,SAADR,False
25525959,v_25525959_1502,5.0,1514.15,3082.6,1504.0,-1.0,128.0,1767978159.0,SAADL,False
25453898,25453899.0,5.0,2847.95,3375.55,1504.0,-1.0,128.0,1766454333.0,SAADL,False
25420028,25420029.0,5.0,3705.0,6065.0,1505.0,-1.0,128.0,1765405663.0,SAADR,False
25422237,25422236.0,5.0,7023.0,3366.0,1505.0,-1.0,128.0,1765405663.0,SAADR,False
25420012,25420011.0,5.0,4201.0,5697.0,1505.0,-1.0,128.0,1765405663.0,SAADR,False
25525960,25525959.0,5.0,1514.055,3083.9,1505.0,-1.0,128.0,1765390588.0,SAADL,False
25453899,25453900.0,5.0,2813.95,3315.55,1505.0,-1.0,128.0,1766454333.0,SAADL,False
25418618,25418617.0,5.0,4703.8,5612.6,1505.0,-1.0,128.0,1766454333.0,SAADL,False
v_25418647_1505,25418648.0,,5071.3,5943.1,1505.0,,,,SAADL,True
25418617,25559111.0,5.0,4753.8,5588.6,1506.0,-1.0,128.0,1771732149.0,SAADL,False
25453900,25453901.0,5.0,2787.95,3189.55,1506.0,-1.0,128.0,1766454333.0,SAADL,False
25418647,v_25418647_1505,5.0,5065.8,5934.6,1506.0,-1.0,128.0,1766454333.0,SAADL,False
25529964,25525960.0,5.0,1523.95,3105.55,1506.0,-1.0,99.0,1766454323.0,SAADL,False
25420010,25420028.0,5.0,3794.0,6014.0,1506.0,-1.0,128.0,1765405663.0,SAADR,False
25420011,25420009.0,5.0,4138.0,5742.0,1506.0,-1.0,128.0,1765405663.0,SAADR,False
25559111,25418616.0,5.0,4769.8,5608.6,1507.0,-1.0,128.0,1771732149.0,SAADL,False
25529965,25529964.0,5.0,1544.15,3106.6,1507.0,-1.0,99.0,1767978285.0,SAADL,False
25420009,25420010.0,5.0,4098.0,5774.0,1507.0,-1.0,128.0,1765405663.0,SAADR,False
v_25418646_1507,25418647.0,,5065.8,5934.6,1507.0,,,,SAADL,True
25453901,25453902.0,5.0,2753.95,3169.55,1507.0,-1.0,128.0,1766454333.0,SAADL,False
25420008,25420009.0,5.0,4098.0,5770.0,1508.0,-1.0,128.0,1765405663.0,SAADR,False
25453902,25453903.0,5.0,2635.95,3099.55,1508.0,-1.0,128.0,1766454333.0,SAADL,False
25529966,25529965.0,5.0,1528.15,3152.6,1508.0,-1.0,99.0,1767977586.0,SAADL,False
25418616,25558637.0,5.0,4785.8,5628.6,1508.0,-1.0,128.0,1771619213.0,SAADL,False
25418646,v_25418646_1507,5.0,5065.8,5934.6,1508.0,-1.0,128.0,1766454333.0,SAADL,False
25420007,25420008.0,5.0,4074.0,5782.0,1509.0,-1.0,128.0,1765405663.0,SAADR,False
v_25418645_1509,25418646.0,,5052.3,5898.6,1509.0,,,,SAADL,True
25558637,25418615.0,5.0,4793.8,5632.6,1509.0,-1.0,128.0,1771619213.0,SAADL,False
25529967,25529966.0,5.0,1530.15,3182.6,1509.0,-1.0,99.0,1767977597.0,SAADL,False
25453903,25453904.0,5.0,2577.95,3099.55,1509.0,-1.0,128.0,1766454333.0,SAADL,False
25529968,25529967.0,5.0,1518.15,3146.6,1510.0,-1.0,99.0,1767977605.0,SAADL,False
25453904,25453905.0,5.0,2527.95,3131.55,1510.0,-1.0,128.0,1766454333.0,SAADL,False
25418645,v_25418645_1509,5.0,5047.8,5886.6,1510.0,-1.0,128.0,1766454333.0,SAADL,False
25418615,25418614.0,5.0,4801.8,5636.6,1510.0,-1.0,128.0,1766454333.0,SAADL,False
25420006,25420007.0,5.0,4070.0,5786.0,1510.0,-1.0,128.0,1765405663.0,SAADR,False
25529963,25529968.0,5.0,1516.15,3200.6,1511.0,-1.0,99.0,1767977607.0,SAADL,False
25420005,25420006.0,5.0,4090.0,5766.0,1511.0,-1.0,128.0,1765405663.0,SAADR,False
25418614,v_25418614_1512,5.0,4797.8,5658.6,1511.0,-1.0,128.0,1766454333.0,SAADL,False
25453905,25453906.0,5.0,2469.95,3143.55,1511.0,-1.0,128.0,1766454333.0,SAADL,False
25418644,25418645.0,5.0,5041.8,5862.6,1511.0,-1.0,128.0,1766454333.0,SAADL,False
25453906,25453907.0,5.0,2451.95,3157.55,1512.0,-1.0,128.0,1766454333.0,SAADL,False
25529962,25529963.0,5.0,1526.15,3226.6,1512.0,-1.0,99.0,1767977749.0,SAADL,False
v_25418643_1512,25418644.0,,5037.3,5840.1,1512.0,,,,SAADL,True
25420004,25420005.0,5.0,4082.0,5758.0,1512.0,-1.0,128.0,1765405663.0,SAADR,False
v_25418614_1512,25418613.0,,4797.8,5658.6,1512.0,,,,SAADL,True
25420003,25420004.0,5.0,4086.0,5758.0,1513.0,-1.0,128.0,1765405663.0,SAADR,False
25418613,25418612.0,5.0,4797.8,5658.6,1513.0,-1.0,128.0,1766454333.0,SAADL,False
25453907,25453908.0,5.0,2421.95,3173.55,1513.0,-1.0,128.0,1766454333.0,SAADL,False
25418643,v_25418643_1512,5.0,5035.8,5832.6,1513.0,-1.0,128.0,1766454333.0,SAADL,False
25529961,25529962.0,5.0,1536.15,3248.6,1513.0,-1.0,99.0,1767978210.0,SAADL,False
25418612,25418611.0,5.0,4797.8,5658.6,1514.0,-1.0,128.0,1766454333.0,SAADL,False
25453908,25453909.0,5.0,2373.95,3189.55,1514.0,-1.0,128.0,1766454333.0,SAADL,False
v_25418642_1514,25418643.0,,5035.8,5822.1,1514.0,,,,SAADL,True
25420002,25420003.0,5.0,4094.0,5750.0,1514.0,-1.0,128.0,1765405663.0,SAADR,False
25529960,25529961.0,3.0,1536.15,3222.6,1514.0,-1.0,99.0,1767978213.0,SAADL,False
25529959,25529960.0,5.0,1528.15,3226.6,1515.0,-1.0,99.0,1767978215.0,SAADL,False
25418642,v_25418642_1514,5.0,5035.8,5818.6,1515.0,-1.0,128.0,1766454333.0,SAADL,False
25420001,25420002.0,5.0,4106.0,5738.0,1515.0,-1.0,128.0,1765405663.0,SAADR,False
25418611,25418610.0,5.0,4797.8,5658.6,1515.0,-1.0,128.0,1766454333.0,SAADL,False
25453909,25453910.0,5.0,2355.95,3207.55,1515.0,-1.0,128.0,1766454333.0,SAADL,False
25529958,25529959.0,5.0,1520.15,3256.6,1516.0,-1.0,99.0,1767978218.0,SAADL,False
25453910,25453911.0,5.0,2335.185,3223.68,1516.0,-1.0,128.0,1766454333.0,SAADL,False
25418610,25418609.0,5.0,4807.8,5660.6,1516.0,-1.0,128.0,1766454333.0,SAADL,False
25420000,25420001.0,5.0,4114.0,5734.0,1516.0,-1.0,128.0,1765405663.0,SAADR,False
25418641,25418642.0,5.0,5025.8,5806.6,1516.0,-1.0,128.0,1766454333.0,SAADL,False
25418609,25418608.0,5.0,4825.8,5658.6,1517.0,-1.0,128.0,1766454333.0,SAADL,False
25453911,25453912.0,5.0,2319.95,3235.55,1517.0,-1.0,128.0,1766454333.0,SAADL,False
25419999,25420000.0,5.0,4106.0,5718.0,1517.0,-1.0,128.0,1765405663.0,SAADR,False
25529957,25529958.0,5.0,1526.15,3256.6,1517.0,-1.0,99.0,1767978238.0,SAADL,False
25535860,25535859.0,5.0,1582.15,3428.6,1517.0,-1.0,99.0,1767978258.0,SAADL,False
25418640,25418641.0,5.0,5025.8,5780.6,1517.0,-1.0,128.0,1766454333.0,SAADL,False
25419998,25419999.0,5.0,4102.0,5710.0,1518.0,-1.0,128.0,1765405663.0,SAADR,False
25529956,25529957.0,5.0,1524.15,3270.6,1518.0,-1.0,99.0,1767978240.0,SAADL,False
25535859,25535858.0,5.0,1584.15,3426.6,1518.0,-1.0,99.0,1767978257.0,SAADL,False
25418608,25418607.0,5.0,4825.8,5658.6,1518.0,-1.0,128.0,1766454333.0,SAADL,False
25453912,25453913.0,5.0,2301.95,3259.55,1518.0,-1.0,128.0,1766454333.0,SAADL,False
25418639,25418640.0,5.0,5031.8,5764.6,1518.0,-1.0,128.0,1766454333.0,SAADL,False
25418638,25418639.0,5.0,5011.8,5756.6,1519.0,-1.0,128.0,1766454333.0,SAADL,False
25418607,25418606.0,5.0,4831.8,5664.6,1519.0,-1.0,128.0,1766454333.0,SAADL,False
25453913,25453914.0,5.0,2279.95,3291.55,1519.0,-1.0,128.0,1766454333.0,SAADL,False
25535858,25535857.0,5.0,1590.15,3408.6,1519.0,-1.0,99.0,1767978256.0,SAADL,False
25419997,25419998.0,5.0,4114.0,5698.0,1519.0,-1.0,128.0,1765405663.0,SAADR,False
25529955,25529956.0,5.0,1528.15,3278.6,1519.0,-1.0,99.0,1767978242.0,SAADL,False
25453914,25453915.0,5.0,2257.95,3287.55,1520.0,-1.0,128.0,1766454333.0,SAADL,False
25419996,25419997.0,5.0,4122.0,5690.0,1520.0,-1.0,128.0,1765405663.0,SAADR,False
25535857,25529953.0,5.0,1590.15,3408.6,1520.0,-1.0,99.0,1767978255.0,SAADL,False
25529954,25529955.0,5.0,1530.15,3314.6,1520.0,-1.0,99.0,1767978245.0,SAADL,False
25418606,25418638.0,5.0,4831.8,5664.6,1520.0,-1.0,128.0,1766454333.0,SAADL,False
25419995,25419996.0,5.0,4122.0,5682.0,1521.0,-1.0,128.0,1765405663.0,SAADR,False
25529953,25529954.0,5.0,1583.95,3411.55,1521.0,-1.0,99.0,1766454333.0,SAADL,False
25418605,25418606.0,5.0,4837.8,5664.6,1521.0,-1.0,128.0,1766454333.0,SAADL,False
25453915,25481216.0,5.0,2271.95,3291.55,1521.0,-1.0,128.0,1766454333.0,SAADL,False
25418604,25418605.0,5.0,4793.8,5622.6,1522.0,-1.0,128.0,1766454333.0,SAADL,False
25419994,25419995.0,5.0,4130.0,5678.0,1522.0,-1.0,128.0,1765405663.0,SAADR,False
25529952,25529953.0,5.0,1685.95,3411.55,1522.0,-1.0,99.0,1766454333.0,SAADL,False
25481216,25529952.0,5.0,2079.95,3401.55,1522.0,-1.0,128.0,1766454333.0,SAADL,False
25418601,25418599.0,5.0,4811.8,4858.615,1523.0,-1.0,128.0,1766454333.0,SAADL,False
25481218,25481216.0,5.0,2047.95,3413.55,1523.0,-1.0,128.0,1766454333.0,SAADL,False
25418602,25418600.0,5.0,4791.8,5262.6,1523.0,-1.0,128.0,1766454333.0,SAADL,False
25418603,25418604.0,5.0,4785.8,5560.6,1523.0,-1.0,128.0,1766454333.0,SAADL,False
25419993,25419994.0,5.0,4118.0,5690.0,1523.0,-1.0,128.0,1765405663.0,SAADR,False
25418600,25418603.0,5.0,4785.8,5348.6,1524.0,-1.0,128.0,1766454333.0,SAADL,False
25481219,25481218.0,5.0,1799.95,3411.55,1524.0,-1.0,128.0,1766454333.0,SAADL,False
25418599,25418598.0,5.0,4829.8,4884.615,1524.0,-1.0,128.0,1766454333.0,SAADL,False
v_25419992_1524,25419993.0,,4127.0,5693.0,1524.0,,,,SAADR,True
25421134,25421133.0,5.0,4018.0,4923.0,1525.0,-1.0,128.0,1765405663.0,SAADR,False
25419992,v_25419992_1524,5.0,4130.0,5694.0,1525.0,-1.0,128.0,1765405663.0,SAADR,False
25418598,25418600.0,5.0,4837.8,5044.6,1525.0,-1.0,128.0,1766454333.0,SAADL,False
25481220,25481219.0,5.0,1713.95,3449.55,1525.0,-1.0,128.0,1766454333.0,SAADL,False
25419991,25419992.0,5.0,4102.0,5682.0,1526.0,-1.0,128.0,1765405663.0,SAADR,False
25481221,25481220.0,5.0,1711.95,3445.55,1526.0,-1.0,128.0,1766454333.0,SAADL,False
25421133,25421132.0,5.0,4040.0,4911.0,1526.0,-1.0,128.0,1765405663.0,SAADR,False
25418597,25418598.0,5.0,4855.8,4998.615,1526.0,-1.0,128.0,1766454333.0,SAADL,False
25481222,25481221.0,5.0,1745.95,3439.55,1527.0,-1.0,128.0,1766454333.0,SAADL,False
25419990,25419991.0,5.0,4138.0,5694.0,1527.0,-1.0,128.0,1765405663.0,SAADR,False
25421132,25421131.0,5.0,4066.0,4899.0,1527.0,-1.0,128.0,1765405663.0,SAADR,False
v_25418596_1527,25418597.0,,4845.3,5009.10375,1527.0,,,,SAADL,True
25421131,25421130.0,5.0,4092.0,4907.0,1528.0,-1.0,128.0,1765405663.0,SAADR,False
25419989,25419990.0,5.0,4150.0,5698.0,1528.0,-1.0,128.0,1765405663.0,SAADR,False
25418596,v_25418596_1527,5.0,4841.8,5012.6,1528.0,-1.0,128.0,1766454333.0,SAADL,False
25481223,25481222.0,5.0,1739.95,3441.55,1528.0,-1.0,128.0,1766454333.0,SAADL,False
25421130,25421129.0,5.0,4098.0,5031.0,1529.0,-1.0,128.0,1765405663.0,SAADR,False
v_25418595_1529,25418596.0,,4861.0,4979.009,1529.0,,,,SAADL,True
25419988,25419989.0,5.0,4198.0,5698.0,1529.0,-1.0,128.0,1765405663.0,SAADR,False
25419987,25419988.0,5.0,4202.0,5678.0,1530.0,-1.0,128.0,1765405663.0,SAADR,False
25421129,25421128.0,5.0,4090.0,5053.0,1530.0,-1.0,128.0,1765405663.0,SAADR,False
v_25418595_1530,v_25418595_1530,,4867.400000000001,4967.812,1530.0,,,,SAADL,True
25418595,v_25418595_1529,5.0,4873.8,4956.615,1531.0,-1.0,128.0,1766454333.0,SAADL,False
25421128,25421127.0,5.0,4082.0,5083.0,1531.0,-1.0,128.0,1765405663.0,SAADR,False
25419986,25419987.0,5.0,4194.0,5654.0,1531.0,-1.0,128.0,1765405663.0,SAADR,False
25557470,25418595.0,5.0,4888.8,4952.615,1532.0,-1.0,128.0,1771215224.0,SAADL,False
25421127,25419983.0,5.0,4074.0,5101.0,1532.0,-1.0,128.0,1765405663.0,SAADR,False
25419985,25419986.0,5.0,4210.0,5646.0,1532.0,-1.0,128.0,1765405663.0,SAADR,False
25419984,25419985.0,5.0,4194.0,5626.0,1533.0,-1.0,128.0,1765405663.0,SAADR,False
25418594,25557470.0,5.0,4903.8,4948.615,1533.0,-1.0,128.0,1771215224.0,SAADL,False
25419983,25419982.0,5.0,4078.0,5126.0,1533.0,-1.0,128.0,1765405663.0,SAADR,False
v_25418593_1534,25418594.0,,4995.4875,4912.3075,1534.0,,,,SAADL,True
25419982,25419984.0,5.0,4250.0,5274.0,1534.0,-1.0,128.0,1765405663.0,SAADR,False
25419981,25419982.0,5.0,4218.0,5286.0,1535.0,-1.0,128.0,1765405663.0,SAADR,False
25418593,v_25418593_1534,5.0,5026.05,4900.205,1535.0,-1.0,128.0,1771732048.0,SAADL,False
25419980,25419981.0,5.0,4162.0,5246.0,1536.0,-1.0,128.0,1765405663.0,SAADR,False
v_25418376_1536,25418593.0,,5062.11,4887.251,1536.0,,,,SAADL,True
v_25418376_1537,v_25418376_1537,,5074.13,4882.933,1537.0,,,,SAADL,True
25419979,25419980.0,5.0,4138.0,5178.0,1537.0,-1.0,128.0,1765405663.0,SAADR,False
25419978,25419979.0,5.0,4130.0,5182.0,1538.0,-1.0,128.0,1765405663.0,SAADR,False
25418376,v_25418376_1536,5.0,5086.15,4878.615,1538.0,-1.0,128.0,1766454333.0,SAADL,False
25419977,25419978.0,5.0,4086.0,5122.0,1539.0,-1.0,128.0,1765405663.0,SAADR,False
v_25558645_1539,25418376.0,,5086.15,4878.615,1539.0,,,,SAADL,True
v_25419976_1540,25419977.0,,4068.0,5134.0,1540.0,,,,SAADR,True
25558645,v_25558645_1539,5.0,5086.15,4878.615,1540.0,-1.0,128.0,1771619256.0,SAADL,False
25418375,25558645.0,5.0,5086.15,4878.615,1541.0,-1.0,128.0,1771619256.0,SAADL,False
25419976,v_25419976_1540,5.0,4062.0,5138.0,1541.0,-1.0,128.0,1765405663.0,SAADR,False
25419975,25419976.0,5.0,4064.0,5096.0,1542.0,-1.0,128.0,1765405663.0,SAADR,False
v_25418371_1542,25418375.0,,5082.94,4879.416,1542.0,,,,SAADL,True
v_25418371_1543,v_25418371_1543,,5081.87,4879.683,1543.0,,,,SAADL,True
v_25419974_1543,25419975.0,,4064.0,5090.0,1543.0,,,,SAADR,True
25418371,v_25418371_1542,5.0,5080.8,4879.95,1544.0,-1.0,128.0,1766454333.0,SAADL,False
25419974,v_25419974_1543,5.0,4064.0,5088.0,1544.0,-1.0,128.0,1765405663.0,SAADR,False
25418374,25418371.0,5.0,5080.15,4870.615,1545.0,822.0,128.0,1766454333.0,SAADL,False
25557576,25419974.0,5.0,4064.0,5088.0,1545.0,-1.0,128.0,1771216877.0,SAADR,False
25419973,25557576.0,5.0,4064.0,5088.0,1546.0,-1.0,128.0,1771216877.0,SAADR,False
v_25418370_1546,25418374.0,,5079.1375,4856.61625,1546.0,,,,SAADL,True
25418370,v_25418370_1546,5.0,5078.8,4851.95,1547.0,822.0,128.0,1766454333.0,SAADL,False
v_25419972_1547,25419973.0,,4052.0,5124.0,1547.0,,,,SAADR,True
25419972,v_25419972_1547,5.0,4048.0,5136.0,1548.0,-1.0,128.0,1765405663.0,SAADR,False
25421137,25418370.0,5.0,5070.05,4897.815,1548.0,822.0,128.0,1766454333.0,SAADL,False
v_25418373_1549,25421137.0,,5077.7,4893.495,1549.0,,,,SAADL,True
v_25419971_1549,25419972.0,,4006.0,5124.0,1549.0,,,,SAADR,True
25419971,v_25419971_1549,5.0,3992.0,5120.0,1550.0,-1.0,128.0,1765405663.0,SAADR,False
v_25418373_1550,v_25418373_1550,,5080.25,4892.054999999999,1550.0,,,,SAADL,True
25418373,v_25418373_1549,5.0,5082.8,4890.615,1551.0,822.0,128.0,1766454333.0,SAADL,False
v_25419970_1551,25419971.0,,3968.0,5108.0,1551.0,,,,SAADR,True
25559103,25418373.0,5.0,5083.8,4900.285,1552.0,410.0,128.0,1771731997.0,SAADL,False
25419970,v_25419970_1551,5.0,3960.0,5104.0,1552.0,-1.0,128.0,1765405663.0,SAADR,False
v_25419967_1553,25419970.0,,3962.4,5125.6,1553.0,,,,SAADR,True
25418368,25559103.0,5.0,5084.8,4909.95,1553.0,-1.0,128.0,1771731997.0,SAADL,False
v_25419967_1554,v_25419967_1554,,3963.2,5132.8,1554.0,,,,SAADR,True
v_25526726_1554,25418368.0,,5064.587500000001,4910.39625,1554.0,,,,SAADL,True
25526726,v_25526726_1554,5.0,5057.85,4910.545,1555.0,-1.0,128.0,1766454333.0,SAADL,False
25419967,v_25419967_1553,5.0,3964.0,5140.0,1555.0,-1.0,128.0,1765405663.0,SAADR,False
25419966,25419967.0,5.0,3956.0,5196.0,1556.0,-1.0,128.0,1765405663.0,SAADR,False
25418372,25526726.0,5.0,5082.8,4911.95,1556.0,-1.0,128.0,1766454333.0,SAADL,False
v_25419965_1557,25419966.0,,3932.0,5202.0,1557.0,,,,SAADR,True
25419896,25418372.0,5.0,5071.8,4926.6,1557.0,-1.0,128.0,1766454333.0,SAADL,False
25419965,v_25419965_1557,5.0,3924.0,5204.0,1558.0,-1.0,128.0,1765405663.0,SAADR,False
25419897,25419896.0,5.0,5207.8,4950.6,1558.0,-1.0,128.0,1766454333.0,SAADL,False
v_25419959_1559,25419965.0,,3912.0,5192.0,1559.0,,,,SAADR,True
v_25419898_1559,25419897.0,,5207.8,4950.6,1559.0,,,,SAADL,True
25419898,v_25419898_1559,5.0,5207.8,4950.6,1560.0,-1.0,128.0,1766454333.0,SAADL,False
v_25419959_1560,v_25419959_1561,,3908.0,5188.0,1560.0,,,,SAADR,True
v_25419959_1561,v_25419959_1560,,3904.0,5184.0,1561.0,,,,SAADR,True
25419899,25419898.0,5.0,5247.8,5014.6,1561.0,-1.0,128.0,1766454333.0,SAADL,False
25419900,25419899.0,5.0,5247.8,5014.6,1562.0,-1.0,128.0,1766454333.0,SAADL,False
25419959,v_25419959_1559,5.0,3900.0,5180.0,1562.0,-1.0,128.0,1765405663.0,SAADR,False
25419901,25419900.0,5.0,5281.95,5058.55,1563.0,-1.0,128.0,1766454333.0,SAADL,False
25419968,25419959.0,5.0,3892.0,5182.65,1563.0,722.0,128.0,1765405663.0,SAADR,False
25419902,25419901.0,5.0,5271.8,5078.6,1564.0,-1.0,128.0,1766454333.0,SAADL,False
v_25419960_1564,25419968.0,,3880.0,5186.6625,1564.0,,,,SAADR,True
25419960,v_25419960_1564,5.0,3876.0,5188.0,1565.0,722.0,128.0,1765405663.0,SAADR,False
25419903,25419902.0,5.0,5287.8,5158.6,1565.0,-1.0,128.0,1766454333.0,SAADL,False
25419904,25419903.0,5.0,5287.8,5158.6,1566.0,-1.0,128.0,1766454333.0,SAADL,False
v_25419961_1566,25419960.0,,3834.738,5199.16,1566.0,,,,SAADR,True
v_25419961_1567,v_25419961_1567,,3820.984,5202.88,1567.0,,,,SAADR,True
v_25419905_1567,25419904.0,,5317.3875,5212.6,1567.0,,,,SAADL,True
25419905,v_25419905_1567,5.0,5327.25,5230.6,1568.0,-1.0,128.0,1766454333.0,SAADL,False
25419961,v_25419961_1566,5.0,3807.23,5206.6,1568.0,722.0,128.0,1765478017.0,SAADR,False
v_25419906_1569,25419905.0,,5351.58,5254.6,1569.0,,,,SAADL,True
v_25419969_1569,25419961.0,,3852.8075,5198.65,1569.0,,,,SAADR,True
v_25419906_1570,v_25419906_1570,,5359.6900000000005,5262.6,1570.0,,,,SAADL,True
25419969,v_25419969_1569,5.0,3868.0,5196.0,1570.0,722.0,128.0,1765405663.0,SAADR,False
v_25419962_1571,25419969.0,,3862.0,5226.0,1571.0,,,,SAADR,True
25419906,v_25419906_1569,5.0,5367.8,5270.6,1571.0,-1.0,128.0,1766454333.0,SAADL,False
25419962,v_25419962_1571,5.0,3860.0,5236.0,1572.0,-1.0,128.0,1765405663.0,SAADR,False
v_25419907_1572,25419906.0,,5373.8,5324.6,1572.0,,,,SAADL,True
25419907,v_25419907_1572,5.0,5375.8,5342.6,1573.0,-1.0,128.0,1766454333.0,SAADL,False
v_25510966_1573,25419962.0,,3846.2,5249.65,1573.0,,,,SAADR,True
v_25510966_1574,v_25510966_1574,,3841.6,5254.2,1574.0,,,,SAADR,True
25419908,25419907.0,5.0,5403.8,5418.6,1574.0,-1.0,128.0,1766454333.0,SAADL,False
25510966,v_25510966_1573,5.0,3837.0,5258.75,1575.0,-1.0,128.0,1765405663.0,SAADR,False
25419909,25419908.0,5.0,5419.8,5470.6,1575.0,-1.0,128.0,1766454333.0,SAADL,False
25510965,25510966.0,5.0,3829.0,5264.75,1576.0,-1.0,128.0,1765405663.0,SAADR,False
25419910,25419909.0,5.0,5463.8,5526.6,1576.0,-1.0,128.0,1766454333.0,SAADL,False
25510964,25510965.0,5.0,3825.0,5274.75,1577.0,-1.0,128.0,1765405663.0,SAADR,False
25419911,25419910.0,5.0,5451.8,5530.6,1577.0,-1.0,128.0,1766454333.0,SAADL,False
25510963,25510964.0,5.0,3765.0,5508.75,1578.0,-1.0,128.0,1765405663.0,SAADR,False
v_25419912_1578,25419911.0,,5451.8,5566.6,1578.0,,,,SAADL,True
v_25510962_1579,25510963.0,,3762.0,5534.25,1579.0,,,,SAADR,True
25419912,v_25419912_1578,5.0,5451.8,5578.6,1579.0,-1.0,128.0,1766454333.0,SAADL,False
25419913,25419912.0,5.0,5439.8,5646.6,1580.0,-1.0,128.0,1766454333.0,SAADL,False
25510962,v_25510962_1579,5.0,3761.0,5542.75,1580.0,-1.0,128.0,1765405663.0,SAADR,False
25419914,25419913.0,5.0,5415.8,5702.6,1581.0,-1.0,128.0,1766454333.0,SAADL,False
v_25510961_1581,25510962.0,,3738.5,5575.75,1581.0,,,,SAADR,True
25510961,v_25510961_1581,5.0,3731.0,5586.75,1582.0,-1.0,128.0,1765405663.0,SAADR,False
25419915,25419914.0,5.0,5439.8,5714.6,1582.0,-1.0,128.0,1766454333.0,SAADL,False
25419916,25419915.0,5.0,5427.8,5754.6,1583.0,-1.0,128.0,1766454333.0,SAADL,False
v_25510960_1583,25510961.0,,3743.0,5696.25,1583.0,,,,SAADR,True
25510960,v_25510960_1583,5.0,3747.0,5732.75,1584.0,-1.0,128.0,1765405663.0,SAADR,False
v_25419917_1584,25419916.0,,5427.8,5766.6,1584.0,,,,SAADL,True
25558619,25510960.0,5.0,3754.0,5774.75,1585.0,-1.0,128.0,1771609454.0,SAADR,False
25419917,v_25419917_1584,5.0,5427.8,5770.6,1585.0,-1.0,128.0,1766454333.0,SAADL,False
25419918,25419917.0,5.0,5427.8,5814.6,1586.0,-1.0,128.0,1766454333.0,SAADL,False
25510959,25558619.0,5.0,3761.0,5816.75,1586.0,-1.0,128.0,1771609454.0,SAADR,False
25419919,25419918.0,5.0,5423.8,5838.6,1587.0,-1.0,128.0,1766454333.0,SAADL,False
v_25510958_1587,25510959.0,,3758.0,5867.75,1587.0,,,,SAADR,True
25510958,v_25510958_1587,5.0,3757.0,5884.75,1588.0,-1.0,128.0,1765405663.0,SAADR,False
25419920,25419919.0,5.0,5439.8,5842.6,1588.0,-1.0,128.0,1766454333.0,SAADL,False
v_25510957_1589,25510958.0,,3758.5,5956.75,1589.0,,,,SAADR,True
25419921,25419920.0,5.0,5437.0,5892.5,1589.0,-1.0,128.0,1767419597.0,SAADL,False
25510957,v_25510957_1589,5.0,3759.0,5980.75,1590.0,-1.0,128.0,1765405663.0,SAADR,False
25419922,25419921.0,5.0,5427.8,5910.6,1590.0,-1.0,128.0,1766454333.0,SAADL,False
25510956,25510957.0,5.0,3759.0,6008.75,1591.0,-1.0,128.0,1765405663.0,SAADR,False
25419923,25419922.0,5.0,5447.8,5946.6,1591.0,-1.0,128.0,1766454333.0,SAADL,False
25510955,25510956.0,5.0,3737.0,6064.75,1592.0,-1.0,128.0,1765405663.0,SAADR,False
25419924,25419923.0,5.0,5453.8,5970.6,1592.0,-1.0,128.0,1766454333.0,SAADL,False
25419925,25419924.0,5.0,5463.8,6000.6,1593.0,-1.0,128.0,1766454333.0,SAADL,False
v_25510954_1593,25510955.0,,3752.0,6090.25,1593.0,,,,SAADR,True
25419926,25419925.0,5.0,5479.8,6004.6,1594.0,-1.0,128.0,1766454333.0,SAADL,False
25510954,v_25510954_1593,5.0,3757.0,6098.75,1594.0,-1.0,128.0,1765405663.0,SAADR,False
v_25510953_1595,25510954.0,,3764.5,6178.25,1595.0,,,,SAADR,True
25419927,25419926.0,5.0,5487.8,6050.6,1595.0,-1.0,128.0,1766454333.0,SAADL,False
25510953,v_25510953_1595,5.0,3767.0,6204.75,1596.0,-1.0,128.0,1765405663.0,SAADR,False
25419928,25419927.0,5.0,5485.8,6068.6,1596.0,-1.0,128.0,1766454333.0,SAADL,False
v_25510952_1597,25510953.0,,3767.0,6248.25,1597.0,,,,SAADR,True
25419929,25419928.0,5.0,5485.8,6154.6,1597.0,-1.0,128.0,1766454333.0,SAADL,False
25419930,25419929.0,5.0,5483.8,6180.6,1598.0,-1.0,128.0,1766454333.0,SAADL,False
25510952,v_25510952_1597,5.0,3767.0,6262.75,1598.0,-1.0,128.0,1765405663.0,SAADR,False
25419931,25419930.0,5.0,5453.8,6212.6,1599.0,-1.0,128.0,1766454333.0,SAADL,False
25510951,25510952.0,5.0,3763.0,6340.75,1599.0,-1.0,128.0,1765405663.0,SAADR,False
25419932,25419931.0,5.0,5465.8,6244.6,1600.0,-1.0,128.0,1766454333.0,SAADL,False
v_25510950_1600,25510951.0,,3769.0,6363.25,1600.0,,,,SAADR,True
25419933,25419932.0,5.0,5505.8,6272.6,1601.0,-1.0,128.0,1766454333.0,SAADL,False
25510950,v_25510950_1600,5.0,3771.0,6370.75,1601.0,-1.0,128.0,1765405663.0,SAADR,False
25510949,25510950.0,5.0,3787.0,6394.75,1602.0,-1.0,128.0,1765405663.0,SAADR,False
25419934,25419933.0,5.0,5515.8,6302.6,1602.0,-1.0,128.0,1766454333.0,SAADL,False
25510948,25510949.0,5.0,3715.0,6442.75,1603.0,-1.0,128.0,1765405663.0,SAADR,False
25419935,25419934.0,5.0,5473.8,6368.6,1603.0,-1.0,128.0,1766454333.0,SAADL,False
25510947,25510948.0,5.0,3765.0,6544.75,1604.0,-1.0,128.0,1765405663.0,SAADR,False
25419936,25419935.0,5.0,5461.8,6372.6,1604.0,-1.0,128.0,1766454333.0,SAADL,False
25510946,25510947.0,5.0,3759.0,6542.75,1605.0,-1.0,128.0,1765405663.0,SAADR,False
v_25419937_1605,25419936.0,,5458.8,6384.6,1605.0,,,,SAADL,True
25419937,v_25419937_1605,5.0,5457.8,6388.6,1606.0,-1.0,128.0,1766454333.0,SAADL,False
25510945,25510946.0,5.0,3773.0,6596.75,1606.0,-1.0,128.0,1765405663.0,SAADR,False
v_25510944_1607,25510945.0,,3785.0,6611.75,1607.0,,,,SAADR,True
v_25419938_1607,25419937.0,,5454.8,6408.1,1607.0,,,,SAADL,True
25419938,v_25419938_1607,5.0,5453.8,6414.6,1608.0,-1.0,128.0,1766454333.0,SAADL,False
25510944,v_25510944_1607,5.0,3789.0,6616.75,1608.0,-1.0,128.0,1765405663.0,SAADR,False
25419939,25419938.0,5.0,5445.8,6414.6,1609.0,-1.0,128.0,1766454333.0,SAADL,False
25510943,25510944.0,5.0,3793.0,6664.75,1609.0,-1.0,128.0,1765405663.0,SAADR,False
v_25510942_1610,25510943.0,,3772.0,6697.75,1610.0,,,,SAADR,True
v_25419940_1610,25419939.0,,5445.8,6426.6,1610.0,,,,SAADL,True
25419940,v_25419940_1610,5.0,5445.8,6430.6,1611.0,-1.0,128.0,1766454333.0,SAADL,False
25510942,v_25510942_1610,5.0,3765.0,6708.75,1611.0,-1.0,128.0,1765405663.0,SAADR,False
v_25419941_1612,25419940.0,,5443.400000000001,6446.200000000001,1612.0,,,,SAADL,True
v_25510941_1612,25510942.0,,3763.5,6728.25,1612.0,,,,SAADR,True
v_25419941_1613,v_25419941_1613,,5442.6,6451.400000000001,1613.0,,,,SAADL,True
25510941,v_25510941_1612,5.0,3763.0,6734.75,1613.0,-1.0,128.0,1765405663.0,SAADR,False
v_25510940_1614,25510941.0,,3773.5,6751.25,1614.0,,,,SAADR,True
25419941,v_25419941_1612,5.0,5441.8,6456.6,1614.0,-1.0,128.0,1766454333.0,SAADL,False
25510940,v_25510940_1614,5.0,3777.0,6756.75,1615.0,-1.0,128.0,1765405663.0,SAADR,False
v_25419942_1615,25419941.0,,5441.8,6473.1,1615.0,,,,SAADL,True
25510939,25510940.0,5.0,3777.0,6772.75,1616.0,-1.0,128.0,1765405663.0,SAADR,False
25419942,v_25419942_1615,5.0,5441.8,6478.6,1616.0,-1.0,128.0,1766454333.0,SAADL,False
25510967,25510939.0,5.0,3767.0,6810.75,1617.0,-1.0,128.0,1765405663.0,SAADR,False
v_25419943_1617,25419942.0,,5428.085714285715,6494.885714285715,1617.0,,,,SAADL,True
v_25419943_1618,v_25419943_1620,,5423.5142857142855,6500.314285714286,1618.0,,,,SAADL,True
v_25510968_1618,25510967.0,,3776.0,6848.25,1618.0,,,,SAADR,True
25510968,v_25510968_1618,5.0,3779.0,6860.75,1619.0,-1.0,128.0,1765405663.0,SAADR,False
v_25419943_1619,v_25419943_1619,,5418.942857142857,6505.742857142857,1619.0,,,,SAADL,True
v_25419943_1620,v_25419943_1618,,5414.371428571429,6511.171428571429,1620.0,,,,SAADL,True
25510969,25510968.0,5.0,3791.0,6910.75,1620.0,-1.0,128.0,1765405663.0,SAADR,False
v_25510970_1621,25510969.0,,3843.5,6904.75,1621.0,,,,SAADR,True
25419943,v_25419943_1617,5.0,5409.8,6516.6,1621.0,-1.0,128.0,1766454333.0,SAADL,False
v_25419944_1622,25419943.0,,5391.8,6536.1,1622.0,,,,SAADL,True
25510970,v_25510970_1621,5.0,3861.0,6902.75,1622.0,-1.0,128.0,1765405663.0,SAADR,False
25419944,v_25419944_1622,5.0,5385.8,6542.6,1623.0,-1.0,128.0,1766454333.0,SAADL,False
v_25510971_1623,25510970.0,,3882.0,6904.25,1623.0,,,,SAADR,True
25510971,v_25510971_1623,5.0,3889.0,6904.75,1624.0,-1.0,128.0,1765405663.0,SAADR,False
25419945,25419944.0,5.0,5387.8,6552.6,1624.0,-1.0,128.0,1766454333.0,SAADL,False
v_25510972_1625,25510971.0,,3916.0,6922.75,1625.0,,,,SAADR,True
v_25419946_1625,25419945.0,,5389.3,6570.6,1625.0,,,,SAADL,True
25507333,25507332.0,5.0,5130.55,7122.2,1626.0,-1.0,128.0,1766454515.0,SAADL,False
25419946,v_25419946_1625,5.0,5389.8,6576.6,1626.0,-1.0,128.0,1766454333.0,SAADL,False
25510972,v_25510972_1625,5.0,3925.0,6928.75,1626.0,-1.0,128.0,1765405663.0,SAADR,False
25510973,25510972.0,5.0,3911.0,6928.75,1627.0,-1.0,128.0,1765405663.0,SAADR,False
25507332,v_25507332_1628,5.0,5149.0,7120.0,1627.0,-1.0,128.0,1766454515.0,SAADL,False
v_25419947_1627,25419946.0,,5389.8,6600.6,1627.0,,,,SAADL,True
25419947,v_25419947_1627,5.0,5389.8,6608.6,1628.0,-1.0,128.0,1766454333.0,SAADL,False
v_25510974_1628,25510973.0,,3908.0,6925.75,1628.0,,,,SAADR,True
v_25507332_1628,25507331.0,,5157.0,7119.0,1628.0,,,,SAADL,True
