node_id,parent_id,confidence,x,y,z,radius,creator_id,edition_time,cell_name,is_vnode
25530192,v_25530192_1294,5.0,2142.15,4069.61,1293.0,-1.0,128.0,1767376362.0,AUAR,False
25444405,25444406.0,5.0,6292.15,3846.6,1293.0,-1.0,128.0,1761080606.0,AUAL,False
25444406,v_25444406_1295,5.0,6328.15,3846.6,1294.0,-1.0,128.0,1761080606.0,AUAL,False
v_25530192_1294,v_25530192_1295,,2136.55,4068.41,1294.0,,,,AUAR,True
v_25530192_1295,v_25530192_1296,,2130.9500000000003,4067.21,1295.0,,,,AUAR,True
v_25444406_1295,v_25444406_1296,,6333.483333333333,3847.2666666666655,1295.0,,,,AUAL,True
v_25530192_1296,v_25530192_1297,,2125.35,4066.01,1296.0,,,,AUAR,True
v_25444406_1296,25444407.0,,6338.816666666667,3847.933333333333,1296.0,,,,AUAL,True
v_25530192_1297,25530191.0,,2119.75,4064.81,1297.0,,,,AUAR,True
25444407,v_25444407_1298,5.0,6344.15,3848.6,1297.0,-1.0,128.0,1761080606.0,AUAL,False
25530191,v_25530191_1299,5.0,2114.15,4063.61,1298.0,-1.0,128.0,1767376360.0,AUAR,False
v_25444407_1298,v_25444407_1299,,6352.15,3848.6,1298.0,,,,AUAL,True
v_25444407_1299,25444408.0,,6360.15,3848.6,1299.0,,,,AUAL,True
v_25530191_1299,v_25530191_1300,,2101.75,4067.61,1299.0,,,,AUAR,True
25444408,v_25444408_1301,5.0,6368.15,3848.6,1300.0,-1.0,128.0,1761080606.0,AUAL,False
v_25530191_1300,v_25530191_1301,,2089.35,4071.61,1300.0,,,,AUAR,True
v_25530191_1301,v_25530191_1302,,2076.9500000000003,4075.61,1301.0,,,,AUAR,True
v_25444408_1301,25444409.0,,6377.15,3847.6,1301.0,,,,AUAL,True
v_25530191_1302,25530190.0,,2064.55,4079.61,1302.0,,,,AUAR,True
25444409,v_25444409_1303,5.0,6386.15,3846.6,1302.0,-1.0,128.0,1761080606.0,AUAL,False
v_25444409_1303,25444410.0,,6401.15,3851.6,1303.0,,,,AUAL,True
25530190,v_25530190_1304,5.0,2052.15,4083.61,1303.0,-1.0,128.0,1767376359.0,AUAR,False
v_25530190_1304,v_25530190_1305,,2046.95,4085.61,1304.0,,,,AUAR,True
25444410,v_25444410_1305,5.0,6416.15,3856.6,1304.0,-1.0,128.0,1761080606.0,AUAL,False
v_25444410_1305,v_25444410_1306,,6422.15,3851.2666666666655,1305.0,,,,AUAL,True
v_25530190_1305,v_25530190_1306,,2041.75,4087.61,1305.0,,,,AUAR,True
v_25444410_1306,25444411.0,,6428.15,3845.933333333333,1306.0,,,,AUAL,True
v_25530190_1306,v_25530190_1307,,2036.55,4089.61,1306.0,,,,AUAR,True
25444411,v_25444411_1308,5.0,6434.15,3840.6,1307.0,-1.0,128.0,1761080606.0,AUAL,False
v_25530190_1307,25530189.0,,2031.35,4091.61,1307.0,,,,AUAR,True
v_25444411_1308,v_25444411_1309,,6440.15,3838.6,1308.0,,,,AUAL,True
25530189,v_25530189_1309,5.0,2026.15,4093.61,1308.0,-1.0,128.0,1767376357.0,AUAR,False
v_25530189_1309,v_25530189_1310,,2009.35,4094.41,1309.0,,,,AUAR,True
v_25444411_1309,25444412.0,,6446.15,3836.6,1309.0,,,,AUAL,True
25444412,v_25444412_1311,5.0,6452.15,3834.6,1310.0,-1.0,128.0,1761080606.0,AUAL,False
v_25530189_1310,v_25530189_1311,,1992.55,4095.21,1310.0,,,,AUAR,True
v_25530189_1311,v_25530189_1312,,1975.75,4096.01,1311.0,,,,AUAR,True
v_25444412_1311,v_25444412_1312,,6463.15,3843.1,1311.0,,,,AUAL,True
v_25444412_1312,v_25444412_1313,,6474.15,3851.6,1312.0,,,,AUAL,True
v_25530189_1312,25530188.0,,1958.95,4096.81,1312.0,,,,AUAR,True
v_25444412_1313,25444413.0,,6485.15,3860.1,1313.0,,,,AUAL,True
25530188,v_25530188_1314,5.0,1942.15,4097.61,1313.0,-1.0,128.0,1767376356.0,AUAR,False
v_25530188_1314,v_25530188_1315,,1938.8166666666668,4098.61,1314.0,,,,AUAR,True
25444413,v_25444413_1315,5.0,6496.15,3868.6,1314.0,-1.0,128.0,1761080606.0,AUAL,False
v_25444413_1315,v_25444413_1316,,6506.816666666667,3861.2666666666655,1315.0,,,,AUAL,True
v_25530188_1315,v_25530188_1316,,1935.483333333333,4099.61,1315.0,,,,AUAR,True
v_25530188_1316,v_25530188_1317,,1932.15,4100.61,1316.0,,,,AUAR,True
v_25444413_1316,25444414.0,,6517.483333333333,3853.933333333333,1316.0,,,,AUAL,True
25444414,v_25444414_1318,5.0,6528.15,3846.6,1317.0,-1.0,128.0,1761080606.0,AUAL,False
v_25530188_1317,v_25530188_1318,,1928.8166666666668,4101.61,1317.0,,,,AUAR,True
v_25530188_1318,25530187.0,,1925.483333333333,4102.61,1318.0,,,,AUAR,True
v_25444414_1318,v_25444414_1319,,6532.15,3846.6,1318.0,,,,AUAL,True
25530187,v_25530187_1320,5.0,1922.15,4103.61,1319.0,-1.0,128.0,1767376354.0,AUAR,False
v_25444414_1319,25444415.0,,6536.15,3846.6,1319.0,,,,AUAL,True
v_25530187_1320,v_25530187_1321,,1920.15,4106.81,1320.0,,,,AUAR,True
25444415,v_25444415_1321,5.0,6540.15,3846.6,1320.0,-1.0,128.0,1761080606.0,AUAL,False
v_25444415_1321,v_25444415_1322,,6548.816666666667,3845.2666666666655,1321.0,,,,AUAL,True
v_25530187_1321,v_25530187_1322,,1918.15,4110.009999999999,1321.0,,,,AUAR,True
v_25530187_1322,v_25530187_1323,,1916.15,4113.21,1322.0,,,,AUAR,True
v_25444415_1322,25444416.0,,6557.483333333333,3843.933333333333,1322.0,,,,AUAL,True
25444416,v_25444416_1324,5.0,6566.15,3842.6,1323.0,-1.0,128.0,1761080606.0,AUAL,False
v_25530187_1323,25530186.0,,1914.15,4116.41,1323.0,,,,AUAR,True
v_25444416_1324,v_25444416_1325,,6578.15,3839.2666666666655,1324.0,,,,AUAL,True
25530186,v_25530186_1325,5.0,1912.15,4119.61,1324.0,-1.0,128.0,1767376353.0,AUAR,False
v_25530186_1325,v_25530186_1326,,1914.15,4123.21,1325.0,,,,AUAR,True
v_25444416_1325,25444417.0,,6590.15,3835.933333333333,1325.0,,,,AUAL,True
25444417,v_25444417_1327,5.0,6602.15,3832.6,1326.0,-1.0,128.0,1761080606.0,AUAL,False
v_25530186_1326,v_25530186_1327,,1916.15,4126.81,1326.0,,,,AUAR,True
v_25530186_1327,v_25530186_1328,,1918.15,4130.41,1327.0,,,,AUAR,True
v_25444417_1327,v_25444417_1328,,6614.816666666667,3833.2666666666655,1327.0,,,,AUAL,True
v_25444417_1328,25444418.0,,6627.483333333333,3833.933333333333,1328.0,,,,AUAL,True
v_25530186_1328,25530185.0,,1920.15,4134.009999999999,1328.0,,,,AUAR,True
25530185,v_25530185_1330,5.0,1922.15,4137.61,1329.0,-1.0,128.0,1767376351.0,AUAR,False
25444418,v_25444418_1330,5.0,6640.15,3834.6,1329.0,-1.0,128.0,1761080606.0,AUAL,False
v_25444418_1330,v_25444418_1331,,6646.15,3830.6,1330.0,,,,AUAL,True
v_25530185_1330,v_25530185_1331,,1920.15,4143.21,1330.0,,,,AUAR,True
v_25444418_1331,25444419.0,,6652.15,3826.6,1331.0,,,,AUAL,True
v_25530185_1331,v_25530185_1332,,1918.15,4148.81,1331.0,,,,AUAR,True
v_25530185_1332,v_25530185_1333,,1916.15,4154.41,1332.0,,,,AUAR,True
25444419,v_25444419_1333,5.0,6658.15,3822.6,1332.0,-1.0,128.0,1761080606.0,AUAL,False
v_25530185_1333,25530184.0,,1914.15,4160.009999999999,1333.0,,,,AUAR,True
v_25444419_1333,v_25444419_1334,,6663.483333333333,3823.933333333333,1333.0,,,,AUAL,True
v_25444419_1334,25444420.0,,6668.816666666667,3825.2666666666655,1334.0,,,,AUAL,True
25530184,v_25530184_1335,5.0,1912.15,4165.61,1334.0,-1.0,128.0,1767376350.0,AUAR,False
v_25530184_1335,v_25530184_1336,,1902.15,4165.61,1335.0,,,,AUAR,True
25444420,v_25444420_1336,5.0,6674.15,3826.6,1335.0,-1.0,128.0,1761080606.0,AUAL,False
v_25530184_1336,v_25530184_1337,,1892.15,4165.61,1336.0,,,,AUAR,True
v_25444420_1336,v_25444420_1337,,6687.483333333333,3824.6,1336.0,,,,AUAL,True
v_25444420_1337,25444421.0,,6700.816666666667,3822.6,1337.0,,,,AUAL,True
v_25530184_1337,25530183.0,,1882.15,4165.61,1337.0,,,,AUAR,True
25444421,25444422.0,5.0,6714.15,3820.6,1338.0,-1.0,128.0,1761080606.0,AUAL,False
25530183,v_25530183_1339,5.0,1872.15,4165.61,1338.0,-1.0,128.0,1767376349.0,AUAR,False
v_25530183_1339,v_25530183_1340,,1870.95,4170.81,1339.0,,,,AUAR,True
25444422,v_25444422_1340,5.0,6728.15,3814.6,1339.0,-1.0,128.0,1761080606.0,AUAL,False
v_25530183_1340,v_25530183_1341,,1869.75,4176.009999999999,1340.0,,,,AUAR,True
v_25444422_1340,25444423.0,,6726.15,3814.6,1340.0,,,,AUAL,True
v_25530183_1341,v_25530183_1342,,1868.55,4181.21,1341.0,,,,AUAR,True
25444423,v_25444423_1342,5.0,6724.15,3814.6,1341.0,-1.0,128.0,1761080606.0,AUAL,False
v_25530183_1342,25530182.0,,1867.35,4186.41,1342.0,,,,AUAR,True
v_25444423_1342,25444424.0,,6724.15,3814.6,1342.0,,,,AUAL,True
25444424,v_25444424_1344,5.0,6724.15,3814.6,1343.0,-1.0,128.0,1761080606.0,AUAL,False
25530182,v_25530182_1344,5.0,1866.15,4191.61,1343.0,-1.0,128.0,1767376348.0,AUAR,False
v_25530182_1344,v_25530182_1345,,1870.55,4195.61,1344.0,,,,AUAR,True
v_25444424_1344,v_25444424_1345,,6724.15,3814.6,1344.0,,,,AUAL,True
v_25444424_1345,25444425.0,,6724.15,3814.6,1345.0,,,,AUAL,True
v_25530182_1345,v_25530182_1346,,1874.95,4199.61,1345.0,,,,AUAR,True
25444425,v_25444425_1347,5.0,6724.15,3814.6,1346.0,-1.0,128.0,1761080606.0,AUAL,False
v_25530182_1346,v_25530182_1347,,1879.35,4203.61,1346.0,,,,AUAR,True
v_25444425_1347,v_25444425_1348,,6733.483333333333,3811.2666666666655,1347.0,,,,AUAL,True
v_25530182_1347,25530181.0,,1883.75,4207.61,1347.0,,,,AUAR,True
25530181,v_25530181_1349,5.0,1888.15,4211.61,1348.0,-1.0,128.0,1767376346.0,AUAR,False
v_25444425_1348,25444426.0,,6742.816666666667,3807.933333333333,1348.0,,,,AUAL,True
v_25530181_1349,v_25530181_1350,,1888.55,4217.21,1349.0,,,,AUAR,True
25444426,v_25444426_1350,5.0,6752.15,3804.6,1349.0,-1.0,128.0,1761080606.0,AUAL,False
v_25530181_1350,v_25530181_1351,,1888.95,4222.81,1350.0,,,,AUAR,True
v_25444426_1350,v_25444426_1351,,6757.483333333333,3801.933333333333,1350.0,,,,AUAL,True
v_25530181_1351,v_25530181_1352,,1889.35,4228.41,1351.0,,,,AUAR,True
v_25444426_1351,25444427.0,,6762.816666666667,3799.2666666666655,1351.0,,,,AUAL,True
25444427,v_25444427_1353,5.0,6768.15,3796.6,1352.0,-1.0,128.0,1761080606.0,AUAL,False
v_25530181_1352,25530180.0,,1889.75,4234.009999999999,1352.0,,,,AUAR,True
v_25444427_1353,25444428.0,,6789.15,3790.6,1353.0,,,,AUAL,True
25530180,v_25530180_1354,5.0,1890.15,4239.61,1353.0,-1.0,128.0,1767376345.0,AUAR,False
25444428,v_25444428_1355,5.0,6810.15,3784.6,1354.0,-1.0,128.0,1761080606.0,AUAL,False
v_25530180_1354,v_25530180_1355,,1901.15,4246.11,1354.0,,,,AUAR,True
v_25444428_1355,v_25444428_1356,,6813.483333333333,3780.6,1355.0,,,,AUAL,True
v_25530180_1355,v_25530180_1356,,1912.15,4252.61,1355.0,,,,AUAR,True
v_25530180_1356,25530179.0,,1923.15,4259.11,1356.0,,,,AUAR,True
v_25444428_1356,25444429.0,,6816.816666666667,3776.6,1356.0,,,,AUAL,True
25530179,v_25530179_1358,5.0,1934.15,4265.61,1357.0,-1.0,128.0,1767376344.0,AUAR,False
25444429,v_25444429_1358,5.0,6820.15,3772.6,1357.0,-1.0,128.0,1761080606.0,AUAL,False
v_25530179_1358,v_25530179_1359,,1934.15,4273.61,1358.0,,,,AUAR,True
v_25444429_1358,25444430.0,,6824.15,3761.6,1358.0,,,,AUAL,True
v_25530179_1359,v_25530179_1360,,1934.15,4281.61,1359.0,,,,AUAR,True
25444430,v_25444430_1360,5.0,6828.15,3750.6,1359.0,-1.0,128.0,1761080606.0,AUAL,False
v_25444430_1360,v_25444430_1361,,6828.816666666667,3747.2666666666655,1360.0,,,,AUAL,True
v_25530179_1360,25530178.0,,1934.15,4289.61,1360.0,,,,AUAR,True
v_25444430_1361,25444431.0,,6829.483333333333,3743.933333333333,1361.0,,,,AUAL,True
25530178,v_25530178_1362,5.0,1934.15,4297.61,1361.0,-1.0,128.0,1767376343.0,AUAR,False
25444431,v_25444431_1363,5.0,6830.15,3740.6,1362.0,-1.0,128.0,1761080606.0,AUAL,False
v_25530178_1362,v_25530178_1363,,1942.65,4298.61,1362.0,,,,AUAR,True
v_25530178_1363,v_25530178_1364,,1951.15,4299.61,1363.0,,,,AUAR,True
v_25444431_1363,v_25444431_1364,,6838.816666666667,3735.933333333333,1363.0,,,,AUAL,True
v_25530178_1364,25530177.0,,1959.65,4300.61,1364.0,,,,AUAR,True
v_25444431_1364,25444432.0,,6847.483333333333,3731.2666666666655,1364.0,,,,AUAL,True
25530177,v_25530177_1366,5.0,1968.15,4301.61,1365.0,-1.0,128.0,1767376342.0,AUAR,False
25444432,v_25444432_1366,5.0,6856.15,3726.6,1365.0,-1.0,128.0,1761080606.0,AUAL,False
v_25444432_1366,25444433.0,,6884.15,3714.6,1366.0,,,,AUAL,True
v_25530177_1366,v_25530177_1367,,1960.15,4307.61,1366.0,,,,AUAR,True
v_25530177_1367,25530176.0,,1952.15,4313.61,1367.0,,,,AUAR,True
25444433,v_25444433_1368,5.0,6912.15,3702.6,1367.0,-1.0,128.0,1761080606.0,AUAL,False
25530176,25530175.0,5.0,1944.15,4319.61,1368.0,-1.0,128.0,1767376340.0,AUAR,False
v_25444433_1368,25444434.0,,6928.15,3700.6,1368.0,,,,AUAL,True
25530175,25530174.0,5.0,1898.15,4297.61,1369.0,-1.0,128.0,1767376340.0,AUAR,False
25444434,v_25444434_1370,5.0,6944.15,3698.6,1369.0,-1.0,128.0,1761080606.0,AUAL,False
25530174,25530173.0,5.0,1866.15,4285.61,1370.0,-1.0,128.0,1767376339.0,AUAR,False
v_25444434_1370,v_25444434_1371,,6956.15,3698.6,1370.0,,,,AUAL,True
v_25444434_1371,25444435.0,,6968.15,3698.6,1371.0,,,,AUAL,True
25530173,v_25530173_1372,5.0,1854.15,4285.61,1371.0,-1.0,128.0,1767376336.0,AUAR,False
25444435,v_25444435_1373,5.0,6980.15,3698.6,1372.0,-1.0,128.0,1761080606.0,AUAL,False
v_25530173_1372,v_25530173_1373,,1857.15,4284.11,1372.0,,,,AUAR,True
v_25530173_1373,v_25530173_1374,,1860.15,4282.61,1373.0,,,,AUAR,True
v_25444435_1373,v_25444435_1374,,6994.816666666667,3701.933333333333,1373.0,,,,AUAL,True
v_25444435_1374,25444436.0,,7009.483333333333,3705.2666666666655,1374.0,,,,AUAL,True
v_25530173_1374,25530172.0,,1863.15,4281.11,1374.0,,,,AUAR,True
25444436,v_25444436_1376,5.0,7024.15,3708.6,1375.0,-1.0,128.0,1761080606.0,AUAL,False
25530172,v_25530172_1376,5.0,1866.15,4279.61,1375.0,-1.0,128.0,1767376335.0,AUAR,False
v_25530172_1376,v_25530172_1377,,1874.8166666666668,4272.276666666667,1376.0,,,,AUAR,True
v_25444436_1376,25444437.0,,7047.15,3706.6,1376.0,,,,AUAL,True
25444437,25444438.0,5.0,7070.15,3704.6,1377.0,-1.0,128.0,1761080606.0,AUAL,False
v_25530172_1377,25530171.0,,1883.483333333333,4264.943333333333,1377.0,,,,AUAR,True
25444438,25444439.0,5.0,7086.15,3696.6,1378.0,-1.0,128.0,1761080606.0,AUAL,False
25530171,v_25530171_1379,5.0,1892.15,4257.61,1378.0,-1.0,128.0,1767376334.0,AUAR,False
25444439,25444440.0,5.0,7088.15,3704.6,1379.0,-1.0,128.0,1761080606.0,AUAL,False
v_25530171_1379,25530170.0,,1886.15,4218.61,1379.0,,,,AUAR,True
25444440,25444441.0,5.0,7084.15,3712.6,1380.0,-1.0,128.0,1761080606.0,AUAL,False
25530170,25530169.0,5.0,1880.15,4179.61,1380.0,-1.0,128.0,1767376333.0,AUAR,False
25530169,v_25530169_1382,5.0,1832.15,4191.61,1381.0,-1.0,128.0,1767376325.0,AUAR,False
25444441,25444442.0,5.0,7034.15,3796.6,1381.0,-1.0,128.0,1761080606.0,AUAL,False
v_25530169_1382,v_25530169_1383,,1816.8183333333327,4180.946666666667,1382.0,,,,AUAR,True
25511740,25511739.0,5.0,6103.95,2720.55,1382.0,-1.0,128.0,1766162577.0,AUAL,False
25444442,v_25444442_1383,5.0,7038.15,3830.6,1382.0,-1.0,128.0,1761080606.0,AUAL,False
25511760,v_25511760_1384,5.0,5083.95,1932.55,1383.0,-1.0,128.0,1766162577.0,AUAL,False
v_25444442_1383,v_25444442_1384,,7033.483333333333,3835.2666666666655,1383.0,,,,AUAL,True
25511739,v_25511739_1384,5.0,6087.95,2706.55,1383.0,-1.0,128.0,1766162577.0,AUAL,False
v_25530169_1383,25530168.0,,1801.486666666667,4170.283333333333,1383.0,,,,AUAR,True
25530168,25535397.0,5.0,1786.155,4159.62,1384.0,-1.0,128.0,1767894042.0,AUAR,False
v_25511739_1384,25511738.0,,6066.95,2690.55,1384.0,,,,AUAL,True
v_25511760_1384,25511759.0,,5065.95,1954.55,1384.0,,,,AUAL,True
v_25444442_1384,25444443.0,,7028.816666666667,3839.933333333333,1384.0,,,,AUAL,True
25535397,v_25535397_1386,5.0,1776.15,4180.6,1385.0,-1.0,128.0,1767894042.0,AUAR,False
25511738,v_25511738_1386,5.0,6045.95,2674.55,1385.0,-1.0,128.0,1766162577.0,AUAL,False
25511759,25511758.0,5.0,5047.95,1976.55,1385.0,-1.0,128.0,1766162577.0,AUAL,False
25444443,v_25444443_1386,5.0,7024.15,3844.6,1385.0,-1.0,128.0,1761080606.0,AUAL,False
v_25444443_1386,v_25444443_1387,,7014.816666666667,3851.933333333333,1386.0,,,,AUAL,True
v_25535397_1386,v_25535397_1387,,1764.15,4188.9366666666665,1386.0,,,,AUAR,True
25511758,25511757.0,5.0,5019.95,1972.55,1386.0,-1.0,128.0,1766162577.0,AUAL,False
v_25511738_1386,25511737.0,,6033.95,2674.55,1386.0,,,,AUAL,True
v_25535397_1387,25530167.0,,1752.15,4197.2733333333335,1387.0,,,,AUAR,True
25511757,25511756.0,5.0,5055.95,1964.55,1387.0,-1.0,128.0,1766162577.0,AUAL,False
25511737,25511736.0,5.0,6021.95,2674.55,1387.0,-1.0,128.0,1766162577.0,AUAL,False
v_25444443_1387,25444444.0,,7005.483333333333,3859.2666666666655,1387.0,,,,AUAL,True
25530167,,5.0,1740.15,4205.61,1388.0,-1.0,128.0,1767376319.0,AUAR,False
25511736,v_25511736_1389,5.0,6029.95,2676.55,1388.0,-1.0,128.0,1766162577.0,AUAL,False
25511756,25555834.0,5.0,5095.95,1964.55,1388.0,-1.0,128.0,1770240374.0,AUAL,False
25444444,v_25444444_1389,5.0,6996.15,3866.6,1388.0,-1.0,128.0,1761080606.0,AUAL,False
25555834,25511755.0,5.0,5119.95,1990.55,1389.0,-1.0,128.0,1770240374.0,AUAL,False
25512138,25512137.0,5.0,4233.915,2068.02,1389.0,-1.0,128.0,1767895088.0,AUAR,False
v_25444444_1389,v_25444444_1390,,6999.483333333333,3865.2666666666655,1389.0,,,,AUAL,True
v_25511736_1389,25511735.0,,6036.95,2680.55,1389.0,,,,AUAL,True
v_25530309_1389,25530167.0,,1746.15,4214.616,1389.0,,,,AUAR,True
v_25444444_1390,25444445.0,,7002.816666666667,3863.933333333333,1390.0,,,,AUAL,True
25511755,v_25511755_1391,5.0,5143.95,2016.55,1390.0,-1.0,128.0,1766162577.0,AUAL,False
v_25530309_1390,v_25530309_1390,,1748.15,4217.618,1390.0,,,,AUAR,True
25511735,25552603.0,5.0,6043.95,2684.55,1390.0,-1.0,128.0,1769311595.0,AUAL,False
25512137,25512136.0,5.0,4193.915,2056.02,1390.0,-1.0,128.0,1767895088.0,AUAR,False
25530309,v_25530309_1389,5.0,1750.15,4220.62,1391.0,-1.0,128.0,1767376593.0,AUAR,False
25552603,25511734.0,5.0,6038.95,2671.55,1391.0,-1.0,128.0,1769311596.0,AUAL,False
25444445,25444446.0,5.0,7006.15,3862.6,1391.0,-1.0,128.0,1761080606.0,AUAL,False
25512136,25512135.0,5.0,4177.915,2084.02,1391.0,-1.0,128.0,1767895088.0,AUAR,False
v_25511755_1391,25511754.0,,5167.95,2026.55,1391.0,,,,AUAL,True
25511754,25511753.0,5.0,5191.95,2036.55,1392.0,-1.0,128.0,1766162577.0,AUAL,False
25511734,v_25511734_1393,5.0,6033.95,2658.55,1392.0,-1.0,128.0,1766162577.0,AUAL,False
25444446,25444447.0,5.0,6984.15,3860.6,1392.0,-1.0,128.0,1761080606.0,AUAL,False
25512135,25512134.0,5.0,4177.915,2084.02,1392.0,-1.0,128.0,1767895088.0,AUAR,False
v_25530310_1392,25530309.0,,1719.15,4230.62,1392.0,,,,AUAR,True
v_25511734_1393,25511733.0,,6023.95,2640.55,1393.0,,,,AUAL,True
25526588,25526587.0,5.0,4372.6,1912.75,1393.0,-1.0,128.0,1767909830.0,AUAL,False
25511753,25511752.0,5.0,5191.95,2036.55,1393.0,-1.0,128.0,1766162577.0,AUAL,False
25444447,v_25444447_1394,5.0,6974.15,3872.6,1393.0,-1.0,128.0,1761080606.0,AUAL,False
25555674,25512134.0,5.0,4004.0,2215.77,1393.0,-1.0,128.0,1770067101.0,AUAR,False
25512134,25512133.0,5.0,4185.915,2084.02,1393.0,-1.0,128.0,1767895088.0,AUAR,False
v_25530310_1393,v_25530310_1394,,1708.8166666666668,4233.953333333333,1393.0,,,,AUAR,True
25512133,25512132.0,5.0,4149.915,2080.02,1394.0,-1.0,128.0,1767895088.0,AUAR,False
v_25530310_1394,v_25530310_1393,,1698.4833333333331,4237.286666666667,1394.0,,,,AUAR,True
25511752,25511751.0,5.0,5223.95,2052.55,1394.0,-1.0,128.0,1766162577.0,AUAL,False
25511733,v_25511733_1395,5.0,6013.95,2622.55,1394.0,-1.0,128.0,1766162577.0,AUAL,False
25526587,25526589.0,5.0,4396.6,1916.75,1394.0,-1.0,128.0,1767909830.0,AUAL,False
v_25444447_1394,v_25444447_1395,,6972.15,3857.933333333333,1394.0,,,,AUAL,True
v_25444447_1395,25444448.0,,6970.15,3843.2666666666655,1395.0,,,,AUAL,True
25512132,v_25512132_1396,5.0,4145.915,2076.02,1395.0,-1.0,128.0,1767895088.0,AUAR,False
25530310,v_25530310_1392,5.0,1688.15,4240.62,1395.0,-1.0,128.0,1767376595.0,AUAR,False
v_25511733_1395,25511732.0,,6009.95,2598.55,1395.0,,,,AUAL,True
25511751,25511750.0,5.0,5259.95,2076.55,1395.0,-1.0,128.0,1766162577.0,AUAL,False
25526589,25526590.0,5.0,4292.6,1920.75,1395.0,-1.0,128.0,1767909830.0,AUAL,False
25444448,v_25444448_1397,5.0,6968.15,3828.6,1396.0,-1.0,128.0,1761080606.0,AUAL,False
v_25512132_1396,25512131.0,,4133.915,2102.02,1396.0,,,,AUAR,True
25511750,25511749.0,5.0,5267.95,2100.55,1396.0,-1.0,128.0,1766162577.0,AUAL,False
25511732,25511731.0,5.0,6005.95,2574.55,1396.0,-1.0,128.0,1766162577.0,AUAL,False
25535676,25469947.0,5.0,4574.625,2214.75,1396.0,-1.0,99.0,1767909769.0,AUAL,False
25526590,25526591.0,5.0,4280.6,1920.75,1396.0,-1.0,128.0,1767909830.0,AUAL,False
25530311,25530310.0,5.0,1676.15,4260.62,1396.0,-1.0,128.0,1767376598.0,AUAR,False
25512131,25512130.0,5.0,4121.915,2128.02,1397.0,-1.0,128.0,1767895088.0,AUAR,False
v_25444448_1397,25444449.0,,6980.15,3817.6,1397.0,,,,AUAL,True
25530312,25530311.0,5.0,1672.15,4256.62,1397.0,-1.0,128.0,1767376599.0,AUAR,False
25480209,25480208.0,5.0,2845.15,2811.6,1397.0,-1.0,128.0,1767895088.0,AUAR,False
25511731,25511730.0,5.0,6001.95,2552.55,1397.0,-1.0,128.0,1766162577.0,AUAL,False
25511749,25511748.0,5.0,5283.95,2120.55,1397.0,-1.0,128.0,1766162577.0,AUAL,False
25469947,25469948.0,5.0,4568.625,2184.75,1397.0,-1.0,128.0,1767909769.0,AUAL,False
25526591,25526592.0,5.0,4320.6,1896.75,1397.0,-1.0,128.0,1767909830.0,AUAL,False
25480208,25480207.0,5.0,2837.15,2811.6,1398.0,-1.0,128.0,1767895088.0,AUAR,False
25512130,25512129.0,5.0,4097.915,2096.02,1398.0,-1.0,128.0,1767895088.0,AUAR,False
25530313,25530312.0,5.0,1680.15,4252.62,1398.0,-1.0,128.0,1767376600.0,AUAR,False
25511730,25511729.0,5.0,6005.95,2530.55,1398.0,-1.0,128.0,1766162577.0,AUAL,False
25526592,25511764.0,5.0,4224.6,1884.75,1398.0,-1.0,128.0,1767909830.0,AUAL,False
25444449,v_25444449_1399,5.0,6992.15,3806.6,1398.0,-1.0,128.0,1761080606.0,AUAL,False
25511748,25511728.0,5.0,5323.95,2128.55,1398.0,-1.0,128.0,1766162577.0,AUAL,False
25469948,25535678.0,5.0,4556.0,2108.0,1398.0,-1.0,128.0,1767909769.0,AUAL,False
25535678,25535677.0,5.0,4620.625,2200.75,1399.0,-1.0,99.0,1767909766.0,AUAL,False
25555871,25511764.0,5.0,4088.625,1966.75,1399.0,-1.0,128.0,1770245601.0,AUAL,False
25535677,25511764.0,5.0,4608.625,2092.75,1399.0,-1.0,99.0,1767909848.0,AUAL,False
25511764,25511763.0,5.0,4444.625,2012.75,1399.0,-1.0,128.0,1767909840.0,AUAL,False
25555872,25555871.0,5.0,3758.625,2162.75,1399.0,-1.0,128.0,1770245602.0,AUAL,False
v_25530314_1399,25530313.0,,1702.65,4293.12,1399.0,,,,AUAR,True
25511728,25511727.0,5.0,5339.95,2218.55,1399.0,-1.0,128.0,1766162577.0,AUAL,False
25511729,25511727.0,5.0,5987.95,2574.55,1399.0,-1.0,128.0,1766162577.0,AUAL,False
v_25444449_1399,25444450.0,,7020.15,3789.6,1399.0,,,,AUAL,True
25480207,25480206.0,5.0,2853.15,2897.6,1399.0,-1.0,128.0,1767895088.0,AUAR,False
25512129,25512128.0,5.0,4133.915,2212.02,1399.0,-1.0,128.0,1767895088.0,AUAR,False
25511765,25511764.0,5.0,3783.95,2208.55,1400.0,-1.0,128.0,1766162577.0,AUAL,False
25511763,25511762.0,5.0,4510.625,2046.75,1400.0,-1.0,128.0,1767909834.0,AUAL,False
25511727,v_25511727_1401,5.0,5663.95,2388.55,1400.0,-1.0,128.0,1766162577.0,AUAL,False
25444450,v_25444450_1401,5.0,7048.15,3772.6,1400.0,-1.0,128.0,1761080606.0,AUAL,False
25480206,25480205.0,5.0,2849.15,2899.6,1400.0,-1.0,128.0,1767895088.0,AUAR,False
25512128,v_25512128_1401,5.0,4133.915,2240.02,1400.0,-1.0,128.0,1767895088.0,AUAR,False
25530314,v_25530314_1399,5.0,1710.15,4306.62,1400.0,-1.0,128.0,1767376601.0,AUAR,False
25480205,v_25480205_1402,5.0,2853.15,2907.6,1401.0,-1.0,128.0,1767895088.0,AUAR,False
v_25512128_1401,25512127.0,,4121.915,2228.02,1401.0,,,,AUAR,True
25511766,25511765.0,5.0,3731.95,2212.55,1401.0,-1.0,128.0,1766162577.0,AUAL,False
25511762,25511761.0,5.0,4631.95,2080.55,1401.0,-1.0,128.0,1766162577.0,AUAL,False
v_25444450_1401,v_25444450_1402,,7048.15,3772.6,1401.0,,,,AUAL,True
25530315,25530314.0,5.0,1712.15,4327.6,1401.0,-1.0,128.0,1767894063.0,AUAR,False
v_25511727_1401,25511741.0,,5608.95,2366.55,1401.0,,,,AUAL,True
v_25444450_1402,25444451.0,,7048.15,3772.6,1402.0,,,,AUAL,True
v_25480205_1402,25480204.0,,2867.15,2903.6,1402.0,,,,AUAR,True
v_25530316_1402,25530315.0,,1709.75,4324.612,1402.0,,,,AUAR,True
25511767,25511766.0,5.0,3731.95,2212.55,1402.0,-1.0,128.0,1766162577.0,AUAL,False
25511761,25511742.0,5.0,4655.95,2080.55,1402.0,-1.0,128.0,1766162577.0,AUAL,False
25511741,25511742.0,5.0,5553.95,2344.55,1402.0,-1.0,128.0,1766162577.0,AUAL,False
25512127,25512126.0,5.0,4109.915,2216.02,1402.0,-1.0,128.0,1767895088.0,AUAR,False
25512126,25512125.0,5.0,4101.915,2192.02,1403.0,-1.0,128.0,1767895088.0,AUAR,False
25480204,25480202.0,5.0,2881.15,2899.6,1403.0,-1.0,128.0,1767895088.0,AUAR,False
25480203,25480202.0,5.0,3055.15,2769.6,1403.0,-1.0,128.0,1767895088.0,AUAR,False
v_25530316_1403,v_25530316_1403,,1708.95,4323.616,1403.0,,,,AUAR,True
25511768,25511767.0,5.0,3719.95,2212.55,1403.0,-1.0,128.0,1766162577.0,AUAL,False
25511742,25511743.0,5.0,5483.95,2296.55,1403.0,-1.0,128.0,1766162577.0,AUAL,False
25444451,v_25444451_1404,5.0,7048.15,3772.6,1403.0,-1.0,128.0,1761080606.0,AUAL,False
25512125,25512124.0,5.0,4109.915,2196.02,1404.0,-1.0,128.0,1767895088.0,AUAR,False
25480202,25480201.0,5.0,2937.15,2861.6,1404.0,-1.0,128.0,1767895088.0,AUAR,False
v_25444451_1404,v_25444451_1405,,7049.15,3770.1,1404.0,,,,AUAL,True
25530316,v_25530316_1402,5.0,1708.15,4322.62,1404.0,-1.0,128.0,1767376603.0,AUAR,False
25511743,25511744.0,5.0,5371.95,2292.55,1404.0,-1.0,128.0,1766162577.0,AUAL,False
v_25444451_1405,v_25444451_1406,,7050.15,3767.6,1405.0,,,,AUAL,True
v_25530317_1405,25530316.0,,1707.2928571428572,4326.905714285715,1405.0,,,,AUAR,True
25511744,25510318.0,5.0,5323.95,2284.55,1405.0,-1.0,128.0,1766162577.0,AUAL,False
25512124,25512123.0,5.0,4133.915,2184.02,1405.0,-1.0,128.0,1767895088.0,AUAR,False
25480201,25480200.0,5.0,2937.15,2855.6,1405.0,-1.0,128.0,1767895088.0,AUAR,False
v_25444451_1406,25444452.0,,7051.15,3765.1,1406.0,,,,AUAL,True
25510318,25510317.0,5.0,5322.0,2321.77,1406.0,-1.0,128.0,1766162577.0,AUAL,False
25480200,v_25480200_1407,5.0,2899.15,2819.6,1406.0,-1.0,128.0,1767895088.0,AUAR,False
v_25530317_1406,v_25530317_1408,,1707.007142857143,4328.334285714285,1406.0,,,,AUAR,True
25512123,25512122.0,5.0,4161.915,2180.02,1406.0,-1.0,128.0,1767895088.0,AUAR,False
v_25530317_1407,v_25530317_1407,,1706.7214285714288,4329.762857142857,1407.0,,,,AUAR,True
25512122,25512121.0,5.0,4177.915,2168.02,1407.0,-1.0,128.0,1767895088.0,AUAR,False
25515141,25512120.0,5.0,4599.915,2096.02,1407.0,-1.0,128.0,1767895088.0,AUAR,False
25510317,25510316.0,5.0,5350.0,2345.77,1407.0,-1.0,128.0,1766162577.0,AUAL,False
25444452,v_25444452_1408,5.0,7052.15,3762.6,1407.0,-1.0,128.0,1761080606.0,AUAL,False
v_25480200_1407,v_25480200_1408,,2881.8166666666666,2803.6,1407.0,,,,AUAR,True
v_25444452_1408,v_25444452_1409,,7059.483333333333,3752.6,1408.0,,,,AUAL,True
25510316,25510315.0,5.0,5402.0,2365.77,1408.0,-1.0,128.0,1766162577.0,AUAL,False
v_25530317_1408,v_25530317_1406,,1706.4357142857143,4331.191428571428,1408.0,,,,AUAR,True
25512120,25512119.0,5.0,4645.915,2100.02,1408.0,-1.0,128.0,1767895088.0,AUAR,False
v_25480200_1408,25480199.0,,2864.4833333333336,2787.6,1408.0,,,,AUAR,True
25512121,25512119.0,5.0,4217.915,2160.02,1408.0,-1.0,128.0,1767895088.0,AUAR,False
25512119,25512118.0,5.0,4301.915,2144.02,1409.0,-1.0,128.0,1767895088.0,AUAR,False
25480199,v_25480199_1410,5.0,2847.15,2771.6,1409.0,-1.0,128.0,1767895088.0,AUAR,False
v_25444452_1409,25444453.0,,7066.816666666667,3742.6,1409.0,,,,AUAL,True
25510315,25510313.0,5.0,5450.0,2377.77,1409.0,-1.0,128.0,1766162577.0,AUAL,False
25530317,v_25530317_1405,5.0,1706.15,4332.62,1409.0,-1.0,128.0,1767376605.0,AUAR,False
v_25480199_1410,25480198.0,,2846.15,2765.6,1410.0,,,,AUAR,True
25512118,25512117.0,5.0,4297.915,2148.02,1410.0,-1.0,128.0,1767895088.0,AUAR,False
v_25530318_1410,25530317.0,,1695.864285714286,4326.62,1410.0,,,,AUAR,True
25444453,v_25444453_1411,5.0,7074.15,3732.6,1410.0,-1.0,128.0,1761080606.0,AUAL,False
25510313,25510312.0,5.0,5462.0,2405.77,1410.0,-1.0,128.0,1766162577.0,AUAL,False
v_25444453_1411,v_25444453_1412,,7084.15,3733.933333333333,1411.0,,,,AUAL,True
25510312,25510311.0,5.0,5850.0,2629.77,1411.0,-1.0,128.0,1766162577.0,AUAL,False
25510314,25510313.0,5.0,4998.0,2233.77,1411.0,-1.0,128.0,1766162577.0,AUAL,False
25480198,25480197.0,5.0,2845.15,2759.6,1411.0,-1.0,128.0,1767895088.0,AUAR,False
25512117,25512116.0,5.0,4389.915,2156.02,1411.0,-1.0,128.0,1767895088.0,AUAR,False
v_25530318_1411,v_25530318_1413,,1692.4357142857143,4324.62,1411.0,,,,AUAR,True
v_25444453_1412,25444454.0,,7094.15,3735.2666666666655,1412.0,,,,AUAL,True
25512116,25512114.0,5.0,4426.9,2161.02,1412.0,-1.0,128.0,1767895088.0,AUAR,False
25480197,v_25480197_1413,5.0,2823.15,2763.6,1412.0,-1.0,128.0,1767895088.0,AUAR,False
v_25530318_1412,v_25530318_1412,,1689.007142857143,4322.62,1412.0,,,,AUAR,True
25510311,25510310.0,5.0,5862.0,2661.77,1412.0,-1.0,128.0,1766162577.0,AUAL,False
25511745,25510314.0,5.0,4947.95,2248.55,1412.0,-1.0,128.0,1766162577.0,AUAL,False
25510310,25510309.0,5.0,5914.0,2701.77,1413.0,-1.0,128.0,1766162577.0,AUAL,False
25511746,25511745.0,5.0,4927.95,2244.55,1413.0,-1.0,128.0,1766162577.0,AUAL,False
25444454,v_25444454_1414,5.0,7104.15,3736.6,1413.0,-1.0,128.0,1761080606.0,AUAL,False
25512114,25512113.0,5.0,4425.915,2164.02,1413.0,-1.0,128.0,1767895088.0,AUAR,False
v_25530318_1413,v_25530318_1411,,1685.5785714285714,4320.62,1413.0,,,,AUAR,True
v_25480197_1413,v_25480197_1414,,2817.8166666666666,2774.2666666666664,1413.0,,,,AUAR,True
25512113,25556305.0,5.0,4309.915,2136.02,1414.0,-1.0,128.0,1770390737.0,AUAR,False
v_25480197_1414,25480196.0,,2812.4833333333336,2784.9333333333334,1414.0,,,,AUAR,True
25530318,v_25530318_1410,5.0,1682.15,4318.62,1414.0,-1.0,128.0,1767376606.0,AUAR,False
25511747,25511746.0,5.0,4931.95,2260.55,1414.0,-1.0,128.0,1766162577.0,AUAL,False
25510309,25510308.0,5.0,5914.0,2737.77,1414.0,-1.0,128.0,1766162577.0,AUAL,False
v_25444454_1414,v_25444454_1415,,7106.15,3737.2666666666655,1414.0,,,,AUAL,True
25510308,25510307.0,5.0,5970.0,2773.77,1415.0,-1.0,128.0,1766162577.0,AUAL,False
25480196,25480195.0,5.0,2807.15,2795.6,1415.0,-1.0,128.0,1767895088.0,AUAR,False
25512115,25512113.0,5.0,4901.915,2240.02,1415.0,-1.0,128.0,1767895088.0,AUAR,False
v_25530319_1415,25530318.0,,1676.9,4324.62,1415.0,,,,AUAR,True
25556305,25512112.0,5.0,4293.915,2142.02,1415.0,-1.0,128.0,1770390737.0,AUAR,False
v_25444454_1415,25444455.0,,7108.15,3737.933333333333,1415.0,,,,AUAL,True
25510307,25510306.0,5.0,6010.0,2825.77,1416.0,-1.0,128.0,1766162577.0,AUAL,False
25480195,25556323.0,5.0,2781.15,2819.6,1416.0,-1.0,128.0,1770397249.0,AUAR,False
v_25530319_1416,v_25530319_1419,,1675.15,4326.62,1416.0,,,,AUAR,True
25444455,v_25444455_1417,5.0,7110.15,3738.6,1416.0,-1.0,128.0,1761080606.0,AUAL,False
25515135,25512115.0,5.0,4939.915,2292.02,1416.0,-1.0,128.0,1767895088.0,AUAR,False
25512112,v_25512112_1417,5.0,4277.915,2148.02,1416.0,-1.0,128.0,1767895088.0,AUAR,False
v_25530319_1417,v_25530319_1418,,1673.4,4328.62,1417.0,,,,AUAR,True
v_25444455_1417,25444456.0,,7114.15,3746.6,1417.0,,,,AUAL,True
25556323,v_25556323_1418,5.0,2767.15,2818.935,1417.0,-1.0,128.0,1770397249.0,AUAR,False
25515136,25515135.0,5.0,4973.915,2324.02,1417.0,-1.0,128.0,1767895088.0,AUAR,False
v_25512112_1417,25512110.0,,4209.915,2146.02,1417.0,,,,AUAR,True
25510306,25510305.0,5.0,6058.0,2869.77,1417.0,-1.0,128.0,1766162577.0,AUAL,False
v_25530319_1418,v_25530319_1417,,1671.65,4330.62,1418.0,,,,AUAR,True
25512110,v_25512110_1419,5.0,4141.915,2144.02,1418.0,-1.0,128.0,1767895088.0,AUAR,False
25515137,25515136.0,5.0,5021.9,2402.02,1418.0,-1.0,128.0,1767895088.0,AUAR,False
25510305,25510304.0,5.0,6154.0,2921.77,1418.0,-1.0,128.0,1766162577.0,AUAL,False
25444456,v_25444456_1419,5.0,7118.15,3754.6,1418.0,-1.0,128.0,1761080606.0,AUAL,False
v_25556323_1418,25480194.0,,2753.15,2818.2675,1418.0,,,,AUAR,True
25510304,25510303.0,5.0,6154.0,2941.77,1419.0,-1.0,128.0,1766162577.0,AUAL,False
v_25512110_1419,25512109.0,,4015.915,2200.02,1419.0,,,,AUAR,True
v_25512111_1419,25512110.0,,4258.915,2150.02,1419.0,,,,AUAR,True
v_25530319_1419,v_25530319_1416,,1669.9,4332.62,1419.0,,,,AUAR,True
25480194,v_25480194_1420,5.0,2739.15,2817.6,1419.0,-1.0,128.0,1767895088.0,AUAR,False
25515138,25515137.0,5.0,5023.9,2418.02,1419.0,-1.0,128.0,1767895088.0,AUAR,False
v_25444456_1419,25444457.0,,7123.15,3758.6,1419.0,,,,AUAL,True
25444457,v_25444457_1421,5.0,7128.15,3762.6,1420.0,-1.0,128.0,1761080606.0,AUAL,False
25510303,25510302.0,5.0,6186.0,2969.77,1420.0,-1.0,128.0,1766162577.0,AUAL,False
25530319,v_25530319_1415,5.0,1668.15,4334.62,1420.0,-1.0,128.0,1767376607.0,AUAR,False
25515139,25515138.0,5.0,5049.9,2424.02,1420.0,-1.0,128.0,1767895088.0,AUAR,False
25512109,25512108.0,5.0,3889.915,2256.02,1420.0,-1.0,128.0,1767895088.0,AUAR,False
25512111,v_25512111_1419,5.0,4297.915,2152.02,1420.0,-1.0,128.0,1767895088.0,AUAR,False
v_25480194_1420,v_25480194_1421,,2739.15,2810.9333333333334,1420.0,,,,AUAR,True
v_25480194_1421,25480193.0,,2739.15,2804.2666666666664,1421.0,,,,AUAR,True
v_25530320_1421,25530319.0,,1667.2928571428572,4331.191428571428,1421.0,,,,AUAR,True
25515140,25515139.0,5.0,5003.9,2500.02,1421.0,-1.0,128.0,1767895088.0,AUAR,False
25512108,v_25512108_1422,5.0,3845.915,2284.02,1421.0,-1.0,128.0,1767895088.0,AUAR,False
25515132,25512111.0,5.0,4297.915,2154.02,1421.0,-1.0,128.0,1767895088.0,AUAR,False
v_25444457_1421,v_25444457_1422,,7130.816666666667,3766.6,1421.0,,,,AUAL,True
25510302,25510301.0,5.0,6158.0,2957.77,1421.0,-1.0,128.0,1766162577.0,AUAL,False
v_25444457_1422,25444458.0,,7133.483333333333,3770.6,1422.0,,,,AUAL,True
v_25512108_1422,25512107.0,,3821.915,2290.02,1422.0,,,,AUAR,True
v_25515133_1422,25515132.0,,4279.915,2154.02,1422.0,,,,AUAR,True
25480193,25480192.0,5.0,2739.15,2797.6,1422.0,-1.0,128.0,1767895088.0,AUAR,False
v_25530320_1422,v_25530320_1424,,1667.007142857143,4330.048571428571,1422.0,,,,AUAR,True
25510301,25510300.0,5.0,6286.0,3005.77,1422.0,-1.0,128.0,1766162577.0,AUAL,False
25515133,v_25515133_1422,5.0,4273.915,2154.02,1423.0,-1.0,128.0,1767895088.0,AUAR,False
25480192,v_25480192_1424,5.0,2721.15,2797.6,1423.0,-1.0,128.0,1767895088.0,AUAR,False
25512107,v_25512107_1424,5.0,3797.915,2296.02,1423.0,-1.0,128.0,1767895088.0,AUAR,False
25444458,v_25444458_1424,5.0,7136.15,3774.6,1423.0,-1.0,128.0,1761080606.0,AUAL,False
25510300,25510299.0,5.0,6354.0,3033.77,1423.0,-1.0,128.0,1766162577.0,AUAL,False
v_25530320_1423,v_25530320_1423,,1666.7214285714288,4328.905714285715,1423.0,,,,AUAR,True
25515134,25515133.0,5.0,4261.915,2162.02,1424.0,-1.0,128.0,1767895088.0,AUAR,False
v_25530320_1424,v_25530320_1422,,1666.4357142857143,4327.762857142857,1424.0,,,,AUAR,True
v_25512107_1424,25512106.0,,3767.915,2308.02,1424.0,,,,AUAR,True
v_25480192_1424,v_25480192_1425,,2723.15,2796.2666666666664,1424.0,,,,AUAR,True
25510299,25510298.0,5.0,6378.0,3085.77,1424.0,-1.0,128.0,1766162577.0,AUAL,False
v_25444458_1424,v_25444458_1425,,7138.816666666667,3772.6,1424.0,,,,AUAL,True
25510298,25510297.0,5.0,6402.0,3145.77,1425.0,-1.0,128.0,1766162577.0,AUAL,False
v_25480192_1425,25480191.0,,2725.15,2794.9333333333334,1425.0,,,,AUAR,True
25512106,v_25512106_1426,5.0,3737.915,2320.02,1425.0,-1.0,128.0,1767895088.0,AUAR,False
25530320,v_25530320_1421,5.0,1666.15,4326.62,1425.0,-1.0,128.0,1767376609.0,AUAR,False
v_25444458_1425,25444459.0,,7141.483333333333,3770.6,1425.0,,,,AUAL,True
25510297,25510296.0,5.0,6414.0,3177.77,1426.0,-1.0,128.0,1766162577.0,AUAL,False
25444459,v_25444459_1427,5.0,7144.15,3768.6,1426.0,-1.0,128.0,1761080606.0,AUAL,False
v_25512106_1426,25512105.0,,3735.915,2324.02,1426.0,,,,AUAR,True
25480191,v_25480191_1427,5.0,2727.15,2793.6,1426.0,-1.0,128.0,1767895088.0,AUAR,False
25556317,25530320.0,5.0,1636.65,4332.12,1426.0,-1.0,128.0,1770391270.0,AUAR,False
25512105,v_25512105_1428,5.0,3733.915,2328.02,1427.0,-1.0,128.0,1767895088.0,AUAR,False
v_25530321_1427,25556317.0,,1632.75,4354.02,1427.0,,,,AUAR,True
v_25480191_1427,v_25480191_1428,,2741.8166666666666,2790.9333333333334,1427.0,,,,AUAR,True
v_25444459_1427,v_25444459_1428,,7147.15,3779.1,1427.0,,,,AUAL,True
25510296,25510295.0,5.0,6434.0,3197.77,1427.0,-1.0,128.0,1766162577.0,AUAL,False
v_25444459_1428,v_25444459_1429,,7150.15,3789.6,1428.0,,,,AUAL,True
v_25480191_1428,25480190.0,,2756.4833333333336,2788.2666666666664,1428.0,,,,AUAR,True
v_25512105_1428,25512104.0,,3691.915,2336.02,1428.0,,,,AUAR,True
v_25530321_1428,v_25530321_1428,,1631.45,4361.32,1428.0,,,,AUAR,True
25510295,25510293.0,5.0,6422.0,3221.77,1428.0,-1.0,128.0,1766162577.0,AUAL,False
25510279,25510278.0,5.0,7014.0,4361.77,1429.0,-1.0,128.0,1766162577.0,AUAL,False
25530321,v_25530321_1427,5.0,1630.15,4368.62,1429.0,-1.0,128.0,1770391270.0,AUAR,False
25512104,v_25512104_1430,5.0,3649.915,2344.02,1429.0,-1.0,128.0,1767895088.0,AUAR,False
25480190,v_25480190_1430,5.0,2771.15,2785.6,1429.0,-1.0,128.0,1767895088.0,AUAR,False
25510293,25510292.0,5.0,6426.0,3257.77,1429.0,-1.0,128.0,1766162577.0,AUAL,False
v_25444459_1429,25444460.0,,7153.15,3800.1,1429.0,,,,AUAL,True
v_25530322_1430,25530321.0,,1630.15,4391.62,1430.0,,,,AUAR,True
v_25512104_1430,v_25512104_1431,,3629.915,2365.02,1430.0,,,,AUAR,True
v_25480190_1430,v_25480190_1431,,2769.9500000000003,2780.8,1430.0,,,,AUAR,True
25510294,25510293.0,5.0,6382.0,3097.77,1430.0,-1.0,128.0,1766162577.0,AUAL,False
25510292,25510291.0,5.0,6442.0,3357.77,1430.0,-1.0,128.0,1766162577.0,AUAL,False
25510278,25510277.0,5.0,6994.0,4369.77,1430.0,-1.0,128.0,1766162577.0,AUAL,False
25444460,v_25444460_1431,5.0,7156.15,3810.6,1430.0,-1.0,128.0,1761080606.0,AUAL,False
v_25444460_1431,v_25444460_1432,,7160.15,3801.6,1431.0,,,,AUAL,True
25511769,25510294.0,5.0,6358.0,3077.77,1431.0,-1.0,128.0,1766162577.0,AUAL,False
25510291,25510290.0,5.0,6494.0,3485.77,1431.0,-1.0,128.0,1766162577.0,AUAL,False
25510277,v_25510277_1432,5.0,6990.0,4393.77,1431.0,-1.0,128.0,1766162577.0,AUAL,False
v_25530322_1431,v_25530322_1432,,1630.15,4399.286666666667,1431.0,,,,AUAR,True
v_25512104_1431,v_25512104_1432,,3609.915,2386.02,1431.0,,,,AUAR,True
v_25480190_1431,v_25480190_1432,,2768.75,2776.0,1431.0,,,,AUAR,True
25510290,25510289.0,5.0,6486.0,3521.77,1432.0,-1.0,128.0,1766162577.0,AUAL,False
v_25444460_1432,v_25444460_1433,,7164.15,3792.6,1432.0,,,,AUAL,True
v_25510277_1432,v_25510277_1433,,6980.666666666667,4396.436666666667,1432.0,,,,AUAL,True
v_25530322_1432,v_25530322_1431,,1630.15,4406.953333333333,1432.0,,,,AUAR,True
v_25512104_1432,25512103.0,,3589.915,2407.02,1432.0,,,,AUAR,True
v_25480190_1432,v_25480190_1433,,2767.55,2771.2,1432.0,,,,AUAR,True
v_25510277_1433,25510276.0,,6971.333333333333,4399.1033333333335,1433.0,,,,AUAL,True
v_25444460_1433,25444461.0,,7168.15,3783.6,1433.0,,,,AUAL,True
v_25480190_1433,25480189.0,,2766.35,2766.4,1433.0,,,,AUAR,True
25512103,v_25512103_1434,5.0,3569.915,2428.02,1433.0,-1.0,128.0,1767895088.0,AUAR,False
25530322,v_25530322_1430,5.0,1630.15,4414.62,1433.0,-1.0,128.0,1767376611.0,AUAR,False
25510289,25510288.0,5.0,6502.0,3565.77,1433.0,-1.0,128.0,1766162577.0,AUAL,False
25510276,v_25510276_1435,5.0,6962.0,4401.77,1434.0,-1.0,128.0,1770241072.0,AUAL,False
25510288,v_25510288_1435,5.0,6506.0,3593.77,1434.0,-1.0,128.0,1766162577.0,AUAL,False
v_25530323_1434,25530322.0,,1634.4357142857143,4416.334285714285,1434.0,,,,AUAR,True
25480189,25480210.0,5.0,2765.15,2761.6,1434.0,-1.0,128.0,1767895088.0,AUAR,False
v_25512103_1434,25512102.0,,3547.915,2446.02,1434.0,,,,AUAR,True
25444461,v_25444461_1435,5.0,7172.15,3774.6,1434.0,-1.0,128.0,1761080606.0,AUAL,False
25512102,v_25512102_1436,5.0,3525.915,2464.02,1435.0,-1.0,128.0,1767895088.0,AUAR,False
v_25530323_1435,v_25530323_1437,,1635.864285714286,4416.905714285715,1435.0,,,,AUAR,True
25480210,v_25480210_1436,5.0,2769.15,2763.6,1435.0,-1.0,128.0,1767895088.0,AUAR,False
v_25444461_1435,v_25444461_1436,,7172.65,3776.6,1435.0,,,,AUAL,True
v_25510276_1435,25555860.0,,6954.0,4401.47,1435.0,,,,AUAL,True
v_25510288_1435,25510287.0,,6518.0,3607.77,1435.0,,,,AUAL,True
25510287,v_25510287_1437,5.0,6530.0,3621.77,1436.0,-1.0,128.0,1766162577.0,AUAL,False
v_25512102_1436,25512101.0,,3493.915,2466.02,1436.0,,,,AUAR,True
v_25480210_1436,v_25480210_1437,,2776.4833333333336,2763.6,1436.0,,,,AUAR,True
v_25444461_1436,v_25444461_1437,,7173.15,3778.6,1436.0,,,,AUAL,True
25555860,25510275.0,5.0,6946.0,4401.17,1436.0,-1.0,128.0,1770241080.0,AUAL,False
v_25530323_1436,v_25530323_1436,,1637.2928571428572,4417.477142857143,1436.0,,,,AUAR,True
v_25444461_1437,25444462.0,,7173.65,3780.6,1437.0,,,,AUAL,True
v_25510287_1437,25510286.0,,6544.0,3629.77,1437.0,,,,AUAL,True
25510275,v_25510275_1438,5.0,6930.0,4389.77,1437.0,-1.0,128.0,1770241094.0,AUAL,False
v_25530323_1437,v_25530323_1435,,1638.7214285714288,4418.048571428571,1437.0,,,,AUAR,True
25512101,v_25512101_1438,5.0,3461.915,2468.02,1437.0,-1.0,128.0,1767895088.0,AUAR,False
v_25480210_1437,25480211.0,,2783.8166666666666,2763.6,1437.0,,,,AUAR,True
25530323,v_25530323_1434,5.0,1640.15,4418.62,1438.0,-1.0,128.0,1767376613.0,AUAR,False
v_25512101_1438,25512100.0,,3459.915,2514.02,1438.0,,,,AUAR,True
25444462,v_25444462_1439,5.0,7174.15,3782.6,1438.0,-1.0,128.0,1761080606.0,AUAL,False
v_25510275_1438,25555863.0,,6914.0,4388.4375,1438.0,,,,AUAL,True
25510286,25510285.0,5.0,6558.0,3637.77,1438.0,-1.0,128.0,1766162577.0,AUAL,False
25480211,v_25480211_1439,5.0,2791.15,2763.6,1438.0,-1.0,128.0,1767895088.0,AUAR,False
25512100,25512099.0,5.0,3457.915,2560.02,1439.0,-1.0,128.0,1767895088.0,AUAR,False
25530324,25530323.0,5.0,1604.15,4418.62,1439.0,-1.0,128.0,1767376623.0,AUAR,False
25555863,25510274.0,5.0,6898.0,4387.105,1439.0,-1.0,128.0,1770241094.0,AUAL,False
v_25480211_1439,v_25480211_1440,,2795.15,2774.2666666666664,1439.0,,,,AUAR,True
v_25444462_1439,v_25444462_1440,,7174.15,3782.6,1439.0,,,,AUAL,True
25510285,25510284.0,5.0,6602.0,3681.77,1439.0,-1.0,128.0,1766162577.0,AUAL,False
25510258,v_25510258_1441,5.0,6454.0,5645.75,1440.0,-1.0,128.0,1766162577.0,AUAL,False
25510284,25510283.0,5.0,6630.0,3725.77,1440.0,-1.0,128.0,1766162577.0,AUAL,False
25510274,25555867.0,5.0,6882.0,4385.77,1440.0,-1.0,128.0,1770241143.0,AUAL,False
v_25530325_1440,25530324.0,,1590.65,4400.62,1440.0,,,,AUAR,True
25512099,25512098.0,5.0,3397.915,2584.02,1440.0,-1.0,128.0,1767895088.0,AUAR,False
v_25444462_1440,25444463.0,,7174.15,3782.6,1440.0,,,,AUAL,True
v_25480211_1440,25480212.0,,2799.15,2784.9333333333334,1440.0,,,,AUAR,True
25510283,25510282.0,5.0,6634.0,3749.77,1441.0,-1.0,128.0,1766162577.0,AUAL,False
25444463,v_25444463_1442,5.0,7174.15,3782.6,1441.0,-1.0,128.0,1761080606.0,AUAL,False
25555867,25510273.0,5.0,6864.0,4389.77,1441.0,-1.0,128.0,1770241143.0,AUAL,False
25530325,v_25530325_1440,5.0,1586.15,4394.62,1441.0,-1.0,128.0,1767376624.0,AUAR,False
25480212,25480213.0,5.0,2803.15,2795.6,1441.0,-1.0,128.0,1767895088.0,AUAR,False
v_25510258_1441,25510257.0,,6458.0,5659.75,1441.0,,,,AUAL,True
25512098,25512097.0,5.0,3293.915,2624.02,1441.0,-1.0,128.0,1767895088.0,AUAR,False
25480213,25480214.0,5.0,2821.15,2821.6,1442.0,-1.0,128.0,1767895088.0,AUAR,False
25512097,25480216.0,5.0,3261.915,2632.02,1442.0,-1.0,128.0,1767895088.0,AUAR,False
v_25444463_1442,v_25444463_1443,,7174.15,3779.1,1442.0,,,,AUAL,True
v_25530326_1442,25530325.0,,1577.15,4381.62,1442.0,,,,AUAR,True
25510273,25510272.0,5.0,6846.0,4393.77,1442.0,-1.0,128.0,1766162577.0,AUAL,False
25510257,25510256.0,5.0,6462.0,5673.75,1442.0,-1.0,128.0,1766162577.0,AUAL,False
25510282,25510281.0,5.0,6634.0,3781.77,1442.0,-1.0,128.0,1766162577.0,AUAL,False
25510272,25510271.0,5.0,6806.0,4417.77,1443.0,-1.0,128.0,1766162577.0,AUAL,False
25510256,25510255.0,5.0,6462.0,5673.75,1443.0,-1.0,128.0,1766162577.0,AUAL,False
25510281,25510280.0,5.0,6622.0,3777.77,1443.0,-1.0,128.0,1766162577.0,AUAL,False
25480214,25480215.0,5.0,2859.15,2833.6,1443.0,-1.0,128.0,1767895088.0,AUAR,False
25480216,25480215.0,5.0,3193.15,2677.6,1443.0,-1.0,128.0,1767895088.0,AUAR,False
v_25444463_1443,v_25444463_1444,,7174.15,3775.6,1443.0,,,,AUAL,True
v_25530326_1443,v_25530326_1444,,1574.15,4377.286666666667,1443.0,,,,AUAR,True
v_25444463_1444,25444464.0,,7174.15,3772.1,1444.0,,,,AUAL,True
25510255,25510254.0,5.0,6442.0,5649.75,1444.0,-1.0,128.0,1766162577.0,AUAL,False
25480215,25480217.0,5.0,2965.15,2811.6,1444.0,-1.0,128.0,1767895088.0,AUAR,False
v_25530326_1444,v_25530326_1443,,1571.15,4372.953333333333,1444.0,,,,AUAR,True
25510271,25510270.0,5.0,6790.0,4433.77,1444.0,-1.0,128.0,1766162577.0,AUAL,False
25510280,25510269.0,5.0,6598.0,3797.77,1444.0,-1.0,128.0,1766162577.0,AUAL,False
25444464,v_25444464_1446,5.0,7174.15,3768.6,1445.0,-1.0,128.0,1761080606.0,AUAL,False
25510254,v_25510254_1446,5.0,6446.0,5637.75,1445.0,-1.0,128.0,1766162577.0,AUAL,False
25530326,v_25530326_1442,5.0,1568.15,4368.62,1445.0,-1.0,128.0,1767376625.0,AUAR,False
25480217,25480218.0,5.0,2981.15,2819.6,1445.0,-1.0,128.0,1767895088.0,AUAR,False
25510269,25510268.0,5.0,6590.0,3853.77,1445.0,-1.0,128.0,1766162577.0,AUAL,False
25510270,25510268.0,5.0,6762.0,4477.77,1445.0,-1.0,128.0,1766162577.0,AUAL,False
25510268,25510267.0,5.0,6634.0,4297.77,1446.0,-1.0,128.0,1766162577.0,AUAL,False
25480218,25480219.0,5.0,2957.15,2843.6,1446.0,-1.0,128.0,1767895088.0,AUAR,False
v_25510254_1446,25510253.0,,6432.0,5617.75,1446.0,,,,AUAL,True
v_25444464_1446,v_25444464_1447,,7181.483333333333,3767.933333333333,1446.0,,,,AUAL,True
v_25530327_1446,25530326.0,,1571.15,4340.12,1446.0,,,,AUAR,True
25510253,25552516.0,5.0,6418.0,5597.75,1447.0,-1.0,128.0,1769205980.0,AUAL,False
25555841,25510267.0,5.0,6540.0,4053.77,1447.0,-1.0,128.0,1770240655.0,AUAL,False
25555842,25555841.0,5.0,6616.0,3817.77,1447.0,-1.0,128.0,1770240655.0,AUAL,False
25530327,v_25530327_1446,5.0,1572.15,4330.62,1447.0,-1.0,128.0,1767376660.0,AUAR,False
25510267,25510266.0,5.0,6618.0,4277.77,1447.0,-1.0,128.0,1766162577.0,AUAL,False
25480219,25480220.0,5.0,2919.15,2885.6,1447.0,-1.0,128.0,1767895088.0,AUAR,False
v_25444464_1447,25444465.0,,7188.816666666667,3767.2666666666655,1447.0,,,,AUAL,True
25444465,v_25444465_1449,5.0,7196.15,3766.6,1448.0,-1.0,128.0,1761080606.0,AUAL,False
25480221,25480219.0,5.0,3155.15,2771.6,1448.0,-1.0,128.0,1767895088.0,AUAR,False
25480220,25480223.0,5.0,2793.15,2923.6,1448.0,-1.0,128.0,1767895088.0,AUAR,False
25530328,25530327.0,5.0,1540.15,4312.62,1448.0,-1.0,128.0,1767376661.0,AUAR,False
25510266,25510264.0,5.0,6638.0,4277.77,1448.0,-1.0,128.0,1766162577.0,AUAL,False
25552516,25510252.0,5.0,6428.0,5569.75,1448.0,-1.0,128.0,1769205980.0,AUAL,False
25510252,25555854.0,5.0,6438.0,5541.75,1449.0,-1.0,128.0,1770240973.0,AUAL,False
25510264,25510262.0,5.0,6642.0,4251.78,1449.0,-1.0,128.0,1767380715.0,AUAL,False
v_25444465_1449,v_25444465_1450,,7203.15,3758.1,1449.0,,,,AUAL,True
25480222,25480221.0,5.0,3131.15,2789.6,1449.0,-1.0,128.0,1767895088.0,AUAR,False
25480223,v_25480223_1450,5.0,2781.15,2941.6,1449.0,-1.0,128.0,1767895088.0,AUAR,False
25530329,25530328.0,5.0,1530.15,4310.62,1449.0,-1.0,128.0,1767376662.0,AUAR,False
25510262,25510261.0,5.0,6642.0,4581.77,1450.0,-1.0,128.0,1766162577.0,AUAL,False
25510265,25510264.0,5.0,6594.0,3777.77,1450.0,-1.0,128.0,1766162577.0,AUAL,False
v_25480223_1450,v_25480223_1451,,2770.4833333333336,2952.9333333333334,1450.0,,,,AUAR,True
25555854,25510251.0,5.0,6428.0,5539.75,1450.0,-1.0,128.0,1770240973.0,AUAL,False
v_25530330_1450,25530329.0,,1543.15,4335.62,1450.0,,,,AUAR,True
v_25444465_1450,v_25444465_1451,,7210.15,3749.6,1450.0,,,,AUAL,True
25510261,25510260.0,5.0,6586.0,4889.77,1451.0,-1.0,128.0,1766162577.0,AUAL,False
25510263,25510262.0,5.0,6670.0,4413.77,1451.0,-1.0,128.0,1766162577.0,AUAL,False
v_25480223_1451,25480224.0,,2759.8166666666666,2964.2666666666664,1451.0,,,,AUAR,True
v_25530330_1451,v_25530330_1452,,1547.4833333333331,4343.953333333333,1451.0,,,,AUAR,True
25511770,25510265.0,5.0,6666.0,3749.77,1451.0,-1.0,128.0,1766162577.0,AUAL,False
25510251,25555857.0,5.0,6418.0,5537.75,1451.0,-1.0,128.0,1770240987.0,AUAL,False
v_25444465_1451,25444466.0,,7217.15,3741.1,1451.0,,,,AUAL,True
25444466,v_25444466_1453,5.0,7224.15,3732.6,1452.0,-1.0,128.0,1761080606.0,AUAL,False
25480224,25480225.0,5.0,2749.15,2975.6,1452.0,-1.0,128.0,1767895088.0,AUAR,False
v_25530330_1452,v_25530330_1451,,1551.8166666666668,4352.286666666667,1452.0,,,,AUAR,True
25510260,25510259.0,5.0,6538.0,4949.77,1452.0,-1.0,128.0,1766162577.0,AUAL,False
25555857,25510250.0,5.0,6412.0,5519.75,1452.0,-1.0,128.0,1770240987.0,AUAL,False
25511771,25510263.0,5.0,6694.0,4357.77,1452.0,-1.0,128.0,1766162577.0,AUAL,False
25511772,25511771.0,5.0,6602.0,4413.77,1453.0,-1.0,128.0,1766162577.0,AUAL,False
25511773,25511771.0,5.0,6794.0,4333.77,1453.0,-1.0,128.0,1766162577.0,AUAL,False
25480225,25515131.0,5.0,2603.15,3045.6,1453.0,-1.0,128.0,1767895088.0,AUAR,False
25530330,v_25530330_1450,5.0,1556.15,4360.62,1453.0,-1.0,128.0,1767376664.0,AUAR,False
v_25444466_1453,v_25444466_1454,,7230.816666666667,3731.933333333333,1453.0,,,,AUAL,True
25510250,25510249.0,5.0,6406.0,5501.75,1453.0,-1.0,128.0,1766162577.0,AUAL,False
25510259,25510248.0,5.0,6486.0,4997.77,1453.0,-1.0,128.0,1766162577.0,AUAL,False
25511775,25511772.0,5.0,6622.0,4441.77,1454.0,-1.0,128.0,1766162577.0,AUAL,False
v_25530331_1454,25530330.0,,1545.15,4369.62,1454.0,,,,AUAR,True
25511774,25511773.0,5.0,6806.0,4305.77,1454.0,-1.0,128.0,1766162577.0,AUAL,False
25515131,v_25515131_1455,5.0,2671.95,3037.55,1454.0,-1.0,128.0,1767895088.0,AUAR,False
v_25444466_1454,25444467.0,,7237.483333333333,3731.2666666666655,1454.0,,,,AUAL,True
25510249,25510247.0,5.0,6426.0,5449.75,1454.0,-1.0,128.0,1766162577.0,AUAL,False
25510248,25510247.0,5.0,6510.0,5061.75,1454.0,-1.0,128.0,1766162577.0,AUAL,False
v_25515131_1455,25515130.0,,2650.95,3071.55,1455.0,,,,AUAR,True
25510247,25510246.0,5.0,6438.0,5421.75,1455.0,-1.0,128.0,1766162577.0,AUAL,False
25444467,v_25444467_1456,5.0,7244.15,3730.6,1455.0,-1.0,128.0,1761080606.0,AUAL,False
v_25530331_1455,v_25530331_1456,,1541.4833333333331,4372.62,1455.0,,,,AUAR,True
v_25444467_1456,v_25444467_1457,,7253.483333333333,3727.2666666666655,1456.0,,,,AUAL,True
v_25530331_1456,v_25530331_1455,,1537.8166666666668,4375.62,1456.0,,,,AUAR,True
25515130,v_25515130_1457,5.0,2629.95,3105.55,1456.0,-1.0,128.0,1767895088.0,AUAR,False
25510246,25510245.0,5.0,6380.0,5483.05,1456.0,-1.0,128.0,1768633554.0,AUAL,False
25510245,25510243.0,5.0,6373.0,5489.75,1457.0,-1.0,128.0,1766162577.0,AUAL,False
v_25515130_1457,v_25515130_1458,,2630.6166666666663,3110.8833333333337,1457.0,,,,AUAR,True
25530331,v_25530331_1454,5.0,1534.15,4378.62,1457.0,-1.0,128.0,1767376665.0,AUAR,False
v_25444467_1457,25444468.0,,7262.816666666667,3723.933333333333,1457.0,,,,AUAL,True
25515107,v_25515107_1459,5.0,1925.95,4227.55,1458.0,-1.0,128.0,1767895088.0,AUAR,False
25510243,25510242.0,5.0,6355.0,5533.75,1458.0,-1.0,128.0,1766162577.0,AUAL,False
25444468,v_25444468_1459,5.0,7272.15,3720.6,1458.0,-1.0,128.0,1761080606.0,AUAL,False
v_25530332_1458,25530331.0,,1502.3038461538465,4380.466153846154,1458.0,,,,AUAR,True
v_25515130_1458,25515129.0,,2631.2833333333333,3116.2166666666667,1458.0,,,,AUAR,True
v_25515107_1459,25515106.0,,1926.95,4238.55,1459.0,,,,AUAR,True
v_25530332_1459,v_25530332_1467,,1491.6884615384615,4381.081538461538,1459.0,,,,AUAR,True
25515129,v_25515129_1460,5.0,2631.95,3121.55,1459.0,-1.0,128.0,1767895088.0,AUAR,False
25510242,25510241.0,5.0,6225.0,5827.75,1459.0,-1.0,128.0,1766162577.0,AUAL,False
25510244,25510243.0,5.0,6497.0,5225.75,1459.0,-1.0,128.0,1766162577.0,AUAL,False
v_25444468_1459,v_25444468_1460,,7274.816666666667,3714.6,1459.0,,,,AUAL,True
v_25444468_1460,25444469.0,,7277.483333333333,3708.6,1460.0,,,,AUAL,True
v_25530332_1460,v_25530332_1466,,1481.073076923077,4381.696923076923,1460.0,,,,AUAR,True
25515106,v_25515106_1461,5.0,1927.95,4249.55,1460.0,-1.0,128.0,1767895088.0,AUAR,False
v_25515129_1460,v_25515129_1461,,2615.2833333333333,3141.55,1460.0,,,,AUAR,True
25511776,25510244.0,5.0,6541.0,5221.75,1460.0,-1.0,128.0,1766162577.0,AUAL,False
25510241,25510240.0,5.0,6201.0,5859.75,1460.0,-1.0,128.0,1766162577.0,AUAL,False
25510240,v_25510240_1462,5.0,6143.0,5863.75,1461.0,-1.0,128.0,1766162577.0,AUAL,False
25511777,25511776.0,5.0,6527.0,5189.75,1461.0,-1.0,128.0,1766162577.0,AUAL,False
v_25530332_1461,v_25530332_1465,,1470.4576923076925,4382.312307692308,1461.0,,,,AUAR,True
v_25515106_1461,25515105.0,,1935.95,4241.55,1461.0,,,,AUAR,True
25444469,25444470.0,5.0,7280.15,3702.6,1461.0,-1.0,128.0,1761080606.0,AUAL,False
v_25515129_1461,25515128.0,,2598.6166666666663,3161.55,1461.0,,,,AUAR,True
v_25530332_1462,v_25530332_1464,,1459.8423076923077,4382.927692307692,1462.0,,,,AUAR,True
25444470,25444471.0,5.0,7298.15,3700.6,1462.0,-1.0,128.0,1761080606.0,AUAL,False
25511778,25511777.0,5.0,6583.0,5193.75,1462.0,-1.0,128.0,1766162577.0,AUAL,False
v_25510240_1462,v_25510240_1463,,6131.0,5894.416666666667,1462.0,,,,AUAL,True
25515105,v_25515105_1463,5.0,1943.95,4233.55,1462.0,-1.0,128.0,1767895088.0,AUAR,False
25515128,25550516.0,5.0,2581.95,3181.55,1462.0,-1.0,128.0,1768623683.0,AUAR,False
v_25510240_1463,25510239.0,,6119.0,5925.083333333333,1463.0,,,,AUAL,True
25444471,25444472.0,5.0,7306.15,3686.6,1463.0,-1.0,128.0,1761080606.0,AUAL,False
25550516,25515127.0,5.0,2567.95,3207.55,1463.0,-1.0,128.0,1768623683.0,AUAR,False
v_25530332_1463,v_25530332_1463,,1449.2269230769232,4383.543076923077,1463.0,,,,AUAR,True
v_25515105_1463,25515104.0,,1953.95,4268.55,1463.0,,,,AUAR,True
25511779,25511778.0,5.0,6609.0,5189.75,1463.0,-1.0,128.0,1766162577.0,AUAL,False
25515127,v_25515127_1465,5.0,2553.95,3233.55,1464.0,-1.0,128.0,1767895088.0,AUAR,False
25515104,v_25515104_1465,5.0,1963.95,4303.55,1464.0,-1.0,128.0,1767895088.0,AUAR,False
25510239,25550555.0,5.0,6107.0,5955.75,1464.0,-1.0,128.0,1768633785.0,AUAL,False
25511780,25511779.0,5.0,6601.0,5193.75,1464.0,-1.0,128.0,1766162577.0,AUAL,False
v_25530332_1464,v_25530332_1462,,1438.6115384615389,4384.158461538462,1464.0,,,,AUAR,True
25444472,v_25444472_1465,5.0,7316.15,3674.6,1464.0,-1.0,128.0,1761080606.0,AUAL,False
v_25444472_1465,25444473.0,,7318.15,3684.6,1465.0,,,,AUAL,True
25511781,25511780.0,5.0,6611.0,5193.75,1465.0,-1.0,128.0,1766162577.0,AUAL,False
v_25515104_1465,25515103.0,,1964.95,4309.55,1465.0,,,,AUAR,True
v_25515127_1465,25515126.0,,2530.95,3287.55,1465.0,,,,AUAR,True
v_25530332_1465,v_25530332_1461,,1427.996153846154,4384.773846153846,1465.0,,,,AUAR,True
25550555,25510238.0,5.0,6108.0,5980.75,1465.0,-1.0,128.0,1768633785.0,AUAL,False
25510238,25550540.0,5.0,6109.0,6005.75,1466.0,-1.0,128.0,1768633052.0,AUAL,False
25515126,v_25515126_1467,5.0,2507.95,3341.55,1466.0,-1.0,128.0,1767895088.0,AUAR,False
25515103,v_25515103_1467,5.0,1965.95,4315.55,1466.0,-1.0,128.0,1767895088.0,AUAR,False
25444473,v_25444473_1467,5.0,7320.15,3694.6,1466.0,-1.0,128.0,1761080606.0,AUAL,False
v_25530332_1466,v_25530332_1460,,1417.3807692307694,4385.38923076923,1466.0,,,,AUAR,True
v_25444473_1467,25444474.0,,7322.15,3689.6,1467.0,,,,AUAL,True
v_25515126_1467,25515125.0,,2491.95,3374.55,1467.0,,,,AUAR,True
v_25515103_1467,25515102.0,,1985.95,4301.55,1467.0,,,,AUAR,True
25550540,v_25550540_1468,5.0,6106.0,6025.05,1467.0,-1.0,128.0,1768633055.0,AUAL,False
v_25530332_1467,v_25530332_1459,,1406.7653846153846,4386.004615384615,1467.0,,,,AUAR,True
v_25550540_1468,25510237.0,,6107.5,6038.4,1468.0,,,,AUAL,True
25515102,25515101.0,5.0,2005.95,4287.55,1468.0,-1.0,128.0,1767895088.0,AUAR,False
25530332,v_25530332_1458,5.0,1396.15,4386.62,1468.0,-1.0,128.0,1767376667.0,AUAR,False
25444474,v_25444474_1469,5.0,7324.15,3684.6,1468.0,-1.0,128.0,1761080606.0,AUAL,False
25515125,v_25515125_1469,5.0,2475.95,3407.55,1468.0,-1.0,128.0,1767895088.0,AUAR,False
v_25530333_1469,25530332.0,,1385.864285714286,4393.477142857143,1469.0,,,,AUAR,True
25515101,25556327.0,5.0,2025.95,4267.55,1469.0,-1.0,128.0,1770397326.0,AUAR,False
25510237,v_25510237_1470,5.0,6109.0,6051.75,1469.0,-1.0,128.0,1766162577.0,AUAL,False
v_25515125_1469,25515124.0,,2472.95,3436.55,1469.0,,,,AUAR,True
v_25444474_1469,v_25444474_1470,,7323.483333333333,3683.933333333333,1469.0,,,,AUAL,True
25515124,25515123.0,5.0,2469.95,3465.55,1470.0,-1.0,128.0,1767895088.0,AUAR,False
v_25510237_1470,25510236.0,,6097.0,6067.75,1470.0,,,,AUAL,True
25556327,25515100.0,5.0,2042.95,4269.55,1470.0,-1.0,128.0,1770397326.0,AUAR,False
v_25444474_1470,25444475.0,,7322.816666666667,3683.2666666666655,1470.0,,,,AUAL,True
v_25530333_1470,v_25530333_1472,,1382.4357142857143,4395.762857142857,1470.0,,,,AUAR,True
25515111,25515110.0,5.0,2279.95,4865.55,1471.0,-1.0,128.0,1767895088.0,AUAR,False
25515123,25515122.0,5.0,2451.95,3485.55,1471.0,-1.0,128.0,1767895088.0,AUAR,False
25515100,25514962.0,5.0,2059.95,4271.55,1471.0,-1.0,128.0,1767895088.0,AUAR,False
v_25530333_1471,v_25530333_1471,,1379.007142857143,4398.048571428571,1471.0,,,,AUAR,True
25444475,v_25444475_1472,5.0,7322.15,3682.6,1471.0,-1.0,128.0,1761080606.0,AUAL,False
25510236,v_25510236_1472,5.0,6085.0,6083.75,1471.0,-1.0,128.0,1766162577.0,AUAL,False
25515122,25515121.0,5.0,2419.95,3531.55,1472.0,-1.0,128.0,1767895088.0,AUAR,False
v_25530333_1472,v_25530333_1470,,1375.5785714285714,4400.334285714285,1472.0,,,,AUAR,True
25515110,25515109.0,5.0,2293.95,4831.55,1472.0,-1.0,128.0,1767895088.0,AUAR,False
25514962,25556330.0,5.0,2029.95,4329.55,1472.0,-1.0,128.0,1770397387.0,AUAR,False
v_25444475_1472,25444476.0,,7327.15,3691.6,1472.0,,,,AUAL,True
v_25510236_1472,25510235.0,,6066.0,6101.75,1472.0,,,,AUAL,True
25530333,v_25530333_1469,5.0,1372.15,4402.62,1473.0,-1.0,128.0,1767376669.0,AUAR,False
25510235,v_25510235_1474,5.0,6047.0,6119.75,1473.0,-1.0,128.0,1766162577.0,AUAL,False
25515109,25515108.0,5.0,2309.95,4809.55,1473.0,-1.0,128.0,1767895088.0,AUAR,False
25515121,25515120.0,5.0,2391.95,3557.55,1473.0,-1.0,128.0,1767895088.0,AUAR,False
25556330,25514963.0,5.0,2032.95,4332.55,1473.0,-1.0,128.0,1770397387.0,AUAR,False
25444476,v_25444476_1474,5.0,7332.15,3700.6,1473.0,-1.0,128.0,1761080606.0,AUAL,False
v_25510235_1474,v_25510235_1475,,6033.0,6122.416666666667,1474.0,,,,AUAL,True
v_25444476_1474,v_25444476_1475,,7336.65,3700.6,1474.0,,,,AUAL,True
25514963,25514964.0,5.0,2035.95,4335.55,1474.0,-1.0,128.0,1767895088.0,AUAR,False
25515120,25532783.0,5.0,2355.95,3607.55,1474.0,-1.0,128.0,1767895088.0,AUAR,False
25515108,25514966.0,5.0,2339.95,4757.55,1474.0,-1.0,128.0,1767895088.0,AUAR,False
v_25530334_1474,25530333.0,,1372.15,4416.12,1474.0,,,,AUAR,True
25514964,25514965.0,5.0,2125.95,4433.55,1475.0,-1.0,128.0,1767895088.0,AUAR,False
25532783,25515119.0,5.0,2345.95,3629.55,1475.0,-1.0,128.0,1767895088.0,AUAR,False
v_25510235_1475,25510234.0,,6019.0,6125.083333333333,1475.0,,,,AUAL,True
25530334,v_25530334_1474,5.0,1372.15,4420.62,1475.0,-1.0,128.0,1767376675.0,AUAR,False
v_25444476_1475,v_25444476_1476,,7341.15,3700.6,1475.0,,,,AUAL,True
25514966,25514964.0,5.0,2265.95,4845.55,1475.0,-1.0,128.0,1767895088.0,AUAR,False
25555785,25514964.0,5.0,2221.275,4882.625,1475.0,-1.0,128.0,1770136080.0,AUAR,False
v_25444476_1476,25444477.0,,7345.65,3700.6,1476.0,,,,AUAL,True
v_25530335_1476,25530334.0,,1378.15,4423.62,1476.0,,,,AUAR,True
25510234,v_25510234_1477,5.0,6005.0,6127.75,1476.0,-1.0,128.0,1770240732.0,AUAL,False
25514965,25514967.0,5.0,2181.95,4561.55,1476.0,-1.0,128.0,1767895088.0,AUAR,False
25515119,v_25515119_1477,5.0,2330.95,3656.55,1476.0,-1.0,128.0,1767895088.0,AUAR,False
25444477,v_25444477_1478,5.0,7350.15,3700.6,1477.0,-1.0,128.0,1761080606.0,AUAL,False
v_25510234_1477,25555847.0,,6003.675,6134.425,1477.0,,,,AUAL,True
25530335,v_25530335_1476,5.0,1380.15,4424.62,1477.0,-1.0,128.0,1767376676.0,AUAR,False
25514967,25514968.0,5.0,2189.95,4595.55,1477.0,-1.0,128.0,1767895088.0,AUAR,False
v_25515119_1477,25515118.0,,2327.45,3661.05,1477.0,,,,AUAR,True
25514968,25514969.0,5.0,2197.95,4603.55,1478.0,-1.0,128.0,1767895088.0,AUAR,False
25515118,25515117.0,5.0,2323.95,3665.55,1478.0,-1.0,128.0,1767895088.0,AUAR,False
v_25444477_1478,v_25444477_1479,,7349.349999999999,3703.4,1478.0,,,,AUAL,True
25555847,25510233.0,5.0,6002.35,6141.1,1478.0,-1.0,128.0,1770240732.0,AUAL,False
v_25530336_1478,25530335.0,,1381.65,4415.62,1478.0,,,,AUAR,True
25515117,25515116.0,5.0,2315.95,3691.55,1479.0,-1.0,128.0,1767895088.0,AUAR,False
25510233,25556652.0,5.0,6001.0,6147.75,1479.0,-1.0,128.0,1770571548.0,AUAL,False
25530336,v_25530336_1478,5.0,1382.15,4412.62,1479.0,-1.0,128.0,1767376678.0,AUAR,False
25514969,25514970.0,5.0,2209.95,4567.55,1479.0,-1.0,128.0,1767895088.0,AUAR,False
v_25444477_1479,v_25444477_1480,,7348.549999999999,3706.2,1479.0,,,,AUAL,True
v_25444477_1480,v_25444477_1481,,7347.75,3709.0,1480.0,,,,AUAL,True
25530337,25530336.0,5.0,1390.15,4426.62,1480.0,-1.0,128.0,1767376681.0,AUAR,False
25556652,25510232.0,5.0,5979.0,6156.75,1480.0,-1.0,128.0,1770571548.0,AUAL,False
25515116,25515115.0,5.0,2317.95,3769.55,1480.0,-1.0,128.0,1767895088.0,AUAR,False
25514970,25514971.0,5.0,2209.95,4615.55,1480.0,-1.0,128.0,1767895088.0,AUAR,False
v_25444477_1481,25444478.0,,7346.95,3711.8,1481.0,,,,AUAL,True
25514971,25514972.0,5.0,2233.95,4623.55,1481.0,-1.0,128.0,1767895088.0,AUAR,False
25515115,25514972.0,5.0,2317.95,3799.55,1481.0,-1.0,128.0,1767895088.0,AUAR,False
25510232,v_25510232_1482,5.0,5957.0,6165.75,1481.0,-1.0,128.0,1766162577.0,AUAL,False
25535398,25530337.0,5.0,1408.15,4431.6,1481.0,-1.0,128.0,1767894095.0,AUAR,False
v_25510232_1482,v_25510232_1483,,5933.666666666667,6177.083333333333,1482.0,,,,AUAL,True
v_25530338_1482,25535398.0,,1402.75,4437.3060000000005,1482.0,,,,AUAR,True
25514972,v_25514972_1483,5.0,2239.625,4624.76,1482.0,-1.0,128.0,1769487830.0,AUAR,False
25444478,v_25444478_1483,5.0,7346.15,3714.6,1482.0,-1.0,128.0,1761080606.0,AUAL,False
v_25514972_1483,25514973.0,,2236.7875,4624.155000000001,1483.0,,,,AUAR,True
v_25530338_1483,v_25530338_1488,,1400.95,4439.2080000000005,1483.0,,,,AUAR,True
v_25444478_1483,25444479.0,,7347.15,3728.6,1483.0,,,,AUAL,True
v_25510232_1483,25510231.0,,5910.333333333333,6188.416666666667,1483.0,,,,AUAL,True
25444479,v_25444479_1485,5.0,7348.15,3742.6,1484.0,-1.0,128.0,1761080606.0,AUAL,False
25510231,v_25510231_1485,5.0,5887.0,6199.75,1484.0,-1.0,128.0,1766162577.0,AUAL,False
25514973,25514974.0,5.0,2233.95,4623.55,1484.0,-1.0,128.0,1767895088.0,AUAR,False
v_25530338_1484,v_25530338_1487,,1399.15,4441.110000000001,1484.0,,,,AUAR,True
25514974,25514976.0,5.0,2197.95,4723.55,1485.0,-1.0,128.0,1767895088.0,AUAR,False
v_25530338_1485,v_25530338_1486,,1397.35,4443.012,1485.0,,,,AUAR,True
v_25510231_1485,v_25510231_1486,,5882.333333333333,6201.75,1485.0,,,,AUAL,True
v_25444479_1485,v_25444479_1486,,7343.15,3748.6,1485.0,,,,AUAL,True
25514975,25514974.0,5.0,2197.95,4131.55,1486.0,-1.0,128.0,1767895088.0,AUAR,False
v_25444479_1486,v_25444479_1487,,7338.15,3754.6,1486.0,,,,AUAL,True
v_25510231_1486,25510230.0,,5877.666666666667,6203.75,1486.0,,,,AUAL,True
25514976,25514977.0,5.0,2349.95,5295.55,1486.0,-1.0,128.0,1767895088.0,AUAR,False
v_25530338_1486,v_25530338_1485,,1395.5500000000002,4444.914,1486.0,,,,AUAR,True
v_25530338_1487,v_25530338_1484,,1393.75,4446.816,1487.0,,,,AUAR,True
25514977,25514979.0,5.0,2349.95,5371.55,1487.0,-1.0,128.0,1767895088.0,AUAR,False
25510230,25510229.0,5.0,5873.0,6205.75,1487.0,-1.0,128.0,1766162577.0,AUAL,False
25515112,25514975.0,5.0,2195.95,4065.55,1487.0,-1.0,128.0,1767895088.0,AUAR,False
v_25444479_1487,25444480.0,,7333.15,3760.6,1487.0,,,,AUAL,True
25514978,25514977.0,5.0,2257.95,4935.55,1488.0,-1.0,128.0,1767895088.0,AUAR,False
25510229,v_25510229_1489,5.0,5841.0,6243.75,1488.0,-1.0,128.0,1766162577.0,AUAL,False
25514979,25514980.0,5.0,2481.95,5587.55,1488.0,-1.0,128.0,1767895088.0,AUAR,False
25515113,25515112.0,5.0,2199.95,4095.55,1488.0,-1.0,128.0,1767895088.0,AUAR,False
25444480,v_25444480_1489,5.0,7328.15,3766.6,1488.0,-1.0,128.0,1761080606.0,AUAL,False
v_25530338_1488,v_25530338_1483,,1391.95,4448.718,1488.0,,,,AUAR,True
25515143,25514978.0,5.0,2287.95,5011.55,1489.0,-1.0,128.0,1767895088.0,AUAR,False
25514980,25550535.0,5.0,2465.95,5623.55,1489.0,-1.0,128.0,1768625081.0,AUAR,False
25515114,25515113.0,5.0,2183.95,4141.55,1489.0,-1.0,128.0,1767895088.0,AUAR,False
v_25444480_1489,v_25444480_1490,,7324.549999999999,3779.8,1489.0,,,,AUAL,True
25530338,v_25530338_1482,5.0,1390.15,4450.62,1489.0,-1.0,128.0,1767894095.0,AUAR,False
v_25510229_1489,25510228.0,,5820.0,6256.75,1489.0,,,,AUAL,True
v_25530339_1490,25530338.0,,1428.5500000000002,4453.02,1490.0,,,,AUAR,True
25550535,25514981.0,5.0,2479.95,5635.55,1490.0,-1.0,128.0,1768625081.0,AUAR,False
v_25444480_1490,v_25444480_1491,,7320.95,3793.0,1490.0,,,,AUAL,True
25515144,25515143.0,5.0,2287.95,5011.55,1490.0,-1.0,128.0,1767895088.0,AUAR,False
25510228,v_25510228_1491,5.0,5799.0,6269.75,1490.0,-1.0,128.0,1766162577.0,AUAL,False
v_25510228_1491,25510227.0,,5780.0,6297.75,1491.0,,,,AUAL,True
v_25444480_1491,v_25444480_1492,,7317.349999999999,3806.2,1491.0,,,,AUAL,True
25514981,25514982.0,5.0,2493.95,5647.55,1491.0,-1.0,128.0,1767895088.0,AUAR,False
25515145,25515144.0,5.0,2315.95,5055.55,1491.0,-1.0,128.0,1767895088.0,AUAR,False
v_25530339_1491,v_25530339_1491,,1441.35,4453.82,1491.0,,,,AUAR,True
25510227,v_25510227_1493,5.0,5761.0,6325.75,1492.0,-1.0,128.0,1766162577.0,AUAL,False
v_25444480_1492,25444481.0,,7313.75,3819.4,1492.0,,,,AUAL,True
25530339,v_25530339_1490,5.0,1454.15,4454.62,1492.0,-1.0,128.0,1767376693.0,AUAR,False
25514982,25514983.0,5.0,2513.95,5687.55,1492.0,-1.0,128.0,1767895088.0,AUAR,False
25515146,25515145.0,5.0,2319.95,5087.55,1492.0,-1.0,128.0,1767895088.0,AUAR,False
v_25510227_1493,v_25510227_1494,,5729.0,6363.083333333333,1493.0,,,,AUAL,True
v_25530340_1493,25530339.0,,1409.15,4501.12,1493.0,,,,AUAR,True
25444481,v_25444481_1494,5.0,7310.15,3832.6,1493.0,-1.0,128.0,1761080606.0,AUAL,False
25514983,25514984.0,5.0,2513.95,5775.55,1493.0,-1.0,128.0,1767895088.0,AUAR,False
25530340,v_25530340_1493,5.0,1394.15,4516.62,1494.0,-1.0,128.0,1767376697.0,AUAR,False
25514984,25514985.0,5.0,2553.95,5891.55,1494.0,-1.0,128.0,1767895088.0,AUAR,False
v_25510227_1494,25510226.0,,5697.0,6400.416666666667,1494.0,,,,AUAL,True
v_25444481_1494,v_25444481_1495,,7303.65,3848.6,1494.0,,,,AUAL,True
25510226,v_25510226_1496,5.0,5665.0,6437.75,1495.0,-1.0,128.0,1766162577.0,AUAL,False
v_25444481_1495,v_25444481_1496,,7297.15,3864.6,1495.0,,,,AUAL,True
v_25530341_1495,25530340.0,,1394.15,4537.02,1495.0,,,,AUAR,True
25514985,25514986.0,5.0,2621.95,5927.55,1495.0,-1.0,128.0,1767895088.0,AUAR,False
v_25510226_1496,25510225.0,,5651.0,6453.75,1496.0,,,,AUAL,True
v_25444481_1496,25444482.0,,7290.65,3880.6,1496.0,,,,AUAL,True
25514986,25556454.0,5.0,2633.95,5971.55,1496.0,-1.0,128.0,1770414022.0,AUAR,False
v_25530341_1496,v_25530341_1496,,1394.15,4543.82,1496.0,,,,AUAR,True
25556454,25514987.0,5.0,2647.95,5989.55,1497.0,-1.0,128.0,1770414022.0,AUAR,False
25444482,v_25444482_1498,5.0,7284.15,3896.6,1497.0,-1.0,128.0,1761080606.0,AUAL,False
25510225,v_25510225_1498,5.0,5637.0,6469.75,1497.0,-1.0,128.0,1766162577.0,AUAL,False
25530341,v_25530341_1495,5.0,1394.15,4550.62,1497.0,-1.0,128.0,1767376699.0,AUAR,False
v_25444482_1498,v_25444482_1499,,7278.15,3904.1,1498.0,,,,AUAL,True
v_25510225_1498,25510224.0,,5610.0,6496.75,1498.0,,,,AUAL,True
25514987,25514988.0,5.0,2661.95,6007.55,1498.0,-1.0,128.0,1767895088.0,AUAR,False
v_25530342_1498,25530341.0,,1389.15,4518.62,1498.0,,,,AUAR,True
25510224,v_25510224_1500,5.0,5583.0,6523.75,1499.0,-1.0,128.0,1766162577.0,AUAL,False
v_25444482_1499,v_25444482_1500,,7272.15,3911.6,1499.0,,,,AUAL,True
25514988,25514989.0,5.0,2729.95,6071.55,1499.0,-1.0,128.0,1767895088.0,AUAR,False
v_25530342_1499,v_25530342_1500,,1387.4833333333331,4507.953333333333,1499.0,,,,AUAR,True
v_25530342_1500,v_25530342_1499,,1385.8166666666668,4497.286666666667,1500.0,,,,AUAR,True
25514989,25514990.0,5.0,2717.95,6047.55,1500.0,-1.0,128.0,1767895088.0,AUAR,False
v_25510224_1500,25510223.0,,5575.0,6532.75,1500.0,,,,AUAL,True
v_25444482_1500,25444483.0,,7266.15,3919.1,1500.0,,,,AUAL,True
25530342,v_25530342_1498,5.0,1384.15,4486.62,1501.0,-1.0,128.0,1767376700.0,AUAR,False
25514990,25514991.0,5.0,2749.95,6091.55,1501.0,-1.0,128.0,1767895088.0,AUAR,False
25510223,25510222.0,5.0,5567.0,6541.75,1501.0,-1.0,128.0,1766162577.0,AUAL,False
25444483,v_25444483_1502,5.0,7260.15,3926.6,1501.0,-1.0,128.0,1761080606.0,AUAL,False
25514991,25514992.0,5.0,2795.95,6079.55,1502.0,-1.0,128.0,1767895088.0,AUAR,False
v_25530343_1502,25530342.0,,1375.5785714285714,4472.905714285715,1502.0,,,,AUAR,True
25510222,25510221.0,5.0,5557.0,6593.75,1502.0,-1.0,128.0,1766162577.0,AUAL,False
v_25444483_1502,25444484.0,,7256.15,3934.6,1502.0,,,,AUAL,True
25511788,v_25511788_1503,5.0,5841.0,6247.75,1502.0,-1.0,128.0,1766162577.0,AUAL,False
v_25511788_1503,25511787.0,,5845.0,6264.75,1503.0,,,,AUAL,True
v_25530343_1503,v_25530343_1505,,1372.7214285714288,4468.334285714285,1503.0,,,,AUAR,True
25514992,25514993.0,5.0,2817.95,6125.55,1503.0,-1.0,128.0,1767895088.0,AUAR,False
25444484,v_25444484_1504,5.0,7252.15,3942.6,1503.0,-1.0,128.0,1761080606.0,AUAL,False
25510221,25510220.0,5.0,5555.0,6657.75,1503.0,-1.0,128.0,1766162577.0,AUAL,False
v_25530343_1504,v_25530343_1504,,1369.864285714286,4463.762857142857,1504.0,,,,AUAR,True
25510220,v_25510220_1505,5.0,5567.0,6679.75,1504.0,-1.0,128.0,1766162577.0,AUAL,False
25511787,25511786.0,5.0,5849.0,6281.75,1504.0,-1.0,128.0,1766162577.0,AUAL,False
v_25444484_1504,v_25444484_1505,,7246.816666666667,3931.2666666666655,1504.0,,,,AUAL,True
25514993,25514994.0,5.0,2849.95,6151.55,1504.0,-1.0,128.0,1767895088.0,AUAR,False
v_25530343_1505,v_25530343_1503,,1367.007142857143,4459.191428571428,1505.0,,,,AUAR,True
25514994,25514995.0,5.0,2929.95,6239.55,1505.0,-1.0,128.0,1767895088.0,AUAR,False
25511786,25511785.0,5.0,5837.0,6299.75,1505.0,-1.0,128.0,1766162577.0,AUAL,False
v_25510220_1505,v_25510220_1506,,5565.0,6697.75,1505.0,,,,AUAL,True
v_25444484_1505,25444485.0,,7241.483333333333,3919.933333333333,1505.0,,,,AUAL,True
25444485,v_25444485_1507,5.0,7236.15,3908.6,1506.0,-1.0,128.0,1761080606.0,AUAL,False
25514995,25514996.0,5.0,3065.95,6371.55,1506.0,-1.0,128.0,1767895088.0,AUAR,False
v_25510220_1506,25510219.0,,5563.0,6715.75,1506.0,,,,AUAL,True
25511785,25511784.0,5.0,5783.0,6369.75,1506.0,-1.0,128.0,1766162577.0,AUAL,False
25530343,v_25530343_1502,5.0,1364.15,4454.62,1506.0,-1.0,128.0,1767376701.0,AUAR,False
25514996,25514997.0,5.0,3081.95,6391.55,1507.0,-1.0,128.0,1767895088.0,AUAR,False
25510219,25510218.0,5.0,5561.0,6733.75,1507.0,-1.0,128.0,1766162577.0,AUAL,False
25511784,25511783.0,5.0,5727.0,6409.75,1507.0,-1.0,128.0,1766162577.0,AUAL,False
v_25535399_1507,25530343.0,,1373.75,4455.2080000000005,1507.0,,,,AUAR,True
v_25444485_1507,v_25444485_1508,,7220.15,3920.6,1507.0,,,,AUAL,True
25510218,25510217.0,5.0,5579.0,6737.75,1508.0,-1.0,128.0,1766162577.0,AUAL,False
v_25444485_1508,25444486.0,,7204.15,3932.6,1508.0,,,,AUAL,True
25511783,25511782.0,5.0,5707.0,6427.75,1508.0,-1.0,128.0,1766162577.0,AUAL,False
v_25535399_1508,v_25535399_1508,,1376.95,4455.404,1508.0,,,,AUAR,True
25514997,25514998.0,5.0,3129.95,6435.55,1508.0,-1.0,128.0,1767895088.0,AUAR,False
25444486,v_25444486_1510,5.0,7188.15,3944.6,1509.0,-1.0,128.0,1761080606.0,AUAL,False
25535399,v_25535399_1507,5.0,1380.15,4455.6,1509.0,-1.0,128.0,1767894129.0,AUAR,False
25510217,25510216.0,5.0,5583.0,6727.75,1509.0,-1.0,128.0,1766162577.0,AUAL,False
25511782,25510215.0,5.0,5703.0,6441.75,1509.0,-1.0,128.0,1766162577.0,AUAL,False
25514998,25514999.0,5.0,3155.95,6499.55,1509.0,-1.0,128.0,1767895088.0,AUAR,False
v_25444486_1510,v_25444486_1511,,7172.15,3950.6,1510.0,,,,AUAL,True
25514999,25515000.0,5.0,3219.95,6581.55,1510.0,-1.0,128.0,1767895088.0,AUAR,False
25510215,25510214.0,5.0,5687.0,6457.75,1510.0,-1.0,128.0,1766162577.0,AUAL,False
25510216,25510214.0,5.0,5577.0,6747.75,1510.0,-1.0,128.0,1766162577.0,AUAL,False
v_25530344_1510,25535399.0,,1393.65,4447.365,1510.0,,,,AUAR,True
25510214,25510213.0,5.0,5641.0,6621.75,1511.0,-1.0,128.0,1766162577.0,AUAL,False
25530344,v_25530344_1510,5.0,1398.15,4444.62,1511.0,-1.0,128.0,1767894129.0,AUAR,False
25515000,25515001.0,5.0,3267.95,6631.55,1511.0,-1.0,128.0,1767895088.0,AUAR,False
v_25444486_1511,25444487.0,,7156.15,3956.6,1511.0,,,,AUAL,True
v_25530345_1512,25530344.0,,1409.4,4445.37,1512.0,,,,AUAR,True
25444487,v_25444487_1513,5.0,7140.15,3962.6,1512.0,-1.0,128.0,1761080606.0,AUAL,False
25510213,25556170.0,5.0,5589.0,6637.75,1512.0,-1.0,128.0,1770354464.0,AUAL,False
25515001,25515002.0,5.0,3291.95,6665.55,1512.0,-1.0,128.0,1767895088.0,AUAR,False
25556170,v_25556170_1514,5.0,5580.5,6642.25,1513.0,-1.0,128.0,1770354464.0,AUAL,False
v_25530345_1513,v_25530345_1516,,1413.15,4445.62,1513.0,,,,AUAR,True
v_25444487_1513,v_25444487_1514,,7132.816666666667,3965.2666666666655,1513.0,,,,AUAL,True
25515002,v_25515002_1514,5.0,3293.95,6673.55,1513.0,-1.0,128.0,1767895088.0,AUAR,False
v_25530345_1514,v_25530345_1515,,1416.9,4445.87,1514.0,,,,AUAR,True
v_25515002_1514,25515003.0,,3306.95,6700.55,1514.0,,,,AUAR,True
v_25556170_1514,v_25556170_1515,,5572.0,6646.75,1514.0,,,,AUAL,True
v_25444487_1514,25444488.0,,7125.483333333333,3967.933333333333,1514.0,,,,AUAL,True
v_25530345_1515,v_25530345_1514,,1420.65,4446.12,1515.0,,,,AUAR,True
25515003,v_25515003_1516,5.0,3319.95,6727.55,1515.0,-1.0,128.0,1767895088.0,AUAR,False
25444488,v_25444488_1516,5.0,7118.15,3970.6,1515.0,-1.0,128.0,1761080606.0,AUAL,False
v_25556170_1515,25510212.0,,5563.5,6651.25,1515.0,,,,AUAL,True
v_25515003_1516,25515004.0,,3339.95,6754.55,1516.0,,,,AUAR,True
25510212,v_25510212_1517,5.0,5555.0,6655.75,1516.0,-1.0,128.0,1766162577.0,AUAL,False
v_25444488_1516,v_25444488_1517,,7110.15,3971.2666666666655,1516.0,,,,AUAL,True
v_25530345_1516,v_25530345_1513,,1424.4,4446.37,1516.0,,,,AUAR,True
25515004,v_25515004_1518,5.0,3359.95,6781.55,1517.0,-1.0,128.0,1767895088.0,AUAR,False
25530345,v_25530345_1512,5.0,1428.15,4446.62,1517.0,-1.0,128.0,1767376705.0,AUAR,False
v_25444488_1517,25444489.0,,7102.15,3971.933333333333,1517.0,,,,AUAL,True
v_25510212_1517,25510211.0,,5554.0,6657.75,1517.0,,,,AUAL,True
v_25515004_1518,25515005.0,,3389.95,6797.55,1518.0,,,,AUAR,True
v_25530346_1518,25530345.0,,1447.4833333333331,4453.286666666667,1518.0,,,,AUAR,True
25510211,v_25510211_1519,5.0,5553.0,6659.75,1518.0,-1.0,128.0,1766162577.0,AUAL,False
25444489,v_25444489_1519,5.0,7094.15,3972.6,1518.0,-1.0,128.0,1761080606.0,AUAL,False
25515005,v_25515005_1520,5.0,3419.95,6813.55,1519.0,-1.0,128.0,1767895088.0,AUAR,False
v_25530346_1519,v_25530346_1523,,1453.927777777778,4455.508888888889,1519.0,,,,AUAR,True
v_25444489_1519,v_25444489_1520,,7085.483333333333,3983.933333333333,1519.0,,,,AUAL,True
v_25510211_1519,25510210.0,,5524.0,6669.75,1519.0,,,,AUAL,True
25510210,25510209.0,5.0,5495.0,6679.75,1520.0,-1.0,128.0,1766162577.0,AUAL,False
v_25444489_1520,25444490.0,,7076.816666666667,3995.2666666666655,1520.0,,,,AUAL,True
v_25515005_1520,25515006.0,,3431.95,6811.55,1520.0,,,,AUAR,True
v_25530346_1520,v_25530346_1522,,1460.3722222222225,4457.731111111111,1520.0,,,,AUAR,True
v_25530346_1521,v_25530346_1521,,1466.8166666666668,4459.953333333333,1521.0,,,,AUAR,True
25444490,25444491.0,5.0,7068.15,4006.6,1521.0,-1.0,128.0,1761080606.0,AUAL,False
25510209,25510319.0,5.0,5501.0,6695.75,1521.0,-1.0,128.0,1766162577.0,AUAL,False
25515006,v_25515006_1522,5.0,3443.95,6809.55,1521.0,-1.0,128.0,1767895088.0,AUAR,False
v_25515006_1522,25515007.0,,3513.95,6825.55,1522.0,,,,AUAR,True
25444491,25444492.0,5.0,7040.15,4020.6,1522.0,-1.0,128.0,1761080606.0,AUAL,False
25510319,25510320.0,5.0,5443.0,6711.75,1522.0,-1.0,128.0,1766162577.0,AUAL,False
v_25530346_1522,v_25530346_1520,,1473.2611111111112,4462.175555555556,1522.0,,,,AUAR,True
25510320,25510321.0,5.0,5407.0,6743.75,1523.0,-1.0,128.0,1766162577.0,AUAL,False
25515007,v_25515007_1524,5.0,3583.95,6841.55,1523.0,-1.0,128.0,1767895088.0,AUAR,False
25444492,v_25444492_1524,5.0,7040.15,4016.6,1523.0,-1.0,128.0,1761080606.0,AUAL,False
v_25530346_1523,v_25530346_1519,,1479.7055555555555,4464.397777777777,1523.0,,,,AUAR,True
v_25444492_1524,25444493.0,,7027.15,4016.6,1524.0,,,,AUAL,True
25510321,25510322.0,5.0,5415.0,6743.75,1524.0,-1.0,128.0,1766162577.0,AUAL,False
25530346,v_25530346_1518,5.0,1486.15,4466.62,1524.0,-1.0,128.0,1767376707.0,AUAR,False
v_25515007_1524,25515008.0,,3588.95,6837.55,1524.0,,,,AUAR,True
25444493,25444494.0,5.0,7014.15,4016.6,1525.0,-1.0,128.0,1761080606.0,AUAL,False
25530347,25530346.0,5.0,1520.15,4476.62,1525.0,-1.0,128.0,1767376710.0,AUAR,False
25510322,25510323.0,5.0,5395.0,6779.75,1525.0,-1.0,128.0,1766162577.0,AUAL,False
25515008,v_25515008_1526,5.0,3593.95,6833.55,1525.0,-1.0,128.0,1767895088.0,AUAR,False
v_25515008_1526,25515009.0,,3608.95,6870.55,1526.0,,,,AUAR,True
v_25530348_1526,25530347.0,,1538.15,4464.62,1526.0,,,,AUAR,True
25444494,v_25444494_1527,5.0,7006.15,4012.6,1526.0,-1.0,128.0,1761080606.0,AUAL,False
25510323,25510324.0,5.0,5371.0,6815.75,1526.0,-1.0,128.0,1766162577.0,AUAL,False
v_25530348_1527,v_25530348_1532,,1544.15,4460.62,1527.0,,,,AUAR,True
v_25444494_1527,v_25444494_1528,,7006.15,4010.6,1527.0,,,,AUAL,True
25515009,v_25515009_1528,5.0,3623.95,6907.55,1527.0,-1.0,128.0,1767895088.0,AUAR,False
25510324,25510325.0,5.0,5327.0,6835.75,1527.0,-1.0,128.0,1766162577.0,AUAL,False
v_25530348_1528,v_25530348_1531,,1550.15,4456.62,1528.0,,,,AUAR,True
25510325,v_25510325_1529,5.0,5319.0,6851.75,1528.0,-1.0,128.0,1766162577.0,AUAL,False
v_25444494_1528,25444495.0,,7006.15,4008.6,1528.0,,,,AUAL,True
v_25515009_1528,25515010.0,,3641.95,6919.55,1528.0,,,,AUAR,True
v_25510325_1529,25510326.0,,5305.0,6869.75,1529.0,,,,AUAL,True
25515010,25515011.0,5.0,3659.95,6931.55,1529.0,-1.0,128.0,1767895088.0,AUAR,False
v_25530348_1529,v_25530348_1530,,1556.15,4452.62,1529.0,,,,AUAR,True
25444495,v_25444495_1530,5.0,7006.15,4006.6,1529.0,-1.0,128.0,1761080606.0,AUAL,False
v_25530348_1530,v_25530348_1529,,1562.15,4448.62,1530.0,,,,AUAR,True
25510326,25510327.0,5.0,5291.0,6887.75,1530.0,-1.0,128.0,1766162577.0,AUAL,False
25515011,v_25515011_1531,5.0,3715.95,7013.55,1530.0,-1.0,128.0,1767895088.0,AUAR,False
v_25444495_1530,v_25444495_1531,,7006.15,4006.6,1530.0,,,,AUAL,True
v_25444495_1531,v_25444495_1532,,7006.15,4006.6,1531.0,,,,AUAL,True
v_25515011_1531,25515012.0,,3727.95,7016.55,1531.0,,,,AUAR,True
v_25530348_1531,v_25530348_1528,,1568.15,4444.62,1531.0,,,,AUAR,True
25510327,25510328.0,5.0,5263.0,6931.75,1531.0,-1.0,128.0,1766162577.0,AUAL,False
v_25530348_1532,v_25530348_1527,,1574.15,4440.62,1532.0,,,,AUAR,True
v_25444495_1532,v_25444495_1533,,7006.15,4006.6,1532.0,,,,AUAL,True
25510328,v_25510328_1533,5.0,5231.0,6975.75,1532.0,-1.0,128.0,1766162577.0,AUAL,False
25515012,v_25515012_1533,5.0,3739.95,7019.55,1532.0,-1.0,128.0,1767895088.0,AUAR,False
v_25510328_1533,25510329.0,,5209.0,7001.75,1533.0,,,,AUAL,True
25530348,v_25530348_1526,5.0,1580.15,4436.62,1533.0,-1.0,128.0,1767376713.0,AUAR,False
v_25515012_1533,25515013.0,,3768.95,7047.55,1533.0,,,,AUAR,True
v_25444495_1533,25444496.0,,7006.15,4006.6,1533.0,,,,AUAL,True
25444496,v_25444496_1535,5.0,7006.15,4006.6,1534.0,-1.0,128.0,1761080606.0,AUAL,False
25510329,25510330.0,5.0,5187.0,7027.75,1534.0,-1.0,128.0,1766162577.0,AUAL,False
v_25530349_1534,25530348.0,,1591.15,4433.62,1534.0,,,,AUAR,True
25515013,25515014.0,5.0,3797.95,7075.55,1534.0,-1.0,128.0,1767895088.0,AUAR,False
25515014,v_25515014_1536,5.0,3827.95,7121.55,1535.0,-1.0,128.0,1767895088.0,AUAR,False
25510330,v_25510330_1536,5.0,5151.0,7071.75,1535.0,-1.0,128.0,1766162577.0,AUAL,False
v_25530349_1535,v_25530349_1536,,1594.8166666666668,4432.62,1535.0,,,,AUAR,True
v_25444496_1535,25444497.0,,7010.15,4000.6,1535.0,,,,AUAL,True
v_25510330_1536,25510331.0,,5125.0,7087.75,1536.0,,,,AUAL,True
v_25515014_1536,25515015.0,,3829.95,7118.55,1536.0,,,,AUAR,True
v_25530349_1536,v_25530349_1535,,1598.4833333333331,4431.62,1536.0,,,,AUAR,True
25444497,v_25444497_1537,5.0,7014.15,3994.6,1536.0,-1.0,128.0,1761080606.0,AUAL,False
25515015,25515017.0,5.0,3831.95,7115.55,1537.0,-1.0,128.0,1767895088.0,AUAR,False
25510331,25510332.0,5.0,5099.0,7103.75,1537.0,-1.0,128.0,1766162577.0,AUAL,False
v_25444497_1537,v_25444497_1538,,7014.816666666667,3986.6,1537.0,,,,AUAL,True
25530349,v_25530349_1534,5.0,1602.15,4430.62,1537.0,-1.0,128.0,1767376714.0,AUAR,False
v_25530350_1538,25530349.0,,1603.864285714286,4417.762857142857,1538.0,,,,AUAR,True
v_25444497_1538,25444498.0,,7015.483333333333,3978.6,1538.0,,,,AUAL,True
25515017,25515018.0,5.0,3917.95,7287.55,1538.0,-1.0,128.0,1767895088.0,AUAR,False
25515016,25515015.0,5.0,3767.95,7007.55,1538.0,-1.0,128.0,1767895088.0,AUAR,False
25510332,v_25510332_1539,5.0,5051.0,7147.75,1538.0,-1.0,128.0,1766162577.0,AUAL,False
v_25510332_1539,25510333.0,,5017.0,7169.75,1539.0,,,,AUAL,True
25515043,25515016.0,5.0,3761.95,6979.55,1539.0,-1.0,128.0,1767895088.0,AUAR,False
25444498,v_25444498_1540,5.0,7016.15,3970.6,1539.0,-1.0,128.0,1761080606.0,AUAL,False
25515018,25515019.0,5.0,3961.95,7313.55,1539.0,-1.0,128.0,1767895088.0,AUAR,False
v_25530350_1539,v_25530350_1541,,1604.4357142857143,4413.477142857143,1539.0,,,,AUAR,True
25515019,25515020.0,5.0,4057.95,7387.55,1540.0,-1.0,128.0,1767895088.0,AUAR,False
v_25444498_1540,25444499.0,,7016.15,3973.6,1540.0,,,,AUAL,True
25515044,25515043.0,5.0,3763.95,6975.55,1540.0,-1.0,128.0,1767895088.0,AUAR,False
v_25530350_1540,v_25530350_1540,,1605.007142857143,4409.191428571428,1540.0,,,,AUAR,True
25510333,v_25510333_1541,5.0,4983.0,7191.75,1540.0,-1.0,128.0,1766162577.0,AUAL,False
25444499,v_25444499_1542,5.0,7016.15,3976.6,1541.0,-1.0,128.0,1761080606.0,AUAL,False
v_25510333_1541,25510334.0,,4971.0,7197.75,1541.0,,,,AUAL,True
25515020,v_25515020_1542,5.0,4173.95,7469.55,1541.0,-1.0,128.0,1767895088.0,AUAR,False
v_25530350_1541,v_25530350_1539,,1605.5785714285714,4404.905714285715,1541.0,,,,AUAR,True
25515045,25515044.0,5.0,3763.95,6975.55,1541.0,-1.0,128.0,1767895088.0,AUAR,False
25530350,v_25530350_1538,5.0,1606.15,4400.62,1542.0,-1.0,128.0,1767376716.0,AUAR,False
v_25444499_1542,25444500.0,,7020.15,3963.6,1542.0,,,,AUAL,True
25515046,25515045.0,5.0,3779.95,6979.55,1542.0,-1.0,128.0,1767895088.0,AUAR,False
v_25515020_1542,v_25515020_1543,,4180.633333333333,7468.283333333334,1542.0,,,,AUAR,True
25510334,v_25510334_1543,5.0,4959.0,7203.75,1542.0,-1.0,128.0,1766162577.0,AUAL,False
v_25515020_1543,25515021.0,,4187.316666666667,7467.016666666666,1543.0,,,,AUAR,True
v_25530351_1543,25530350.0,,1613.864285714286,4381.762857142857,1543.0,,,,AUAR,True
v_25510334_1543,25510335.0,,4921.0,7227.75,1543.0,,,,AUAL,True
25444500,v_25444500_1544,5.0,7024.15,3950.6,1543.0,-1.0,128.0,1761080606.0,AUAL,False
25510335,v_25510335_1545,5.0,4883.0,7251.75,1544.0,-1.0,128.0,1766162577.0,AUAL,False
25515021,v_25515021_1545,5.0,4194.0,7465.75,1544.0,-1.0,128.0,1767900806.0,AUAR,False
v_25530351_1544,v_25530351_1546,,1616.4357142857143,4375.477142857143,1544.0,,,,AUAR,True
v_25444500_1544,v_25444500_1545,,7020.15,3949.933333333333,1544.0,,,,AUAL,True
v_25444500_1545,25444501.0,,7016.15,3949.2666666666655,1545.0,,,,AUAL,True
v_25510335_1545,25510336.0,,4851.0,7257.75,1545.0,,,,AUAL,True
v_25530351_1545,v_25530351_1545,,1619.007142857143,4369.191428571428,1545.0,,,,AUAR,True
v_25515021_1545,25515022.0,,4209.975,7457.65,1545.0,,,,AUAR,True
v_25530351_1546,v_25530351_1544,,1621.5785714285714,4362.905714285715,1546.0,,,,AUAR,True
25510336,v_25510336_1547,5.0,4819.0,7263.75,1546.0,-1.0,128.0,1766162577.0,AUAL,False
25444501,v_25444501_1547,5.0,7012.15,3948.6,1546.0,-1.0,128.0,1761080606.0,AUAL,False
25515022,v_25515022_1547,5.0,4225.95,7449.55,1546.0,-1.0,128.0,1767895088.0,AUAR,False
v_25515022_1547,v_25515022_1548,,4234.45,7463.55,1547.0,,,,AUAR,True
v_25510336_1547,25510337.0,,4807.0,7257.75,1547.0,,,,AUAL,True
v_25444501_1547,v_25444501_1548,,7012.15,3948.6,1547.0,,,,AUAL,True
25530351,v_25530351_1543,5.0,1624.15,4356.62,1547.0,-1.0,128.0,1767376717.0,AUAR,False
v_25530352_1548,25530351.0,,1631.15,4341.62,1548.0,,,,AUAR,True
25510337,v_25510337_1549,5.0,4795.0,7251.75,1548.0,-1.0,128.0,1766162577.0,AUAL,False
v_25444501_1548,25444502.0,,7012.15,3948.6,1548.0,,,,AUAL,True
v_25515022_1548,v_25515022_1549,,4242.95,7477.55,1548.0,,,,AUAR,True
v_25515022_1549,25515023.0,,4251.45,7491.55,1549.0,,,,AUAR,True
v_25530352_1549,v_25530352_1550,,1633.4833333333331,4336.62,1549.0,,,,AUAR,True
v_25510337_1549,v_25510337_1550,,4791.0,7258.416666666667,1549.0,,,,AUAL,True
25444502,v_25444502_1550,5.0,7012.15,3948.6,1549.0,-1.0,128.0,1761080606.0,AUAL,False
25515023,v_25515023_1551,5.0,4259.95,7505.55,1550.0,-1.0,128.0,1767895088.0,AUAR,False
v_25530352_1550,v_25530352_1549,,1635.8166666666668,4331.62,1550.0,,,,AUAR,True
v_25444502_1550,25444503.0,,7012.15,3932.6,1550.0,,,,AUAL,True
v_25510337_1550,25510338.0,,4787.0,7265.083333333333,1550.0,,,,AUAL,True
25510338,v_25510338_1552,5.0,4783.0,7271.75,1551.0,-1.0,128.0,1766162577.0,AUAL,False
25530352,v_25530352_1548,5.0,1638.15,4326.62,1551.0,-1.0,128.0,1767376718.0,AUAR,False
v_25515023_1551,v_25515023_1552,,4277.283333333333,7514.883333333333,1551.0,,,,AUAR,True
25444503,v_25444503_1552,5.0,7012.15,3916.6,1551.0,-1.0,128.0,1761080606.0,AUAL,False
v_25444503_1552,25444504.0,,7007.15,3915.6,1552.0,,,,AUAL,True
v_25510338_1552,25510339.0,,4757.0,7273.75,1552.0,,,,AUAL,True
v_25515023_1552,25515024.0,,4294.616666666667,7524.216666666667,1552.0,,,,AUAR,True
v_25530353_1552,25530352.0,,1641.15,4317.62,1552.0,,,,AUAR,True
25510339,v_25510339_1554,5.0,4731.0,7275.75,1553.0,-1.0,128.0,1766162577.0,AUAL,False
25515024,v_25515024_1554,5.0,4311.95,7533.55,1553.0,-1.0,128.0,1767895088.0,AUAR,False
v_25530353_1553,v_25530353_1554,,1642.15,4314.62,1553.0,,,,AUAR,True
25444504,v_25444504_1554,5.0,7002.15,3914.6,1553.0,-1.0,128.0,1761080606.0,AUAL,False
v_25510339_1554,v_25510339_1555,,4723.0,7283.75,1554.0,,,,AUAL,True
v_25530353_1554,v_25530353_1553,,1643.15,4311.62,1554.0,,,,AUAR,True
v_25515024_1554,v_25515024_1555,,4316.95,7546.05,1554.0,,,,AUAR,True
v_25444504_1554,25444505.0,,6998.15,3909.6,1554.0,,,,AUAL,True
25530353,v_25530353_1552,5.0,1644.15,4308.62,1555.0,-1.0,128.0,1767376720.0,AUAR,False
25444505,v_25444505_1556,5.0,6994.15,3904.6,1555.0,-1.0,128.0,1761080606.0,AUAL,False
v_25510339_1555,25510340.0,,4715.0,7291.75,1555.0,,,,AUAL,True
v_25515024_1555,v_25515024_1556,,4321.95,7558.55,1555.0,,,,AUAR,True
v_25530354_1556,25530353.0,,1681.864285714286,4283.762857142857,1556.0,,,,AUAR,True
v_25515024_1556,25515025.0,,4326.95,7571.05,1556.0,,,,AUAR,True
25510340,25510341.0,5.0,4707.0,7299.75,1556.0,-1.0,128.0,1766162577.0,AUAL,False
v_25444505_1556,v_25444505_1557,,6995.483333333333,3909.2666666666655,1556.0,,,,AUAL,True
25515025,25515026.0,5.0,4331.95,7583.55,1557.0,-1.0,128.0,1767895088.0,AUAR,False
25510341,25510342.0,5.0,4663.0,7331.75,1557.0,-1.0,128.0,1766162577.0,AUAL,False
v_25444505_1557,25444506.0,,6996.816666666667,3913.933333333333,1557.0,,,,AUAL,True
v_25530354_1557,v_25530354_1559,,1694.4357142857143,4275.477142857143,1557.0,,,,AUAR,True
25515026,25515027.0,5.0,4359.95,7567.55,1558.0,-1.0,128.0,1767895088.0,AUAR,False
v_25530354_1558,v_25530354_1558,,1707.007142857143,4267.191428571428,1558.0,,,,AUAR,True
25510342,25510343.0,5.0,4655.0,7339.75,1558.0,-1.0,128.0,1766162577.0,AUAL,False
25444506,v_25444506_1559,5.0,6998.15,3918.6,1558.0,-1.0,128.0,1761080606.0,AUAL,False
v_25530354_1559,v_25530354_1557,,1719.5785714285714,4258.905714285715,1559.0,,,,AUAR,True
v_25444506_1559,v_25444506_1560,,6989.483333333333,3908.6,1559.0,,,,AUAL,True
25510343,25510344.0,5.0,4659.0,7395.75,1559.0,-1.0,128.0,1766162577.0,AUAL,False
25515027,v_25515027_1560,5.0,4383.95,7547.55,1559.0,-1.0,128.0,1767895088.0,AUAR,False
25530354,v_25530354_1556,5.0,1732.15,4250.62,1560.0,-1.0,128.0,1767376721.0,AUAR,False
v_25515027_1560,v_25515027_1561,,4385.95,7545.55,1560.0,,,,AUAR,True
v_25444506_1560,25444507.0,,6980.816666666667,3898.6,1560.0,,,,AUAL,True
25510344,v_25510344_1561,5.0,4679.0,7391.75,1560.0,-1.0,128.0,1766162577.0,AUAL,False
25444507,v_25444507_1562,5.0,6972.15,3888.6,1561.0,-1.0,128.0,1761080606.0,AUAL,False
v_25510344_1561,25510345.0,,4677.0,7383.75,1561.0,,,,AUAL,True
v_25530355_1561,25530354.0,,1746.15,4240.62,1561.0,,,,AUAR,True
v_25515027_1561,25515028.0,,4387.95,7543.55,1561.0,,,,AUAR,True
v_25530355_1562,v_25530355_1563,,1750.8166666666668,4237.286666666667,1562.0,,,,AUAR,True
25510345,v_25510345_1563,5.0,4675.0,7375.75,1562.0,-1.0,128.0,1766162577.0,AUAL,False
v_25444507_1562,v_25444507_1563,,6964.816666666667,3888.6,1562.0,,,,AUAL,True
25515028,v_25515028_1563,5.0,4389.95,7541.55,1562.0,-1.0,128.0,1767895088.0,AUAR,False
v_25510345_1563,v_25510345_1564,,4668.333333333333,7397.083333333333,1563.0,,,,AUAL,True
25515071,25515070.0,5.0,3373.95,7937.55,1563.0,-1.0,128.0,1767895088.0,AUAR,False
v_25444507_1563,25444508.0,,6957.483333333333,3888.6,1563.0,,,,AUAL,True
v_25530355_1563,v_25530355_1562,,1755.4833333333331,4233.953333333333,1563.0,,,,AUAR,True
v_25515028_1563,v_25515028_1564,,4389.95,7539.55,1563.0,,,,AUAR,True
25530355,v_25530355_1561,5.0,1760.15,4230.62,1564.0,-1.0,128.0,1767376723.0,AUAR,False
v_25515028_1564,25515029.0,,4389.95,7537.55,1564.0,,,,AUAR,True
v_25510345_1564,25510346.0,,4661.666666666667,7418.416666666667,1564.0,,,,AUAL,True
25515070,25515069.0,5.0,3421.95,7945.55,1564.0,-1.0,128.0,1767895088.0,AUAR,False
25444508,v_25444508_1565,5.0,6950.15,3888.6,1564.0,-1.0,128.0,1761080606.0,AUAL,False
25515029,v_25515029_1566,5.0,4389.95,7535.55,1565.0,-1.0,128.0,1767895088.0,AUAR,False
v_25530356_1565,25530355.0,,1767.007142857143,4216.048571428571,1565.0,,,,AUAR,True
v_25444508_1565,v_25444508_1566,,6947.483333333333,3892.6,1565.0,,,,AUAL,True
25510346,v_25510346_1566,5.0,4655.0,7439.75,1565.0,-1.0,128.0,1766162577.0,AUAL,False
25515069,25515068.0,5.0,3399.95,7921.55,1565.0,-1.0,128.0,1767895088.0,AUAR,False
v_25444508_1566,25444509.0,,6944.816666666667,3896.6,1566.0,,,,AUAL,True
v_25515029_1566,v_25515029_1567,,4387.95,7535.150000000001,1566.0,,,,AUAR,True
v_25530356_1566,v_25530356_1568,,1769.2928571428572,4211.191428571428,1566.0,,,,AUAR,True
v_25510346_1566,25510347.0,,4655.0,7439.75,1566.0,,,,AUAL,True
25515068,25515066.0,5.0,3399.95,7921.55,1566.0,-1.0,128.0,1767895088.0,AUAR,False
25444509,v_25444509_1568,5.0,6942.15,3900.6,1567.0,-1.0,128.0,1761080606.0,AUAL,False
v_25515029_1567,v_25515029_1568,,4385.95,7534.75,1567.0,,,,AUAR,True
25515066,25515067.0,5.0,3413.95,7909.55,1567.0,-1.0,128.0,1767895088.0,AUAR,False
v_25530356_1567,v_25530356_1567,,1771.5785714285714,4206.334285714285,1567.0,,,,AUAR,True
25510347,v_25510347_1568,5.0,4655.0,7439.75,1567.0,-1.0,128.0,1766162577.0,AUAL,False
v_25515029_1568,v_25515029_1569,,4383.95,7534.35,1568.0,,,,AUAR,True
v_25510347_1568,25510348.0,,4653.0,7443.75,1568.0,,,,AUAL,True
v_25530356_1568,v_25530356_1566,,1773.864285714286,4201.477142857143,1568.0,,,,AUAR,True
25515067,25515072.0,5.0,3075.95,7833.55,1568.0,-1.0,128.0,1767895088.0,AUAR,False
25515065,25515066.0,5.0,3771.95,7991.55,1568.0,-1.0,128.0,1767895088.0,AUAR,False
v_25444509_1568,25444510.0,,6940.15,3905.6,1568.0,,,,AUAL,True
25515072,25515073.0,5.0,2991.95,7797.55,1569.0,-1.0,128.0,1767895088.0,AUAR,False
25530356,v_25530356_1565,5.0,1776.15,4196.62,1569.0,-1.0,128.0,1767376724.0,AUAR,False
v_25515029_1569,25515030.0,,4381.95,7533.95,1569.0,,,,AUAR,True
25515064,25515065.0,5.0,3795.95,7993.55,1569.0,-1.0,128.0,1767895088.0,AUAR,False
25510348,v_25510348_1570,5.0,4651.0,7447.75,1569.0,-1.0,128.0,1766162577.0,AUAL,False
25444510,v_25444510_1570,5.0,6938.15,3910.6,1569.0,-1.0,128.0,1761080606.0,AUAL,False
v_25444510_1570,v_25444510_1571,,6922.15,3908.6,1570.0,,,,AUAL,True
v_25510348_1570,v_25510348_1571,,4652.333333333333,7449.083333333333,1570.0,,,,AUAL,True
v_25530357_1570,25530356.0,,1785.9,4186.12,1570.0,,,,AUAR,True
25515063,25515064.0,5.0,3859.95,8001.55,1570.0,-1.0,128.0,1767895088.0,AUAR,False
25515073,25515074.0,5.0,2849.95,7737.55,1570.0,-1.0,128.0,1767895088.0,AUAR,False
25515030,v_25515030_1571,5.0,4379.95,7533.55,1570.0,-1.0,128.0,1767895088.0,AUAR,False
v_25515030_1571,25515031.0,,4369.95,7524.55,1571.0,,,,AUAR,True
v_25530357_1571,v_25530357_1574,,1789.15,4182.62,1571.0,,,,AUAR,True
25515062,25515063.0,5.0,3967.95,8015.55,1571.0,-1.0,128.0,1767895088.0,AUAR,False
25515074,v_25515074_1572,5.0,2755.95,7679.55,1571.0,-1.0,128.0,1767895088.0,AUAR,False
v_25510348_1571,25510349.0,,4653.666666666667,7450.416666666667,1571.0,,,,AUAL,True
v_25444510_1571,25444511.0,,6906.15,3906.6,1571.0,,,,AUAL,True
v_25530357_1572,v_25530357_1573,,1792.4,4179.12,1572.0,,,,AUAR,True
25515031,25515032.0,5.0,4359.95,7515.55,1572.0,-1.0,128.0,1767895088.0,AUAR,False
v_25515074_1572,25515075.0,,2677.95,7624.55,1572.0,,,,AUAR,True
v_25515061_1572,25515062.0,,3994.95,8017.05,1572.0,,,,AUAR,True
25444511,v_25444511_1573,5.0,6890.15,3904.6,1572.0,-1.0,128.0,1761080606.0,AUAL,False
25510349,v_25510349_1573,5.0,4655.0,7451.75,1572.0,-1.0,128.0,1766162577.0,AUAL,False
v_25510349_1573,v_25510349_1574,,4652.333333333333,7449.083333333333,1573.0,,,,AUAL,True
25515075,25515076.0,5.0,2599.95,7569.55,1573.0,-1.0,128.0,1767895088.0,AUAR,False
25515061,v_25515061_1572,5.0,4003.95,8017.55,1573.0,-1.0,128.0,1767895088.0,AUAR,False
v_25444511_1573,v_25444511_1574,,6884.15,3901.2666666666655,1573.0,,,,AUAL,True
25515032,25515033.0,5.0,4359.95,7517.55,1573.0,-1.0,128.0,1767895088.0,AUAR,False
v_25530357_1573,v_25530357_1572,,1795.65,4175.62,1573.0,,,,AUAR,True
25515076,v_25515076_1575,5.0,2529.95,7517.55,1574.0,-1.0,128.0,1767895088.0,AUAR,False
v_25530357_1574,v_25530357_1571,,1798.9,4172.12,1574.0,,,,AUAR,True
v_25444511_1574,25444512.0,,6878.15,3897.933333333333,1574.0,,,,AUAL,True
25515033,25515034.0,5.0,4359.95,7509.55,1574.0,-1.0,128.0,1767895088.0,AUAR,False
v_25510349_1574,25510350.0,,4649.666666666667,7446.416666666667,1574.0,,,,AUAL,True
25515060,25515061.0,5.0,4067.95,8017.55,1574.0,-1.0,128.0,1767895088.0,AUAR,False
25530357,v_25530357_1570,5.0,1802.15,4168.62,1575.0,-1.0,128.0,1767376725.0,AUAR,False
25444512,v_25444512_1576,5.0,6872.15,3894.6,1575.0,-1.0,128.0,1761080606.0,AUAL,False
25510350,v_25510350_1576,5.0,4647.0,7443.75,1575.0,-1.0,128.0,1766162577.0,AUAL,False
v_25515059_1575,25515060.0,,4112.95,8008.55,1575.0,,,,AUAR,True
v_25515076_1575,25515077.0,,2510.95,7501.55,1575.0,,,,AUAR,True
25515034,25515035.0,5.0,4357.95,7545.55,1575.0,-1.0,128.0,1767895088.0,AUAR,False
25515035,25515036.0,5.0,4373.95,7591.55,1576.0,-1.0,128.0,1767895088.0,AUAR,False
25515059,v_25515059_1575,5.0,4127.95,8005.55,1576.0,-1.0,128.0,1767895088.0,AUAR,False
25515077,v_25515077_1577,5.0,2491.95,7485.55,1576.0,-1.0,128.0,1767895088.0,AUAR,False
v_25530358_1576,25530357.0,,1808.15,4155.62,1576.0,,,,AUAR,True
v_25444512_1576,25444513.0,,6854.15,3898.6,1576.0,,,,AUAL,True
v_25510350_1576,25510351.0,,4651.0,7461.75,1576.0,,,,AUAL,True
v_25515077_1577,25515078.0,,2434.95,7420.55,1577.0,,,,AUAR,True
v_25530358_1577,v_25530358_1578,,1810.15,4151.286666666667,1577.0,,,,AUAR,True
25444513,v_25444513_1578,5.0,6836.15,3902.6,1577.0,-1.0,128.0,1761080606.0,AUAL,False
25515058,25515059.0,5.0,4171.95,7987.55,1577.0,-1.0,128.0,1767895088.0,AUAR,False
25515036,25515038.0,5.0,4379.95,7583.55,1577.0,-1.0,128.0,1767895088.0,AUAR,False
25510351,v_25510351_1578,5.0,4655.0,7479.75,1577.0,-1.0,128.0,1766162577.0,AUAL,False
v_25530358_1578,v_25530358_1577,,1812.15,4146.953333333333,1578.0,,,,AUAR,True
v_25444513_1578,25444514.0,,6832.15,3895.6,1578.0,,,,AUAL,True
25515037,25515036.0,5.0,4377.95,7567.55,1578.0,-1.0,128.0,1767895088.0,AUAR,False
25515078,25515080.0,5.0,2377.95,7355.55,1578.0,-1.0,128.0,1767895088.0,AUAR,False
25515038,25515039.0,5.0,4385.95,7647.55,1578.0,-1.0,128.0,1767895088.0,AUAR,False
25515057,25515058.0,5.0,4185.95,7977.55,1578.0,-1.0,128.0,1767895088.0,AUAR,False
v_25510351_1578,25510352.0,,4649.0,7487.75,1578.0,,,,AUAL,True
25515042,25515037.0,5.0,4371.95,7573.55,1579.0,-1.0,128.0,1767895088.0,AUAR,False
25444514,v_25444514_1580,5.0,6828.15,3888.6,1579.0,-1.0,128.0,1761080606.0,AUAL,False
25510352,v_25510352_1580,5.0,4643.0,7495.75,1579.0,-1.0,128.0,1766162577.0,AUAL,False
25515056,25515057.0,5.0,4183.95,7971.55,1579.0,-1.0,128.0,1767895088.0,AUAR,False
25530358,v_25530358_1576,5.0,1814.15,4142.62,1579.0,-1.0,128.0,1767376727.0,AUAR,False
25515080,v_25515080_1580,5.0,2352.95,7329.55,1579.0,-1.0,128.0,1767895088.0,AUAR,False
25515039,v_25515039_1580,5.0,4367.95,7661.55,1579.0,-1.0,128.0,1767895088.0,AUAR,False
v_25530359_1580,25530358.0,,1821.007142857143,4133.191428571428,1580.0,,,,AUAR,True
v_25510352_1580,v_25510352_1581,,4636.333333333333,7505.083333333333,1580.0,,,,AUAL,True
v_25515080_1580,25515081.0,,2286.45,7275.55,1580.0,,,,AUAR,True
25515055,25515056.0,5.0,4255.95,7901.55,1580.0,-1.0,128.0,1767895088.0,AUAR,False
v_25515039_1580,25515040.0,,4371.95,7662.55,1580.0,,,,AUAR,True
v_25444514_1580,25444515.0,,6819.15,3882.6,1580.0,,,,AUAL,True
v_25510352_1581,25510353.0,,4629.666666666667,7514.416666666667,1581.0,,,,AUAL,True
v_25530359_1581,v_25530359_1583,,1823.2928571428567,4130.048571428571,1581.0,,,,AUAR,True
25515054,25515055.0,5.0,4269.95,7891.55,1581.0,-1.0,128.0,1767895088.0,AUAR,False
25515081,v_25515081_1582,5.0,2219.95,7221.55,1581.0,-1.0,128.0,1767895088.0,AUAR,False
25444515,25444516.0,5.0,6810.15,3876.6,1581.0,-1.0,128.0,1761080606.0,AUAL,False
25515040,25515041.0,5.0,4375.95,7663.55,1581.0,-1.0,128.0,1767895088.0,AUAR,False
25515053,25515054.0,5.0,4269.95,7857.55,1582.0,-1.0,128.0,1767895088.0,AUAR,False
25515041,25515047.0,5.0,4347.95,7673.55,1582.0,-1.0,128.0,1767895088.0,AUAR,False
25444516,25444517.0,5.0,6798.15,3874.6,1582.0,-1.0,128.0,1761080606.0,AUAL,False
v_25515081_1582,25515082.0,,2187.95,7180.55,1582.0,,,,AUAR,True
v_25530359_1582,v_25530359_1582,,1825.578571428572,4126.905714285715,1582.0,,,,AUAR,True
25510353,v_25510353_1583,5.0,4623.0,7523.75,1582.0,-1.0,128.0,1766162577.0,AUAL,False
25515052,25515053.0,5.0,4285.95,7849.55,1583.0,-1.0,128.0,1767895088.0,AUAR,False
25515047,25515048.0,5.0,4351.95,7675.55,1583.0,-1.0,128.0,1767895088.0,AUAR,False
25515082,25515147.0,5.0,2155.95,7139.55,1583.0,-1.0,128.0,1767895088.0,AUAR,False
v_25510353_1583,25510354.0,,4605.0,7525.75,1583.0,,,,AUAL,True
v_25530359_1583,v_25530359_1581,,1827.8642857142856,4123.762857142857,1583.0,,,,AUAR,True
25444517,v_25444517_1584,5.0,6774.15,3866.6,1583.0,-1.0,128.0,1761080606.0,AUAL,False
25530359,v_25530359_1580,5.0,1830.15,4120.62,1584.0,-1.0,128.0,1767376728.0,AUAR,False
25510354,v_25510354_1585,5.0,4587.0,7527.75,1584.0,-1.0,128.0,1766162577.0,AUAL,False
25515050,25515052.0,5.0,4299.95,7811.55,1584.0,-1.0,128.0,1767895088.0,AUAR,False
25515147,25515148.0,5.0,2127.95,7071.55,1584.0,-1.0,128.0,1767895088.0,AUAR,False
v_25444517_1584,25444518.0,,6770.15,3867.6,1584.0,,,,AUAL,True
25515048,25515049.0,5.0,4343.95,7691.55,1584.0,-1.0,128.0,1767895088.0,AUAR,False
v_25530360_1585,25530359.0,,1845.15,4100.62,1585.0,,,,AUAR,True
25515148,25515149.0,5.0,2085.95,7027.55,1585.0,-1.0,128.0,1767895088.0,AUAR,False
v_25510354_1585,25510355.0,,4577.0,7531.75,1585.0,,,,AUAL,True
25444518,v_25444518_1586,5.0,6766.15,3868.6,1585.0,-1.0,128.0,1761080606.0,AUAL,False
25515049,25515050.0,5.0,4341.95,7765.55,1585.0,-1.0,128.0,1767895088.0,AUAR,False
25515149,v_25515149_1587,5.0,2061.95,6999.55,1586.0,-1.0,128.0,1767895088.0,AUAR,False
v_25530360_1586,v_25530360_1587,,1850.15,4093.953333333333,1586.0,,,,AUAR,True
25510355,25510356.0,5.0,4567.0,7535.75,1586.0,-1.0,128.0,1766162577.0,AUAL,False
25515051,25515049.0,5.0,4325.95,7775.55,1586.0,-1.0,128.0,1767895088.0,AUAR,False
v_25444518_1586,v_25444518_1587,,6765.483333333333,3867.933333333333,1586.0,,,,AUAL,True
v_25444518_1587,25444519.0,,6764.816666666667,3867.2666666666655,1587.0,,,,AUAL,True
v_25515149_1587,25515150.0,,2027.95,6963.55,1587.0,,,,AUAR,True
25510356,25510357.0,5.0,4563.0,7567.75,1587.0,-1.0,128.0,1766162577.0,AUAL,False
v_25530360_1587,v_25530360_1586,,1855.15,4087.2866666666655,1587.0,,,,AUAR,True
25431726,25431725.0,5.0,5866.6,7580.75,1588.0,-1.0,128.0,1766098424.0,AUAL,False
25530360,v_25530360_1585,5.0,1860.15,4080.62,1588.0,-1.0,128.0,1767376729.0,AUAR,False
25444519,25444520.0,5.0,6764.15,3866.6,1588.0,-1.0,128.0,1761080606.0,AUAL,False
25510357,25510358.0,5.0,4539.0,7575.75,1588.0,-1.0,128.0,1766162577.0,AUAL,False
25515150,25515151.0,5.0,1993.95,6927.55,1588.0,-1.0,128.0,1767895088.0,AUAR,False
25431725,25431724.0,5.0,6178.6,7404.75,1589.0,-1.0,128.0,1766098424.0,AUAL,False
25431727,25431726.0,5.0,5398.6,7832.75,1589.0,-1.0,128.0,1766098424.0,AUAL,False
25515151,v_25515151_1590,5.0,1945.95,6879.55,1589.0,-1.0,128.0,1767895088.0,AUAR,False
25444520,v_25444520_1590,5.0,6774.15,3870.6,1589.0,-1.0,128.0,1761080606.0,AUAL,False
v_25530361_1589,25530360.0,,1872.15,4064.62,1589.0,,,,AUAR,True
25510358,v_25510358_1590,5.0,4551.0,7591.75,1589.0,-1.0,128.0,1766162577.0,AUAL,False
v_25530361_1590,v_25530361_1591,,1876.15,4059.2866666666655,1590.0,,,,AUAR,True
25433137,25431727.0,5.0,5366.4,7856.9,1590.0,-1.0,128.0,1766098424.0,AUAL,False
v_25510358_1590,25510359.0,,4549.0,7609.75,1590.0,,,,AUAL,True
v_25515151_1590,25515152.0,,1907.95,6838.55,1590.0,,,,AUAR,True
v_25444520_1590,v_25444520_1591,,6770.15,3866.6,1590.0,,,,AUAL,True
25431724,25431723.0,5.0,6302.6,7320.75,1590.0,-1.0,128.0,1766098424.0,AUAL,False
25510359,v_25510359_1592,5.0,4547.0,7627.75,1591.0,-1.0,128.0,1766162577.0,AUAL,False
25431723,25431722.0,5.0,6390.6,7212.75,1591.0,-1.0,128.0,1766098424.0,AUAL,False
25433138,25433137.0,5.0,5342.4,7868.9,1591.0,-1.0,128.0,1766098424.0,AUAL,False
25515152,v_25515152_1592,5.0,1869.95,6797.55,1591.0,-1.0,128.0,1767895088.0,AUAR,False
v_25444520_1591,25444521.0,,6766.15,3862.6,1591.0,,,,AUAL,True
v_25530361_1591,v_25530361_1590,,1880.15,4053.953333333333,1591.0,,,,AUAR,True
25530361,v_25530361_1589,5.0,1884.15,4048.62,1592.0,-1.0,128.0,1767376731.0,AUAR,False
25431722,25431721.0,5.0,6474.6,7144.75,1592.0,-1.0,128.0,1766098424.0,AUAL,False
25433139,25433138.0,5.0,5226.4,7912.9,1592.0,-1.0,128.0,1766098424.0,AUAL,False
v_25510359_1592,25510360.0,,4551.5,7640.75,1592.0,,,,AUAL,True
v_25515152_1592,v_25515152_1593,,1848.6166666666668,6768.216666666667,1592.0,,,,AUAR,True
25444521,v_25444521_1593,5.0,6762.15,3858.6,1592.0,-1.0,128.0,1761080606.0,AUAL,False
25510360,25510361.0,5.0,4556.0,7653.75,1593.0,-1.0,128.0,1766162577.0,AUAL,False
v_25515152_1593,25515153.0,,1827.2833333333333,6738.883333333333,1593.0,,,,AUAR,True
25431721,25431720.0,5.0,6682.6,6908.75,1593.0,-1.0,128.0,1766098424.0,AUAL,False
25433140,25433139.0,5.0,5025.4,7932.9,1593.0,-1.0,128.0,1766098424.0,AUAL,False
v_25530362_1593,25530361.0,,1880.15,4048.62,1593.0,,,,AUAR,True
v_25444521_1593,25444522.0,,6763.15,3862.6,1593.0,,,,AUAL,True
25444522,v_25444522_1595,5.0,6764.15,3866.6,1594.0,-1.0,128.0,1761080606.0,AUAL,False
v_25530362_1594,v_25530362_1595,,1878.8166666666668,4048.62,1594.0,,,,AUAR,True
25515153,v_25515153_1595,5.0,1805.95,6709.55,1594.0,-1.0,128.0,1767895088.0,AUAR,False
25510361,25510362.0,5.0,4568.0,7655.75,1594.0,-1.0,128.0,1766162577.0,AUAL,False
25433141,25433140.0,5.0,4957.4,7934.9,1594.0,-1.0,128.0,1766098424.0,AUAL,False
25431720,25431719.0,5.0,6790.6,6768.75,1594.0,-1.0,128.0,1766098424.0,AUAL,False
v_25444522_1595,25444523.0,,6755.15,3864.6,1595.0,,,,AUAL,True
25433142,25433141.0,5.0,4815.4,7918.9,1595.0,-1.0,128.0,1766098424.0,AUAL,False
25431719,25431718.0,5.0,6894.6,6652.75,1595.0,-1.0,128.0,1766098424.0,AUAL,False
v_25515153_1595,25515154.0,,1768.95,6654.55,1595.0,,,,AUAR,True
25510362,25510363.0,5.0,4562.0,7671.75,1595.0,-1.0,128.0,1766162577.0,AUAL,False
v_25530362_1595,v_25530362_1594,,1877.483333333333,4048.62,1595.0,,,,AUAR,True
25515154,25515155.0,5.0,1731.95,6599.55,1596.0,-1.0,128.0,1767895088.0,AUAR,False
25444523,v_25444523_1597,5.0,6746.15,3862.6,1596.0,-1.0,128.0,1761080606.0,AUAL,False
25510363,25433143.0,2.0,4566.0,7661.75,1596.0,-1.0,128.0,1766162589.0,AUAL,False
25433143,25433142.0,5.0,4723.4,7880.9,1596.0,-1.0,128.0,1766098424.0,AUAL,False
25431718,25527353.0,5.0,6954.6,6580.75,1596.0,-1.0,128.0,1766098424.0,AUAL,False
25530362,v_25530362_1593,5.0,1876.15,4048.62,1596.0,-1.0,128.0,1767376732.0,AUAR,False
25527353,25527352.0,5.0,7166.6,6336.75,1597.0,-1.0,128.0,1765837400.0,AUAL,False
v_25444523_1597,v_25444523_1598,,6752.816666666667,3853.2666666666655,1597.0,,,,AUAL,True
v_25530363_1597,25530362.0,,1853.007142857143,4040.905714285714,1597.0,,,,AUAR,True
25515155,25515156.0,5.0,1687.95,6533.55,1597.0,-1.0,128.0,1767895088.0,AUAR,False
v_25444523_1598,25444524.0,,6759.483333333333,3843.933333333333,1598.0,,,,AUAL,True
v_25530363_1598,v_25530363_1600,,1845.2928571428567,4038.3342857142857,1598.0,,,,AUAR,True
25515156,25515157.0,5.0,1669.95,6491.55,1598.0,-1.0,128.0,1767895088.0,AUAR,False
25527352,25430214.0,5.0,7214.6,6304.75,1598.0,-1.0,128.0,1765837360.0,AUAL,False
v_25530363_1599,v_25530363_1599,,1837.578571428572,4035.762857142857,1599.0,,,,AUAR,True
25444524,v_25444524_1600,5.0,6766.15,3834.6,1599.0,-1.0,128.0,1761080606.0,AUAL,False
25430214,25430213.0,5.0,7234.6,6244.75,1599.0,-1.0,128.0,1760714177.0,AUAL,False
25515157,v_25515157_1600,5.0,1649.95,6435.55,1599.0,-1.0,128.0,1767895088.0,AUAR,False
25430213,25430212.0,5.0,7298.6,6176.75,1600.0,-1.0,128.0,1760714174.0,AUAL,False
v_25530363_1600,v_25530363_1598,,1829.8642857142856,4033.191428571428,1600.0,,,,AUAR,True
v_25444524_1600,v_25444524_1601,,6766.95,3831.0,1600.0,,,,AUAL,True
v_25515157_1600,25515158.0,,1635.95,6415.55,1600.0,,,,AUAR,True
v_25444524_1601,v_25444524_1602,,6767.75,3827.4,1601.0,,,,AUAL,True
25530363,v_25530363_1597,5.0,1822.15,4030.62,1601.0,-1.0,128.0,1767376733.0,AUAR,False
25430212,25430211.0,5.0,7306.6,6136.75,1601.0,-1.0,128.0,1760714173.0,AUAL,False
25515158,25515159.0,5.0,1621.95,6395.55,1601.0,-1.0,128.0,1767895088.0,AUAR,False
25530364,25530363.0,5.0,1800.15,4016.62,1602.0,-1.0,128.0,1767376737.0,AUAR,False
v_25444524_1602,v_25444524_1603,,6768.549999999999,3823.8,1602.0,,,,AUAL,True
25515159,25515160.0,5.0,1585.95,6307.55,1602.0,-1.0,128.0,1767895088.0,AUAR,False
25430211,25430210.0,5.0,7342.6,6092.75,1602.0,-1.0,128.0,1760714171.0,AUAL,False
25530365,25530364.0,5.0,1734.15,3920.62,1603.0,-1.0,128.0,1767376738.0,AUAR,False
25430210,25430209.0,5.0,7318.6,5972.75,1603.0,-1.0,128.0,1760714161.0,AUAL,False
v_25444524_1603,25444525.0,,6769.349999999999,3820.2,1603.0,,,,AUAL,True
25515160,25515161.0,5.0,1569.95,6165.55,1603.0,-1.0,128.0,1767895088.0,AUAR,False
25430209,25430208.0,5.0,7354.6,5956.75,1604.0,-1.0,128.0,1760714160.0,AUAL,False
25515161,25515162.0,5.0,1529.95,6153.55,1604.0,-1.0,128.0,1767895088.0,AUAR,False
v_25530366_1604,25530365.0,,1721.2928571428572,3920.62,1604.0,,,,AUAR,True
25444525,v_25444525_1605,5.0,6770.15,3816.6,1604.0,-1.0,128.0,1761080606.0,AUAL,False
25515162,25515163.0,5.0,1472.95,6070.55,1605.0,-1.0,128.0,1767895088.0,AUAR,False
25430208,25430207.0,5.0,7354.6,5924.75,1605.0,-1.0,128.0,1760714156.0,AUAL,False
v_25530366_1605,v_25530366_1607,,1717.007142857143,3920.62,1605.0,,,,AUAR,True
v_25444525_1605,v_25444525_1606,,6772.95,3817.4,1605.0,,,,AUAL,True
v_25530366_1606,v_25530366_1606,,1712.7214285714288,3920.62,1606.0,,,,AUAR,True
25430207,25430206.0,5.0,7354.6,5884.75,1606.0,-1.0,128.0,1760714154.0,AUAL,False
v_25444525_1606,v_25444525_1607,,6775.75,3818.2,1606.0,,,,AUAL,True
25515163,25515164.0,5.0,1530.95,6118.55,1606.0,-1.0,128.0,1767895088.0,AUAR,False
v_25444525_1607,v_25444525_1608,,6778.549999999999,3819.0,1607.0,,,,AUAL,True
25430206,25430205.0,5.0,7354.6,5800.75,1607.0,-1.0,128.0,1760714153.0,AUAL,False
v_25530366_1607,v_25530366_1605,,1708.4357142857143,3920.62,1607.0,,,,AUAR,True
25515164,v_25515164_1608,5.0,1490.95,6064.55,1607.0,-1.0,128.0,1767895088.0,AUAR,False
25530366,v_25530366_1604,5.0,1704.15,3920.62,1608.0,-1.0,128.0,1767376739.0,AUAR,False
25430205,25430204.0,5.0,7366.6,5764.75,1608.0,-1.0,128.0,1766105842.0,AUAL,False
v_25444525_1608,25444526.0,,6781.349999999999,3819.8,1608.0,,,,AUAL,True
v_25515164_1608,v_25515164_1609,,1476.35,6039.35,1608.0,,,,AUAR,True
v_25515164_1609,v_25515164_1610,,1461.75,6014.150000000001,1609.0,,,,AUAR,True
v_25530367_1609,25530366.0,,1685.2928571428572,3919.762857142857,1609.0,,,,AUAR,True
25444526,v_25444526_1610,5.0,6784.15,3820.6,1609.0,-1.0,128.0,1761080606.0,AUAL,False
25430204,25430203.0,5.0,7370.6,5760.75,1609.0,-1.0,128.0,1760714150.0,AUAL,False
v_25530367_1610,v_25530367_1612,,1679.007142857143,3919.477142857143,1610.0,,,,AUAR,True
25430203,25430202.0,5.0,7370.6,5712.75,1610.0,-1.0,128.0,1760715387.0,AUAL,False
v_25515164_1610,v_25515164_1611,,1447.15,5988.95,1610.0,,,,AUAR,True
v_25444526_1610,v_25444526_1611,,6784.65,3811.1,1610.0,,,,AUAL,True
v_25515164_1611,25535407.0,,1432.55,5963.75,1611.0,,,,AUAR,True
v_25444526_1611,v_25444526_1612,,6785.15,3801.6,1611.0,,,,AUAL,True
v_25530367_1611,v_25530367_1611,,1672.7214285714288,3919.191428571428,1611.0,,,,AUAR,True
25430202,25430201.0,5.0,7362.6,5608.75,1611.0,-1.0,128.0,1760714145.0,AUAL,False
25535407,v_25535407_1613,5.0,1417.95,5938.55,1612.0,-1.0,128.0,1767895081.0,AUAR,False
25430201,25430200.0,5.0,7330.6,5556.75,1612.0,-1.0,128.0,1760714143.0,AUAL,False
v_25444526_1612,25444527.0,,6785.65,3792.1,1612.0,,,,AUAL,True
v_25530367_1612,v_25530367_1610,,1666.4357142857143,3918.905714285714,1612.0,,,,AUAR,True
v_25535407_1613,v_25535407_1614,,1416.6166666666668,5954.55,1613.0,,,,AUAR,True
25530367,v_25530367_1609,5.0,1660.15,3918.62,1613.0,-1.0,128.0,1767376741.0,AUAR,False
25430200,25430199.0,5.0,7334.6,5472.75,1613.0,-1.0,128.0,1760714139.0,AUAL,False
25444527,v_25444527_1614,5.0,6786.15,3782.6,1613.0,-1.0,128.0,1761080606.0,AUAL,False
v_25535407_1614,25535406.0,,1415.2833333333333,5970.55,1614.0,,,,AUAR,True
v_25530368_1614,25530367.0,,1649.35,3876.62,1614.0,,,,AUAR,True
25430199,25430198.0,5.0,7342.6,5408.75,1614.0,-1.0,128.0,1760714137.0,AUAL,False
v_25444527_1614,v_25444527_1615,,6783.483333333333,3783.933333333333,1614.0,,,,AUAL,True
25535406,v_25535406_1616,5.0,1413.95,5986.55,1615.0,-1.0,128.0,1767895079.0,AUAR,False
v_25530368_1615,v_25530368_1615,,1645.75,3862.62,1615.0,,,,AUAR,True
25430198,25430197.0,5.0,7326.6,5344.75,1615.0,-1.0,128.0,1760714136.0,AUAL,False
v_25444527_1615,25444528.0,,6780.816666666667,3785.2666666666655,1615.0,,,,AUAL,True
v_25535406_1616,25535405.0,,1416.95,5952.55,1616.0,,,,AUAR,True
25530368,v_25530368_1614,5.0,1642.15,3848.62,1616.0,-1.0,128.0,1767376742.0,AUAR,False
25444528,v_25444528_1617,5.0,6778.15,3786.6,1616.0,-1.0,128.0,1761080606.0,AUAL,False
25430197,25430196.0,5.0,7326.6,5340.75,1616.0,-1.0,128.0,1760714135.0,AUAL,False
25430196,25430195.0,5.0,7302.6,5292.75,1617.0,-1.0,128.0,1760714133.0,AUAL,False
v_25444528_1617,v_25444528_1618,,6778.15,3786.6,1617.0,,,,AUAL,True
v_25530369_1617,25530368.0,,1628.95,3839.02,1617.0,,,,AUAR,True
25432139,25432135.0,5.0,6980.6,4656.75,1617.0,-1.0,128.0,1760726027.0,AUAL,False
25535405,v_25535405_1618,5.0,1419.95,5918.55,1617.0,-1.0,128.0,1767895078.0,AUAR,False
v_25444528_1618,v_25444528_1619,,6778.15,3786.6,1618.0,,,,AUAL,True
v_25530369_1618,v_25530369_1618,,1624.5500000000002,3835.82,1618.0,,,,AUAR,True
25432135,25432132.0,5.0,6960.6,4620.75,1618.0,-1.0,128.0,1760726025.0,AUAL,False
v_25535405_1618,25535404.0,,1436.95,5879.55,1618.0,,,,AUAR,True
25430195,25430194.0,5.0,7282.6,5280.75,1618.0,-1.0,128.0,1760714132.0,AUAL,False
25530369,v_25530369_1617,5.0,1620.15,3832.62,1619.0,-1.0,128.0,1767376743.0,AUAR,False
25432132,25432129.0,5.0,6972.6,4644.75,1619.0,-1.0,128.0,1760726023.0,AUAL,False
v_25444528_1619,25444529.0,,6778.15,3786.6,1619.0,,,,AUAL,True
25430194,25430193.0,5.0,7282.6,5192.75,1619.0,-1.0,128.0,1760714131.0,AUAL,False
25450323,25450225.0,5.0,1471.0,5854.5,1619.0,-1.0,128.0,1767894970.0,AUAR,False
25535404,25450225.0,5.0,1453.95,5840.55,1619.0,-1.0,128.0,1767895077.0,AUAR,False
25432129,25432126.0,5.0,6972.6,4656.75,1620.0,-1.0,128.0,1760726022.0,AUAL,False
25444529,25444530.0,5.0,6778.15,3786.6,1620.0,-1.0,128.0,1761080606.0,AUAL,False
25430193,25430192.0,5.0,7250.6,5180.75,1620.0,-1.0,128.0,1760714121.0,AUAL,False
25450225,25450224.0,5.0,1471.0,5762.5,1620.0,-1.0,128.0,1767894970.0,AUAR,False
v_25530370_1620,25530369.0,,1594.65,3796.62,1620.0,,,,AUAR,True
25450224,25450223.0,5.0,1461.0,5770.5,1621.0,-1.0,128.0,1767894970.0,AUAR,False
25530370,v_25530370_1620,5.0,1586.15,3784.62,1621.0,-1.0,128.0,1767376745.0,AUAR,False
25430192,25430191.0,5.0,7210.6,5100.75,1621.0,-1.0,128.0,1760714120.0,AUAL,False
25432126,25430190.0,5.0,6968.6,4652.75,1621.0,-1.0,128.0,1760726021.0,AUAL,False
25444530,25444531.0,5.0,6742.15,3872.6,1621.0,-1.0,128.0,1761080606.0,AUAL,False
25444531,v_25444531_1623,5.0,6862.15,3952.6,1622.0,-1.0,128.0,1761080606.0,AUAL,False
25430191,25430189.0,5.0,7210.6,5040.75,1622.0,-1.0,128.0,1760714115.0,AUAL,False
25430190,25430189.0,5.0,6982.6,4656.75,1622.0,-1.0,128.0,1760714112.0,AUAL,False
v_25530371_1622,25530370.0,,1570.5500000000002,3789.42,1622.0,,,,AUAR,True
25450223,25450222.0,5.0,1511.0,5710.5,1622.0,-1.0,128.0,1767894970.0,AUAR,False
v_25444531_1623,25444532.0,,6901.15,3974.6,1623.0,,,,AUAL,True
25430189,25430188.0,5.0,7102.6,4788.75,1623.0,-1.0,128.0,1760714105.0,AUAL,False
v_25530371_1623,v_25530371_1623,,1565.35,3791.02,1623.0,,,,AUAR,True
25450222,25450221.0,5.0,1527.0,5686.5,1623.0,-1.0,128.0,1767894970.0,AUAR,False
25530371,v_25530371_1622,5.0,1560.15,3792.62,1624.0,-1.0,128.0,1767376746.0,AUAR,False
25450221,25450220.0,5.0,1563.0,5652.5,1624.0,-1.0,128.0,1767894970.0,AUAR,False
25444532,25430187.0,5.0,6940.15,3996.6,1624.0,-1.0,128.0,1761080606.0,AUAL,False
25430188,25430186.0,5.0,7074.6,4752.75,1624.0,-1.0,128.0,1760714104.0,AUAL,False
25450220,v_25450220_1626,5.0,1571.0,5598.5,1625.0,-1.0,128.0,1767894970.0,AUAR,False
v_25530372_1625,25530371.0,,1543.15,3812.62,1625.0,,,,AUAR,True
25430186,25430185.0,5.0,7078.6,4768.75,1625.0,-1.0,128.0,1760714091.0,AUAL,False
25430187,25430185.0,5.0,6946.6,4084.75,1625.0,-1.0,128.0,1760714094.0,AUAL,False
v_25450220_1626,25450219.0,,1580.0,5562.5,1626.0,,,,AUAR,True
v_25530372_1626,v_25530372_1627,,1537.4833333333331,3819.2866666666655,1626.0,,,,AUAR,True
25430185,25430168.0,5.0,6950.6,4408.75,1626.0,-1.0,128.0,1760714084.0,AUAL,False
25450219,v_25450219_1628,5.0,1589.0,5526.5,1627.0,-1.0,128.0,1767894970.0,AUAR,False
25430168,25430167.0,5.0,6994.6,4112.75,1627.0,-1.0,128.0,1760714004.0,AUAL,False
v_25530372_1627,v_25530372_1626,,1531.8166666666668,3825.953333333333,1627.0,,,,AUAR,True
25530372,v_25530372_1625,5.0,1526.15,3832.62,1628.0,-1.0,128.0,1767376747.0,AUAR,False
25430167,25430166.0,5.0,6994.6,4112.75,1628.0,-1.0,128.0,1760714003.0,AUAL,False
v_25450219_1628,25450218.0,,1595.0,5526.5,1628.0,,,,AUAR,True
