node_id,parent_id,confidence,x,y,z,radius,creator_id,edition_time,cell_name,is_vnode
25457993,25457991.0,5.0,5700.15,2578.6,1361.0,-1.0,128.0,1761369206.0,AIBR,False
25457992,25457991.0,5.0,5120.15,2210.6,1361.0,-1.0,128.0,1761369203.0,AIBR,False
25457991,25457990.0,5.0,5396.15,2318.6,1362.0,-1.0,128.0,1761369200.0,AIBR,False
25457997,25457996.0,5.0,4844.15,2386.6,1362.0,-1.0,128.0,1761369231.0,AIBR,False
25457990,25457989.0,5.0,5384.15,2298.6,1363.0,-1.0,128.0,1761369190.0,AIBR,False
25420813,25420812.0,5.0,4516.0,2372.0,1363.0,-1.0,128.0,1764189059.0,AIBL,False
25457996,25457995.0,5.0,4856.15,2398.6,1363.0,-1.0,128.0,1761369228.0,AIBR,False
25457989,25457988.0,5.0,5328.15,2282.6,1364.0,-1.0,128.0,1761369189.0,AIBR,False
25457995,25457994.0,5.0,4832.15,2374.6,1364.0,-1.0,128.0,1761369227.0,AIBR,False
25420812,25420811.0,5.0,4450.0,2374.0,1364.0,-1.0,128.0,1764189059.0,AIBL,False
25457988,25457987.0,5.0,5324.15,2282.6,1365.0,-1.0,128.0,1761369188.0,AIBR,False
25420811,25420810.0,5.0,4450.0,2374.0,1365.0,-1.0,128.0,1764189059.0,AIBL,False
25457994,25457986.0,5.0,4880.15,2362.6,1365.0,-1.0,128.0,1761369224.0,AIBR,False
25420810,25420809.0,5.0,4446.0,2372.0,1366.0,-1.0,128.0,1764189059.0,AIBL,False
25457986,25457985.0,5.0,4944.15,2342.6,1366.0,-1.0,128.0,1761369180.0,AIBR,False
25457987,25457985.0,5.0,5292.15,2246.6,1366.0,-1.0,128.0,1761369186.0,AIBR,False
25457985,25457984.0,5.0,5312.15,2274.6,1367.0,-1.0,128.0,1761369179.0,AIBR,False
25420809,25420808.0,5.0,4448.0,2372.0,1367.0,-1.0,128.0,1764189059.0,AIBL,False
25457984,25457983.0,5.0,5264.15,2330.6,1368.0,-1.0,128.0,1761369171.0,AIBR,False
25420808,25420807.0,5.0,4428.0,2384.0,1368.0,-1.0,128.0,1764189059.0,AIBL,False
25420807,25420806.0,5.0,4384.0,2392.0,1369.0,-1.0,128.0,1764189059.0,AIBL,False
25457983,25457982.0,5.0,5232.15,2346.6,1369.0,-1.0,128.0,1761369169.0,AIBR,False
25420802,25420801.0,5.0,4094.0,2210.0,1370.0,-1.0,128.0,1764189059.0,AIBL,False
25420806,25420805.0,5.0,4357.15,2396.6,1370.0,-1.0,128.0,1764189059.0,AIBL,False
25457982,25457980.0,5.0,5179.15,2354.61,1370.0,-1.0,128.0,1769311898.0,AIBR,False
25420801,25420800.0,5.0,4072.0,2208.0,1371.0,-1.0,128.0,1764189059.0,AIBL,False
25420805,25420804.0,5.0,4376.0,2386.0,1371.0,-1.0,128.0,1764189059.0,AIBL,False
25457980,25457979.0,5.0,5254.15,2370.6,1371.0,-1.0,128.0,1761369125.0,AIBR,False
25420800,25420799.0,5.0,4018.0,2220.0,1372.0,-1.0,128.0,1764189059.0,AIBL,False
25420804,25420803.0,5.0,4350.0,2360.0,1372.0,-1.0,128.0,1764189059.0,AIBL,False
25457979,25457978.0,5.0,4948.15,2292.6,1372.0,-1.0,128.0,1761369123.0,AIBR,False
25457981,25457980.0,5.0,5532.15,2566.6,1372.0,-1.0,128.0,1761369241.0,AIBR,False
25457978,25457977.0,5.0,4926.15,2282.6,1373.0,-1.0,128.0,1761369118.0,AIBR,False
25457998,25457981.0,5.0,5588.15,2638.6,1373.0,-1.0,128.0,1761369307.0,AIBR,False
25458209,25458208.0,5.0,6346.15,3035.6,1373.0,-1.0,128.0,1761411927.0,AIBR,False
25420803,25420798.0,5.0,4314.0,2370.0,1373.0,-1.0,128.0,1764189059.0,AIBL,False
25420799,25420797.0,5.0,3960.0,2238.0,1373.0,-1.0,128.0,1764189059.0,AIBL,False
25457999,25457998.0,5.0,5628.15,2662.6,1374.0,-1.0,128.0,1761369308.0,AIBR,False
25420797,25420796.0,5.0,4026.0,2236.0,1374.0,-1.0,128.0,1764189059.0,AIBL,False
25420798,25420796.0,5.0,4298.0,2356.0,1374.0,-1.0,128.0,1764189059.0,AIBL,False
25458208,25458207.0,5.0,6324.15,3007.6,1374.0,-1.0,128.0,1761411926.0,AIBR,False
25457977,25457976.0,5.0,4908.15,2282.6,1374.0,-1.0,128.0,1761369112.0,AIBR,False
25457976,25457975.0,5.0,4892.15,2280.6,1375.0,-1.0,128.0,1761369111.0,AIBR,False
25458207,25458206.0,5.0,6294.15,2983.6,1375.0,-1.0,128.0,1761411921.0,AIBR,False
25458000,25457999.0,5.0,5656.15,2682.6,1375.0,-1.0,128.0,1761369309.0,AIBR,False
25420796,25420795.0,5.0,4018.0,2268.0,1375.0,-1.0,128.0,1764189059.0,AIBL,False
25458206,25458004.0,5.0,6264.15,2965.6,1376.0,-1.0,128.0,1761411917.0,AIBR,False
25420795,25420794.0,5.0,3998.0,2280.0,1376.0,-1.0,128.0,1764189059.0,AIBL,False
25458001,25458000.0,5.0,5688.15,2738.6,1376.0,-1.0,128.0,1761369310.0,AIBR,False
25457975,25457974.0,5.0,4884.15,2276.6,1376.0,-1.0,128.0,1761369106.0,AIBR,False
25458004,25458003.0,5.0,6216.15,2958.6,1377.0,-1.0,128.0,1761369331.0,AIBR,False
25458002,25458001.0,5.0,5788.15,2722.6,1377.0,-1.0,128.0,1761369322.0,AIBR,False
25457974,25457973.0,5.0,4874.15,2270.6,1377.0,-1.0,128.0,1761369104.0,AIBR,False
25420794,25420793.0,5.0,3962.0,2260.0,1377.0,-1.0,128.0,1764189059.0,AIBL,False
25420793,25420792.0,5.0,3966.0,2258.0,1378.0,-1.0,128.0,1764189059.0,AIBL,False
25457973,25457972.0,5.0,4880.15,2278.6,1378.0,-1.0,128.0,1761369103.0,AIBR,False
25458003,25458002.0,5.0,5976.15,2862.6,1378.0,-1.0,128.0,1761369328.0,AIBR,False
25420792,25420791.0,5.0,3916.0,2272.0,1379.0,-1.0,128.0,1764189059.0,AIBL,False
25457972,25457971.0,5.0,4864.15,2272.6,1379.0,-1.0,128.0,1761369100.0,AIBR,False
25458005,25458003.0,5.0,6028.15,2894.6,1379.0,-1.0,128.0,1761369336.0,AIBR,False
25457971,25457970.0,5.0,4854.15,2282.6,1380.0,-1.0,128.0,1761369088.0,AIBR,False
25420791,25420790.0,5.0,3830.0,2330.0,1380.0,-1.0,128.0,1764189059.0,AIBL,False
25458006,25458005.0,5.0,6052.15,2914.6,1380.0,-1.0,128.0,1761369337.0,AIBR,False
25420790,25420789.0,5.0,3766.0,2422.0,1381.0,-1.0,128.0,1764189059.0,AIBL,False
25458007,25458006.0,5.0,6156.15,3006.6,1381.0,-1.0,128.0,1761369349.0,AIBR,False
25457970,25457969.0,5.0,4828.15,2300.6,1381.0,-1.0,128.0,1761369072.0,AIBR,False
25458008,25458007.0,5.0,6200.15,2974.6,1382.0,-1.0,128.0,1761369357.0,AIBR,False
25457969,25457968.0,5.0,4820.15,2278.6,1382.0,-1.0,128.0,1761369069.0,AIBR,False
25420789,25420788.0,5.0,3710.0,2420.0,1382.0,-1.0,128.0,1764189059.0,AIBL,False
25420788,25420787.0,5.0,3700.0,2462.0,1383.0,-1.0,128.0,1764189059.0,AIBL,False
25457968,25457967.0,5.0,4812.15,2258.6,1383.0,-1.0,128.0,1761369068.0,AIBR,False
25458009,25458008.0,5.0,6228.15,2986.6,1383.0,-1.0,128.0,1761369360.0,AIBR,False
25458010,25458009.0,5.0,6220.15,2986.6,1384.0,-1.0,128.0,1761369361.0,AIBR,False
25457967,25457966.0,5.0,4818.15,2248.6,1384.0,-1.0,128.0,1761369065.0,AIBR,False
25420787,25420786.0,5.0,3640.15,2492.6,1384.0,-1.0,128.0,1764189059.0,AIBL,False
25458220,25420788.0,5.0,4376.15,2294.6,1384.0,-1.0,128.0,1764189059.0,AIBL,False
25458011,25458010.0,5.0,6200.15,2990.6,1385.0,-1.0,128.0,1761369370.0,AIBR,False
25457966,25457965.0,5.0,4806.15,2232.6,1385.0,-1.0,128.0,1761369061.0,AIBR,False
25420786,25420785.0,5.0,3452.0,2512.0,1385.0,-1.0,128.0,1764189059.0,AIBL,False
25458219,25458220.0,5.0,4384.15,2294.6,1385.0,-1.0,128.0,1764189059.0,AIBL,False
25458218,25458219.0,5.0,4336.15,2250.6,1386.0,-1.0,128.0,1764189059.0,AIBL,False
25458013,25458011.0,5.0,6284.15,3018.6,1386.0,-1.0,128.0,1761369378.0,AIBR,False
25458012,25458011.0,5.0,6008.15,2942.6,1386.0,-1.0,128.0,1761369373.0,AIBR,False
25457965,25457964.0,5.0,4792.15,2210.6,1386.0,-1.0,128.0,1761369053.0,AIBR,False
25420785,25420784.0,5.0,3380.0,2538.0,1386.0,-1.0,128.0,1764189059.0,AIBL,False
25420784,25420783.0,5.0,3318.0,2592.0,1387.0,-1.0,128.0,1764189059.0,AIBL,False
25458014,25458013.0,5.0,6292.15,3034.6,1387.0,-1.0,128.0,1761369380.0,AIBR,False
25458202,25458012.0,5.0,5970.15,2953.6,1387.0,-1.0,128.0,1761411887.0,AIBR,False
25458217,25458218.0,5.0,4364.15,2246.6,1387.0,-1.0,128.0,1764189059.0,AIBL,False
25457964,25457963.0,5.0,4810.15,2214.6,1387.0,-1.0,128.0,1761369051.0,AIBR,False
25420783,25420782.0,5.0,3308.0,2618.0,1388.0,-1.0,128.0,1764189059.0,AIBL,False
25457963,25457962.0,5.0,4800.15,2196.6,1388.0,-1.0,128.0,1761369047.0,AIBR,False
25458203,25458202.0,5.0,5970.15,2963.6,1388.0,-1.0,128.0,1761411890.0,AIBR,False
25552607,25458014.0,5.0,6316.15,3052.6,1388.0,-1.0,128.0,1769311626.0,AIBR,False
v_25458216_1388,25458217.0,,4364.15,2261.6,1388.0,,,,AIBL,True
25458216,v_25458216_1388,5.0,4364.15,2266.6,1389.0,-1.0,128.0,1764189059.0,AIBL,False
25458204,25458203.0,5.0,5972.15,2961.6,1389.0,-1.0,128.0,1761411896.0,AIBR,False
25457962,25457961.0,5.0,4812.15,2190.6,1389.0,-1.0,128.0,1761369046.0,AIBR,False
25458015,25552607.0,5.0,6340.15,3070.6,1389.0,-1.0,128.0,1769311626.0,AIBR,False
25420782,v_25420782_1390,5.0,3296.0,2632.0,1389.0,-1.0,128.0,1764189059.0,AIBL,False
25457961,25457960.0,5.0,4808.15,2174.6,1390.0,-1.0,128.0,1761369045.0,AIBR,False
25470527,25470526.0,5.0,2718.15,2973.0,1390.0,-1.0,128.0,1764189059.0,AIBL,False
25458016,25458015.0,5.0,6344.15,3078.6,1390.0,-1.0,128.0,1761369385.0,AIBR,False
25458205,25458204.0,5.0,5940.15,2977.6,1390.0,-1.0,128.0,1761411908.0,AIBR,False
25458215,25458216.0,5.0,4364.15,2226.6,1390.0,-1.0,128.0,1764189059.0,AIBL,False
v_25420782_1390,25420781.0,,3278.0,2657.0,1390.0,,,,AIBL,True
25552674,25458215.0,5.0,4374.15,2230.6,1391.0,-1.0,128.0,1769315992.0,AIBL,False
25470526,25470525.0,5.0,2646.15,2993.0,1391.0,-1.0,128.0,1764189059.0,AIBL,False
25457960,25457959.0,5.0,4796.15,2180.6,1391.0,-1.0,128.0,1761369044.0,AIBR,False
25458017,25458016.0,5.0,6345.15,3084.61,1391.0,-1.0,128.0,1769311593.0,AIBR,False
25420781,25420780.0,5.0,3260.0,2682.0,1391.0,-1.0,128.0,1764189059.0,AIBL,False
25458214,25552674.0,5.0,4384.15,2234.6,1392.0,-1.0,128.0,1769315992.0,AIBL,False
25420780,25420779.0,5.0,3252.005,2699.01,1392.0,-1.0,128.0,1769316123.0,AIBL,False
25457959,25457958.0,5.0,4812.15,2178.6,1392.0,-1.0,128.0,1761369042.0,AIBR,False
25470525,25470523.0,5.0,2618.15,3011.0,1392.0,-1.0,128.0,1764189059.0,AIBL,False
25458018,25458017.0,5.0,6368.15,3090.6,1392.0,-1.0,128.0,1761369389.0,AIBR,False
25470523,25470522.0,5.0,2580.15,3039.0,1393.0,-1.0,128.0,1764189059.0,AIBL,False
25420779,v_25420779_1394,5.0,3238.0,2708.0,1393.0,-1.0,128.0,1764189059.0,AIBL,False
25458019,25458018.0,5.0,6372.15,3098.6,1393.0,-1.0,128.0,1761369395.0,AIBR,False
25458213,25458214.0,5.0,4388.15,2230.6,1393.0,-1.0,128.0,1764189059.0,AIBL,False
25457958,25555805.0,5.0,4796.15,2169.6,1393.0,-1.0,128.0,1770136625.0,AIBR,False
v_25420779_1394,25420778.0,,3207.0,2735.0,1394.0,,,,AIBL,True
25555805,25457957.0,5.0,4792.15,2165.6,1394.0,-1.0,128.0,1770136625.0,AIBR,False
25552672,25458213.0,5.0,4384.15,2226.6,1394.0,-1.0,128.0,1769315980.0,AIBL,False
25470524,25470523.0,5.0,2604.15,3097.0,1394.0,-1.0,128.0,1764189059.0,AIBL,False
25470522,25470521.0,5.0,2464.15,3009.0,1394.0,-1.0,128.0,1764189059.0,AIBL,False
25458021,25458019.0,5.0,6480.15,3254.6,1394.0,-1.0,128.0,1761369402.0,AIBR,False
25458020,25458019.0,5.0,6284.15,2910.6,1394.0,-1.0,128.0,1761369399.0,AIBR,False
25458212,25552672.0,5.0,4380.15,2222.6,1395.0,-1.0,128.0,1769315980.0,AIBL,False
25470528,25470524.0,5.0,2598.15,3113.0,1395.0,-1.0,128.0,1764189059.0,AIBL,False
25470521,25470520.0,5.0,2462.15,3007.0,1395.0,-1.0,128.0,1764189059.0,AIBL,False
25458196,25458020.0,5.0,6258.15,2841.6,1395.0,-1.0,128.0,1761411850.0,AIBR,False
25457957,25552563.0,5.0,4788.15,2161.6,1395.0,-1.0,128.0,1769310240.0,AIBR,False
25458022,25458021.0,5.0,6464.15,3302.6,1395.0,-1.0,128.0,1761369404.0,AIBR,False
25420778,25420777.0,5.0,3176.0,2762.0,1395.0,-1.0,128.0,1764189059.0,AIBL,False
25420777,25420776.0,5.0,3176.0,2762.0,1396.0,-1.0,128.0,1764189059.0,AIBL,False
25458023,25458022.0,5.0,6480.15,3338.6,1396.0,-1.0,128.0,1761369407.0,AIBR,False
25552563,25457956.0,5.0,4783.15,2148.6,1396.0,-1.0,128.0,1769310240.0,AIBR,False
25458197,25458196.0,5.0,6248.15,2805.6,1396.0,-1.0,128.0,1761411852.0,AIBR,False
25470520,25470519.0,5.0,2466.15,2991.0,1396.0,-1.0,128.0,1764189059.0,AIBL,False
25458211,25458212.0,5.0,4412.15,2198.6,1396.0,-1.0,128.0,1764189059.0,AIBL,False
25420776,25420775.0,5.0,3158.0,2762.0,1397.0,-1.0,128.0,1764189059.0,AIBL,False
25470519,25470518.0,5.0,2466.15,2991.0,1397.0,-1.0,128.0,1764189059.0,AIBL,False
25458198,25458197.0,5.0,6246.15,2803.6,1397.0,-1.0,128.0,1761411854.0,AIBR,False
25458024,25458023.0,5.0,6468.15,3406.6,1397.0,-1.0,128.0,1761369412.0,AIBR,False
25457956,25457799.0,5.0,4778.15,2135.6,1397.0,-1.0,128.0,1761368852.0,AIBR,False
25457797,25458211.0,5.0,4420.15,2191.6,1397.0,-1.0,128.0,1764189059.0,AIBL,False
25457619,25457797.0,5.0,4422.15,2138.6,1398.0,-1.0,128.0,1764189059.0,AIBL,False
25420775,25420774.0,5.0,3116.0,2800.0,1398.0,-1.0,128.0,1764189059.0,AIBL,False
25470518,25470517.0,5.0,2460.15,2993.0,1398.0,-1.0,128.0,1764189059.0,AIBL,False
25458199,25458198.0,5.0,6242.15,2795.6,1398.0,-1.0,128.0,1761411857.0,AIBR,False
25457799,,5.0,4770.15,2106.6,1398.0,-1.0,128.0,1761368136.0,AIBR,False
25458025,25458024.0,5.0,6448.15,3422.6,1398.0,-1.0,128.0,1761369413.0,AIBR,False
25420774,25420773.0,5.0,3116.0,2800.0,1399.0,-1.0,128.0,1764189059.0,AIBL,False
25457620,25457619.0,5.0,4480.15,2265.6,1399.0,-1.0,128.0,1764189059.0,AIBL,False
25457800,25457799.0,5.0,4790.15,2246.6,1399.0,-1.0,128.0,1761368150.0,AIBR,False
25458200,25458199.0,5.0,6278.15,2829.6,1399.0,-1.0,128.0,1761411864.0,AIBR,False
25458026,25458025.0,5.0,6440.15,3562.6,1399.0,-1.0,128.0,1761369442.0,AIBR,False
25470517,25470516.0,5.0,2504.15,3003.0,1399.0,-1.0,128.0,1764189059.0,AIBL,False
25420773,25420772.0,5.0,3116.0,2800.0,1400.0,-1.0,128.0,1764189059.0,AIBL,False
25458201,25458200.0,5.0,6276.15,2815.6,1400.0,-1.0,128.0,1761411866.0,AIBR,False
25470516,25470515.0,5.0,2492.15,3033.0,1400.0,-1.0,128.0,1764189059.0,AIBL,False
25458027,25458026.0,5.0,6412.15,3610.6,1400.0,-1.0,128.0,1761369446.0,AIBR,False
25457801,25457800.0,5.0,4786.15,2290.6,1400.0,-1.0,128.0,1761368152.0,AIBR,False
25457621,25457620.0,5.0,4520.15,2336.6,1400.0,-1.0,128.0,1764189059.0,AIBL,False
25420772,25420771.0,5.0,3116.0,2800.0,1401.0,-1.0,128.0,1764189059.0,AIBL,False
25470515,25470514.0,5.0,2494.15,3045.0,1401.0,-1.0,128.0,1764189059.0,AIBL,False
25457622,25457621.0,5.0,4536.15,2300.6,1401.0,-1.0,128.0,1764189059.0,AIBL,False
25457802,25457801.0,5.0,4774.15,2266.6,1401.0,-1.0,128.0,1761368153.0,AIBR,False
25458028,25458027.0,5.0,6420.15,3674.6,1401.0,-1.0,128.0,1761369450.0,AIBR,False
25457803,25457802.0,5.0,4746.15,2250.6,1402.0,-1.0,128.0,1761368159.0,AIBR,False
25458029,25458028.0,5.0,6524.15,3778.6,1402.0,-1.0,128.0,1761369453.0,AIBR,False
25420771,25420770.0,5.0,3112.0,2802.0,1402.0,-1.0,128.0,1764189059.0,AIBL,False
25470514,25470513.0,5.0,2528.15,3023.0,1402.0,-1.0,128.0,1764189059.0,AIBL,False
25457623,25457622.0,5.0,4524.15,2292.6,1402.0,-1.0,128.0,1764189059.0,AIBL,False
25470513,25420760.0,5.0,2562.15,3009.0,1403.0,-1.0,128.0,1764189059.0,AIBL,False
25420770,25420761.0,5.0,3082.0,2822.0,1403.0,-1.0,128.0,1764189059.0,AIBL,False
25457624,25457623.0,5.0,4524.15,2268.6,1403.0,-1.0,128.0,1764189059.0,AIBL,False
25457804,25457803.0,5.0,4754.15,2258.6,1403.0,-1.0,128.0,1761368160.0,AIBR,False
25458030,25458029.0,5.0,6544.15,3842.6,1403.0,-1.0,128.0,1761369459.0,AIBR,False
25420761,25420759.0,5.0,3068.0,2842.0,1404.0,-1.0,128.0,1764189059.0,AIBL,False
25420760,25420759.0,5.0,2614.0,3000.0,1404.0,-1.0,128.0,1764189059.0,AIBL,False
25457625,25457624.0,5.0,4544.15,2244.6,1404.0,-1.0,128.0,1764189059.0,AIBL,False
25457805,25457804.0,5.0,4766.15,2226.6,1404.0,-1.0,128.0,1761368161.0,AIBR,False
25458031,25458030.0,5.0,6564.15,3886.6,1404.0,-1.0,128.0,1761369461.0,AIBR,False
25458032,25458031.0,5.0,6560.15,3918.6,1405.0,-1.0,128.0,1761369463.0,AIBR,False
25420759,25420758.0,5.0,2602.13,3013.55,1405.0,-1.0,128.0,1764189059.0,AIBL,False
25457806,25457805.0,5.0,4759.605,2233.765,1405.0,-1.0,128.0,1767681646.0,AIBR,False
25457626,25457625.0,5.0,4556.15,2240.6,1405.0,-1.0,128.0,1764189059.0,AIBL,False
25457627,25457626.0,5.0,4588.15,2232.6,1406.0,-1.0,128.0,1764189059.0,AIBL,False
25420758,25420757.0,5.0,2622.13,3017.55,1406.0,-1.0,128.0,1764189059.0,AIBL,False
25458033,25458032.0,5.0,6540.15,3910.6,1406.0,-1.0,128.0,1761369473.0,AIBR,False
25457807,25457806.0,5.0,4766.15,2238.6,1406.0,-1.0,128.0,1761368171.0,AIBR,False
25457808,25457807.0,5.0,4754.15,2242.6,1407.0,-1.0,128.0,1761368174.0,AIBR,False
25458034,25458033.0,5.0,6544.15,3946.6,1407.0,-1.0,128.0,1761369474.0,AIBR,False
25420757,25420756.0,5.0,2622.13,3033.55,1407.0,-1.0,128.0,1764189059.0,AIBL,False
25457628,25457627.0,5.0,4616.15,2204.6,1407.0,-1.0,128.0,1764189059.0,AIBL,False
25457629,25457628.0,5.0,4616.15,2196.6,1408.0,-1.0,128.0,1764189059.0,AIBL,False
25420756,25420755.0,5.0,2558.13,3049.55,1408.0,-1.0,128.0,1764189059.0,AIBL,False
25458035,25458034.0,5.0,6532.15,3962.6,1408.0,-1.0,128.0,1761369476.0,AIBR,False
25457809,25457808.0,5.0,4766.15,2242.6,1408.0,-1.0,128.0,1761368175.0,AIBR,False
v_25458036_1409,25458035.0,,6511.15,4007.6,1409.0,,,,AIBR,True
25420755,25420754.0,5.0,2526.13,3081.55,1409.0,-1.0,128.0,1764189059.0,AIBL,False
v_25457810_1409,25457809.0,,4766.15,2245.6,1409.0,,,,AIBR,True
25457630,25457629.0,5.0,4628.15,2212.6,1409.0,-1.0,128.0,1764189059.0,AIBL,False
25420754,25420753.0,5.0,2507.15,3092.6,1410.0,-1.0,128.0,1766091842.0,AIBL,False
25458036,v_25458036_1409,5.0,6504.15,4022.6,1410.0,-1.0,128.0,1761369480.0,AIBR,False
25457810,v_25457810_1409,5.0,4766.15,2246.6,1410.0,-1.0,128.0,1761368176.0,AIBR,False
25457631,25457630.0,5.0,4636.15,2208.6,1410.0,-1.0,128.0,1764189059.0,AIBL,False
25420753,25552680.0,5.0,2494.13,3125.55,1411.0,-1.0,128.0,1769316173.0,AIBL,False
25489760,25489759.0,5.0,5282.0,2319.77,1411.0,-1.0,128.0,1764189059.0,AIBL,False
25457632,25457631.0,5.0,4652.15,2232.6,1411.0,-1.0,128.0,1764189059.0,AIBL,False
25458037,25458036.0,5.0,6460.15,4066.6,1411.0,-1.0,128.0,1761369482.0,AIBR,False
v_25457811_1411,25457810.0,,4763.15,2249.6,1411.0,,,,AIBR,True
25552680,25420752.0,5.0,2473.135,3136.555,1412.0,-1.0,128.0,1769316173.0,AIBL,False
25458038,25458037.0,5.0,6468.15,4126.6,1412.0,-1.0,128.0,1761369484.0,AIBR,False
25457811,v_25457811_1411,5.0,4762.15,2250.6,1412.0,-1.0,128.0,1761368178.0,AIBR,False
25489759,25489758.0,5.0,5278.0,2331.77,1412.0,-1.0,128.0,1764189059.0,AIBL,False
25457633,25457632.0,5.0,4652.15,2228.6,1412.0,-1.0,128.0,1764189059.0,AIBL,False
25457634,25457633.0,5.0,4652.15,2244.6,1413.0,-1.0,128.0,1764189059.0,AIBL,False
25489758,25489757.0,5.0,5278.0,2351.77,1413.0,-1.0,128.0,1764189059.0,AIBL,False
v_25457812_1413,25457811.0,,4786.15,2259.6,1413.0,,,,AIBR,True
25458039,25458038.0,5.0,6492.15,4142.6,1413.0,-1.0,128.0,1761369486.0,AIBR,False
25420752,v_25420752_1414,5.0,2452.135,3147.56,1413.0,-1.0,128.0,1769315736.0,AIBL,False
v_25420752_1414,25420751.0,,2457.1325,3162.5550000000003,1414.0,,,,AIBL,True
25458040,25458039.0,5.0,6516.15,4154.6,1414.0,-1.0,128.0,1761369487.0,AIBR,False
25457812,v_25457812_1413,5.0,4794.15,2262.6,1414.0,-1.0,128.0,1761368179.0,AIBR,False
25457635,25457634.0,5.0,4664.15,2252.6,1414.0,-1.0,128.0,1764189059.0,AIBL,False
25489757,25457638.0,5.0,5270.0,2299.77,1414.0,-1.0,128.0,1764189059.0,AIBL,False
25458041,25458040.0,5.0,6520.15,4190.6,1415.0,-1.0,128.0,1761369489.0,AIBR,False
25457813,25457812.0,5.0,4758.15,2282.6,1415.0,-1.0,128.0,1761368184.0,AIBR,False
25420751,25420750.0,5.0,2462.13,3177.55,1415.0,-1.0,128.0,1764189059.0,AIBL,False
25457638,25457637.0,5.0,5208.15,2272.6,1415.0,-1.0,128.0,1764189059.0,AIBL,False
25457636,25457635.0,5.0,4712.15,2220.6,1415.0,-1.0,128.0,1764189059.0,AIBL,False
25420750,25420749.0,5.0,2446.13,3209.55,1416.0,-1.0,128.0,1764189059.0,AIBL,False
25457814,25457813.0,5.0,4754.15,2290.6,1416.0,-1.0,128.0,1761368185.0,AIBR,False
25458042,25458041.0,5.0,6528.15,4222.6,1416.0,-1.0,128.0,1761369490.0,AIBR,False
25457637,25457636.0,5.0,5048.15,2160.6,1416.0,-1.0,128.0,1764189059.0,AIBL,False
25457815,25457814.0,5.0,4766.15,2274.6,1417.0,-1.0,128.0,1761368187.0,AIBR,False
25458043,25458042.0,5.0,6520.15,4238.6,1417.0,-1.0,128.0,1761369493.0,AIBR,False
25420749,v_25420749_1418,5.0,2414.13,3225.55,1417.0,-1.0,128.0,1764189059.0,AIBL,False
25457639,25457637.0,5.0,5104.15,2244.6,1417.0,-1.0,128.0,1764189059.0,AIBL,False
25457816,25457815.0,5.0,4754.15,2306.6,1418.0,-1.0,128.0,1761368190.0,AIBR,False
25457640,25457639.0,5.0,5152.15,2320.6,1418.0,-1.0,128.0,1764189059.0,AIBL,False
25552622,25458195.0,5.0,6646.15,4805.61,1418.0,-1.0,128.0,1769314824.0,AIBR,False
25458044,25458043.0,5.0,6524.15,4270.6,1418.0,-1.0,128.0,1761369494.0,AIBR,False
v_25420749_1418,25420748.0,,2398.13,3245.55,1418.0,,,,AIBL,True
25457817,25457816.0,5.0,4718.15,2294.6,1419.0,-1.0,128.0,1761368191.0,AIBR,False
25458045,25458044.0,5.0,6516.15,4338.6,1419.0,-1.0,128.0,1761369496.0,AIBR,False
25458195,25458048.0,5.0,6646.15,4803.6,1419.0,-1.0,128.0,1761411828.0,AIBR,False
25457641,25457640.0,5.0,5152.15,2344.6,1419.0,-1.0,128.0,1764189059.0,AIBL,False
25420748,25555760.0,5.0,2382.13,3265.55,1419.0,-1.0,128.0,1770135564.0,AIBL,False
25458046,25458045.0,5.0,6520.15,4346.6,1420.0,-1.0,128.0,1761369499.0,AIBR,False
25458048,25458047.0,5.0,6684.15,4802.6,1420.0,-1.0,128.0,1761369520.0,AIBR,False
25457818,25457817.0,5.0,4706.15,2314.6,1420.0,-1.0,128.0,1761368192.0,AIBR,False
25555760,25420747.0,5.0,2383.3,3283.72,1420.0,-1.0,128.0,1770135564.0,AIBL,False
25457642,25457641.0,5.0,5136.15,2364.6,1420.0,-1.0,128.0,1764189059.0,AIBL,False
25458047,25458046.0,5.0,6628.15,4458.6,1421.0,-1.0,128.0,1761369507.0,AIBR,False
25457819,25457818.0,5.0,4686.15,2306.6,1421.0,-1.0,128.0,1761368196.0,AIBR,False
25420747,v_25420747_1422,5.0,2384.465,3301.89,1421.0,-1.0,128.0,1769316225.0,AIBL,False
25457644,25457642.0,5.0,5580.15,2652.6,1421.0,-1.0,128.0,1764189059.0,AIBL,False
25457643,25457642.0,5.0,4892.15,2164.6,1421.0,-1.0,128.0,1764189059.0,AIBL,False
25457820,25457819.0,5.0,4666.15,2306.6,1422.0,-1.0,128.0,1761368198.0,AIBR,False
25458049,25458047.0,5.0,6569.15,4560.61,1422.0,-1.0,128.0,1769311283.0,AIBR,False
25457645,25457643.0,5.0,4812.15,2120.6,1422.0,-1.0,128.0,1764189059.0,AIBL,False
25457652,25457644.0,5.0,5644.15,2664.6,1422.0,-1.0,128.0,1764189059.0,AIBL,False
v_25420747_1422,25420746.0,,2379.2975,3321.7200000000003,1422.0,,,,AIBL,True
25457821,25457820.0,5.0,4621.16,2319.48,1423.0,-1.0,128.0,1769660537.0,AIBR,False
25458050,25458049.0,5.0,6528.15,4574.6,1423.0,-1.0,128.0,1761369541.0,AIBR,False
25457653,25457652.0,5.0,5672.15,2680.6,1423.0,-1.0,128.0,1764189059.0,AIBL,False
25420746,v_25420746_1424,5.0,2374.13,3341.55,1423.0,-1.0,128.0,1764189059.0,AIBL,False
25457646,25457645.0,5.0,4732.15,2108.6,1423.0,-1.0,128.0,1764189059.0,AIBL,False
25457822,25457821.0,5.0,4534.15,2282.6,1424.0,-1.0,128.0,1761368206.0,AIBR,False
v_25420746_1424,25420745.0,,2376.13,3359.55,1424.0,,,,AIBL,True
25458051,25458050.0,5.0,6512.15,4594.6,1424.0,-1.0,128.0,1761369558.0,AIBR,False
25457647,25457646.0,5.0,4692.15,2060.6,1424.0,-1.0,128.0,1764189059.0,AIBL,False
25457654,25457653.0,5.0,5680.15,2688.6,1424.0,-1.0,128.0,1764189059.0,AIBL,False
25458053,25458051.0,5.0,6416.15,4666.6,1425.0,-1.0,128.0,1761369559.0,AIBR,False
25458052,25458051.0,5.0,6736.15,4730.6,1425.0,-1.0,128.0,1761369555.0,AIBR,False
25420745,25420744.0,5.0,2378.13,3377.55,1425.0,-1.0,128.0,1764189059.0,AIBL,False
25457648,25457647.0,5.0,4616.15,2088.6,1425.0,-1.0,128.0,1764189059.0,AIBL,False
25457823,25457822.0,5.0,4458.15,2278.6,1425.0,-1.0,128.0,1761368208.0,AIBR,False
25457655,25457654.0,5.0,5720.15,2724.6,1425.0,-1.0,128.0,1764189059.0,AIBL,False
25457656,25457655.0,5.0,5744.15,2776.6,1426.0,-1.0,128.0,1764189059.0,AIBL,False
25457649,25457648.0,5.0,4584.15,2096.6,1426.0,-1.0,128.0,1764189059.0,AIBL,False
25420744,25420743.0,5.0,2370.13,3413.55,1426.0,-1.0,128.0,1764189059.0,AIBL,False
25458193,25458052.0,5.0,6750.15,4753.6,1426.0,-1.0,128.0,1761411815.0,AIBR,False
v_25457824_1426,25457823.0,,4408.36125,2287.8175,1426.0,,,,AIBR,True
25458054,25458053.0,5.0,6392.15,4710.6,1426.0,-1.0,128.0,1761369563.0,AIBR,False
25420743,25420742.0,5.0,2394.13,3477.55,1427.0,-1.0,128.0,1764189059.0,AIBL,False
25554259,25457649.0,5.0,4539.77,2098.89,1427.0,-1.0,128.0,1769659654.0,AIBL,False
25457657,25457656.0,5.0,5764.15,2792.6,1427.0,-1.0,128.0,1764189059.0,AIBL,False
25458194,25458193.0,5.0,6752.15,4753.6,1427.0,-1.0,128.0,1761411817.0,AIBR,False
25457824,v_25457824_1426,5.0,4391.765,2290.89,1427.0,-1.0,128.0,1769659652.0,AIBR,False
25458055,25458054.0,5.0,6375.15,4738.61,1427.0,-1.0,128.0,1769311162.0,AIBR,False
v_25457658_1428,25457657.0,,5809.15,2816.6,1428.0,,,,AIBL,True
25457650,25554259.0,5.0,4484.15,2100.6,1428.0,-1.0,128.0,1769659654.0,AIBL,False
25458056,25458055.0,5.0,6352.15,4770.6,1428.0,-1.0,128.0,1761369565.0,AIBR,False
25420742,25420741.0,5.0,2414.13,3521.55,1428.0,-1.0,128.0,1764189059.0,AIBL,False
25457825,25457824.0,5.0,4282.15,2282.6,1428.0,-1.0,128.0,1761368214.0,AIBR,False
25458057,25458056.0,5.0,6332.15,4770.6,1429.0,-1.0,128.0,1761369567.0,AIBR,False
25420741,25420740.0,5.0,2450.13,3597.55,1429.0,-1.0,128.0,1764189059.0,AIBL,False
v_25457651_1429,25457650.0,,4472.15,2124.6,1429.0,,,,AIBL,True
25457658,v_25457658_1428,5.0,5824.15,2824.6,1429.0,-1.0,128.0,1764189059.0,AIBL,False
v_25457826_1429,25457825.0,,4199.5675,2342.7275,1429.0,,,,AIBR,True
25458058,25458057.0,5.0,6312.15,4794.6,1430.0,-1.0,128.0,1761369568.0,AIBR,False
25457826,v_25457826_1429,5.0,4172.04,2362.77,1430.0,-1.0,128.0,1767586959.0,AIBR,False
25457659,25457658.0,5.0,5848.15,2852.6,1430.0,-1.0,128.0,1764189059.0,AIBL,False
25457651,v_25457651_1429,5.0,4468.15,2132.6,1430.0,-1.0,128.0,1764189059.0,AIBL,False
25420740,25420739.0,5.0,2458.13,3649.55,1430.0,-1.0,128.0,1764189059.0,AIBL,False
25457660,25457659.0,5.0,5884.15,2892.6,1431.0,-1.0,128.0,1764189059.0,AIBL,False
25420739,25420738.0,5.0,2442.13,3677.55,1431.0,-1.0,128.0,1764189059.0,AIBL,False
25458059,25458058.0,5.0,6274.65,4847.605,1431.0,-1.0,128.0,1769311147.0,AIBR,False
v_25457827_1431,25457826.0,,4107.6225,2431.6425,1431.0,,,,AIBR,True
25457827,v_25457827_1431,5.0,4086.15,2454.6,1432.0,-1.0,128.0,1761368218.0,AIBR,False
25457661,25457660.0,5.0,5896.15,2912.6,1432.0,-1.0,128.0,1764189059.0,AIBL,False
25457663,25457662.0,5.0,6064.15,2929.6,1432.0,-1.0,128.0,1764189059.0,AIBL,False
25458061,25458059.0,5.0,6348.15,4614.6,1432.0,-1.0,128.0,1761369577.0,AIBR,False
25458060,25458059.0,5.0,6124.15,5026.6,1432.0,-1.0,128.0,1761369573.0,AIBR,False
25457683,v_25457683_1433,5.0,6568.15,3333.6,1432.0,-1.0,128.0,1764189059.0,AIBL,False
25420738,25420737.0,5.0,2514.0,3830.0,1432.0,-1.0,128.0,1764189059.0,AIBL,False
25458062,25458060.0,5.0,6121.65,5056.6,1433.0,-1.0,128.0,1769311110.0,AIBR,False
25420737,25420736.0,5.0,2478.13,3897.55,1433.0,-1.0,128.0,1764189059.0,AIBL,False
25458187,25458061.0,5.0,6340.15,4625.6,1433.0,-1.0,128.0,1761411714.0,AIBR,False
25457828,25457827.0,5.0,4058.15,2494.6,1433.0,-1.0,128.0,1761368220.0,AIBR,False
v_25457683_1433,25457682.0,,6554.15,3336.6,1433.0,,,,AIBL,True
25457662,25457661.0,5.0,5974.15,2953.6,1433.0,-1.0,128.0,1764189059.0,AIBL,False
25458188,25458187.0,5.0,6316.15,4673.6,1434.0,-1.0,128.0,1761411720.0,AIBR,False
25457664,25457662.0,5.0,5970.15,2955.6,1434.0,-1.0,128.0,1764189059.0,AIBL,False
25420736,25420735.0,5.0,2470.13,3981.55,1434.0,-1.0,128.0,1764189059.0,AIBL,False
25457682,25457681.0,5.0,6540.15,3339.6,1434.0,-1.0,128.0,1764189059.0,AIBL,False
v_25457829_1434,25457828.0,,4034.15,2506.6,1434.0,,,,AIBR,True
v_25458063_1434,25458062.0,,6135.525,5079.1,1434.0,,,,AIBR,True
25420735,25420734.0,5.0,2434.13,4029.55,1435.0,-1.0,128.0,1764189059.0,AIBL,False
25457681,v_25457681_1436,5.0,6538.15,3361.6,1435.0,-1.0,128.0,1764189059.0,AIBL,False
25458063,v_25458063_1434,5.0,6140.15,5086.6,1435.0,-1.0,128.0,1761369587.0,AIBR,False
25457665,25457664.0,5.0,5968.15,2975.6,1435.0,-1.0,128.0,1764189059.0,AIBL,False
25457829,v_25457829_1434,5.0,4026.15,2510.6,1435.0,-1.0,128.0,1761368221.0,AIBR,False
25458189,25458188.0,5.0,6302.15,4707.6,1435.0,-1.0,128.0,1761411726.0,AIBR,False
25458064,25458063.0,5.0,6132.15,5082.6,1436.0,-1.0,128.0,1761369589.0,AIBR,False
v_25457681_1436,v_25457681_1437,,6538.15,3378.9333333333334,1436.0,,,,AIBL,True
25458190,25458189.0,5.0,6242.15,4743.6,1436.0,-1.0,128.0,1761411732.0,AIBR,False
25420734,25420733.0,5.0,2414.13,4081.55,1436.0,-1.0,128.0,1764189059.0,AIBL,False
v_25457830_1436,25457829.0,,3942.15,2528.6,1436.0,,,,AIBR,True
25457666,25457665.0,5.0,5944.15,3003.6,1436.0,-1.0,128.0,1764189059.0,AIBL,False
v_25458191_1437,25458190.0,,6207.65,4769.1,1437.0,,,,AIBR,True
25420769,25420768.0,5.0,1984.0,4870.0,1437.0,-1.0,128.0,1764189059.0,AIBL,False
v_25457681_1437,25457680.0,,6538.15,3396.2666666666664,1437.0,,,,AIBL,True
25457830,v_25457830_1436,5.0,3914.15,2534.6,1437.0,-1.0,128.0,1761368223.0,AIBR,False
25556152,25458064.0,5.0,6120.15,5094.6,1437.0,-1.0,128.0,1770354110.0,AIBR,False
25551629,25457666.0,5.0,5959.65,3025.9,1437.0,-1.0,128.0,1774539162.0,AIBL,False
25420733,25420732.0,5.0,2398.13,4141.55,1437.0,-1.0,128.0,1764189059.0,AIBL,False
25420732,25420731.0,5.0,2362.13,4177.55,1438.0,-1.0,128.0,1764189059.0,AIBL,False
25458065,25556152.0,5.0,6108.15,5106.6,1438.0,-1.0,128.0,1770354110.0,AIBR,False
25457667,25551629.0,5.0,5962.15,3051.6,1438.0,-1.0,128.0,1769027872.0,AIBL,False
25457680,v_25457680_1439,5.0,6538.15,3413.6,1438.0,-1.0,128.0,1764189059.0,AIBL,False
25457831,25457830.0,5.0,3842.15,2530.6,1438.0,-1.0,128.0,1761368224.0,AIBR,False
25420768,25420767.0,5.0,1976.0,4870.0,1438.0,-1.0,128.0,1764189059.0,AIBL,False
25458191,v_25458191_1437,5.0,6196.15,4777.6,1438.0,-1.0,128.0,1761411735.0,AIBR,False
25457832,25457831.0,5.0,3786.15,2570.6,1439.0,-1.0,128.0,1761368225.0,AIBR,False
25457668,25457667.0,5.0,5980.15,3099.6,1439.0,-1.0,128.0,1764189059.0,AIBL,False
25420731,25420730.0,5.0,2346.13,4197.55,1439.0,-1.0,128.0,1764189059.0,AIBL,False
v_25458066_1439,25458065.0,,6084.15,5112.6,1439.0,,,,AIBR,True
25458192,25458191.0,5.0,6202.15,4775.6,1439.0,-1.0,128.0,1761411796.0,AIBR,False
v_25457680_1439,25457679.0,,6533.15,3414.6,1439.0,,,,AIBL,True
25420767,25420766.0,5.0,1982.0,4832.0,1439.0,-1.0,128.0,1764189059.0,AIBL,False
25457669,25457668.0,5.0,6000.15,3131.6,1440.0,-1.0,128.0,1764189059.0,AIBL,False
25420766,25420765.0,5.0,1980.0,4810.0,1440.0,-1.0,128.0,1764189059.0,AIBL,False
25457679,v_25457679_1441,5.0,6528.15,3415.6,1440.0,-1.0,128.0,1764189059.0,AIBL,False
25420730,25420729.0,5.0,2322.13,4213.55,1440.0,-1.0,128.0,1764189059.0,AIBL,False
25458066,v_25458066_1439,5.0,6076.15,5114.6,1440.0,-1.0,128.0,1761369592.0,AIBR,False
25457833,25457832.0,5.0,3726.15,2558.6,1440.0,-1.0,128.0,1761368226.0,AIBR,False
25457834,25457833.0,5.0,3710.15,2594.6,1441.0,-1.0,128.0,1761368231.0,AIBR,False
25458067,25458066.0,5.0,6060.15,5130.6,1441.0,-1.0,128.0,1761369597.0,AIBR,False
25457672,25457671.0,5.0,6416.15,3105.6,1441.0,-1.0,128.0,1764189059.0,AIBL,False
25420729,25420728.0,5.0,2286.13,4241.55,1441.0,-1.0,128.0,1764189059.0,AIBL,False
25420765,25420727.0,5.0,1994.0,4794.0,1441.0,-1.0,128.0,1764189059.0,AIBL,False
v_25457679_1441,25457678.0,,6521.15,3408.6,1441.0,,,,AIBL,True
25457670,25457669.0,5.0,6018.0,3143.02,1441.0,-1.0,128.0,1768634119.0,AIBL,False
25420727,25420726.0,5.0,2012.0,4740.0,1442.0,-1.0,128.0,1764189059.0,AIBL,False
25420728,25420726.0,5.0,2270.13,4229.55,1442.0,-1.0,128.0,1764189059.0,AIBL,False
25457835,25457834.0,5.0,3702.15,2550.6,1442.0,-1.0,128.0,1761368235.0,AIBR,False
25458068,25458067.0,5.0,6036.15,5310.6,1442.0,-1.0,128.0,1761369606.0,AIBR,False
25457671,25457670.0,5.0,6204.15,3193.6,1442.0,-1.0,128.0,1764189059.0,AIBL,False
25457678,25457677.0,5.0,6514.15,3401.6,1442.0,-1.0,128.0,1764189059.0,AIBL,False
25457673,25457671.0,5.0,6242.15,3189.6,1443.0,-1.0,128.0,1764189059.0,AIBL,False
25457677,25457676.0,5.0,6494.15,3389.6,1443.0,-1.0,128.0,1764189059.0,AIBL,False
25420726,25420725.0,5.0,2134.13,4397.55,1443.0,-1.0,128.0,1764189059.0,AIBL,False
25458069,25458068.0,5.0,6036.15,5370.6,1443.0,-1.0,128.0,1761369610.0,AIBR,False
25457836,25457835.0,5.0,3650.15,2590.6,1443.0,-1.0,128.0,1761368260.0,AIBR,False
25457676,25457675.0,5.0,6486.15,3379.6,1444.0,-1.0,128.0,1764189059.0,AIBL,False
25457674,25457673.0,5.0,6294.15,3191.6,1444.0,-1.0,128.0,1764189059.0,AIBL,False
25458070,25458069.0,5.0,5977.65,5432.6,1444.0,-1.0,128.0,1769311043.0,AIBR,False
25458182,25458181.0,5.0,5542.15,6203.6,1444.0,-1.0,128.0,1761411681.0,AIBR,False
25457837,25457836.0,5.0,3622.15,2626.6,1444.0,-1.0,128.0,1761368263.0,AIBR,False
25420725,25420724.0,5.0,2166.13,4353.55,1444.0,-1.0,128.0,1764189059.0,AIBL,False
25457675,25457674.0,5.0,6436.15,3291.6,1445.0,-1.0,128.0,1764189059.0,AIBL,False
25458072,25458070.0,5.0,6064.15,5078.6,1445.0,-1.0,128.0,1761369620.0,AIBR,False
25458071,25458070.0,5.0,6004.15,5606.6,1445.0,-1.0,128.0,1761369617.0,AIBR,False
25458181,25458180.0,5.0,5550.15,6187.6,1445.0,-1.0,128.0,1761411677.0,AIBR,False
25420724,25420723.0,5.0,2178.13,4405.55,1445.0,-1.0,128.0,1764189059.0,AIBL,False
25457838,25457837.0,5.0,3618.15,2602.6,1445.0,-1.0,128.0,1761368265.0,AIBR,False
25458073,25458071.0,5.0,6000.15,5650.6,1446.0,-1.0,128.0,1761369629.0,AIBR,False
25457839,25457838.0,5.0,3510.15,2578.6,1446.0,-1.0,128.0,1761368268.0,AIBR,False
25458180,25458179.0,5.0,5562.15,6191.6,1446.0,-1.0,128.0,1761411672.0,AIBR,False
25458183,25458072.0,5.0,6082.15,5045.6,1446.0,-1.0,128.0,1761411694.0,AIBR,False
25457684,25457675.0,5.0,6426.15,3315.6,1446.0,-1.0,128.0,1764189059.0,AIBL,False
25420723,25420722.0,5.0,2232.135,4415.56,1446.0,-1.0,128.0,1769316460.0,AIBL,False
25420722,25420721.0,5.0,2250.13,4453.55,1447.0,-1.0,128.0,1764189059.0,AIBL,False
v_25458074_1447,25458073.0,,5958.15,5686.6,1447.0,,,,AIBR,True
25457840,25457839.0,5.0,3454.15,2582.6,1447.0,-1.0,128.0,1761368271.0,AIBR,False
25458184,25458183.0,5.0,6080.15,5033.6,1447.0,-1.0,128.0,1761411695.0,AIBR,False
25458179,25458178.0,5.0,5562.15,6195.6,1447.0,-1.0,128.0,1761411671.0,AIBR,False
v_25457685_1447,25457684.0,,6428.549999999999,3336.0,1447.0,,,,AIBL,True
25457841,25457840.0,5.0,3426.15,2598.6,1448.0,-1.0,128.0,1761368279.0,AIBR,False
25458185,25458184.0,5.0,6074.15,5053.6,1448.0,-1.0,128.0,1761411698.0,AIBR,False
25458178,25458077.0,5.0,5570.15,6185.6,1448.0,-1.0,128.0,1761411667.0,AIBR,False
25420721,25420720.0,5.0,2308.14,4555.56,1448.0,-1.0,128.0,1769316428.0,AIBL,False
v_25457685_1448,v_25457685_1448,,6429.349999999999,3342.8,1448.0,,,,AIBL,True
25458074,v_25458074_1447,5.0,5944.15,5698.6,1448.0,-1.0,128.0,1761369631.0,AIBR,False
25420720,25420719.0,5.0,2326.13,4617.55,1449.0,-1.0,128.0,1764189059.0,AIBL,False
25457685,v_25457685_1447,5.0,6430.15,3349.6,1449.0,-1.0,128.0,1764189059.0,AIBL,False
25458077,25458076.0,5.0,5600.15,6158.6,1449.0,-1.0,128.0,1761369656.0,AIBR,False
25458075,25458074.0,5.0,5932.15,5722.6,1449.0,-1.0,128.0,1761369640.0,AIBR,False
25458186,25458185.0,5.0,6070.15,5065.6,1449.0,-1.0,128.0,1761411701.0,AIBR,False
25457842,25457841.0,5.0,3370.15,2614.6,1449.0,-1.0,128.0,1761368283.0,AIBR,False
25420719,25420718.0,5.0,2326.13,4625.55,1450.0,-1.0,128.0,1764189059.0,AIBL,False
25458076,25458075.0,5.0,5698.85,5951.9,1450.0,-1.0,128.0,1770240017.0,AIBR,False
25555826,25458076.0,5.0,5988.85,5713.9,1450.0,-1.0,128.0,1770240017.0,AIBR,False
25457843,25457842.0,5.0,3338.15,2634.6,1450.0,-1.0,128.0,1761368285.0,AIBR,False
25457686,25457685.0,5.0,6442.15,3375.6,1450.0,-1.0,128.0,1764189059.0,AIBL,False
25420718,25420717.0,5.0,2338.13,4633.55,1451.0,-1.0,128.0,1764189059.0,AIBL,False
25457844,25457843.0,5.0,3302.15,2674.6,1451.0,-1.0,128.0,1761368286.0,AIBR,False
25458078,25458076.0,5.0,5680.15,5974.6,1451.0,-1.0,128.0,1761369661.0,AIBR,False
25457688,25457686.0,5.0,6428.15,3377.6,1451.0,-1.0,128.0,1764189059.0,AIBL,False
25457687,25457686.0,5.0,6400.15,3567.6,1451.0,-1.0,128.0,1764189059.0,AIBL,False
25458079,25458078.0,5.0,5636.15,6066.6,1452.0,-1.0,128.0,1761369674.0,AIBR,False
25457845,25457844.0,5.0,3242.15,2694.6,1452.0,-1.0,128.0,1761368287.0,AIBR,False
25420717,25420710.0,5.0,2354.13,4637.55,1452.0,-1.0,128.0,1764189059.0,AIBL,False
25457689,25457688.0,5.0,6426.15,3359.6,1452.0,-1.0,128.0,1764189059.0,AIBL,False
25457693,25457687.0,5.0,6406.15,3597.6,1452.0,-1.0,128.0,1764189059.0,AIBL,False
25457694,25457693.0,5.0,6404.15,3629.6,1453.0,-1.0,128.0,1764189059.0,AIBL,False
25457690,25457689.0,5.0,6438.15,3371.6,1453.0,-1.0,128.0,1764189059.0,AIBL,False
25458080,25458079.0,5.0,5496.15,6194.6,1453.0,-1.0,128.0,1761369676.0,AIBR,False
25457846,25457845.0,5.0,3190.15,2710.6,1453.0,-1.0,128.0,1761368288.0,AIBR,False
25420710,25420709.0,5.0,2338.13,4649.55,1453.0,-1.0,128.0,1764189059.0,AIBL,False
25457691,25457690.0,5.0,6458.15,3391.6,1454.0,-1.0,128.0,1764189059.0,AIBL,False
25458081,25458080.0,5.0,5432.65,6265.6,1454.0,-1.0,128.0,1769310900.0,AIBR,False
25457847,25457846.0,5.0,3170.15,2714.6,1454.0,-1.0,128.0,1761368290.0,AIBR,False
v_25457695_1454,25457694.0,,6395.15,3649.1,1454.0,,,,AIBL,True
25420711,25420710.0,5.0,2234.13,4497.55,1454.0,-1.0,128.0,1764189059.0,AIBL,False
25420709,25420708.0,5.0,2554.13,4897.55,1454.0,-1.0,128.0,1764189059.0,AIBL,False
25458082,25458081.0,5.0,5392.15,6282.6,1455.0,-1.0,128.0,1761369678.0,AIBR,False
25420712,25420711.0,5.0,2250.13,4489.55,1455.0,-1.0,128.0,1764189059.0,AIBL,False
25420708,25420707.0,5.0,2586.13,4937.55,1455.0,-1.0,128.0,1764189059.0,AIBL,False
25457692,25457691.0,5.0,6448.15,3409.6,1455.0,-1.0,128.0,1764189059.0,AIBL,False
25457695,v_25457695_1454,5.0,6392.15,3655.6,1455.0,-1.0,128.0,1764189059.0,AIBL,False
25457848,25457847.0,5.0,3138.15,2730.6,1455.0,-1.0,128.0,1761368291.0,AIBR,False
v_25457696_1456,25457695.0,,6380.15,3705.1,1456.0,,,,AIBL,True
25420713,25420712.0,5.0,2246.13,4489.55,1456.0,-1.0,128.0,1764189059.0,AIBL,False
25420707,v_25420707_1457,5.0,2618.13,4977.55,1456.0,-1.0,128.0,1764189059.0,AIBL,False
25458083,25458082.0,5.0,5368.15,6274.6,1456.0,-1.0,128.0,1761369683.0,AIBR,False
25457849,25457848.0,5.0,3086.15,2758.6,1456.0,-1.0,128.0,1761368292.0,AIBR,False
25457850,25457849.0,5.0,3058.15,2790.6,1457.0,-1.0,128.0,1761368294.0,AIBR,False
25457696,v_25457696_1456,5.0,6376.15,3721.6,1457.0,-1.0,128.0,1764189059.0,AIBL,False
25458084,25458083.0,5.0,5336.15,6298.6,1457.0,-1.0,128.0,1761369685.0,AIBR,False
v_25420707_1457,25420706.0,,2628.13,4981.55,1457.0,,,,AIBL,True
25420714,25420713.0,5.0,2250.13,4517.55,1457.0,-1.0,128.0,1764189059.0,AIBL,False
25457851,25457850.0,5.0,3042.15,2806.6,1458.0,-1.0,128.0,1761368296.0,AIBR,False
v_25457697_1458,25457696.0,,6394.15,3769.6,1458.0,,,,AIBL,True
25420706,25420705.0,5.0,2638.13,4985.55,1458.0,-1.0,128.0,1764189059.0,AIBL,False
25458085,25458084.0,5.0,5320.15,6306.6,1458.0,-1.0,128.0,1761369686.0,AIBR,False
25420715,25420714.0,5.0,2230.13,4517.55,1458.0,-1.0,128.0,1764189059.0,AIBL,False
25420716,25420715.0,5.0,2226.13,4509.55,1459.0,-1.0,128.0,1764189059.0,AIBL,False
25420705,25420704.0,5.0,2658.13,5049.55,1459.0,-1.0,128.0,1764189059.0,AIBL,False
25458086,25458085.0,5.0,5332.15,6290.6,1459.0,-1.0,128.0,1761369688.0,AIBR,False
25457697,v_25457697_1458,5.0,6400.15,3785.6,1459.0,-1.0,128.0,1764189059.0,AIBL,False
v_25457852_1459,25457851.0,,3018.15,2832.85,1459.0,,,,AIBR,True
25457852,v_25457852_1459,5.0,3010.15,2841.6,1460.0,-1.0,128.0,1761368303.0,AIBR,False
25458087,25458086.0,5.0,5296.15,6318.6,1460.0,-1.0,128.0,1761369692.0,AIBR,False
25457698,25457697.0,5.0,6388.15,3789.6,1460.0,-1.0,128.0,1764189059.0,AIBL,False
25420704,25420703.0,5.0,2686.13,5073.55,1460.0,-1.0,128.0,1764189059.0,AIBL,False
25457853,25457852.0,5.0,2942.15,2877.6,1461.0,-1.0,128.0,1761368307.0,AIBR,False
25420703,25420702.0,5.0,2686.13,5073.55,1461.0,-1.0,128.0,1764189059.0,AIBL,False
25458088,25458087.0,5.0,5288.15,6322.6,1461.0,-1.0,128.0,1761369694.0,AIBR,False
v_25457699_1461,25457698.0,,6385.15,3821.1,1461.0,,,,AIBL,True
25457699,v_25457699_1461,5.0,6384.15,3831.6,1462.0,-1.0,128.0,1764189059.0,AIBL,False
25458089,25458088.0,5.0,5256.15,6322.6,1462.0,-1.0,128.0,1761369695.0,AIBR,False
25457854,25457853.0,5.0,2884.15,2885.6,1462.0,-1.0,128.0,1761368310.0,AIBR,False
25420702,25420701.0,5.0,2690.13,5081.55,1462.0,-1.0,128.0,1764189059.0,AIBL,False
v_25458090_1463,25458089.0,,5232.15,6313.6,1463.0,,,,AIBR,True
v_25457700_1463,25457699.0,,6378.15,3860.1,1463.0,,,,AIBL,True
25420701,25420700.0,5.0,2714.14,5129.55,1463.0,-1.0,128.0,1769316583.0,AIBL,False
25457855,25457854.0,5.0,2822.15,2929.6,1463.0,-1.0,128.0,1761368311.0,AIBR,False
25457856,25457855.0,5.0,2766.15,2961.6,1464.0,-1.0,128.0,1761368313.0,AIBR,False
25458090,v_25458090_1463,5.0,5224.15,6310.6,1464.0,-1.0,128.0,1761369697.0,AIBR,False
25420700,25420699.0,5.0,2742.13,5177.55,1464.0,-1.0,128.0,1764189059.0,AIBL,False
25457700,v_25457700_1463,5.0,6376.15,3869.6,1464.0,-1.0,128.0,1764189059.0,AIBL,False
v_25457857_1465,25457856.0,,2713.65,2981.1,1465.0,,,,AIBR,True
25420699,25420698.0,5.0,2730.13,5185.55,1465.0,-1.0,128.0,1764189059.0,AIBL,False
25552813,25457704.0,5.0,6659.0,4640.895,1465.0,-1.0,128.0,1769453686.0,AIBL,False
25457701,25457700.0,5.0,6384.15,3919.6,1465.0,-1.0,128.0,1764189059.0,AIBL,False
25458091,25458090.0,5.0,5199.65,6315.6,1465.0,-1.0,128.0,1769310835.0,AIBR,False
25420698,25420697.0,5.0,2738.13,5257.55,1466.0,-1.0,128.0,1764189059.0,AIBL,False
25457704,25457703.0,5.0,6612.15,4626.6,1466.0,-1.0,128.0,1764189059.0,AIBL,False
25457702,25457701.0,5.0,6396.15,4111.6,1466.0,-1.0,128.0,1764189059.0,AIBL,False
25457857,v_25457857_1465,5.0,2696.15,2987.6,1466.0,-1.0,128.0,1761368316.0,AIBR,False
25420764,25420696.0,5.0,2944.0,5916.0,1466.0,-1.0,128.0,1764189059.0,AIBL,False
25458092,25458091.0,5.0,5184.15,6290.6,1466.0,-1.0,128.0,1761369701.0,AIBR,False
25420696,25420695.0,5.0,2938.13,5917.55,1467.0,-1.0,128.0,1764189059.0,AIBL,False
25420697,25420695.0,5.0,2730.13,5305.55,1467.0,-1.0,128.0,1764189059.0,AIBL,False
25457858,25457857.0,5.0,2688.15,2995.6,1467.0,-1.0,128.0,1761368318.0,AIBR,False
25420680,25420679.0,5.0,3094.13,6306.55,1467.0,-1.0,128.0,1764189059.0,AIBL,False
25458093,25458092.0,5.0,5176.15,6302.6,1467.0,-1.0,128.0,1761369702.0,AIBR,False
25457703,25457702.0,5.0,6476.15,4426.6,1467.0,-1.0,128.0,1764189059.0,AIBL,False
25420695,25420682.0,5.0,2738.13,5433.55,1468.0,-1.0,128.0,1764189059.0,AIBL,False
v_25457859_1468,25457858.0,,2660.4,2982.85,1468.0,,,,AIBR,True
25457705,25457703.0,5.0,6472.15,4466.6,1468.0,-1.0,128.0,1764189059.0,AIBL,False
25458094,25458093.0,5.0,5184.15,6282.6,1468.0,-1.0,128.0,1761369707.0,AIBR,False
25420679,25420678.0,5.0,3070.13,6308.55,1468.0,-1.0,128.0,1764189059.0,AIBL,False
25457859,v_25457859_1468,5.0,2651.15,2978.6,1469.0,-1.0,128.0,1766178531.0,AIBR,False
25458095,25458094.0,5.0,5156.15,6278.6,1469.0,-1.0,128.0,1761369709.0,AIBR,False
25457706,25457705.0,5.0,6496.15,4502.6,1469.0,-1.0,128.0,1764189059.0,AIBL,False
25420682,25420681.0,5.0,2758.13,5556.55,1469.0,-1.0,128.0,1764189059.0,AIBL,False
25420678,25420677.0,5.0,3076.13,6310.55,1469.0,-1.0,128.0,1764189059.0,AIBL,False
25457860,25457859.0,5.0,2624.15,3019.6,1470.0,-1.0,128.0,1761368321.0,AIBR,False
v_25457707_1470,25457706.0,,6490.15,4535.6,1470.0,,,,AIBL,True
25420681,25420675.0,5.0,2986.13,5974.55,1470.0,-1.0,128.0,1764189059.0,AIBL,False
25420683,25420682.0,5.0,2752.13,5550.55,1470.0,-1.0,128.0,1764189059.0,AIBL,False
25458096,25458095.0,5.0,5148.15,6282.6,1470.0,-1.0,128.0,1761369711.0,AIBR,False
25420677,25420676.0,5.0,3086.13,6274.55,1470.0,-1.0,128.0,1764189059.0,AIBL,False
25420684,25420683.0,5.0,2774.13,5406.55,1471.0,-1.0,128.0,1764189059.0,AIBL,False
25420676,25420674.0,5.0,3072.13,6224.55,1471.0,-1.0,128.0,1764189059.0,AIBL,False
25420675,25420674.0,5.0,3000.13,6010.55,1471.0,-1.0,128.0,1764189059.0,AIBL,False
25457707,v_25457707_1470,5.0,6488.15,4546.6,1471.0,-1.0,128.0,1764189059.0,AIBL,False
25458097,25458096.0,5.0,5160.15,6282.6,1471.0,-1.0,128.0,1761369716.0,AIBR,False
v_25457861_1471,25457860.0,,2604.65,3058.6,1471.0,,,,AIBR,True
25457861,v_25457861_1471,5.0,2598.15,3071.6,1472.0,-1.0,128.0,1761368324.0,AIBR,False
25420674,25420673.0,5.0,3056.15,6112.6,1472.0,-1.0,128.0,1764189059.0,AIBL,False
25420685,25420684.0,5.0,2782.13,5384.55,1472.0,-1.0,128.0,1764189059.0,AIBL,False
25457708,25457707.0,5.0,6488.15,4618.6,1472.0,-1.0,128.0,1764189059.0,AIBL,False
25458098,25458097.0,5.0,5148.15,6282.6,1472.0,-1.0,128.0,1761369717.0,AIBR,False
25457709,25457708.0,5.0,6476.15,4698.6,1473.0,-1.0,128.0,1764189059.0,AIBL,False
25458099,25458098.0,5.0,5144.15,6282.6,1473.0,-1.0,128.0,1761369718.0,AIBR,False
25420673,25420672.0,5.0,3072.13,6156.55,1473.0,-1.0,128.0,1764189059.0,AIBL,False
25552723,25420763.0,5.0,3590.0,6434.0,1473.0,-1.0,128.0,1769317164.0,AIBL,False
25420686,25420685.0,5.0,2782.13,5380.55,1473.0,-1.0,128.0,1764189059.0,AIBL,False
v_25457862_1473,25457861.0,,2598.50625,3100.9625,1473.0,,,,AIBR,True
25420672,25420671.0,5.0,3090.13,6192.55,1474.0,-1.0,128.0,1764189059.0,AIBL,False
v_25458100_1474,25458099.0,,5108.15,6291.6,1474.0,,,,AIBR,True
25420687,25420686.0,5.0,2784.13,5386.55,1474.0,-1.0,128.0,1764189059.0,AIBL,False
25420763,25420762.0,5.0,3604.0,6422.0,1474.0,-1.0,128.0,1764189059.0,AIBL,False
25457710,25457709.0,5.0,6446.65,4766.85,1474.0,-1.0,128.0,1778009853.0,AIBL,False
25457862,v_25457862_1473,5.0,2598.625,3110.75,1474.0,-1.0,128.0,1767909543.0,AIBR,False
25420688,25420687.0,5.0,2800.13,5378.55,1475.0,-1.0,128.0,1764189059.0,AIBL,False
25420671,25420670.0,5.0,3140.15,6236.6,1475.0,-1.0,128.0,1764189059.0,AIBL,False
25550552,25457710.0,5.0,6424.15,4806.6,1475.0,-1.0,128.0,1768633690.0,AIBL,False
25420762,25420669.0,5.0,3586.0,6390.0,1475.0,-1.0,128.0,1764189059.0,AIBL,False
25530736,25457862.0,5.0,2594.035,3140.77,1475.0,-1.0,128.0,1767585598.0,AIBR,False
25458100,v_25458100_1474,5.0,5096.15,6294.6,1475.0,-1.0,128.0,1761369720.0,AIBR,False
25457863,25530736.0,5.0,2586.15,3149.6,1476.0,-1.0,128.0,1767585586.0,AIBR,False
25457711,25550552.0,5.0,6392.15,4846.6,1476.0,-1.0,128.0,1768633690.0,AIBL,False
25552916,25458100.0,5.0,5072.15,6296.6,1476.0,-1.0,128.0,1769456704.0,AIBR,False
25420689,25420688.0,5.0,2808.13,5376.55,1476.0,-1.0,128.0,1764189059.0,AIBL,False
25420670,25420668.0,5.0,3198.13,6288.55,1476.0,-1.0,128.0,1764189059.0,AIBL,False
25420669,25420668.0,5.0,3592.13,6390.55,1476.0,-1.0,128.0,1764189059.0,AIBL,False
v_25457712_1477,25457711.0,,6389.15,4990.6,1477.0,,,,AIBL,True
25420690,25420689.0,5.0,2808.13,5446.55,1477.0,-1.0,128.0,1764189059.0,AIBL,False
25457864,25457863.0,5.0,2572.15,3203.6,1477.0,-1.0,128.0,1761368334.0,AIBR,False
25420668,25420667.0,5.0,3320.13,6342.55,1477.0,-1.0,128.0,1764189059.0,AIBL,False
25458101,25552916.0,5.0,5048.15,6298.6,1477.0,-1.0,128.0,1769456704.0,AIBR,False
25552929,25458101.0,5.0,5032.15,6296.6,1478.0,-1.0,128.0,1769457056.0,AIBR,False
25420691,25420690.0,5.0,2810.13,5476.55,1478.0,-1.0,128.0,1764189059.0,AIBL,False
25420667,25420666.0,5.0,3376.13,6310.55,1478.0,-1.0,128.0,1764189059.0,AIBL,False
v_25457865_1478,25457864.0,,2560.15,3229.1,1478.0,,,,AIBR,True
25457712,v_25457712_1477,5.0,6388.15,5038.6,1478.0,-1.0,128.0,1764189059.0,AIBL,False
25457713,25457712.0,5.0,6364.15,5122.6,1479.0,-1.0,128.0,1764189059.0,AIBL,False
25458102,25552929.0,5.0,5016.15,6294.6,1479.0,-1.0,128.0,1769457056.0,AIBR,False
25420692,25420691.0,5.0,2800.13,5518.55,1479.0,-1.0,128.0,1764189059.0,AIBL,False
25420666,25420665.0,5.0,3390.13,6324.55,1479.0,-1.0,128.0,1764189059.0,AIBL,False
25457865,v_25457865_1478,5.0,2556.15,3237.6,1479.0,-1.0,128.0,1761368336.0,AIBR,False
25457866,25457865.0,5.0,2536.035,3282.77,1480.0,-1.0,128.0,1767585667.0,AIBR,False
v_25458103_1480,25458102.0,,4983.15,6291.6,1480.0,,,,AIBR,True
25420693,25420692.0,5.0,2790.13,5522.55,1480.0,-1.0,128.0,1764189059.0,AIBL,False
25457714,25457713.0,5.0,6340.15,5174.6,1480.0,-1.0,128.0,1764189059.0,AIBL,False
25420665,25420664.0,5.0,3492.15,6356.6,1480.0,-1.0,128.0,1764189059.0,AIBL,False
25457715,25457714.0,5.0,6332.15,5218.6,1481.0,-1.0,128.0,1764189059.0,AIBL,False
25420664,25420663.0,5.0,3550.13,6378.55,1481.0,-1.0,128.0,1764189059.0,AIBL,False
25420694,25420693.0,5.0,2788.13,5518.55,1481.0,-1.0,128.0,1764189059.0,AIBL,False
25553038,25457866.0,5.0,2538.095,3316.185,1481.0,-1.0,128.0,1769485413.0,AIBR,False
25458103,v_25458103_1480,5.0,4972.15,6290.6,1481.0,-1.0,128.0,1761369743.0,AIBR,False
25457867,25553038.0,5.0,2540.15,3349.6,1482.0,-1.0,128.0,1769485413.0,AIBR,False
25458104,25458103.0,5.0,4912.15,6294.6,1482.0,-1.0,128.0,1761369750.0,AIBR,False
25489761,25420657.0,5.0,3896.0,6680.0,1482.0,-1.0,128.0,1764189059.0,AIBL,False
25420663,25420662.0,5.0,3548.13,6380.55,1482.0,-1.0,128.0,1764189059.0,AIBL,False
25457716,25457715.0,5.0,6300.15,5234.6,1482.0,-1.0,128.0,1764189059.0,AIBL,False
25420657,25420656.0,5.0,3944.02,6648.0,1483.0,-1.0,128.0,1764189059.0,AIBL,False
25420662,25420661.0,5.0,3536.13,6378.55,1483.0,-1.0,128.0,1764189059.0,AIBL,False
25458105,25458104.0,5.0,4912.15,6278.6,1483.0,-1.0,128.0,1761369752.0,AIBR,False
25458177,25458176.0,5.0,4644.15,6497.6,1483.0,-1.0,128.0,1761411648.0,AIBR,False
25457717,25457716.0,5.0,6292.15,5262.6,1483.0,-1.0,128.0,1764189059.0,AIBL,False
25457868,25457867.0,5.0,2528.15,3395.6,1483.0,-1.0,128.0,1761368341.0,AIBR,False
25458176,25458175.0,5.0,4638.15,6489.6,1484.0,-1.0,128.0,1761411646.0,AIBR,False
25457869,25457868.0,5.0,2534.15,3445.6,1484.0,-1.0,128.0,1761368344.0,AIBR,False
25457718,25457717.0,5.0,6280.15,5282.6,1484.0,-1.0,128.0,1764189059.0,AIBL,False
25420656,25420655.0,5.0,3964.13,6624.55,1484.0,-1.0,128.0,1764189059.0,AIBL,False
25420661,25420660.0,5.0,3566.13,6386.55,1484.0,-1.0,128.0,1764189059.0,AIBL,False
v_25458106_1484,25458105.0,,4888.15,6275.6,1484.0,,,,AIBR,True
25458106,v_25458106_1484,5.0,4880.15,6274.6,1485.0,-1.0,128.0,1761369754.0,AIBR,False
25457870,25457869.0,5.0,2558.15,3503.6,1485.0,-1.0,128.0,1761368346.0,AIBR,False
25458175,25458174.0,5.0,4634.15,6493.6,1485.0,-1.0,128.0,1761411641.0,AIBR,False
v_25457719_1485,25457718.0,,6265.15,5345.6,1485.0,,,,AIBL,True
25420660,25420659.0,5.0,3604.15,6404.6,1485.0,-1.0,128.0,1764189059.0,AIBL,False
25420655,25420654.0,5.0,3976.13,6614.55,1485.0,-1.0,128.0,1764189059.0,AIBL,False
25420659,25420658.0,5.0,3600.03,6412.0,1486.0,-1.0,128.0,1769316660.0,AIBL,False
v_25458107_1486,25458106.0,,4886.15,6268.6,1486.0,,,,AIBR,True
25420654,25420653.0,5.0,3980.13,6610.55,1486.0,-1.0,128.0,1764189059.0,AIBL,False
25457871,25457870.0,5.0,2576.15,3551.6,1486.0,-1.0,128.0,1761368349.0,AIBR,False
25457719,v_25457719_1485,5.0,6260.15,5366.6,1486.0,-1.0,128.0,1764189059.0,AIBL,False
25458174,25458173.0,5.0,4630.15,6481.6,1486.0,-1.0,128.0,1761411639.0,AIBR,False
25457720,25457719.0,5.0,6244.15,5386.6,1487.0,-1.0,128.0,1764189059.0,AIBL,False
25420653,25420652.0,5.0,3970.13,6610.55,1487.0,-1.0,128.0,1764189059.0,AIBL,False
25458107,v_25458107_1486,5.0,4888.15,6266.6,1487.0,-1.0,128.0,1761369758.0,AIBR,False
25420658,25420651.0,5.0,3680.13,6398.55,1487.0,-1.0,128.0,1764189059.0,AIBL,False
25458173,25458172.0,5.0,4640.15,6483.6,1487.0,-1.0,128.0,1761411634.0,AIBR,False
25457872,25457871.0,5.0,2566.15,3579.6,1487.0,-1.0,128.0,1761368351.0,AIBR,False
25458172,25458110.0,5.0,4674.15,6469.6,1488.0,-1.0,128.0,1761411627.0,AIBR,False
25552569,25458107.0,5.0,4876.15,6274.6,1488.0,-1.0,128.0,1769310761.0,AIBR,False
v_25457873_1488,25457872.0,,2572.15,3627.6,1488.0,,,,AIBR,True
25420652,25420650.0,5.0,3966.13,6606.55,1488.0,-1.0,128.0,1764189059.0,AIBL,False
25420651,25420650.0,5.0,3848.13,6450.55,1488.0,-1.0,128.0,1764189059.0,AIBL,False
25457721,25457720.0,5.0,6216.15,5442.6,1488.0,-1.0,128.0,1764189059.0,AIBL,False
25457722,25457721.0,5.0,6200.15,5470.6,1489.0,-1.0,128.0,1764189059.0,AIBL,False
25457873,v_25457873_1488,5.0,2574.15,3643.6,1489.0,-1.0,128.0,1761368353.0,AIBR,False
25458110,25458109.0,5.0,4708.15,6442.6,1489.0,-1.0,128.0,1761369769.0,AIBR,False
25458108,25552569.0,5.0,4864.15,6282.6,1489.0,-1.0,128.0,1769310761.0,AIBR,False
25420650,25420649.0,5.0,3886.13,6492.55,1489.0,-1.0,128.0,1764189059.0,AIBL,False
25458109,25458108.0,5.0,4772.15,6374.6,1490.0,-1.0,128.0,1761369767.0,AIBR,False
25457874,25457873.0,5.0,2588.15,3661.6,1490.0,-1.0,128.0,1761368354.0,AIBR,False
25420649,25420648.0,5.0,3876.15,6488.6,1490.0,-1.0,128.0,1764189059.0,AIBL,False
v_25457723_1490,25457722.0,,6164.15,5539.6,1490.0,,,,AIBL,True
v_25458111_1491,25458109.0,,4778.15,6368.6,1491.0,,,,AIBR,True
25420648,25420647.0,5.0,3892.13,6496.55,1491.0,-1.0,128.0,1764189059.0,AIBL,False
25457723,v_25457723_1490,5.0,6152.15,5562.6,1491.0,-1.0,128.0,1764189059.0,AIBL,False
25457875,25457874.0,5.0,2582.15,3733.6,1491.0,-1.0,128.0,1761368357.0,AIBR,False
25458111,v_25458111_1491,5.0,4780.15,6366.6,1492.0,-1.0,128.0,1761369775.0,AIBR,False
25457724,25457723.0,5.0,6140.15,5622.6,1492.0,-1.0,128.0,1764189059.0,AIBL,False
25420647,25420292.0,5.0,3930.13,6500.55,1492.0,-1.0,128.0,1764189059.0,AIBL,False
25457876,25457875.0,5.0,2560.15,3747.6,1492.0,-1.0,128.0,1761368361.0,AIBR,False
25458112,25458111.0,5.0,4780.15,6334.6,1493.0,-1.0,128.0,1761369778.0,AIBR,False
25457877,25457876.0,5.0,2544.15,3820.6,1493.0,-1.0,128.0,1761368409.0,AIBR,False
25457725,25457724.0,5.0,6092.15,5714.6,1493.0,-1.0,128.0,1764189059.0,AIBL,False
25420292,25420291.0,5.0,4014.13,6435.55,1493.0,-1.0,128.0,1764189059.0,AIBL,False
25420291,25420290.0,5.0,4028.15,6420.6,1494.0,-1.0,128.0,1764189059.0,AIBL,False
v_25457726_1494,25457725.0,,6062.15,5762.6,1494.0,,,,AIBL,True
25458113,25458112.0,5.0,4792.15,6346.6,1494.0,-1.0,128.0,1761369780.0,AIBR,False
25457878,25457877.0,5.0,2540.15,3860.6,1494.0,-1.0,128.0,1761368411.0,AIBR,False
25420290,25420289.0,5.0,4080.15,6408.6,1495.0,-1.0,128.0,1764189059.0,AIBL,False
25457726,v_25457726_1494,5.0,6052.15,5778.6,1495.0,-1.0,128.0,1764189059.0,AIBL,False
25458115,25458113.0,5.0,4764.15,6370.6,1495.0,-1.0,128.0,1761369787.0,AIBR,False
25457879,25457878.0,5.0,2548.15,3888.6,1495.0,-1.0,128.0,1761368415.0,AIBR,False
25458210,25457882.0,5.0,2474.15,4315.6,1495.0,-1.0,128.0,1761411968.0,AIBR,False
25457727,25457726.0,5.0,6044.15,5890.6,1496.0,-1.0,128.0,1764189059.0,AIBL,False
25458114,25458115.0,5.0,4732.15,6378.6,1496.0,-1.0,128.0,1761369790.0,AIBR,False
25420289,25420288.0,5.0,4080.15,6408.6,1496.0,-1.0,128.0,1764189059.0,AIBL,False
25457880,25457879.0,5.0,2552.15,3920.6,1496.0,-1.0,128.0,1761368416.0,AIBR,False
25457882,25457881.0,5.0,2484.15,4320.6,1496.0,-1.0,128.0,1761368439.0,AIBR,False
25457728,25457727.0,5.0,6044.15,5922.6,1497.0,-1.0,128.0,1764189059.0,AIBL,False
25458116,25458114.0,5.0,4700.15,6354.6,1497.0,-1.0,128.0,1761369792.0,AIBR,False
25457881,25457880.0,5.0,2561.16,4154.615,1497.0,-1.0,128.0,1769310067.0,AIBR,False
25420288,25420287.0,5.0,4140.015,6400.0,1497.0,-1.0,128.0,1764189059.0,AIBL,False
25420287,25420286.0,5.0,4176.15,6356.6,1498.0,-1.0,128.0,1764189059.0,AIBL,False
25458117,25458116.0,5.0,4684.15,6314.6,1498.0,-1.0,128.0,1761369793.0,AIBR,False
25457883,25457881.0,5.0,2532.15,4216.6,1498.0,-1.0,128.0,1761368445.0,AIBR,False
v_25457729_1498,25457728.0,,6014.15,5946.6,1498.0,,,,AIBL,True
25457884,25457883.0,5.0,2544.15,4256.6,1499.0,-1.0,128.0,1761368446.0,AIBR,False
25458118,25458117.0,5.0,4672.15,6314.6,1499.0,-1.0,128.0,1761369794.0,AIBR,False
25457729,v_25457729_1498,5.0,6004.15,5954.6,1499.0,-1.0,128.0,1764189059.0,AIBL,False
25420286,25474156.0,5.0,4186.13,6341.55,1499.0,-1.0,128.0,1764189059.0,AIBL,False
v_25457730_1500,25457729.0,,5984.1625,5997.65,1500.0,,,,AIBL,True
25457885,25457884.0,5.0,2526.95,4442.41,1500.0,-1.0,128.0,1769748167.0,AIBR,False
25458119,25458118.0,5.0,4664.15,6298.6,1500.0,-1.0,128.0,1761369795.0,AIBR,False
25474156,25420285.0,5.0,4186.0,6325.0,1500.0,-1.0,128.0,1764189059.0,AIBL,False
25458120,25458119.0,5.0,4684.15,6290.6,1501.0,-1.0,128.0,1761369796.0,AIBR,False
25457886,25457885.0,5.0,2532.15,4568.6,1501.0,-1.0,128.0,1761368486.0,AIBR,False
25420285,v_25420285_1502,5.0,4180.13,6315.55,1501.0,-1.0,128.0,1764189059.0,AIBL,False
25457730,v_25457730_1500,5.0,5977.5,6012.0,1501.0,-1.0,128.0,1768634456.0,AIBL,False
25457887,25457886.0,5.0,2516.15,4576.6,1502.0,-1.0,128.0,1761368488.0,AIBR,False
25458121,25458120.0,5.0,4720.15,6270.6,1502.0,-1.0,128.0,1761369797.0,AIBR,False
v_25457731_1502,25457730.0,,5964.487499999999,6031.950000000001,1502.0,,,,AIBL,True
v_25420285_1502,25420284.0,,4178.139999999999,6310.075000000001,1502.0,,,,AIBL,True
25457888,25457887.0,5.0,2546.035,4656.775,1503.0,-1.0,128.0,1767592865.0,AIBR,False
25457731,v_25457731_1502,5.0,5960.15,6038.6,1503.0,-1.0,128.0,1764189059.0,AIBL,False
25420284,25420283.0,5.0,4176.15,6304.6,1503.0,-1.0,128.0,1764189059.0,AIBL,False
25458122,25458121.0,5.0,4748.15,6274.6,1503.0,-1.0,128.0,1761369798.0,AIBR,False
25457889,25457888.0,5.0,2608.15,4808.6,1504.0,-1.0,128.0,1761368495.0,AIBR,False
25552891,25458122.0,5.0,4746.15,6274.6,1504.0,-1.0,128.0,1769456027.0,AIBR,False
25420283,25420282.0,5.0,4172.0,6307.0,1504.0,-1.0,128.0,1764189059.0,AIBL,False
25457732,25457731.0,5.0,5952.15,6050.6,1504.0,-1.0,128.0,1764189059.0,AIBL,False
25457891,25457889.0,5.0,2708.04,5028.8,1505.0,-1.0,128.0,1767592902.0,AIBR,False
25458123,25552891.0,5.0,4744.15,6274.6,1505.0,-1.0,128.0,1769456027.0,AIBR,False
25457890,25457889.0,5.0,2508.15,4748.6,1505.0,-1.0,128.0,1761368508.0,AIBR,False
25457733,25457732.0,5.0,5924.15,6074.6,1505.0,-1.0,128.0,1764189059.0,AIBL,False
25420282,25420281.0,5.0,4196.15,6308.6,1505.0,-1.0,128.0,1764189059.0,AIBL,False
25420281,25420280.0,5.0,4238.13,6309.55,1506.0,-1.0,128.0,1764189059.0,AIBL,False
25457892,25457891.0,5.0,2708.035,5218.75,1506.0,-1.0,128.0,1767586058.0,AIBR,False
25457734,25457733.0,5.0,5818.0,6130.0,1506.0,-1.0,128.0,1767379872.0,AIBL,False
25458124,25458123.0,5.0,4732.15,6266.6,1506.0,-1.0,128.0,1761369809.0,AIBR,False
25457735,25457734.0,5.0,5884.15,6182.6,1507.0,-1.0,128.0,1764189059.0,AIBL,False
v_25458125_1507,25458124.0,,4723.15,6281.6,1507.0,,,,AIBR,True
25457893,25457892.0,5.0,2708.15,5292.6,1507.0,-1.0,128.0,1761368520.0,AIBR,False
25420280,25474155.0,5.0,4252.14,6313.55,1507.0,-1.0,128.0,1769316753.0,AIBL,False
25457736,25457735.0,5.0,5850.15,6265.6,1508.0,-1.0,128.0,1764189059.0,AIBL,False
25474155,25420279.0,5.0,4240.02,6316.0,1508.0,-1.0,128.0,1764189059.0,AIBL,False
25458125,v_25458125_1507,5.0,4720.15,6286.6,1508.0,-1.0,128.0,1761369810.0,AIBR,False
25457894,25457893.0,5.0,2712.15,5340.6,1508.0,-1.0,128.0,1761368526.0,AIBR,False
25420279,25420278.0,5.0,4266.13,6319.55,1509.0,-1.0,128.0,1764189059.0,AIBL,False
25458126,25458125.0,5.0,4700.15,6282.6,1509.0,-1.0,128.0,1761369814.0,AIBR,False
25550569,25457736.0,5.0,5841.15,6291.6,1509.0,-1.0,128.0,1768634479.0,AIBL,False
25457895,25457894.0,5.0,2732.15,5496.6,1509.0,-1.0,128.0,1761368527.0,AIBR,False
25457737,25550569.0,5.0,5832.15,6317.6,1510.0,-1.0,128.0,1768634479.0,AIBL,False
25457896,25457895.0,5.0,2728.15,5544.6,1510.0,-1.0,128.0,1761368529.0,AIBR,False
v_25458127_1510,25458126.0,,4700.15,6267.6,1510.0,,,,AIBR,True
25420278,25420277.0,5.0,4266.13,6319.55,1510.0,-1.0,128.0,1764189059.0,AIBL,False
25420277,25420276.0,5.0,4252.13,6317.55,1511.0,-1.0,128.0,1764189059.0,AIBL,False
v_25457738_1511,25457737.0,,5794.65,6341.6,1511.0,,,,AIBL,True
25458127,v_25458127_1510,5.0,4700.15,6262.6,1511.0,-1.0,128.0,1761369816.0,AIBR,False
v_25457897_1511,25457896.0,,2734.15,5604.6,1511.0,,,,AIBR,True
25457738,v_25457738_1511,5.0,5782.15,6349.6,1512.0,-1.0,128.0,1764189059.0,AIBL,False
25458128,25458127.0,5.0,4688.15,6262.6,1512.0,-1.0,128.0,1761369820.0,AIBR,False
25420233,,5.0,4570.865,6380.45,1512.0,-1.0,128.0,1764189075.0,AIBL,False
25457897,v_25457897_1511,5.0,2736.15,5624.6,1512.0,-1.0,128.0,1761368535.0,AIBR,False
25420276,25420275.0,5.0,4274.14,6319.55,1512.0,-1.0,128.0,1769316782.0,AIBL,False
25420264,25420233.0,5.0,4574.13,6369.55,1513.0,-1.0,128.0,1764189059.0,AIBL,False
25420275,25420274.0,5.0,4278.0,6309.0,1513.0,-1.0,128.0,1764189059.0,AIBL,False
25457739,25457738.0,5.0,5754.15,6377.6,1513.0,-1.0,128.0,1764189059.0,AIBL,False
25457898,25457897.0,5.0,2744.15,5744.6,1513.0,-1.0,128.0,1761368536.0,AIBR,False
25458129,25458128.0,5.0,4668.15,6238.6,1513.0,-1.0,128.0,1761369822.0,AIBR,False
25420265,25420264.0,5.0,4562.13,6371.55,1514.0,-1.0,128.0,1764189059.0,AIBL,False
25420274,25420273.0,5.0,4290.13,6313.55,1514.0,-1.0,128.0,1764189059.0,AIBL,False
25458130,25458129.0,5.0,4684.15,6250.6,1514.0,-1.0,128.0,1761369824.0,AIBR,False
25457899,25457898.0,5.0,2796.15,5864.6,1514.0,-1.0,128.0,1761368539.0,AIBR,False
25457740,25457739.0,5.0,5724.15,6403.6,1514.0,-1.0,128.0,1764189059.0,AIBL,False
25457900,25457899.0,5.0,2808.15,5980.6,1515.0,-1.0,128.0,1761368541.0,AIBR,False
v_25458131_1515,25458130.0,,4666.15,6259.6,1515.0,,,,AIBR,True
25457741,25457740.0,5.0,5706.15,6429.6,1515.0,-1.0,128.0,1764189059.0,AIBL,False
25420273,25420272.0,5.0,4290.13,6325.55,1515.0,-1.0,128.0,1764189059.0,AIBL,False
25420266,25420265.0,5.0,4560.13,6377.55,1515.0,-1.0,128.0,1764189059.0,AIBL,False
v_25457742_1516,25457741.0,,5695.65,6455.1,1516.0,,,,AIBL,True
25420267,25420266.0,5.0,4554.13,6367.55,1516.0,-1.0,128.0,1764189059.0,AIBL,False
25420272,25420270.0,5.0,4334.13,6363.55,1516.0,-1.0,128.0,1764189059.0,AIBL,False
25457901,25457900.0,5.0,2868.15,6080.6,1516.0,-1.0,128.0,1761368542.0,AIBR,False
25458131,v_25458131_1515,5.0,4660.15,6262.6,1516.0,-1.0,128.0,1761369838.0,AIBR,False
25420270,25420269.0,5.0,4364.13,6359.55,1517.0,-1.0,128.0,1764189059.0,AIBL,False
25420268,25420267.0,5.0,4544.13,6361.55,1517.0,-1.0,128.0,1764189059.0,AIBL,False
25457902,25457901.0,5.0,2892.15,6112.6,1517.0,-1.0,128.0,1761368543.0,AIBR,False
v_25458132_1517,25458131.0,,4660.15,6244.6,1517.0,,,,AIBR,True
25457742,v_25457742_1516,5.0,5692.15,6463.6,1517.0,-1.0,128.0,1764189059.0,AIBL,False
v_25457743_1518,25457742.0,,5659.15,6501.1,1518.0,,,,AIBL,True
25420269,25420268.0,5.0,4360.0,6365.0,1518.0,-1.0,128.0,1764189059.0,AIBL,False
25457903,25457902.0,5.0,2924.15,6140.6,1518.0,-1.0,128.0,1761368544.0,AIBR,False
25458132,v_25458132_1517,5.0,4660.15,6238.6,1518.0,-1.0,128.0,1761369842.0,AIBR,False
25420271,25420269.0,5.0,4362.13,6355.55,1519.0,-1.0,128.0,1764189059.0,AIBL,False
v_25458133_1519,25458132.0,,4651.15,6238.6,1519.0,,,,AIBR,True
25457743,v_25457743_1518,5.0,5648.15,6513.6,1519.0,-1.0,128.0,1764189059.0,AIBL,False
v_25457904_1519,25457903.0,,2957.15,6212.6,1519.0,,,,AIBR,True
25457904,v_25457904_1519,5.0,2968.15,6236.6,1520.0,-1.0,128.0,1761368545.0,AIBR,False
25420293,25420271.0,5.0,4362.13,6344.55,1520.0,-1.0,128.0,1764189059.0,AIBL,False
v_25457744_1520,25457743.0,,5622.65,6528.6,1520.0,,,,AIBL,True
25552758,25552757.0,5.0,3299.0,6701.75,1520.0,-1.0,128.0,1769446975.0,AIBR,False
25458133,v_25458133_1519,5.0,4648.15,6238.6,1520.0,-1.0,128.0,1761369843.0,AIBR,False
25457905,25457904.0,5.0,2988.15,6316.6,1521.0,-1.0,128.0,1761368550.0,AIBR,False
25420294,25420293.0,5.0,4382.13,6329.55,1521.0,-1.0,128.0,1764189059.0,AIBL,False
25457744,v_25457744_1520,5.0,5614.15,6533.6,1521.0,-1.0,128.0,1764189059.0,AIBL,False
25552757,25457906.0,5.0,3286.0,6676.75,1521.0,-1.0,128.0,1769446972.0,AIBR,False
25458134,25458133.0,5.0,4624.15,6230.6,1521.0,-1.0,128.0,1761369846.0,AIBR,False
25457906,25457905.0,5.0,3300.15,6660.6,1522.0,-1.0,128.0,1761368571.0,AIBR,False
25457745,25457744.0,5.0,5540.15,6561.6,1522.0,-1.0,128.0,1764189059.0,AIBL,False
25420295,25420294.0,5.0,4392.0,6327.0,1522.0,-1.0,128.0,1764189059.0,AIBL,False
25458135,25458134.0,5.0,4620.15,6234.6,1522.0,-1.0,128.0,1761369849.0,AIBR,False
25457746,25457745.0,5.0,5514.15,6575.6,1523.0,-1.0,128.0,1764189059.0,AIBL,False
25420296,25420295.0,5.0,4394.13,6334.55,1523.0,-1.0,128.0,1764189059.0,AIBL,False
25458136,25458135.0,5.0,4596.15,6226.6,1523.0,-1.0,128.0,1761369850.0,AIBR,False
25457907,25457906.0,5.0,3368.15,6692.6,1523.0,-1.0,128.0,1761368576.0,AIBR,False
25420297,25420296.0,5.0,4388.13,6336.55,1524.0,-1.0,128.0,1764189059.0,AIBL,False
v_25457747_1524,25457746.0,,5485.65,6613.1,1524.0,,,,AIBL,True
25457908,25457907.0,5.0,3380.15,6704.6,1524.0,-1.0,128.0,1761368578.0,AIBR,False
25458137,25458136.0,5.0,4592.15,6214.6,1524.0,-1.0,128.0,1761369853.0,AIBR,False
25458138,25458137.0,5.0,4588.15,6214.6,1525.0,-1.0,128.0,1761369859.0,AIBR,False
v_25457909_1525,25457908.0,,3437.15,6746.6,1525.0,,,,AIBR,True
25457747,v_25457747_1524,5.0,5476.15,6625.6,1525.0,-1.0,128.0,1764189059.0,AIBL,False
25555948,25420297.0,5.0,4387.13,6326.55,1525.0,-1.0,128.0,1770320808.0,AIBL,False
25420298,25555948.0,5.0,4386.13,6316.55,1526.0,-1.0,128.0,1770320808.0,AIBL,False
25458139,25458138.0,5.0,4600.15,6190.6,1526.0,-1.0,128.0,1761369860.0,AIBR,False
25457909,v_25457909_1525,5.0,3456.15,6760.6,1526.0,-1.0,128.0,1761368579.0,AIBR,False
25457748,25457747.0,5.0,5458.15,6657.6,1526.0,-1.0,128.0,1764189059.0,AIBL,False
v_25457910_1527,25457909.0,,3501.15,6787.6,1527.0,,,,AIBR,True
v_25457749_1527,25457748.0,,5433.2875,6686.5875,1527.0,,,,AIBL,True
25458140,25458139.0,5.0,4624.15,6174.6,1527.0,-1.0,128.0,1761369863.0,AIBR,False
v_25420299_1527,25420298.0,,4386.13,6310.55,1527.0,,,,AIBL,True
25458141,25458140.0,5.0,4622.655,6162.6,1528.0,-1.0,128.0,1769310642.0,AIBR,False
25420299,v_25420299_1527,5.0,4386.13,6308.55,1528.0,-1.0,128.0,1764189059.0,AIBL,False
25457910,v_25457910_1527,5.0,3516.15,6796.6,1528.0,-1.0,128.0,1761368580.0,AIBR,False
25457749,v_25457749_1527,5.0,5425.0,6696.25,1528.0,-1.0,128.0,1767647516.0,AIBL,False
25554784,25457749.0,5.0,5419.6,6703.9,1529.0,-1.0,128.0,1769724205.0,AIBL,False
v_25420300_1529,25420299.0,,4374.13,6281.55,1529.0,,,,AIBL,True
25457911,25457910.0,5.0,3500.15,6820.6,1529.0,-1.0,128.0,1761368609.0,AIBR,False
25458142,25458141.0,5.0,4632.655,6154.6,1529.0,-1.0,128.0,1769310600.0,AIBR,False
25458143,25458142.0,5.0,4636.15,6138.6,1530.0,-1.0,128.0,1761369873.0,AIBR,False
25457750,25554784.0,5.0,5414.15,6711.6,1530.0,-1.0,128.0,1769724205.0,AIBL,False
25457912,25457911.0,5.0,3540.15,6860.6,1530.0,-1.0,128.0,1761368610.0,AIBR,False
25420300,v_25420300_1529,5.0,4370.13,6272.55,1530.0,-1.0,128.0,1764189059.0,AIBL,False
25457913,25457912.0,5.0,3560.15,6872.6,1531.0,-1.0,128.0,1761368611.0,AIBR,False
25458144,25458143.0,5.0,4628.15,6130.6,1531.0,-1.0,128.0,1761369875.0,AIBR,False
25420814,25420300.0,5.0,4366.13,6273.55,1531.0,-1.0,128.0,1764189059.0,AIBL,False
v_25457751_1531,25457750.0,,5400.65,6726.6,1531.0,,,,AIBL,True
25457751,v_25457751_1531,5.0,5396.15,6731.6,1532.0,-1.0,128.0,1764189059.0,AIBL,False
25457914,25457913.0,5.0,3592.15,6880.6,1532.0,-1.0,128.0,1761368613.0,AIBR,False
25458145,25458144.0,5.0,4616.15,6118.6,1532.0,-1.0,128.0,1761369876.0,AIBR,False
25420301,25420814.0,5.0,4370.13,6262.55,1532.0,-1.0,128.0,1764189059.0,AIBL,False
25457915,25457914.0,5.0,3628.15,6992.6,1533.0,-1.0,128.0,1761368616.0,AIBR,False
25420302,25420301.0,5.0,4380.13,6250.55,1533.0,-1.0,128.0,1764189059.0,AIBL,False
v_25458146_1533,25458145.0,,4616.15,6118.6,1533.0,,,,AIBR,True
25457752,25457751.0,5.0,5384.15,6759.6,1533.0,-1.0,128.0,1764189059.0,AIBL,False
25420303,25420302.0,5.0,4388.13,6248.55,1534.0,-1.0,128.0,1764189059.0,AIBL,False
25457916,25457915.0,5.0,3664.15,7012.6,1534.0,-1.0,128.0,1761368617.0,AIBR,False
v_25457753_1534,25457752.0,,5378.15,6773.1,1534.0,,,,AIBL,True
25458146,v_25458146_1533,5.0,4616.15,6118.6,1534.0,-1.0,128.0,1761369878.0,AIBR,False
25420304,25420303.0,5.0,4394.13,6250.55,1535.0,-1.0,128.0,1764189059.0,AIBL,False
v_25458147_1535,25458146.0,,4610.15,6115.6,1535.0,,,,AIBR,True
25457917,25457916.0,5.0,3644.15,6996.6,1535.0,-1.0,128.0,1761368619.0,AIBR,False
25457753,v_25457753_1534,5.0,5376.15,6777.6,1535.0,-1.0,128.0,1764189059.0,AIBL,False
25457918,25457917.0,5.0,3636.15,7024.6,1536.0,-1.0,128.0,1761368620.0,AIBR,False
25458147,v_25458147_1535,5.0,4608.15,6114.6,1536.0,-1.0,128.0,1761369879.0,AIBR,False
25420305,25420304.0,5.0,4400.13,6250.55,1536.0,-1.0,128.0,1764189059.0,AIBL,False
v_25457754_1536,25457753.0,,5359.65,6795.6,1536.0,,,,AIBL,True
25457919,25457918.0,5.0,3680.15,7124.6,1537.0,-1.0,128.0,1761368626.0,AIBR,False
25457754,v_25457754_1536,5.0,5354.15,6801.6,1537.0,-1.0,128.0,1764189059.0,AIBL,False
25420306,25420305.0,5.0,4398.0,6257.0,1537.0,-1.0,128.0,1764189059.0,AIBL,False
25458148,25458147.0,5.0,4608.15,6094.6,1537.0,-1.0,128.0,1761369881.0,AIBR,False
25420307,25420306.0,5.0,4400.13,6250.55,1538.0,-1.0,128.0,1764189059.0,AIBL,False
v_25457755_1538,25457754.0,,5321.15,6828.6,1538.0,,,,AIBL,True
25457920,25457919.0,5.0,3712.15,7120.6,1538.0,-1.0,128.0,1761368628.0,AIBR,False
v_25458149_1538,25458148.0,,4605.15,6103.6,1538.0,,,,AIBR,True
25457755,v_25457755_1538,5.0,5310.15,6837.6,1539.0,-1.0,128.0,1764189059.0,AIBL,False
25420308,25420307.0,5.0,4400.13,6254.55,1539.0,-1.0,128.0,1764189059.0,AIBL,False
25458149,v_25458149_1538,5.0,4604.15,6106.6,1539.0,-1.0,128.0,1761369882.0,AIBR,False
25457921,25457920.0,5.0,3748.15,7120.6,1539.0,-1.0,128.0,1761368634.0,AIBR,False
v_25457756_1540,25457755.0,,5305.65,6866.1,1540.0,,,,AIBL,True
25420309,25420308.0,5.0,4400.13,6250.55,1540.0,-1.0,128.0,1764189059.0,AIBL,False
25458150,25458149.0,5.0,4592.15,6118.6,1540.0,-1.0,128.0,1761369883.0,AIBR,False
25457922,25457921.0,5.0,3760.15,7140.6,1540.0,-1.0,128.0,1761368636.0,AIBR,False
25457756,v_25457756_1540,5.0,5304.15,6875.6,1541.0,-1.0,128.0,1764189059.0,AIBL,False
v_25458151_1541,25458150.0,,4589.15,6124.6,1541.0,,,,AIBR,True
25420310,25420309.0,5.0,4402.13,6250.55,1541.0,-1.0,128.0,1764189059.0,AIBL,False
25457923,25457922.0,5.0,3804.15,7160.6,1541.0,-1.0,128.0,1761368684.0,AIBR,False
25420311,25420310.0,5.0,4402.13,6250.55,1542.0,-1.0,128.0,1764189059.0,AIBL,False
25457924,25457923.0,5.0,3796.15,7140.6,1542.0,-1.0,128.0,1761368688.0,AIBR,False
25458151,v_25458151_1541,5.0,4588.15,6126.6,1542.0,-1.0,128.0,1761369884.0,AIBR,False
25457757,25457756.0,5.0,5206.15,7011.6,1542.0,-1.0,128.0,1764189059.0,AIBL,False
25457758,25457757.0,5.0,4982.15,7255.6,1543.0,-1.0,128.0,1764189059.0,AIBL,False
25457759,25457757.0,5.0,5306.15,6873.6,1543.0,-1.0,128.0,1764189059.0,AIBL,False
25458152,25458151.0,5.0,4596.15,6122.6,1543.0,-1.0,128.0,1761369886.0,AIBR,False
25420312,25420311.0,5.0,4400.0,6255.0,1543.0,-1.0,128.0,1764189059.0,AIBL,False
25457925,25457924.0,5.0,3828.15,7180.6,1543.0,-1.0,128.0,1761368689.0,AIBR,False
25457926,25457925.0,5.0,3856.15,7188.6,1544.0,-1.0,128.0,1761368690.0,AIBR,False
25457760,25457759.0,5.0,5292.15,6861.6,1544.0,-1.0,128.0,1764189059.0,AIBL,False
25457764,25457758.0,5.0,4920.855,7335.7,1544.0,-1.0,128.0,1764189059.0,AIBL,False
25502631,25502630.0,5.0,3217.15,7837.6,1544.0,-1.0,128.0,1764185348.0,AIBR,False
25420313,25420312.0,5.0,4398.13,6250.55,1544.0,-1.0,128.0,1764189059.0,AIBL,False
25458153,25458152.0,5.0,4584.15,6150.6,1544.0,-1.0,128.0,1761369887.0,AIBR,False
25420314,25420313.0,5.0,4398.13,6250.55,1545.0,-1.0,128.0,1764189059.0,AIBL,False
25457927,25457926.0,5.0,3876.01,7232.8,1545.0,-1.0,128.0,1768632756.0,AIBR,False
v_25457761_1545,25457760.0,,5316.15,6858.6,1545.0,,,,AIBL,True
v_25457765_1545,25457764.0,,4857.32625,7358.125,1545.0,,,,AIBL,True
v_25458154_1545,25458153.0,,4575.15,6177.6,1545.0,,,,AIBR,True
25502630,25502629.0,5.0,3201.15,7839.6,1545.0,-1.0,128.0,1764185346.0,AIBR,False
25502629,25502628.0,5.0,3201.15,7837.6,1546.0,-1.0,128.0,1764185345.0,AIBR,False
25457761,v_25457761_1545,5.0,5324.15,6857.6,1546.0,-1.0,128.0,1764189059.0,AIBL,False
25457765,v_25457765_1545,5.0,4836.15,7365.6,1546.0,-1.0,128.0,1764189059.0,AIBL,False
25457928,25457927.0,5.0,3912.15,7308.6,1546.0,-1.0,128.0,1761368706.0,AIBR,False
25420315,25420314.0,5.0,4398.13,6250.55,1546.0,-1.0,128.0,1764189059.0,AIBL,False
25458154,v_25458154_1545,5.0,4572.15,6186.6,1546.0,-1.0,128.0,1761369889.0,AIBR,False
25502628,25502627.0,5.0,3173.15,7819.6,1547.0,-1.0,128.0,1764185345.0,AIBR,False
25420316,25420315.0,5.0,4386.13,6262.55,1547.0,-1.0,128.0,1764189059.0,AIBL,False
25458155,25458154.0,5.0,4612.15,6222.6,1547.0,-1.0,128.0,1761369890.0,AIBR,False
25457762,25457761.0,5.0,5322.15,6859.6,1547.0,-1.0,128.0,1764189059.0,AIBL,False
25457766,25457765.0,5.0,4764.15,7395.6,1547.0,-1.0,128.0,1764189059.0,AIBL,False
25457929,25457928.0,5.0,3964.15,7316.6,1547.0,-1.0,128.0,1761368709.0,AIBR,False
25458156,25458155.0,5.0,4616.15,6234.6,1548.0,-1.0,128.0,1761369891.0,AIBR,False
25420317,25420316.0,5.0,4382.13,6266.55,1548.0,-1.0,128.0,1764189059.0,AIBL,False
25502627,25502626.0,5.0,3107.15,7791.6,1548.0,-1.0,128.0,1764185343.0,AIBR,False
25457763,25457762.0,5.0,5322.15,6861.6,1548.0,-1.0,128.0,1764189059.0,AIBL,False
25457767,25457766.0,5.0,4772.15,7389.6,1548.0,-1.0,128.0,1764189059.0,AIBL,False
25457930,25457929.0,5.0,3980.15,7340.6,1548.0,-1.0,128.0,1761368710.0,AIBR,False
25457768,25457767.0,5.0,4742.15,7425.6,1549.0,-1.0,128.0,1764189059.0,AIBL,False
25458157,25458156.0,5.0,4628.15,6310.6,1549.0,-1.0,128.0,1761369907.0,AIBR,False
25420815,25420317.0,5.0,4432.0,6247.0,1549.0,-1.0,128.0,1764189059.0,AIBL,False
25502626,25502624.0,5.0,3195.15,7803.6,1549.0,-1.0,128.0,1764185341.0,AIBR,False
25457931,25457930.0,5.0,4024.15,7392.6,1549.0,-1.0,128.0,1761368714.0,AIBR,False
25458158,25458157.0,5.0,4632.15,6338.6,1550.0,-1.0,128.0,1761369912.0,AIBR,False
25502624,25502623.0,5.0,3187.15,7801.6,1550.0,-1.0,128.0,1764185336.0,AIBR,False
25457932,25457931.0,5.0,4076.15,7432.6,1550.0,-1.0,128.0,1761368716.0,AIBR,False
25457769,25457768.0,5.0,4730.15,7429.6,1550.0,-1.0,128.0,1764189059.0,AIBL,False
25420816,25420815.0,5.0,4428.0,6243.0,1550.0,-1.0,128.0,1764189059.0,AIBL,False
25502623,25502622.0,5.0,3571.15,7961.6,1551.0,-1.0,128.0,1764185331.0,AIBR,False
25457933,25457932.0,5.0,4068.15,7448.6,1551.0,-1.0,128.0,1761368717.0,AIBR,False
25502625,25502624.0,5.0,2737.15,7639.6,1551.0,-1.0,128.0,1764185353.0,AIBR,False
25457770,25457769.0,5.0,4728.15,7431.6,1551.0,-1.0,128.0,1764189059.0,AIBL,False
v_25420817_1551,25420816.0,,4431.6,6243.0,1551.0,,,,AIBL,True
v_25458159_1551,25458158.0,,4650.15,6366.35,1551.0,,,,AIBR,True
v_25420817_1552,v_25420817_1552,,4432.8,6243.0,1552.0,,,,AIBL,True
25502632,25502625.0,5.0,2669.15,7569.6,1552.0,-1.0,128.0,1764185357.0,AIBR,False
25457771,25457770.0,5.0,4700.15,7445.6,1552.0,-1.0,128.0,1764189059.0,AIBL,False
25457934,25457933.0,5.0,4112.15,7460.6,1552.0,-1.0,128.0,1761368718.0,AIBR,False
25458159,v_25458159_1551,5.0,4656.15,6375.6,1552.0,-1.0,128.0,1761369922.0,AIBR,False
25502622,25502621.0,5.0,3634.15,7954.6,1552.0,-1.0,128.0,1764185322.0,AIBR,False
25457935,25457934.0,5.0,4132.15,7460.6,1553.0,-1.0,128.0,1761368719.0,AIBR,False
v_25458160_1553,25458159.0,,4657.65,6386.1,1553.0,,,,AIBR,True
25420817,v_25420817_1551,5.0,4434.0,6243.0,1553.0,-1.0,128.0,1764189059.0,AIBL,False
25457772,25457771.0,5.0,4688.15,7459.6,1553.0,-1.0,128.0,1764189059.0,AIBL,False
25502621,25502620.0,5.0,3653.15,7943.6,1553.0,-1.0,128.0,1764185321.0,AIBR,False
25502633,25502632.0,5.0,2661.15,7561.6,1553.0,-1.0,128.0,1764185360.0,AIBR,False
25502634,25502633.0,5.0,2661.15,7561.6,1554.0,-1.0,128.0,1764185361.0,AIBR,False
v_25420818_1554,25420817.0,,4446.0,6250.5,1554.0,,,,AIBL,True
25457936,25457935.0,5.0,4132.15,7476.6,1554.0,-1.0,128.0,1761368720.0,AIBR,False
25502620,25502619.0,5.0,3686.15,7950.6,1554.0,-1.0,128.0,1764185320.0,AIBR,False
25457773,25457772.0,5.0,4666.15,7461.6,1554.0,-1.0,128.0,1764189059.0,AIBL,False
25458160,v_25458160_1553,5.0,4658.15,6389.6,1554.0,-1.0,128.0,1761369923.0,AIBR,False
v_25458161_1555,25458160.0,,4674.65,6394.1,1555.0,,,,AIBR,True
v_25457937_1555,25457936.0,,4147.15,7479.6,1555.0,,,,AIBR,True
v_25502635_1555,25502634.0,,2589.15,7511.200000000001,1555.0,,,,AIBR,True
25502619,25502618.0,5.0,3714.15,7959.6,1555.0,-1.0,128.0,1764185315.0,AIBR,False
25420818,v_25420818_1554,5.0,4450.0,6253.0,1555.0,-1.0,128.0,1764189059.0,AIBL,False
25457774,25457773.0,5.0,4652.15,7473.6,1555.0,-1.0,128.0,1764189059.0,AIBL,False
v_25420819_1556,25420818.0,,4450.0,6250.0,1556.0,,,,AIBL,True
25502618,25502617.0,5.0,3764.15,7974.6,1556.0,-1.0,128.0,1764185314.0,AIBR,False
25457775,25457774.0,5.0,4630.15,7487.6,1556.0,-1.0,128.0,1764189059.0,AIBL,False
v_25502635_1556,v_25502635_1556,,2565.15,7494.400000000001,1556.0,,,,AIBR,True
25457937,v_25457937_1555,5.0,4152.15,7480.6,1556.0,-1.0,128.0,1761368722.0,AIBR,False
25458161,v_25458161_1555,5.0,4680.15,6395.6,1556.0,-1.0,128.0,1761369925.0,AIBR,False
25502617,25502616.0,5.0,3819.15,7979.6,1557.0,-1.0,128.0,1764185313.0,AIBR,False
v_25457938_1557,25457937.0,,4176.15,7489.6,1557.0,,,,AIBR,True
25458162,25458161.0,5.0,4676.15,6375.6,1557.0,-1.0,128.0,1761369942.0,AIBR,False
25420819,v_25420819_1556,5.0,4450.0,6249.0,1557.0,-1.0,128.0,1764189059.0,AIBL,False
25457776,25457775.0,5.0,4620.15,7509.6,1557.0,-1.0,128.0,1764189059.0,AIBL,False
25502635,v_25502635_1555,5.0,2541.15,7477.6,1557.0,-1.0,128.0,1764185362.0,AIBR,False
25457777,25457776.0,5.0,4604.15,7527.6,1558.0,-1.0,128.0,1764189059.0,AIBL,False
25457938,v_25457938_1557,5.0,4184.15,7492.6,1558.0,-1.0,128.0,1761368724.0,AIBR,False
v_25420820_1558,25420819.0,,4442.5,6276.0,1558.0,,,,AIBL,True
25458163,25458162.0,5.0,4708.15,6407.6,1558.0,-1.0,128.0,1761369945.0,AIBR,False
25502616,25502615.0,5.0,3851.15,7982.6,1558.0,-1.0,128.0,1764185312.0,AIBR,False
25502636,25502635.0,5.0,2501.15,7441.6,1558.0,-1.0,128.0,1764185363.0,AIBR,False
25458164,25458163.0,5.0,4770.15,6387.6,1559.0,-1.0,128.0,1761369961.0,AIBR,False
25457939,25457938.0,5.0,4220.15,7484.6,1559.0,-1.0,128.0,1761368734.0,AIBR,False
25420820,v_25420820_1558,5.0,4440.0,6285.0,1559.0,-1.0,128.0,1764189059.0,AIBL,False
25457778,25457777.0,5.0,4610.15,7551.6,1559.0,-1.0,128.0,1764189059.0,AIBL,False
25502637,25502636.0,5.0,2383.15,7357.6,1559.0,-1.0,128.0,1764185366.0,AIBR,False
25502615,25502614.0,5.0,4025.15,7976.6,1559.0,-1.0,128.0,1764185304.0,AIBR,False
25502638,25502637.0,5.0,2335.15,7327.6,1560.0,-1.0,128.0,1764185367.0,AIBR,False
25458165,25458164.0,5.0,4808.15,6379.6,1560.0,-1.0,128.0,1761369962.0,AIBR,False
25535392,v_25535392_1561,5.0,2020.15,4791.6,1560.0,-1.0,128.0,1767894846.0,AIBR,False
25420821,25420820.0,5.0,4454.0,6295.0,1560.0,-1.0,128.0,1764189059.0,AIBL,False
25457779,25457778.0,5.0,4614.15,7545.6,1560.0,-1.0,128.0,1764189059.0,AIBL,False
25457940,25457939.0,5.0,4248.15,7496.6,1560.0,-1.0,128.0,1761368736.0,AIBR,False
25502614,25502613.0,5.0,4053.15,7971.6,1560.0,-1.0,128.0,1764185303.0,AIBR,False
25502613,v_25502613_1562,5.0,4079.15,7966.6,1561.0,-1.0,128.0,1764185296.0,AIBR,False
25457941,25457940.0,5.0,4244.15,7492.6,1561.0,-1.0,128.0,1761368737.0,AIBR,False
25458166,25458165.0,5.0,4824.15,6355.6,1561.0,-1.0,128.0,1761369964.0,AIBR,False
v_25535392_1561,v_25535392_1562,,2025.15,4808.933333333333,1561.0,,,,AIBR,True
25420822,25420821.0,5.0,4654.0,6403.0,1561.0,-1.0,128.0,1764189059.0,AIBL,False
25420823,25420821.0,5.0,4444.13,6309.55,1561.0,-1.0,128.0,1764189059.0,AIBL,False
25457780,25457779.0,5.0,4612.15,7549.6,1561.0,-1.0,128.0,1764189059.0,AIBL,False
25529839,v_25529839_1562,5.0,2887.15,5239.6,1561.0,-1.0,128.0,1767894818.0,AIBR,False
25502639,25502638.0,5.0,2327.15,7303.6,1561.0,-1.0,128.0,1764185368.0,AIBR,False
25458167,25458166.0,5.0,4796.15,6343.6,1562.0,-1.0,128.0,1761369966.0,AIBR,False
v_25535392_1562,25535391.0,,2030.15,4826.266666666667,1562.0,,,,AIBR,True
v_25529839_1562,v_25529839_1563,,2895.15,5204.266666666667,1562.0,,,,AIBR,True
25420867,25420823.0,5.0,4422.13,6309.55,1562.0,-1.0,128.0,1764189059.0,AIBL,False
v_25502613_1562,25502612.0,,4093.65,7956.1,1562.0,,,,AIBR,True
v_25502640_1562,25502639.0,,2303.15,7279.6,1562.0,,,,AIBR,True
25420824,25420822.0,5.0,4684.0,6397.0,1562.0,-1.0,128.0,1764189059.0,AIBL,False
25457942,25457941.0,5.0,4252.15,7504.6,1562.0,-1.0,128.0,1761368739.0,AIBR,False
25457781,25457780.0,5.0,4592.15,7572.6,1562.0,-1.0,128.0,1764189059.0,AIBL,False
v_25529839_1563,25529838.0,,2903.15,5168.933333333333,1563.0,,,,AIBR,True
25458168,25458167.0,5.0,4778.15,6319.6,1563.0,-1.0,128.0,1761369968.0,AIBR,False
25457782,25457781.0,5.0,4608.15,7580.6,1563.0,-1.0,128.0,1764189059.0,AIBL,False
25420825,25420824.0,5.0,4704.0,6379.0,1563.0,-1.0,128.0,1764189059.0,AIBL,False
25420868,25420867.0,5.0,4404.13,6327.55,1563.0,-1.0,128.0,1764189059.0,AIBL,False
25420849,25420848.0,5.0,4588.0,5825.0,1563.0,-1.0,128.0,1764189059.0,AIBL,False
25457943,25457942.0,5.0,4248.15,7500.6,1563.0,-1.0,128.0,1761368740.0,AIBR,False
25502640,v_25502640_1562,5.0,2295.15,7271.6,1563.0,-1.0,128.0,1764185369.0,AIBR,False
25529527,25529526.0,5.0,2169.15,5477.6,1563.0,-1.0,128.0,1767894818.0,AIBR,False
25535391,25535390.0,5.0,2035.15,4843.6,1563.0,-1.0,128.0,1767894818.0,AIBR,False
25502612,v_25502612_1564,5.0,4108.15,7945.6,1563.0,-1.0,128.0,1764185295.0,AIBR,False
25412526,25412525.0,5.0,5744.4,7693.9,1564.0,-1.0,128.0,1764560253.0,AIBL,False
25529838,25529837.0,5.0,2911.15,5133.6,1564.0,-1.0,128.0,1767894818.0,AIBR,False
25529526,25529525.0,5.0,2193.15,5465.6,1564.0,-1.0,128.0,1767894818.0,AIBR,False
25420826,25420825.0,5.0,4710.0,6375.0,1564.0,-1.0,128.0,1764189059.0,AIBL,False
25502641,25502640.0,5.0,2257.15,7235.6,1564.0,-1.0,128.0,1764185370.0,AIBR,False
25535390,v_25535390_1565,5.0,2063.15,4859.6,1564.0,-1.0,128.0,1767894818.0,AIBR,False
25420869,25420868.0,5.0,4404.13,6327.55,1564.0,-1.0,128.0,1764189059.0,AIBL,False
25420848,25420847.0,5.0,4598.0,5819.0,1564.0,-1.0,128.0,1764189059.0,AIBL,False
25457944,25457943.0,5.0,4264.15,7504.6,1564.0,-1.0,128.0,1761368741.0,AIBR,False
v_25457783_1564,25457782.0,,4599.15,7589.6,1564.0,,,,AIBL,True
v_25502612_1564,25502611.0,,4142.65,7923.1,1564.0,,,,AIBR,True
25458169,25458168.0,5.0,4800.15,6325.6,1564.0,-1.0,128.0,1761369969.0,AIBR,False
v_25535390_1565,v_25535390_1566,,2077.8166666666666,4848.933333333333,1565.0,,,,AIBR,True
25458170,25458169.0,5.0,4800.15,6323.6,1565.0,-1.0,128.0,1761369980.0,AIBR,False
25502611,v_25502611_1566,5.0,4177.15,7900.6,1565.0,-1.0,128.0,1764185294.0,AIBR,False
25457783,v_25457783_1564,5.0,4596.15,7592.6,1565.0,-1.0,128.0,1764189059.0,AIBL,False
25412525,25412524.0,5.0,5792.4,7665.9,1565.0,-1.0,128.0,1764560253.0,AIBL,False
25529837,v_25529837_1566,5.0,2843.15,5127.6,1565.0,-1.0,128.0,1767894818.0,AIBR,False
25502642,25502641.0,5.0,2209.15,7191.6,1565.0,-1.0,128.0,1764185371.0,AIBR,False
25457945,25457944.0,5.0,4272.15,7516.6,1565.0,-1.0,128.0,1761368743.0,AIBR,False
25420870,25420869.0,5.0,4406.13,6327.55,1565.0,-1.0,128.0,1764189059.0,AIBL,False
25529525,25529524.0,5.0,2293.15,5477.6,1565.0,-1.0,128.0,1767894818.0,AIBR,False
25420827,25420826.0,5.0,4718.0,6367.0,1565.0,-1.0,128.0,1764189059.0,AIBL,False
25420847,25420846.0,5.0,4604.0,5805.0,1565.0,-1.0,128.0,1764189059.0,AIBL,False
25420871,25420870.0,5.0,4394.135,6352.55,1566.0,-1.0,128.0,1769315658.0,AIBL,False
v_25535390_1566,25535389.0,,2092.4833333333336,4838.266666666667,1566.0,,,,AIBR,True
v_25502611_1566,25502610.0,,4190.15,7888.6,1566.0,,,,AIBR,True
v_25529837_1566,25529836.0,,2825.15,5148.6,1566.0,,,,AIBR,True
v_25502643_1566,25502642.0,,2159.65,7148.1,1566.0,,,,AIBR,True
25420846,25420845.0,5.0,4624.0,5795.0,1566.0,-1.0,128.0,1764189059.0,AIBL,False
25412524,25412523.0,5.0,5884.4,7609.9,1566.0,-1.0,128.0,1764560253.0,AIBL,False
25420828,25420827.0,5.0,4726.0,6355.0,1566.0,-1.0,128.0,1764189059.0,AIBL,False
25457946,25457945.0,5.0,4276.15,7500.6,1566.0,-1.0,128.0,1761368745.0,AIBR,False
25529524,25529523.0,5.0,2293.15,5465.6,1566.0,-1.0,128.0,1767894818.0,AIBR,False
v_25457784_1566,25457783.0,,4586.549999999999,7597.400000000001,1566.0,,,,AIBL,True
v_25457784_1567,v_25457784_1567,,4583.349999999999,7599.0,1567.0,,,,AIBL,True
25420872,25420871.0,5.0,4370.13,6339.55,1567.0,-1.0,128.0,1764189059.0,AIBL,False
25529523,25529521.0,5.0,2361.15,5465.6,1567.0,-1.0,128.0,1767894818.0,AIBR,False
25420829,25420828.0,5.0,4704.0,6351.0,1567.0,-1.0,128.0,1764189059.0,AIBL,False
25502643,v_25502643_1566,5.0,2143.15,7133.6,1567.0,-1.0,128.0,1764185372.0,AIBR,False
25529836,25529522.0,5.0,2807.15,5169.6,1567.0,-1.0,128.0,1767894818.0,AIBR,False
25420845,25420844.0,5.0,4626.0,5797.0,1567.0,-1.0,128.0,1764189059.0,AIBL,False
25535389,25535388.0,5.0,2107.15,4827.6,1567.0,-1.0,128.0,1767894818.0,AIBR,False
25412523,25412522.0,5.0,6092.4,7529.9,1567.0,-1.0,128.0,1764560253.0,AIBL,False
25457947,25457946.0,5.0,4260.15,7508.6,1567.0,-1.0,128.0,1761368746.0,AIBR,False
25502610,25502609.0,5.0,4203.15,7876.6,1567.0,-1.0,128.0,1764185293.0,AIBR,False
25535388,25535387.0,5.0,2071.15,4731.6,1568.0,-1.0,128.0,1767894818.0,AIBR,False
25502644,25502643.0,5.0,2081.15,7089.6,1568.0,-1.0,128.0,1764185373.0,AIBR,False
25529521,25529520.0,5.0,2409.15,5417.6,1568.0,-1.0,128.0,1767894818.0,AIBR,False
25529522,25529520.0,5.0,2773.15,5189.6,1568.0,-1.0,128.0,1767894818.0,AIBR,False
25502609,25502608.0,5.0,4225.15,7857.6,1568.0,-1.0,128.0,1764185292.0,AIBR,False
25412522,25412521.0,5.0,6140.4,7501.9,1568.0,-1.0,128.0,1764560253.0,AIBL,False
25420844,25420843.0,5.0,4636.0,5789.0,1568.0,-1.0,128.0,1764189059.0,AIBL,False
25420830,25420829.0,5.0,4714.0,6343.0,1568.0,-1.0,128.0,1764189059.0,AIBL,False
25457784,v_25457784_1566,5.0,4580.15,7600.6,1568.0,-1.0,128.0,1764189059.0,AIBL,False
25420874,25420872.0,5.0,4346.13,6351.55,1568.0,-1.0,128.0,1764189059.0,AIBL,False
v_25457948_1568,25457947.0,,4266.15,7505.6,1568.0,,,,AIBR,True
25502608,25502607.0,5.0,4246.15,7839.6,1569.0,-1.0,128.0,1764185291.0,AIBR,False
25420843,25420842.0,5.0,4640.0,5803.0,1569.0,-1.0,128.0,1764189059.0,AIBL,False
25412521,25412520.0,5.0,6140.4,7501.9,1569.0,-1.0,128.0,1764560253.0,AIBL,False
v_25502645_1569,25502644.0,,2040.35,7034.400000000001,1569.0,,,,AIBR,True
v_25420832_1569,25420830.0,,4708.0,6325.0,1569.0,,,,AIBL,True
25420875,25420874.0,5.0,4340.13,6351.55,1569.0,-1.0,128.0,1764189059.0,AIBL,False
v_25457785_1569,25457784.0,,4580.15,7603.6,1569.0,,,,AIBL,True
25457948,v_25457948_1568,5.0,4268.15,7504.6,1569.0,-1.0,128.0,1761368748.0,AIBR,False
25535387,25535386.0,5.0,2071.15,4727.6,1569.0,-1.0,128.0,1767894818.0,AIBR,False
25529520,25529519.0,5.0,2353.15,5393.6,1569.0,-1.0,128.0,1767894818.0,AIBR,False
25457785,v_25457785_1569,5.0,4580.15,7604.6,1570.0,-1.0,128.0,1764189059.0,AIBL,False
25552664,25420875.0,5.0,4339.13,6351.55,1570.0,-1.0,128.0,1769315634.0,AIBL,False
25412520,25412516.0,5.0,6108.4,7502.9,1570.0,-1.0,128.0,1764560253.0,AIBL,False
25420842,25420841.0,5.0,4620.0,5811.0,1570.0,-1.0,128.0,1764189059.0,AIBL,False
25420832,v_25420832_1569,5.0,4706.0,6319.0,1570.0,-1.0,128.0,1767418442.0,AIBL,False
25529519,25529518.0,5.0,2337.15,5317.6,1570.0,-1.0,128.0,1767894818.0,AIBR,False
v_25457949_1570,25457948.0,,4253.15,7528.6,1570.0,,,,AIBR,True
v_25502645_1570,v_25502645_1570,,2026.75,7016.0,1570.0,,,,AIBR,True
25502607,25502606.0,5.0,4251.15,7826.6,1570.0,-1.0,128.0,1764185290.0,AIBR,False
25535386,25529518.0,5.0,2071.15,4751.6,1570.0,-1.0,128.0,1767894818.0,AIBR,False
25529518,v_25529518_1572,5.0,2381.15,5173.6,1571.0,-1.0,128.0,1767894818.0,AIBR,False
25457949,v_25457949_1570,5.0,4248.15,7536.6,1571.0,-1.0,128.0,1761368750.0,AIBR,False
25502645,v_25502645_1569,5.0,2013.15,6997.6,1571.0,-1.0,128.0,1764185374.0,AIBR,False
v_25457786_1571,25457785.0,,4580.15,7604.6,1571.0,,,,AIBL,True
25420833,25420832.0,5.0,4704.0,6311.0,1571.0,-1.0,128.0,1764189059.0,AIBL,False
25420876,25552664.0,5.0,4338.13,6351.55,1571.0,-1.0,128.0,1769315634.0,AIBL,False
25412516,25412517.0,5.0,6094.4,7501.9,1571.0,-1.0,128.0,1764560253.0,AIBL,False
25502606,25502605.0,5.0,4257.15,7816.6,1571.0,-1.0,128.0,1764185289.0,AIBR,False
25420841,25420840.0,5.0,4620.0,5815.0,1571.0,-1.0,128.0,1764189059.0,AIBL,False
25502646,25502645.0,5.0,1951.15,6927.6,1572.0,-1.0,128.0,1764185376.0,AIBR,False
v_25529518_1572,v_25529518_1573,,2392.35,5177.6,1572.0,,,,AIBR,True
25457950,25457949.0,5.0,4264.15,7540.6,1572.0,-1.0,128.0,1761368754.0,AIBR,False
25457786,v_25457786_1571,5.0,4580.15,7604.6,1572.0,-1.0,128.0,1764189059.0,AIBL,False
25420834,25420833.0,5.0,4716.0,6303.0,1572.0,-1.0,128.0,1764189059.0,AIBL,False
25420840,25420839.0,5.0,4618.0,5845.0,1572.0,-1.0,128.0,1764189059.0,AIBL,False
25420877,25420876.0,5.0,4336.13,6351.55,1572.0,-1.0,128.0,1764189059.0,AIBL,False
25412517,25412518.0,5.0,5518.4,7801.9,1572.0,-1.0,128.0,1764560253.0,AIBL,False
25412515,25412516.0,5.0,6522.4,7168.9,1572.0,-1.0,128.0,1764560253.0,AIBL,False
25502605,25502604.0,5.0,4257.15,7816.6,1572.0,-1.0,128.0,1764185288.0,AIBR,False
25420839,25420838.0,5.0,4596.0,5865.0,1573.0,-1.0,128.0,1764189059.0,AIBL,False
25412518,25412519.0,5.0,5426.4,7825.9,1573.0,-1.0,128.0,1764560253.0,AIBL,False
25420835,25420834.0,5.0,4712.0,6297.0,1573.0,-1.0,128.0,1764189059.0,AIBL,False
v_25457787_1573,25457786.0,,4574.15,7601.6,1573.0,,,,AIBL,True
25502604,25502601.0,5.0,4254.15,7778.6,1573.0,-1.0,128.0,1764185278.0,AIBR,False
25457951,25457950.0,5.0,4204.15,7593.6,1573.0,-1.0,128.0,1761368770.0,AIBR,False
25420878,25420877.0,5.0,4348.13,6361.55,1573.0,-1.0,128.0,1764189059.0,AIBL,False
25412514,25412515.0,5.0,6624.4,7046.9,1573.0,-1.0,128.0,1764560253.0,AIBL,False
v_25502647_1573,25502646.0,,1880.65,6878.1,1573.0,,,,AIBR,True
v_25529518_1573,v_25529518_1574,,2403.55,5181.6,1573.0,,,,AIBR,True
25457787,v_25457787_1573,5.0,4572.15,7600.6,1574.0,-1.0,128.0,1764189059.0,AIBL,False
v_25529518_1574,v_25529518_1575,,2414.75,5185.6,1574.0,,,,AIBR,True
25502647,v_25502647_1573,5.0,1857.15,6861.6,1574.0,-1.0,128.0,1764185377.0,AIBR,False
25502601,25502600.0,5.0,4327.15,7740.6,1574.0,-1.0,128.0,1764185262.0,AIBR,False
25420879,25420878.0,5.0,4340.13,6347.55,1574.0,-1.0,128.0,1764189059.0,AIBL,False
25457952,25457951.0,5.0,4206.15,7621.6,1574.0,-1.0,128.0,1761368773.0,AIBR,False
25412519,25509380.0,5.0,5277.0,7880.75,1574.0,-1.0,128.0,1764560253.0,AIBL,False
25420836,25420835.0,5.0,4728.0,6293.0,1574.0,-1.0,128.0,1764189059.0,AIBL,False
25509380,25509379.0,5.0,5115.15,7931.25,1574.0,-1.0,128.0,1764560214.0,AIBL,False
25412513,25412514.0,5.0,6694.4,6972.9,1574.0,-1.0,128.0,1764560253.0,AIBL,False
25420838,25420837.0,5.0,4586.0,5923.0,1574.0,-1.0,128.0,1764189059.0,AIBL,False
25509379,25509378.0,5.0,5079.15,7939.25,1575.0,-1.0,128.0,1764560213.0,AIBL,False
25412512,25412513.0,5.0,6848.4,6810.9,1575.0,-1.0,128.0,1764560253.0,AIBL,False
25502600,25502599.0,5.0,4255.15,7753.6,1575.0,-1.0,128.0,1764185256.0,AIBR,False
25420880,25420879.0,5.0,4340.13,6367.55,1575.0,-1.0,128.0,1764189059.0,AIBL,False
25420837,25420836.0,5.0,4690.0,6135.0,1575.0,-1.0,128.0,1764189059.0,AIBL,False
v_25457788_1575,25457787.0,,4581.15,7611.1,1575.0,,,,AIBL,True
v_25529518_1575,25529517.0,,2425.9500000000003,5189.6,1575.0,,,,AIBR,True
25457953,25457952.0,5.0,4190.15,7641.6,1575.0,-1.0,128.0,1761368776.0,AIBR,False
v_25502648_1575,25502647.0,,1845.15,6821.1,1575.0,,,,AIBR,True
25412511,25412512.0,5.0,6884.4,6782.9,1576.0,-1.0,128.0,1764560253.0,AIBL,False
25509378,25509377.0,5.0,4823.15,7915.25,1576.0,-1.0,128.0,1764560210.0,AIBL,False
25502599,25502598.0,5.0,4255.15,7753.6,1576.0,-1.0,128.0,1764185255.0,AIBR,False
25420881,25420880.0,5.0,4336.13,6385.55,1576.0,-1.0,128.0,1764189059.0,AIBL,False
25420850,25420837.0,5.0,4708.0,6177.0,1576.0,-1.0,128.0,1764189059.0,AIBL,False
25502648,v_25502648_1575,5.0,1841.15,6807.6,1576.0,-1.0,128.0,1764185379.0,AIBR,False
25529517,v_25529517_1577,5.0,2437.15,5193.6,1576.0,-1.0,128.0,1767894818.0,AIBR,False
25457788,v_25457788_1575,5.0,4584.15,7614.6,1576.0,-1.0,128.0,1764189059.0,AIBL,False
25457954,25457953.0,5.0,4176.15,7629.6,1576.0,-1.0,128.0,1761368778.0,AIBR,False
v_25502649_1577,25502648.0,,1790.15,6725.1,1577.0,,,,AIBR,True
25420851,25420850.0,5.0,4718.0,6205.0,1577.0,-1.0,128.0,1764189059.0,AIBL,False
25509377,25509376.0,5.0,4667.15,7839.25,1577.0,-1.0,128.0,1764560205.0,AIBL,False
25412510,25412511.0,5.0,6918.4,6722.9,1577.0,-1.0,128.0,1764560253.0,AIBL,False
25457789,25457788.0,5.0,4560.15,7604.6,1577.0,-1.0,128.0,1764189059.0,AIBL,False
25502598,25457955.0,5.0,4249.15,7752.6,1577.0,-1.0,128.0,1764185254.0,AIBR,False
25420882,25420881.0,5.0,4336.13,6381.55,1577.0,-1.0,128.0,1764189059.0,AIBL,False
v_25529517_1577,v_25529517_1578,,2440.65,5183.6,1577.0,,,,AIBR,True
v_25457955_1577,25457954.0,,4205.4,7676.1,1577.0,,,,AIBR,True
25502649,v_25502649_1577,5.0,1773.15,6697.6,1578.0,-1.0,128.0,1764185380.0,AIBR,False
25457955,v_25457955_1577,5.0,4215.15,7691.6,1578.0,-1.0,128.0,1764185250.0,AIBR,False
25420883,25420882.0,5.0,4328.13,6385.55,1578.0,-1.0,128.0,1764189059.0,AIBL,False
25420852,25420851.0,5.0,4720.0,6203.0,1578.0,-1.0,128.0,1764189059.0,AIBL,False
25457790,25457789.0,5.0,4564.15,7616.6,1578.0,-1.0,128.0,1764189059.0,AIBL,False
v_25412509_1578,25412510.0,,6990.4,6604.4,1578.0,,,,AIBL,True
25509376,25509375.0,5.0,4675.15,7855.25,1578.0,-1.0,128.0,1764560204.0,AIBL,False
v_25529517_1578,v_25529517_1579,,2444.15,5173.6,1578.0,,,,AIBR,True
v_25502650_1579,25502649.0,,1746.75,6647.200000000001,1579.0,,,,AIBR,True
v_25529517_1579,25529482.0,,2447.65,5163.6,1579.0,,,,AIBR,True
25480242,25420883.0,5.0,4318.13,6399.55,1579.0,-1.0,128.0,1764189059.0,AIBL,False
25502591,25457955.0,5.0,4216.15,7685.6,1579.0,-1.0,128.0,1764185235.0,AIBR,False
25420853,25420852.0,5.0,4716.0,6225.0,1579.0,-1.0,128.0,1764189059.0,AIBL,False
25412509,v_25412509_1578,5.0,7014.4,6564.9,1579.0,-1.0,128.0,1764560253.0,AIBL,False
25509375,25509374.0,5.0,4647.15,7839.25,1579.0,-1.0,128.0,1764560203.0,AIBL,False
25457791,25457790.0,5.0,4552.15,7620.6,1579.0,-1.0,128.0,1764189059.0,AIBL,False
25509374,25509373.0,5.0,4623.15,7843.25,1580.0,-1.0,128.0,1764560200.0,AIBL,False
25412508,25412509.0,5.0,7106.4,6446.9,1580.0,-1.0,128.0,1764560253.0,AIBL,False
25457792,25457791.0,5.0,4548.15,7612.6,1580.0,-1.0,128.0,1764189059.0,AIBL,False
25529482,v_25529482_1581,5.0,2451.15,5153.6,1580.0,678.0,128.0,1767894818.0,AIBR,False
25502592,25502591.0,5.0,4209.15,7694.6,1580.0,-1.0,128.0,1764185236.0,AIBR,False
25420854,25420853.0,5.0,4712.0,6227.0,1580.0,-1.0,128.0,1764189059.0,AIBL,False
v_25502650_1580,v_25502650_1580,,1737.95,6630.400000000001,1580.0,,,,AIBR,True
v_25529482_1581,v_25529482_1582,,2445.8166666666666,5164.266666666667,1581.0,,,,AIBR,True
25502593,25502592.0,5.0,4199.15,7695.6,1581.0,-1.0,128.0,1764185237.0,AIBR,False
v_25420855_1581,25420854.0,,4694.0,6234.5,1581.0,,,,AIBL,True
25457793,25457792.0,5.0,4548.15,7612.6,1581.0,-1.0,128.0,1764189059.0,AIBL,False
25509373,25509372.0,5.0,4627.15,7823.25,1581.0,-1.0,128.0,1764560199.0,AIBL,False
25412507,25412508.0,5.0,7170.4,6330.9,1581.0,-1.0,128.0,1764560253.0,AIBL,False
25502650,v_25502650_1579,5.0,1729.15,6613.6,1581.0,-1.0,128.0,1764185381.0,AIBR,False
25502594,25502593.0,5.0,4183.15,7695.6,1582.0,-1.0,128.0,1764185238.0,AIBR,False
v_25502651_1582,25502650.0,,1691.65,6546.1,1582.0,,,,AIBR,True
25420855,v_25420855_1581,5.0,4688.0,6237.0,1582.0,-1.0,128.0,1764189059.0,AIBL,False
v_25529482_1582,25529483.0,,2440.4833333333336,5174.933333333333,1582.0,,,,AIBR,True
25457794,25457793.0,5.0,4552.15,7616.6,1582.0,-1.0,128.0,1764189059.0,AIBL,False
25412506,25412507.0,5.0,7184.4,6304.9,1582.0,-1.0,128.0,1764560253.0,AIBL,False
25509372,25509371.0,5.0,4615.15,7823.25,1582.0,-1.0,128.0,1764560198.0,AIBL,False
25502595,25502594.0,5.0,4173.15,7692.6,1583.0,-1.0,128.0,1764185239.0,AIBR,False
25552627,25420855.0,5.0,4679.005,6235.0,1583.0,-1.0,128.0,1769315151.0,AIBL,False
25529483,v_25529483_1584,5.0,2435.15,5185.6,1583.0,678.0,128.0,1767894818.0,AIBR,False
25502651,v_25502651_1582,5.0,1679.15,6523.6,1583.0,-1.0,128.0,1764185382.0,AIBR,False
25412505,25412506.0,5.0,7194.4,6254.9,1583.0,-1.0,128.0,1764560253.0,AIBL,False
25509371,25509367.0,5.0,4591.15,7783.25,1583.0,-1.0,128.0,1764560197.0,AIBL,False
v_25457795_1583,25457794.0,,4535.65,7614.35,1583.0,,,,AIBL,True
25502652,25502651.0,5.0,1683.0,6522.0,1584.0,-1.0,128.0,1764185452.0,AIBR,False
25420856,25552627.0,5.0,4668.0,6241.0,1584.0,-1.0,128.0,1769315132.0,AIBL,False
25502596,25502595.0,5.0,4187.15,7665.6,1584.0,-1.0,128.0,1764185240.0,AIBR,False
25412504,25412505.0,5.0,7254.4,6162.9,1584.0,-1.0,128.0,1764560253.0,AIBL,False
25509367,25509366.0,5.0,4575.155,7775.25,1584.0,-1.0,128.0,1764560190.0,AIBL,False
v_25529483_1584,v_25529483_1585,,2439.15,5182.400000000001,1584.0,,,,AIBR,True
25457795,v_25457795_1583,5.0,4530.15,7613.6,1584.0,-1.0,128.0,1764189059.0,AIBL,False
25502653,25502652.0,5.0,1627.0,6452.0,1585.0,-1.0,128.0,1764185467.0,AIBR,False
25412503,25412504.0,5.0,7262.4,6120.9,1585.0,-1.0,128.0,1764560253.0,AIBL,False
25509366,25457795.0,5.0,4531.15,7695.25,1585.0,-1.0,128.0,1764560163.0,AIBL,False
25553205,25420856.0,5.0,4651.0,6256.0,1585.0,-1.0,128.0,1769538277.0,AIBL,False
v_25529483_1585,v_25529483_1586,,2443.15,5179.200000000001,1585.0,,,,AIBR,True
25502654,25502653.0,5.0,1619.0,6396.0,1586.0,-1.0,128.0,1764185476.0,AIBR,False
v_25529483_1586,v_25529483_1587,,2447.15,5176.0,1586.0,,,,AIBR,True
25412502,25412503.0,5.0,7310.4,6082.9,1586.0,-1.0,128.0,1764560253.0,AIBL,False
25509368,25509366.0,5.0,4551.15,7703.25,1586.0,-1.0,128.0,1764560168.0,AIBL,False
25420857,25553205.0,5.0,4634.0,6271.0,1586.0,-1.0,128.0,1769538277.0,AIBL,False
v_25412495_1587,25412502.0,,7348.65,5975.65,1587.0,,,,AIBL,True
25420858,25420857.0,5.0,4638.0,6279.0,1587.0,-1.0,128.0,1764189059.0,AIBL,False
25502655,25502654.0,5.0,1593.0,6354.0,1587.0,-1.0,128.0,1764185478.0,AIBR,False
v_25529483_1587,25529484.0,,2451.15,5172.8,1587.0,,,,AIBR,True
25509369,25509368.0,5.0,4559.15,7691.25,1587.0,-1.0,128.0,1764560170.0,AIBL,False
25412495,v_25412495_1587,5.0,7361.4,5939.9,1588.0,-1.0,128.0,1764560253.0,AIBL,False
25420859,25420858.0,5.0,4638.0,6287.0,1588.0,-1.0,128.0,1764189059.0,AIBL,False
25502656,25502655.0,5.0,1565.0,6294.0,1588.0,-1.0,128.0,1764185479.0,AIBR,False
25529484,v_25529484_1589,5.0,2455.15,5169.6,1588.0,678.0,128.0,1767894818.0,AIBR,False
25412494,25412495.0,5.0,7367.4,5877.9,1589.0,-1.0,128.0,1764560253.0,AIBL,False
v_25529484_1589,v_25529484_1590,,2455.15,5169.6,1589.0,,,,AIBR,True
25420860,25420859.0,5.0,4628.0,6313.0,1589.0,-1.0,128.0,1764189059.0,AIBL,False
25502657,25502656.0,5.0,1559.0,6262.0,1589.0,-1.0,128.0,1764185480.0,AIBR,False
25412493,25412494.0,5.0,7385.4,5869.9,1590.0,-1.0,128.0,1764560253.0,AIBL,False
v_25529484_1590,v_25529484_1591,,2455.15,5169.6,1590.0,,,,AIBR,True
25502658,25502657.0,5.0,1541.0,6208.0,1590.0,-1.0,128.0,1764185481.0,AIBR,False
25420861,25420860.0,5.0,4650.0,6351.0,1590.0,-1.0,128.0,1764189059.0,AIBL,False
v_25529484_1591,v_25529484_1592,,2455.15,5169.6,1591.0,,,,AIBR,True
25420862,25420861.0,5.0,4654.0,6353.0,1591.0,-1.0,128.0,1764189059.0,AIBL,False
25412492,25412493.0,5.0,7405.4,5795.9,1591.0,-1.0,128.0,1764560253.0,AIBL,False
25502659,25502658.0,5.0,1541.0,6200.0,1591.0,-1.0,128.0,1764185482.0,AIBR,False
v_25502660_1592,25502659.0,,1539.5,6155.0,1592.0,,,,AIBR,True
25412491,25412492.0,5.0,7393.4,5739.9,1592.0,-1.0,128.0,1764560253.0,AIBL,False
25420863,25420862.0,5.0,4654.0,6369.0,1592.0,-1.0,128.0,1764189059.0,AIBL,False
v_25529484_1592,25529485.0,,2455.15,5169.6,1592.0,,,,AIBR,True
25420864,25420863.0,5.0,4658.0,6373.0,1593.0,-1.0,128.0,1764189059.0,AIBL,False
25502660,v_25502660_1592,5.0,1539.0,6140.0,1593.0,-1.0,128.0,1764185485.0,AIBR,False
25529485,v_25529485_1594,5.0,2455.15,5169.6,1593.0,-1.0,128.0,1767894818.0,AIBR,False
25431730,25431729.0,5.0,7324.6,5414.75,1593.0,-1.0,128.0,1764560253.0,AIBL,False
25412490,25412491.0,5.0,7383.4,5707.9,1593.0,-1.0,128.0,1764560253.0,AIBL,False
v_25420865_1594,25420864.0,,4655.0,6374.5,1594.0,,,,AIBL,True
v_25412489_1594,25412490.0,,7354.599999999999,5632.299999999999,1594.0,,,,AIBL,True
25502661,25502660.0,5.0,1541.0,6118.0,1594.0,-1.0,128.0,1764185486.0,AIBR,False
25431729,25431728.0,5.0,7318.6,5408.75,1594.0,-1.0,128.0,1764560253.0,AIBL,False
v_25529485_1594,25529840.0,,2449.55,5180.0,1594.0,,,,AIBR,True
v_25412489_1595,v_25412489_1595,,7345.0,5607.099999999999,1595.0,,,,AIBL,True
25431728,25412489.0,5.0,7350.6,5428.75,1595.0,-1.0,128.0,1764560253.0,AIBL,False
25502662,25502661.0,5.0,1553.0,6098.0,1595.0,-1.0,128.0,1764185486.0,AIBR,False
25420865,v_25420865_1594,5.0,4654.0,6375.0,1595.0,-1.0,128.0,1764189059.0,AIBL,False
25529840,25529841.0,5.0,2443.95,5190.4,1595.0,-1.0,128.0,1767894818.0,AIBR,False
25420866,25420865.0,5.0,4686.0,6379.0,1596.0,-1.0,128.0,1764189059.0,AIBL,False
25529841,25529842.0,5.0,1855.15,5451.6,1596.0,-1.0,128.0,1767894818.0,AIBR,False
25412489,v_25412489_1594,5.0,7335.4,5581.9,1596.0,-1.0,128.0,1764560253.0,AIBL,False
25502663,25502662.0,5.0,1555.0,6064.0,1596.0,-1.0,128.0,1764185487.0,AIBR,False
v_25529486_1596,25529840.0,,2433.87,5209.12,1596.0,,,,AIBR,True
25552623,25420866.0,5.0,4696.0,6383.0,1597.0,-1.0,128.0,1769314982.0,AIBL,False
25412488,25412489.0,5.0,7357.4,5449.9,1597.0,-1.0,128.0,1764560253.0,AIBL,False
25502664,25502663.0,5.0,1595.0,6040.0,1597.0,-1.0,128.0,1764185489.0,AIBR,False
25529842,v_25529842_1598,5.0,1807.15,5503.6,1597.0,-1.0,128.0,1767894818.0,AIBR,False
v_25529486_1597,v_25529486_1597,,2430.51,5215.360000000001,1597.0,,,,AIBR,True
v_25529842_1598,25529843.0,,1821.15,5517.6,1598.0,,,,AIBR,True
25412487,25412488.0,5.0,7353.4,5421.9,1598.0,-1.0,128.0,1764560253.0,AIBL,False
25412534,25412532.0,5.0,6562.05,4819.9,1598.0,-1.0,128.0,1764560253.0,AIBL,False
25502665,25502664.0,5.0,1551.0,6010.0,1598.0,-1.0,128.0,1764185491.0,AIBR,False
25529486,v_25529486_1596,5.0,2427.15,5221.6,1598.0,-1.0,128.0,1767894818.0,AIBR,False
25529481,25502665.0,5.0,1584.15,6007.6,1599.0,-1.0,128.0,1766425733.0,AIBR,False
25412486,25412487.0,5.0,7361.4,5379.9,1599.0,-1.0,128.0,1764560253.0,AIBL,False
25412540,25412539.0,5.0,5720.05,4535.9,1599.0,-1.0,128.0,1764560253.0,AIBL,False
25412537,25412536.0,5.0,6614.05,4273.9,1599.0,-1.0,128.0,1764560253.0,AIBL,False
25412532,25412531.0,5.0,6562.05,4803.9,1599.0,-1.0,128.0,1764560253.0,AIBL,False
v_25529487_1599,25529486.0,,2419.15,5255.6,1599.0,,,,AIBR,True
25529843,25529844.0,5.0,1835.15,5531.6,1599.0,-1.0,128.0,1767894818.0,AIBR,False
25529844,v_25529844_1601,5.0,1813.15,5539.6,1600.0,-1.0,128.0,1767894818.0,AIBR,False
25528736,25529481.0,5.0,1565.2,5999.2,1600.0,-1.0,99.0,1766425743.0,AIBR,False
25412485,25412486.0,5.0,7339.4,5337.9,1600.0,-1.0,128.0,1764560253.0,AIBL,False
v_25529487_1600,v_25529487_1601,,2416.4833333333336,5266.933333333333,1600.0,,,,AIBR,True
25412536,25412535.0,5.0,6594.05,4261.9,1600.0,-1.0,128.0,1764560253.0,AIBL,False
25412539,25412538.0,5.0,5716.05,4555.9,1600.0,-1.0,128.0,1764560253.0,AIBL,False
25412531,25412530.0,5.0,6562.05,4803.9,1600.0,-1.0,128.0,1764560253.0,AIBL,False
25528737,25528736.0,5.0,1571.6,5968.8,1601.0,-1.0,99.0,1766425743.0,AIBR,False
25412484,25412485.0,5.0,7343.4,5329.9,1601.0,-1.0,128.0,1764560253.0,AIBL,False
25412538,25412527.0,5.0,5750.05,4537.9,1601.0,-1.0,128.0,1764560253.0,AIBL,False
25412535,25412528.0,5.0,6590.05,4269.9,1601.0,-1.0,128.0,1764560253.0,AIBL,False
25412530,25412529.0,5.0,6564.05,4803.9,1601.0,-1.0,128.0,1764560253.0,AIBL,False
v_25529487_1601,v_25529487_1600,,2413.8166666666666,5278.266666666667,1601.0,,,,AIBR,True
v_25529844_1601,25529845.0,,1826.15,5532.6,1601.0,,,,AIBR,True
25412483,25412484.0,5.0,7333.4,5279.9,1602.0,-1.0,128.0,1764560253.0,AIBL,False
25529487,v_25529487_1599,5.0,2411.15,5289.6,1602.0,-1.0,128.0,1767894818.0,AIBR,False
25412529,25408592.0,5.0,6584.05,4773.9,1602.0,-1.0,128.0,1764560253.0,AIBL,False
25412528,25408592.0,5.0,6582.05,4243.9,1602.0,-1.0,128.0,1764560253.0,AIBL,False
25412527,25408592.0,5.0,5810.05,4515.9,1602.0,-1.0,128.0,1764560253.0,AIBL,False
25528738,25528737.0,5.0,1587.6,5892.0,1602.0,-1.0,99.0,1766425743.0,AIBR,False
25529845,25528738.0,5.0,1839.15,5525.6,1602.0,-1.0,128.0,1767894818.0,AIBR,False
25408592,25408591.0,5.0,6254.05,4378.9,1603.0,-1.0,128.0,1764560253.0,AIBL,False
25408593,25408608.0,5.0,7126.05,4862.9,1603.0,-1.0,128.0,1764560253.0,AIBL,False
25412482,25412483.0,5.0,7303.4,5211.9,1603.0,-1.0,128.0,1764560253.0,AIBL,False
25529846,25529845.0,5.0,1749.15,5321.6,1603.0,-1.0,128.0,1767894818.0,AIBR,False
25529488,25529487.0,5.0,2313.15,5253.6,1603.0,-1.0,128.0,1767894818.0,AIBR,False
v_25529847_1604,25529846.0,,1699.65,5390.6,1604.0,,,,AIBR,True
v_25529489_1604,25529488.0,,2310.15,5265.6,1604.0,,,,AIBR,True
25408608,25412482.0,5.0,7318.05,4950.9,1604.0,-1.0,128.0,1764560253.0,AIBL,False
25408591,25408593.0,5.0,6274.05,4354.9,1604.0,-1.0,128.0,1764560253.0,AIBL,False
25529489,v_25529489_1604,5.0,2309.15,5269.6,1605.0,-1.0,128.0,1767894818.0,AIBR,False
25408590,25408591.0,5.0,6222.05,4354.9,1605.0,-1.0,128.0,1764560253.0,AIBL,False
25408609,25408608.0,5.0,7290.05,4978.9,1605.0,-1.0,128.0,1764560253.0,AIBL,False
25529847,v_25529847_1604,5.0,1683.15,5413.6,1605.0,-1.0,128.0,1767894818.0,AIBR,False
25408589,25408590.0,5.0,6248.05,4364.9,1606.0,-1.0,128.0,1764560253.0,AIBL,False
v_25408610_1606,25408609.0,,7275.05,4963.9,1606.0,,,,AIBL,True
v_25529490_1606,25529489.0,,2287.55,5281.6,1606.0,,,,AIBR,True
v_25529848_1606,25529847.0,,1647.15,5454.1,1606.0,,,,AIBR,True
v_25529490_1607,v_25529490_1607,,2280.35,5285.6,1607.0,,,,AIBR,True
25408610,v_25408610_1606,5.0,7270.05,4958.9,1607.0,-1.0,128.0,1764560253.0,AIBL,False
25408588,25408589.0,5.0,6156.05,4268.9,1607.0,-1.0,128.0,1764560253.0,AIBL,False
25529848,v_25529848_1606,5.0,1635.15,5467.6,1607.0,-1.0,128.0,1767894818.0,AIBR,False
25408611,25408610.0,5.0,7302.05,5006.9,1608.0,-1.0,128.0,1764560253.0,AIBL,False
v_25408587_1608,25408588.0,,6156.05,4268.9,1608.0,,,,AIBL,True
25529490,v_25529490_1606,5.0,2273.15,5289.6,1608.0,-1.0,128.0,1767894818.0,AIBR,False
25529849,25529848.0,5.0,1611.15,5531.6,1608.0,-1.0,128.0,1767894818.0,AIBR,False
v_25408587_1609,v_25408587_1611,,6156.05,4268.9,1609.0,,,,AIBL,True
v_25408612_1609,25408611.0,,7302.05,4994.9,1609.0,,,,AIBL,True
v_25529491_1609,25529490.0,,2292.35,5275.200000000001,1609.0,,,,AIBR,True
v_25529491_1610,v_25529491_1610,,2298.75,5270.400000000001,1610.0,,,,AIBR,True
25408612,v_25408612_1609,5.0,7302.05,4990.9,1610.0,-1.0,128.0,1764560253.0,AIBL,False
v_25408587_1610,v_25408587_1610,,6156.05,4268.9,1610.0,,,,AIBL,True
v_25408613_1611,25408612.0,,7314.05,4987.9,1611.0,,,,AIBL,True
25529491,v_25529491_1609,5.0,2305.15,5265.6,1611.0,-1.0,128.0,1767894818.0,AIBR,False
v_25408587_1611,v_25408587_1609,,6156.05,4268.9,1611.0,,,,AIBL,True
25408613,v_25408613_1611,5.0,7318.05,4986.9,1612.0,-1.0,128.0,1764560253.0,AIBL,False
25408587,v_25408587_1608,5.0,6156.05,4268.9,1612.0,-1.0,128.0,1764560253.0,AIBL,False
v_25529492_1612,25529491.0,,2303.15,5267.6,1612.0,,,,AIBR,True
v_25529492_1613,v_25529492_1614,,2302.4833333333336,5268.266666666667,1613.0,,,,AIBR,True
v_25408582_1613,25408587.0,,6159.8,4261.4,1613.0,,,,AIBL,True
v_25529492_1614,v_25529492_1613,,2301.8166666666666,5268.933333333333,1614.0,,,,AIBR,True
v_25408582_1614,v_25408582_1617,,6161.05,4258.9,1614.0,,,,AIBL,True
25529492,v_25529492_1612,5.0,2301.15,5269.6,1615.0,-1.0,128.0,1767894818.0,AIBR,False
v_25408582_1615,v_25408582_1616,,6162.3,4256.4,1615.0,,,,AIBL,True
v_25529493_1616,25529492.0,,2296.35,5272.0,1616.0,,,,AIBR,True
v_25408582_1616,v_25408582_1615,,6163.55,4253.9,1616.0,,,,AIBL,True
v_25408582_1617,v_25408582_1614,,6164.8,4251.4,1617.0,,,,AIBL,True
v_25529493_1617,v_25529493_1617,,2294.75,5272.8,1617.0,,,,AIBR,True
25408582,v_25408582_1613,5.0,6166.05,4248.9,1618.0,-1.0,128.0,1764560253.0,AIBL,False
25529493,v_25529493_1616,5.0,2293.15,5273.6,1618.0,-1.0,128.0,1767894818.0,AIBR,False
v_25529494_1619,25529493.0,,2343.55,5278.400000000001,1619.0,,,,AIBR,True
v_25408581_1619,25408582.0,,6134.05,4216.9,1619.0,,,,AIBL,True
v_25529494_1620,v_25529494_1620,,2360.35,5280.0,1620.0,,,,AIBR,True
v_25408581_1620,v_25408581_1621,,6123.383333333333,4206.233333333333,1620.0,,,,AIBL,True
25529494,v_25529494_1619,5.0,2377.15,5281.6,1621.0,-1.0,128.0,1767894818.0,AIBR,False
v_25408581_1621,v_25408581_1620,,6112.716666666667,4195.566666666667,1621.0,,,,AIBL,True
v_25529495_1622,25529494.0,,2383.15,5281.6,1622.0,,,,AIBR,True
25408581,v_25408581_1619,5.0,6102.05,4184.9,1622.0,-1.0,128.0,1764560253.0,AIBL,False
25408586,25408581.0,5.0,6139.85,4202.645,1623.0,866.0,128.0,1765468043.0,AIBL,False
25529495,v_25529495_1622,5.0,2385.15,5281.6,1623.0,-1.0,128.0,1767894818.0,AIBR,False
v_25529496_1624,25529495.0,,2373.15,5283.6,1624.0,,,,AIBR,True
v_25408580_1624,25408586.0,,6111.5,4189.33625,1624.0,,,,AIBL,True
25408580,v_25408580_1624,5.0,6102.05,4184.9,1625.0,866.0,128.0,1764560253.0,AIBL,False
v_25529496_1625,v_25529496_1626,,2369.15,5284.266666666667,1625.0,,,,AIBR,True
25408585,25408580.0,5.0,6095.4,4184.9,1626.0,866.0,128.0,1764560253.0,AIBL,False
v_25529496_1626,v_25529496_1625,,2365.15,5284.933333333333,1626.0,,,,AIBR,True
25529496,v_25529496_1624,5.0,2361.15,5285.6,1627.0,-1.0,128.0,1767894818.0,AIBR,False
v_25408579_1627,25408585.0,,6085.3875,4184.9,1627.0,,,,AIBL,True
v_25529497_1628,25529496.0,,2353.9500000000003,5288.0,1628.0,,,,AIBR,True
25408579,v_25408579_1627,5.0,6082.05,4184.9,1628.0,-1.0,128.0,1764560253.0,AIBL,False
