node_id,parent_id,confidence,x,y,z,radius,creator_id,edition_time,cell_name,is_vnode
25489597,25489595.0,5.0,5970.55,3210.2,1362.0,-1.0,128.0,1766097508.0,RICR,False
25489595,v_25489595_1364,5.0,6002.55,3216.2,1363.0,-1.0,128.0,1766097508.0,RICR,False
v_25489595_1364,25489594.0,,5985.55,3210.2,1364.0,,,,RICR,True
25512035,25512034.0,5.0,6040.75,3373.165,1364.0,-1.0,128.0,1769198717.0,RICL,False
25489594,v_25489594_1366,5.0,5968.55,3204.2,1365.0,-1.0,128.0,1766097508.0,RICR,False
25512034,25512033.0,5.0,6063.75,3362.15,1365.0,-1.0,128.0,1769198717.0,RICL,False
v_25489594_1366,25489593.0,,5957.55,3184.2,1366.0,,,,RICR,True
25512033,v_25512033_1367,5.0,6015.75,3362.15,1366.0,-1.0,128.0,1769198717.0,RICL,False
25489593,v_25489593_1368,5.0,5946.55,3164.2,1367.0,-1.0,128.0,1770504025.0,RICR,False
v_25512033_1367,25512032.0,,6026.75,3351.15,1367.0,,,,RICL,True
v_25489593_1368,25556628.0,,5943.875,3176.8675,1368.0,,,,RICR,True
25512032,25556629.0,5.0,6037.75,3340.15,1368.0,-1.0,128.0,1770504026.0,RICL,False
25556628,25489592.0,5.0,5941.2,3189.535,1369.0,-1.0,128.0,1770504025.0,RICR,False
25556629,25512031.0,5.0,6019.75,3346.15,1369.0,-1.0,128.0,1770504026.0,RICL,False
25512031,v_25512031_1371,5.0,6001.75,3352.15,1370.0,-1.0,128.0,1769198717.0,RICL,False
25489592,v_25489592_1371,5.0,5938.55,3202.2,1370.0,-1.0,128.0,1770504043.0,RICR,False
v_25489592_1371,25556631.0,,5927.225,3206.8675,1371.0,,,,RICR,True
v_25512031_1371,25512030.0,,5998.75,3354.15,1371.0,,,,RICL,True
25556631,25489591.0,5.0,5915.9,3211.535,1372.0,-1.0,128.0,1770504043.0,RICR,False
25512030,v_25512030_1373,5.0,5995.75,3356.15,1372.0,-1.0,128.0,1769198717.0,RICL,False
v_25512030_1373,25512029.0,,5974.75,3352.15,1373.0,,,,RICL,True
25489591,v_25489591_1374,5.0,5904.55,3216.2,1373.0,-1.0,128.0,1766097508.0,RICR,False
25512029,v_25512029_1375,5.0,5953.75,3348.15,1374.0,-1.0,128.0,1769198717.0,RICL,False
v_25489591_1374,v_25489591_1375,,5894.55,3218.8666666666663,1374.0,,,,RICR,True
v_25512029_1375,v_25512029_1376,,5939.083333333333,3351.4833333333336,1375.0,,,,RICL,True
v_25489591_1375,25489590.0,,5884.55,3221.5333333333333,1375.0,,,,RICR,True
25489590,25527656.0,5.0,5874.55,3224.2,1376.0,-1.0,128.0,1766097508.0,RICR,False
v_25512029_1376,25512028.0,,5924.416666666667,3354.8166666666666,1376.0,,,,RICL,True
25527656,25489589.0,5.0,5876.55,3219.2,1377.0,-1.0,128.0,1766097508.0,RICR,False
25512028,v_25512028_1378,5.0,5909.75,3358.15,1377.0,-1.0,128.0,1769198717.0,RICL,False
v_25512028_1378,25512027.0,,5901.75,3349.15,1378.0,,,,RICL,True
25489589,25489588.0,5.0,5878.55,3214.2,1378.0,-1.0,128.0,1766097508.0,RICR,False
25512027,v_25512027_1380,5.0,5893.75,3340.15,1379.0,-1.0,128.0,1769198717.0,RICL,False
25489588,25489596.0,5.0,5860.55,3214.2,1379.0,-1.0,128.0,1766097508.0,RICR,False
v_25512027_1380,25512026.0,,5853.75,3386.15,1380.0,,,,RICL,True
25489596,25489587.0,5.0,5824.55,3282.2,1380.0,-1.0,128.0,1766097508.0,RICR,False
25512026,25512025.0,5.0,5813.75,3432.15,1381.0,-1.0,128.0,1769198717.0,RICL,False
25489587,25489586.0,5.0,5788.55,3350.2,1381.0,-1.0,128.0,1766097508.0,RICR,False
25512025,25512024.0,5.0,5811.75,3372.15,1382.0,-1.0,128.0,1769198717.0,RICL,False
25489586,25489585.0,5.0,5714.55,3304.2,1382.0,-1.0,128.0,1766097508.0,RICR,False
25512024,v_25512024_1384,5.0,5789.75,3382.15,1383.0,-1.0,128.0,1769198717.0,RICL,False
25489585,25489584.0,5.0,5680.55,3302.2,1383.0,-1.0,128.0,1766097508.0,RICR,False
25489584,25489583.0,5.0,5652.55,3288.2,1384.0,-1.0,128.0,1766097508.0,RICR,False
v_25512024_1384,25512023.0,,5792.75,3390.15,1384.0,,,,RICL,True
25489583,25489582.0,5.0,5622.55,3308.2,1385.0,-1.0,128.0,1766097508.0,RICR,False
25512023,v_25512023_1386,5.0,5795.75,3398.15,1385.0,-1.0,128.0,1769198717.0,RICL,False
v_25512023_1386,25512022.0,,5803.75,3422.15,1386.0,,,,RICL,True
25489582,25489581.0,5.0,5634.55,3316.2,1386.0,-1.0,128.0,1766097508.0,RICR,False
25489581,25489580.0,5.0,5610.55,3308.2,1387.0,-1.0,128.0,1766097508.0,RICR,False
25514661,25514660.0,5.0,4976.15,2791.25,1387.0,-1.0,128.0,1771826956.0,RICL,False
25512022,25512021.0,5.0,5811.75,3446.15,1387.0,-1.0,128.0,1769198717.0,RICL,False
25489580,25489579.0,5.0,5622.55,3346.2,1388.0,-1.0,128.0,1766097508.0,RICR,False
25514660,25514659.0,5.0,5008.15,2803.25,1388.0,-1.0,128.0,1771826956.0,RICL,False
25512021,v_25512021_1389,5.0,5833.75,3468.15,1388.0,-1.0,128.0,1769198717.0,RICL,False
v_25512021_1389,25512020.0,,5848.75,3490.15,1389.0,,,,RICL,True
25489579,25489577.0,5.0,5626.55,3370.2,1389.0,-1.0,128.0,1766097508.0,RICR,False
25489578,25489577.0,5.0,5092.55,3348.2,1389.0,-1.0,128.0,1766097508.0,RICR,False
25514659,25514658.0,5.0,5052.15,2819.25,1389.0,-1.0,128.0,1771826956.0,RICL,False
25489577,25489561.0,5.0,5228.55,3346.2,1390.0,-1.0,128.0,1766097508.0,RICR,False
25514658,25514657.0,5.0,5059.15,2815.26,1390.0,-1.0,128.0,1771826956.0,RICL,False
25512020,v_25512020_1391,5.0,5863.75,3512.15,1390.0,-1.0,128.0,1769198717.0,RICL,False
25489561,v_25489561_1392,5.0,5228.55,3370.2,1391.0,-1.0,128.0,1766097508.0,RICR,False
v_25512020_1391,25512019.0,,5868.75,3536.15,1391.0,,,,RICL,True
25514657,25514656.0,5.0,5112.15,2827.25,1391.0,-1.0,128.0,1771826956.0,RICL,False
25440961,25440959.0,5.0,5361.6,3550.75,1392.0,-1.0,128.0,1761068941.0,RICL,False
25551477,25489561.0,5.0,5462.55,3450.2,1392.0,-1.0,128.0,1768932840.0,RICR,False
25440962,25440960.0,5.0,4861.6,3170.75,1392.0,-1.0,128.0,1761068956.0,RICL,False
v_25489561_1392,25489562.0,,5002.55,3316.2,1392.0,,,,RICR,True
25512019,25512018.0,5.0,5873.75,3560.15,1392.0,-1.0,128.0,1769198717.0,RICL,False
25514656,25514655.0,5.0,5112.15,2827.25,1392.0,-1.0,128.0,1771826956.0,RICL,False
25514655,25514654.0,5.0,5202.15,2859.26,1393.0,-1.0,128.0,1771827033.0,RICL,False
25440959,25440958.0,5.0,5377.6,3526.75,1393.0,-1.0,128.0,1761068934.0,RICL,False
25512018,25512017.0,5.0,5855.75,3570.15,1393.0,-1.0,128.0,1769198717.0,RICL,False
25440960,25440958.0,5.0,4869.6,3166.75,1393.0,-1.0,128.0,1761068937.0,RICL,False
25489563,25551477.0,5.0,5696.55,3530.2,1393.0,-1.0,128.0,1768932840.0,RICR,False
25489562,25489568.0,5.0,4776.55,3262.2,1393.0,-1.0,128.0,1766097508.0,RICR,False
25489568,25489569.0,5.0,4706.55,3230.2,1394.0,-1.0,128.0,1766097508.0,RICR,False
25440958,25440957.0,5.0,5105.6,3266.75,1394.0,-1.0,128.0,1761068924.0,RICL,False
25489564,25489563.0,5.0,5724.55,3554.2,1394.0,-1.0,128.0,1766097508.0,RICR,False
25514654,25514650.0,5.0,5196.15,2871.25,1394.0,-1.0,128.0,1771826956.0,RICL,False
25512017,25512016.0,5.0,5857.75,3568.15,1394.0,-1.0,128.0,1769198717.0,RICL,False
25512016,25512015.0,5.0,5865.75,3608.15,1395.0,-1.0,128.0,1769198717.0,RICL,False
25514650,25514651.0,5.0,5180.15,2879.25,1395.0,-1.0,128.0,1771826956.0,RICL,False
25440957,25440956.0,5.0,5101.6,3250.75,1395.0,-1.0,128.0,1761068922.0,RICL,False
25489569,25489570.0,5.0,4684.55,3238.2,1395.0,-1.0,128.0,1766097508.0,RICR,False
25489565,25489564.0,5.0,5724.55,3594.2,1395.0,-1.0,128.0,1766097508.0,RICR,False
25514651,25440956.0,2.0,5109.15,2851.26,1396.0,-1.0,128.0,1771826959.0,RICL,False
25489566,25489565.0,5.0,5732.55,3634.2,1396.0,-1.0,128.0,1766097508.0,RICR,False
25489570,25489575.0,5.0,4336.55,3012.2,1396.0,-1.0,128.0,1766097508.0,RICR,False
25489571,25489569.0,5.0,4702.55,3244.2,1396.0,-1.0,128.0,1766097508.0,RICR,False
25489572,25489569.0,5.0,5036.55,3416.2,1396.0,-1.0,128.0,1766097508.0,RICR,False
25512015,25512014.0,5.0,5845.75,3640.15,1396.0,-1.0,128.0,1769198717.0,RICL,False
25457282,25457280.0,5.0,4142.15,2826.6,1396.0,-1.0,128.0,1761362610.0,RICL,False
25457281,25440956.0,5.0,4370.15,2674.6,1396.0,-1.0,128.0,1761362610.0,RICL,False
25440956,25440955.0,5.0,5042.15,3250.6,1396.0,-1.0,128.0,1761362535.0,RICL,False
25489575,v_25489575_1398,5.0,4306.55,3022.2,1397.0,-1.0,128.0,1766097508.0,RICR,False
25489574,25489571.0,5.0,4682.55,3232.2,1397.0,-1.0,128.0,1766097508.0,RICR,False
25489573,25489572.0,5.0,5024.55,3416.2,1397.0,-1.0,128.0,1766097508.0,RICR,False
25489567,25489566.0,5.0,5740.55,3646.2,1397.0,-1.0,128.0,1766097508.0,RICR,False
25440955,25440954.0,5.0,5198.6,3344.75,1397.0,-1.0,128.0,1761068904.0,RICL,False
25514652,25514651.0,5.0,5107.15,2869.26,1397.0,-1.0,128.0,1771826956.0,RICL,False
25512014,25512013.0,5.0,5823.75,3634.15,1397.0,-1.0,128.0,1769198717.0,RICL,False
25457280,25457281.0,5.0,4330.15,2718.6,1397.0,-1.0,128.0,1761362610.0,RICL,False
25510154,25489567.0,5.0,5741.15,3715.28,1398.0,-1.0,128.0,1766097508.0,RICR,False
25512013,25552300.0,3.0,5792.75,3651.165,1398.0,-1.0,128.0,1769198723.0,RICL,False
25457279,25457280.0,5.0,4281.155,2693.26,1398.0,-1.0,128.0,1771826674.0,RICL,False
25559317,25514652.0,5.0,5135.15,2869.26,1398.0,-1.0,128.0,1771826956.0,RICL,False
25510153,25489567.0,5.0,5703.0,3627.76,1398.0,-1.0,128.0,1766097508.0,RICR,False
25489576,25489575.0,5.0,4280.55,2944.2,1398.0,-1.0,128.0,1766097508.0,RICR,False
25440954,25440725.0,5.0,5214.6,3368.75,1398.0,-1.0,128.0,1761068902.0,RICL,False
v_25489575_1398,25454257.0,,4222.25,3112.875,1398.0,,,,RICR,True
25454257,25454256.0,5.0,4137.95,3203.55,1399.0,-1.0,128.0,1766097508.0,RICR,False
25510155,25510154.0,5.0,5761.15,3823.28,1399.0,-1.0,128.0,1766097508.0,RICR,False
25457278,25457279.0,5.0,4230.15,2938.6,1399.0,-1.0,128.0,1761362610.0,RICL,False
25457401,25457400.0,5.0,3564.15,3567.6,1399.0,-1.0,128.0,1761363278.0,RICL,False
25440725,,5.0,5286.15,3432.29,1399.0,-1.0,128.0,1769138828.0,RICL,False
25552300,25440725.0,5.0,5817.55,3730.2,1399.0,-1.0,128.0,1769198712.0,RICL,False
25457400,v_25457400_1401,5.0,3554.15,3571.6,1400.0,-1.0,128.0,1761363275.0,RICL,False
25440726,25440725.0,5.0,5363.6,3488.75,1400.0,-1.0,128.0,1761067690.0,RICL,False
25457277,25457278.0,5.0,4154.15,2990.6,1400.0,-1.0,128.0,1761362610.0,RICL,False
25510156,25510155.0,5.0,5771.15,3847.28,1400.0,-1.0,128.0,1766097508.0,RICR,False
25454256,25454255.0,5.0,4069.95,3237.55,1400.0,-1.0,128.0,1766084565.0,RICR,False
v_25510157_1401,25510156.0,,5784.65,3881.78,1401.0,,,,RICR,True
25457276,25457277.0,5.0,4094.15,3046.6,1401.0,-1.0,128.0,1761362610.0,RICL,False
25440727,25440726.0,5.0,5363.6,3468.75,1401.0,-1.0,128.0,1761067691.0,RICL,False
v_25457400_1401,25457399.0,,3541.15,3565.6,1401.0,,,,RICL,True
25454255,25454254.0,5.0,4023.95,3275.55,1401.0,-1.0,128.0,1766084565.0,RICR,False
25440728,25440727.0,5.0,5363.6,3468.75,1402.0,-1.0,128.0,1761067692.0,RICL,False
25457260,25457276.0,5.0,3934.15,3086.6,1402.0,-1.0,128.0,1761362610.0,RICL,False
25457399,v_25457399_1403,5.0,3528.15,3559.6,1402.0,-1.0,128.0,1761363274.0,RICL,False
25510157,v_25510157_1401,5.0,5789.15,3893.28,1402.0,-1.0,128.0,1766097508.0,RICR,False
25454254,v_25454254_1403,5.0,3973.95,3287.55,1402.0,-1.0,128.0,1766084565.0,RICR,False
25510158,25510157.0,5.0,5845.15,3953.28,1403.0,-1.0,128.0,1766097508.0,RICR,False
v_25454254_1403,25454253.0,,3965.95,3283.55,1403.0,,,,RICR,True
25440729,25440728.0,5.0,5375.6,3468.75,1403.0,-1.0,128.0,1761067695.0,RICL,False
25457259,25457260.0,5.0,3778.15,3186.6,1403.0,-1.0,128.0,1761362610.0,RICL,False
25457261,25457260.0,5.0,4286.15,2926.6,1403.0,-1.0,128.0,1761362610.0,RICL,False
v_25457399_1403,25457398.0,,3528.15,3557.6,1403.0,,,,RICL,True
25510159,25510158.0,5.0,5867.15,3983.28,1404.0,-1.0,128.0,1766097508.0,RICR,False
25454253,25454252.0,5.0,3957.95,3279.55,1404.0,-1.0,128.0,1766084565.0,RICR,False
25457398,25457397.0,5.0,3528.15,3555.6,1404.0,-1.0,128.0,1761363273.0,RICL,False
25457262,25457261.0,5.0,4314.15,2926.6,1404.0,-1.0,128.0,1761362610.0,RICL,False
25457258,25457259.0,5.0,3774.15,3162.6,1404.0,-1.0,128.0,1761362610.0,RICL,False
25440730,25440729.0,5.0,5367.6,3468.75,1404.0,-1.0,128.0,1761067699.0,RICL,False
v_25510160_1405,25510159.0,,5873.15,4001.28,1405.0,,,,RICR,True
25454252,25454251.0,5.0,3939.95,3311.55,1405.0,-1.0,128.0,1766084565.0,RICR,False
25457397,25457396.0,5.0,3496.15,3559.6,1405.0,-1.0,128.0,1761363272.0,RICL,False
25457257,25457258.0,5.0,3734.15,3210.6,1405.0,-1.0,128.0,1761362610.0,RICL,False
25457263,25457262.0,5.0,4322.15,2946.6,1405.0,-1.0,128.0,1761362610.0,RICL,False
25440731,25440730.0,5.0,5331.6,3364.75,1405.0,-1.0,128.0,1761067701.0,RICL,False
25440732,25440730.0,5.0,5151.6,3268.75,1405.0,-1.0,128.0,1761067704.0,RICL,False
25440733,25440730.0,5.0,5635.6,3668.75,1405.0,-1.0,128.0,1761067706.0,RICL,False
25457264,25457263.0,5.0,4174.15,2926.6,1406.0,-1.0,128.0,1761362610.0,RICL,False
25457265,25457263.0,5.0,4538.15,2982.6,1406.0,-1.0,128.0,1761362610.0,RICL,False
25457256,25457257.0,5.0,3694.15,3246.6,1406.0,-1.0,128.0,1761362610.0,RICL,False
25510160,v_25510160_1405,5.0,5875.15,4007.28,1406.0,-1.0,128.0,1766097508.0,RICR,False
25454251,25454250.0,5.0,3923.95,3331.55,1406.0,-1.0,128.0,1766084565.0,RICR,False
25457396,25457395.0,5.0,3484.15,3559.6,1406.0,-1.0,128.0,1761363271.0,RICL,False
25440738,25440733.0,5.0,5663.6,3672.75,1406.0,-1.0,128.0,1761067747.0,RICL,False
25440735,25440732.0,5.0,5135.6,3264.75,1406.0,-1.0,128.0,1761067718.0,RICL,False
25440734,25440731.0,5.0,5351.6,3360.75,1406.0,-1.0,128.0,1761067714.0,RICL,False
25440736,25440734.0,5.0,5371.6,3348.75,1407.0,-1.0,128.0,1761067721.0,RICL,False
25440739,25440738.0,5.0,5671.6,3704.75,1407.0,-1.0,128.0,1761067748.0,RICL,False
25457255,25457256.0,5.0,3678.15,3246.6,1407.0,-1.0,128.0,1761362610.0,RICL,False
25457266,25457265.0,5.0,4550.15,2974.6,1407.0,-1.0,128.0,1761362610.0,RICL,False
25457395,25457254.0,5.0,3448.15,3573.6,1407.0,-1.0,128.0,1761363269.0,RICL,False
25510161,25510160.0,5.0,5889.15,4023.28,1407.0,-1.0,128.0,1766097508.0,RICR,False
25454250,25454249.0,5.0,3899.95,3349.55,1407.0,-1.0,128.0,1766084565.0,RICR,False
25457254,25457252.0,5.0,3482.15,3542.6,1408.0,-1.0,128.0,1761362610.0,RICL,False
25457267,25457266.0,5.0,4554.15,2974.6,1408.0,-1.0,128.0,1761362610.0,RICL,False
25457253,25457255.0,5.0,3662.15,3302.6,1408.0,-1.0,128.0,1761362610.0,RICL,False
25551474,25510161.0,5.0,5893.15,4029.945,1408.0,-1.0,128.0,1768932794.0,RICR,False
v_25440740_1408,25440739.0,,5677.6,3728.75,1408.0,,,,RICL,True
25440737,25440736.0,5.0,5380.15,3339.665,1408.0,-1.0,128.0,1766524577.0,RICL,False
25454249,25454248.0,5.0,3855.95,3353.55,1408.0,-1.0,128.0,1766084565.0,RICR,False
25440740,v_25440740_1408,5.0,5679.6,3736.75,1409.0,-1.0,128.0,1761067749.0,RICL,False
v_25510162_1409,25551474.0,,5899.15,4039.94625,1409.0,,,,RICR,True
25454248,25454247.0,5.0,3807.95,3341.55,1409.0,-1.0,128.0,1766084565.0,RICR,False
25457268,25457267.0,5.0,4550.15,2958.6,1409.0,-1.0,128.0,1761362610.0,RICL,False
25457252,25457253.0,5.0,3542.15,3482.6,1409.0,-1.0,128.0,1761362610.0,RICL,False
25454247,25454246.0,5.0,3763.95,3341.55,1410.0,-1.0,128.0,1766084565.0,RICR,False
25510162,v_25510162_1409,5.0,5901.15,4043.28,1410.0,-1.0,128.0,1768932794.0,RICR,False
25440741,25440740.0,5.0,5719.6,3784.75,1410.0,-1.0,128.0,1761067750.0,RICL,False
25457251,25457252.0,5.0,3482.15,3546.6,1410.0,-1.0,128.0,1761362610.0,RICL,False
25457269,25457268.0,5.0,4566.15,2962.6,1410.0,-1.0,128.0,1761362610.0,RICL,False
25454246,25551482.0,5.0,3717.95,3355.55,1411.0,-1.0,128.0,1768937506.0,RICR,False
25457250,25457251.0,5.0,3446.15,3554.6,1411.0,-1.0,128.0,1761362610.0,RICL,False
25457270,25457269.0,5.0,4562.15,2974.6,1411.0,-1.0,128.0,1761362610.0,RICL,False
25510163,25510162.0,5.0,5901.15,4055.28,1411.0,-1.0,128.0,1766097508.0,RICR,False
25440742,25440741.0,5.0,5719.6,3784.75,1411.0,-1.0,128.0,1761067751.0,RICL,False
25510164,25510163.0,5.0,5894.0,4043.78,1412.0,-1.0,128.0,1767380881.0,RICR,False
25457249,25457250.0,5.0,3386.15,3618.6,1412.0,-1.0,128.0,1761362610.0,RICL,False
25551482,25454117.0,5.0,3674.95,3353.05,1412.0,-1.0,128.0,1768937506.0,RICR,False
25457271,25457270.0,5.0,4542.15,2982.6,1412.0,-1.0,128.0,1761362610.0,RICL,False
25440743,25440742.0,5.0,5750.0,3743.78,1412.0,-1.0,128.0,1767380883.0,RICL,False
25457248,25457249.0,5.0,3346.15,3634.6,1413.0,-1.0,128.0,1761362610.0,RICL,False
25440744,25440743.0,5.0,5795.6,3820.75,1413.0,-1.0,128.0,1761067754.0,RICL,False
25457272,25457271.0,5.0,4542.15,2978.6,1413.0,-1.0,128.0,1761362610.0,RICL,False
25510165,25510164.0,5.0,5973.15,4107.28,1413.0,-1.0,128.0,1766097508.0,RICR,False
25454117,25454116.0,5.0,3631.95,3350.55,1413.0,-1.0,128.0,1766084565.0,RICR,False
25510166,25510165.0,5.0,6003.15,4129.28,1414.0,-1.0,128.0,1766097508.0,RICR,False
25457273,25457272.0,5.0,4554.15,2966.6,1414.0,-1.0,128.0,1761362610.0,RICL,False
25457283,25457248.0,5.0,3334.15,3660.6,1414.0,-1.0,128.0,1761362677.0,RICL,False
25440745,25440744.0,5.0,5795.6,3820.75,1414.0,-1.0,128.0,1761067755.0,RICL,False
25454116,v_25454116_1415,5.0,3599.95,3370.55,1414.0,-1.0,128.0,1766084565.0,RICR,False
25457284,25457283.0,5.0,3330.15,3668.6,1415.0,-1.0,128.0,1761362678.0,RICL,False
25457274,25457273.0,5.0,4546.15,2974.6,1415.0,-1.0,128.0,1761362610.0,RICL,False
v_25510167_1415,25510166.0,,5988.75,4152.08,1415.0,,,,RICR,True
25440746,25440745.0,5.0,5775.6,3840.75,1415.0,-1.0,128.0,1761067757.0,RICL,False
v_25454116_1415,25454115.0,,3567.95,3366.55,1415.0,,,,RICR,True
v_25510167_1416,v_25510167_1416,,5983.95,4159.679999999999,1416.0,,,,RICR,True
25454115,v_25454115_1417,5.0,3535.95,3362.55,1416.0,-1.0,128.0,1766084565.0,RICR,False
25440802,25440801.0,5.0,6267.6,4648.75,1416.0,-1.0,128.0,1761067997.0,RICL,False
25457275,25457274.0,5.0,4538.15,2974.6,1416.0,-1.0,128.0,1761362610.0,RICL,False
25457285,25457284.0,5.0,3310.15,3684.6,1416.0,-1.0,128.0,1761362679.0,RICL,False
25440748,25440746.0,5.0,5891.6,3988.75,1416.0,-1.0,128.0,1761067771.0,RICL,False
25440747,25440746.0,5.0,5819.6,3692.75,1416.0,-1.0,128.0,1761067764.0,RICL,False
v_25454115_1417,25454114.0,,3511.95,3366.55,1417.0,,,,RICR,True
25440749,25440747.0,5.0,5903.6,3680.75,1417.0,-1.0,128.0,1761067779.0,RICL,False
25440801,25440800.0,5.0,6255.6,4648.75,1417.0,-1.0,128.0,1761067995.0,RICL,False
25440753,25440748.0,5.0,5895.6,4044.75,1417.0,-1.0,128.0,1761067796.0,RICL,False
25457286,25457285.0,5.0,3270.15,3696.6,1417.0,-1.0,128.0,1761362680.0,RICL,False
25510167,v_25510167_1415,5.0,5979.15,4167.28,1417.0,-1.0,128.0,1766097508.0,RICR,False
v_25510168_1418,25510167.0,,5964.75,4210.48,1418.0,,,,RICR,True
25457287,25457286.0,5.0,3250.15,3700.6,1418.0,-1.0,128.0,1761362681.0,RICL,False
25454114,v_25454114_1419,5.0,3487.95,3370.55,1418.0,-1.0,128.0,1766084565.0,RICR,False
25440800,25440799.0,5.0,6235.6,4672.75,1418.0,-1.0,128.0,1761067993.0,RICL,False
25440754,25440753.0,5.0,5895.6,4044.75,1418.0,-1.0,128.0,1761067797.0,RICL,False
25440750,25440749.0,5.0,5931.6,3656.75,1418.0,-1.0,128.0,1761067781.0,RICL,False
25440755,25440754.0,5.0,5891.6,4044.75,1419.0,-1.0,128.0,1761067798.0,RICL,False
25440799,25440798.0,5.0,6235.6,4668.75,1419.0,-1.0,128.0,1761067991.0,RICL,False
25440751,25440750.0,5.0,5975.6,3640.75,1419.0,-1.0,128.0,1761067783.0,RICL,False
v_25510168_1419,v_25510168_1419,,5959.95,4224.88,1419.0,,,,RICR,True
v_25454114_1419,25454113.0,,3453.95,3362.55,1419.0,,,,RICR,True
25457288,25457287.0,5.0,3202.15,3720.6,1419.0,-1.0,128.0,1761362682.0,RICL,False
25454113,25454112.0,5.0,3419.95,3354.55,1420.0,-1.0,128.0,1766084565.0,RICR,False
25510168,v_25510168_1418,5.0,5955.15,4239.28,1420.0,-1.0,128.0,1766097508.0,RICR,False
25440756,25440755.0,5.0,5891.6,4044.75,1420.0,-1.0,128.0,1761067799.0,RICL,False
25440752,25440751.0,5.0,5991.6,3644.75,1420.0,-1.0,128.0,1761067787.0,RICL,False
25457289,25457288.0,5.0,3178.15,3716.6,1420.0,-1.0,128.0,1761362683.0,RICL,False
25440798,25440797.0,5.0,6211.6,4756.75,1420.0,-1.0,128.0,1761067988.0,RICL,False
25440797,25440796.0,5.0,6183.6,4792.75,1421.0,-1.0,128.0,1761067986.0,RICL,False
25440757,25440756.0,5.0,5871.6,4068.75,1421.0,-1.0,128.0,1761067800.0,RICL,False
v_25555601_1421,25510168.0,,5944.1625,4258.28125,1421.0,,,,RICR,True
25457290,25457289.0,5.0,3138.15,3720.6,1421.0,-1.0,128.0,1761362684.0,RICL,False
25454112,25454111.0,5.0,3427.95,3362.55,1421.0,-1.0,128.0,1766084565.0,RICR,False
25454111,v_25454111_1423,5.0,3403.95,3410.55,1422.0,-1.0,128.0,1766084565.0,RICR,False
25555601,v_25555601_1421,5.0,5940.5,4264.615,1422.0,-1.0,128.0,1769803747.0,RICR,False
v_25457291_1422,25457290.0,,3114.15,3723.6,1422.0,,,,RICL,True
25440758,25440757.0,5.0,5871.6,4068.75,1422.0,-1.0,128.0,1761067801.0,RICL,False
25440796,25440795.0,5.0,6163.6,4832.75,1422.0,-1.0,128.0,1761067984.0,RICL,False
25510169,25555601.0,5.0,5933.15,4277.28,1423.0,-1.0,128.0,1769803747.0,RICR,False
25457291,v_25457291_1422,5.0,3106.15,3724.6,1423.0,-1.0,128.0,1761362685.0,RICL,False
25440759,25440758.0,5.0,5867.6,4164.75,1423.0,-1.0,128.0,1761067811.0,RICL,False
v_25454111_1423,25454110.0,,3367.95,3442.55,1423.0,,,,RICR,True
25440795,25440794.0,5.0,6123.6,4892.75,1423.0,-1.0,128.0,1761067983.0,RICL,False
25440760,25440759.0,5.0,5851.6,4208.75,1424.0,-1.0,128.0,1761067813.0,RICL,False
25440794,25440793.0,5.0,6111.6,4924.75,1424.0,-1.0,128.0,1761067982.0,RICL,False
v_25510170_1424,25510169.0,,5911.549999999999,4310.88,1424.0,,,,RICR,True
25454110,25454109.0,5.0,3331.95,3474.55,1424.0,-1.0,128.0,1766084565.0,RICR,False
25457292,25457291.0,5.0,3102.15,3728.6,1424.0,-1.0,128.0,1761362686.0,RICL,False
v_25510170_1425,v_25510170_1425,,5904.349999999999,4322.08,1425.0,,,,RICR,True
25440793,25440792.0,5.0,6087.6,4984.75,1425.0,-1.0,128.0,1761067981.0,RICL,False
25454109,v_25454109_1426,5.0,3299.95,3542.55,1425.0,-1.0,128.0,1766084565.0,RICR,False
25440761,25440760.0,5.0,5827.6,4252.75,1425.0,-1.0,128.0,1761067814.0,RICL,False
25457293,25457292.0,5.0,3106.15,3728.6,1425.0,-1.0,128.0,1761362687.0,RICL,False
v_25454109_1426,25454108.0,,3279.95,3562.55,1426.0,,,,RICR,True
25440762,25440761.0,5.0,5827.6,4272.75,1426.0,-1.0,128.0,1761067815.0,RICL,False
25440792,25440791.0,5.0,6087.6,4984.75,1426.0,-1.0,128.0,1761067980.0,RICL,False
v_25457294_1426,25457293.0,,3085.15,3746.6,1426.0,,,,RICL,True
25510170,v_25510170_1424,5.0,5897.15,4333.28,1426.0,-1.0,128.0,1766097508.0,RICR,False
v_25510171_1427,25510170.0,,5888.75,4411.28,1427.0,,,,RICR,True
25440763,25440762.0,5.0,5827.6,4272.75,1427.0,-1.0,128.0,1761067816.0,RICL,False
25440791,25440790.0,5.0,6067.6,5004.75,1427.0,-1.0,128.0,1761067978.0,RICL,False
25457294,v_25457294_1426,5.0,3078.15,3752.6,1427.0,-1.0,128.0,1761362688.0,RICL,False
25454108,25551079.0,5.0,3259.95,3582.55,1427.0,-1.0,128.0,1768842508.0,RICR,False
25551079,v_25551079_1429,5.0,3254.615,3589.215,1428.0,-1.0,128.0,1768842508.0,RICR,False
25457295,25457294.0,5.0,3070.15,3776.6,1428.0,-1.0,128.0,1761362689.0,RICL,False
v_25510171_1428,v_25510171_1428,,5885.95,4437.28,1428.0,,,,RICR,True
25440764,25440763.0,5.0,5831.6,4268.75,1428.0,-1.0,128.0,1761067823.0,RICL,False
25440790,25440789.0,5.0,6051.6,5056.75,1428.0,-1.0,128.0,1761067977.0,RICL,False
25440765,25440764.0,5.0,5831.6,4268.75,1429.0,-1.0,128.0,1761067824.0,RICL,False
25440783,25440782.0,5.0,5715.6,6028.75,1429.0,-1.0,128.0,1761067961.0,RICL,False
25440789,25440788.0,5.0,6051.6,5076.75,1429.0,-1.0,128.0,1761067976.0,RICL,False
25510171,v_25510171_1427,5.0,5883.15,4463.28,1429.0,-1.0,128.0,1766097508.0,RICR,False
v_25551079_1429,25454107.0,,3249.2825,3595.8825,1429.0,,,,RICR,True
25457296,25457295.0,5.0,3046.15,3784.6,1429.0,-1.0,128.0,1761362690.0,RICL,False
25457297,25457296.0,5.0,3042.15,3808.6,1430.0,-1.0,128.0,1761362691.0,RICL,False
v_25510172_1430,25510171.0,,5867.549999999999,4510.08,1430.0,,,,RICR,True
25440788,25440787.0,5.0,5987.6,5128.75,1430.0,-1.0,128.0,1761067975.0,RICL,False
25440782,25440781.0,5.0,5707.6,6020.75,1430.0,-1.0,128.0,1761067959.0,RICL,False
25454107,25554266.0,5.0,3243.95,3602.55,1430.0,-1.0,128.0,1769659802.0,RICR,False
v_25440766_1430,25440765.0,,5831.6,4268.75,1430.0,,,,RICL,True
25440787,25440786.0,5.0,5887.6,5200.75,1431.0,-1.0,128.0,1761067974.0,RICL,False
25440781,25440780.0,5.0,5687.6,6008.75,1431.0,-1.0,128.0,1761067959.0,RICL,False
25440766,v_25440766_1430,5.0,5831.6,4268.75,1431.0,-1.0,128.0,1761067825.0,RICL,False
25457298,25457297.0,5.0,3010.15,3812.6,1431.0,-1.0,128.0,1761362693.0,RICL,False
25554266,25454106.0,5.0,3212.96,3606.09,1431.0,-1.0,128.0,1769659802.0,RICR,False
v_25510172_1431,v_25510172_1431,,5862.349999999999,4525.679999999999,1431.0,,,,RICR,True
25551444,25551443.0,5.0,5594.6,4824.75,1432.0,-1.0,128.0,1768930073.0,RICL,False
25510172,v_25510172_1430,5.0,5857.15,4541.28,1432.0,-1.0,128.0,1766097508.0,RICR,False
25440767,25440766.0,5.0,5831.6,4268.75,1432.0,-1.0,128.0,1761067827.0,RICL,False
25454106,v_25454106_1433,5.0,3195.95,3638.55,1432.0,-1.0,128.0,1766084565.0,RICR,False
25457299,25457298.0,5.0,3006.15,3900.6,1432.0,-1.0,128.0,1761362697.0,RICL,False
25440786,25440785.0,5.0,5879.6,5204.75,1432.0,-1.0,128.0,1761067973.0,RICL,False
25440780,25440779.0,5.0,5687.6,6008.75,1432.0,-1.0,128.0,1761067958.0,RICL,False
25551443,25551442.0,5.0,5594.6,4812.75,1433.0,-1.0,128.0,1768930072.0,RICL,False
25440768,25440767.0,5.0,5831.6,4268.75,1433.0,-1.0,128.0,1761067828.0,RICL,False
25440779,25440778.0,5.0,5667.6,6008.75,1433.0,-1.0,128.0,1761067957.0,RICL,False
v_25454106_1433,25454105.0,,3195.95,3642.55,1433.0,,,,RICR,True
25457300,25457299.0,5.0,2974.15,3932.6,1433.0,-1.0,128.0,1761362700.0,RICL,False
25554742,25510172.0,5.0,5869.8,4541.945,1433.0,-1.0,128.0,1769716082.0,RICR,False
25440785,25440784.0,5.0,5863.6,5260.75,1433.0,-1.0,128.0,1761067973.0,RICL,False
25454105,25454104.0,5.0,3195.95,3646.55,1434.0,-1.0,128.0,1766084565.0,RICR,False
25457301,25457300.0,5.0,2962.15,3964.6,1434.0,-1.0,128.0,1761362701.0,RICL,False
25440769,25440768.0,5.0,5831.6,4268.75,1434.0,-1.0,128.0,1761067828.0,RICL,False
v_25510173_1434,25554742.0,,5888.8125,4542.94625,1434.0,,,,RICR,True
25551442,25440772.0,5.0,5598.6,4812.75,1434.0,-1.0,128.0,1768930071.0,RICL,False
25440778,25440776.0,5.0,5647.6,6004.75,1434.0,-1.0,128.0,1761067954.0,RICL,False
25440784,25440777.0,5.0,5863.6,5280.75,1434.0,-1.0,128.0,1761067972.0,RICL,False
25440776,25440775.0,5.0,5667.6,5892.75,1435.0,-1.0,128.0,1761067929.0,RICL,False
25440770,25440769.0,5.0,5823.6,4364.75,1435.0,-1.0,128.0,1761067832.0,RICL,False
25440772,25440771.0,5.0,5615.6,4816.75,1435.0,-1.0,128.0,1761067835.0,RICL,False
25440777,25440775.0,5.0,5851.6,5320.75,1435.0,-1.0,128.0,1761067932.0,RICL,False
25457302,25457301.0,5.0,2942.15,4004.6,1435.0,-1.0,128.0,1761362703.0,RICL,False
25454104,25454103.0,5.0,3159.95,3662.55,1435.0,-1.0,128.0,1766084565.0,RICR,False
25528272,25528271.0,5.0,5672.55,6112.2,1435.0,-1.0,128.0,1766086973.0,RICL,False
25510173,v_25510173_1434,5.0,5895.15,4543.28,1435.0,-1.0,128.0,1769716082.0,RICR,False
25525792,25525791.0,5.0,5659.0,5638.0,1435.0,-1.0,128.0,1766097508.0,RICR,False
25454032,25454030.0,5.0,2785.95,5927.55,1435.0,-1.0,128.0,1766084565.0,RICR,False
v_25510174_1436,25510173.0,,5862.75,4587.679999999999,1436.0,,,,RICR,True
25454030,25454029.0,5.0,2811.95,5933.55,1436.0,-1.0,128.0,1766084565.0,RICR,False
25525791,25525790.0,5.0,5619.0,5650.0,1436.0,-1.0,128.0,1766097508.0,RICR,False
25454031,25454029.0,5.0,2911.95,6093.55,1436.0,-1.0,128.0,1766084565.0,RICR,False
25454103,25454102.0,5.0,3163.95,3694.55,1436.0,-1.0,128.0,1766084565.0,RICR,False
25440771,25440770.0,5.0,5651.6,4648.75,1436.0,-1.0,128.0,1761067834.0,RICL,False
25440775,25440773.0,5.0,5711.6,5596.75,1436.0,-1.0,128.0,1761067927.0,RICL,False
25528271,v_25528271_1437,5.0,5656.55,6108.2,1436.0,-1.0,128.0,1770606090.0,RICL,False
25457303,25457302.0,5.0,2926.15,4012.6,1436.0,-1.0,128.0,1761362705.0,RICL,False
25454102,v_25454102_1438,5.0,3147.95,3722.55,1437.0,-1.0,128.0,1766084565.0,RICR,False
25457304,25457303.0,5.0,2894.15,4040.6,1437.0,-1.0,128.0,1761362706.0,RICL,False
v_25510174_1437,v_25510174_1437,,5851.95,4602.48,1437.0,,,,RICR,True
25454029,25454028.0,5.0,2815.95,5999.55,1437.0,-1.0,128.0,1766084565.0,RICR,False
v_25528271_1437,25556664.0,,5643.55,6099.2,1437.0,,,,RICL,True
25440773,25440771.0,5.0,5583.6,5104.75,1437.0,-1.0,128.0,1761067886.0,RICL,False
25525790,25525789.0,5.0,5615.0,5650.0,1437.0,-1.0,128.0,1766097508.0,RICR,False
25440774,25440773.0,5.0,5563.6,4976.75,1438.0,-1.0,128.0,1761067902.0,RICL,False
25525789,v_25525789_1439,5.0,5615.0,5650.0,1438.0,-1.0,128.0,1766097508.0,RICR,False
25510174,v_25510174_1436,5.0,5841.15,4617.28,1438.0,-1.0,128.0,1766097508.0,RICR,False
25454028,25454027.0,5.0,2803.95,5966.55,1438.0,-1.0,128.0,1766084565.0,RICR,False
v_25454102_1438,25454101.0,,3133.95,3738.55,1438.0,,,,RICR,True
25457305,25457304.0,5.0,2890.15,4068.6,1438.0,-1.0,128.0,1761362707.0,RICL,False
25556664,v_25556664_1439,5.0,5630.55,6090.2,1438.0,-1.0,128.0,1770606090.0,RICL,False
v_25510175_1439,25510174.0,,5818.349999999999,4646.08,1439.0,,,,RICR,True
25454101,v_25454101_1440,5.0,3119.95,3754.55,1439.0,-1.0,128.0,1766084565.0,RICR,False
25457306,25457305.0,5.0,2874.15,4092.6,1439.0,-1.0,128.0,1761362708.0,RICL,False
v_25525789_1439,25525788.0,,5577.0,5646.0,1439.0,,,,RICR,True
25454027,v_25454027_1440,5.0,2851.95,5950.55,1439.0,-1.0,128.0,1766084565.0,RICR,False
v_25556664_1439,25528270.0,,5617.55,6081.2,1439.0,,,,RICL,True
25440803,25440774.0,5.0,5527.6,5024.75,1439.0,-1.0,128.0,1761068019.0,RICL,False
25528270,v_25528270_1441,5.0,5604.55,6072.2,1440.0,-1.0,128.0,1766086971.0,RICL,False
25440804,25440803.0,5.0,5519.6,5044.75,1440.0,-1.0,128.0,1761068020.0,RICL,False
v_25454101_1440,25454100.0,,3101.95,3766.55,1440.0,,,,RICR,True
25457307,25457306.0,5.0,2868.95,4106.415,1440.0,-1.0,128.0,1766175715.0,RICL,False
25525788,v_25525788_1441,5.0,5539.0,5642.0,1440.0,-1.0,128.0,1766097508.0,RICR,False
v_25454027_1440,25454026.0,,2885.95,5952.55,1440.0,,,,RICR,True
v_25510175_1440,v_25510175_1440,,5810.75,4655.679999999999,1440.0,,,,RICR,True
25440805,25440804.0,5.0,5531.6,5088.75,1441.0,-1.0,128.0,1761068022.0,RICL,False
25510175,v_25510175_1439,5.0,5803.15,4665.28,1441.0,-1.0,128.0,1766097508.0,RICR,False
25454026,25551500.0,5.0,2919.95,5954.55,1441.0,-1.0,128.0,1768938126.0,RICR,False
v_25528270_1441,25528269.0,,5602.55,6062.2,1441.0,,,,RICL,True
v_25457308_1441,25457307.0,,2842.85,4135.05375,1441.0,,,,RICL,True
v_25525788_1441,25525787.0,,5539.0,5636.0,1441.0,,,,RICR,True
25454100,25454098.0,5.0,3083.95,3778.55,1441.0,-1.0,128.0,1766084565.0,RICR,False
25440806,25440805.0,5.0,5507.6,5096.75,1442.0,-1.0,128.0,1761068028.0,RICL,False
25528269,25528268.0,5.0,5600.55,6052.2,1442.0,-1.0,128.0,1766086970.0,RICL,False
25457308,v_25457308_1441,5.0,2834.15,4144.6,1442.0,-1.0,128.0,1761362710.0,RICL,False
25525787,25525786.0,5.0,5539.0,5630.0,1442.0,-1.0,128.0,1766097508.0,RICR,False
25551500,25454025.0,5.0,2917.95,5940.55,1442.0,-1.0,128.0,1768938126.0,RICR,False
v_25510176_1442,25510175.0,,5752.75,4682.08,1442.0,,,,RICR,True
25454098,25454097.0,5.0,3035.95,3794.55,1442.0,-1.0,128.0,1766084565.0,RICR,False
v_25510176_1443,v_25510176_1443,,5735.95,4687.679999999999,1443.0,,,,RICR,True
25454025,25454024.0,5.0,2915.95,5926.55,1443.0,-1.0,128.0,1766084565.0,RICR,False
25525786,25525785.0,5.0,5543.0,5614.0,1443.0,-1.0,128.0,1766097508.0,RICR,False
25454097,25454096.0,5.0,2899.95,3954.55,1443.0,-1.0,128.0,1766084565.0,RICR,False
25454099,25454098.0,5.0,3135.95,3710.55,1443.0,-1.0,128.0,1766084565.0,RICR,False
25528268,25528267.0,5.0,5572.55,6004.2,1443.0,-1.0,128.0,1766086969.0,RICL,False
25440807,25440806.0,5.0,5635.6,4556.75,1443.0,-1.0,128.0,1761068033.0,RICL,False
25440808,25440806.0,5.0,5499.6,5372.75,1443.0,-1.0,128.0,1761068039.0,RICL,False
25440809,25440806.0,5.0,5719.6,5416.75,1443.0,-1.0,128.0,1761068042.0,RICL,False
25551427,25457308.0,5.0,2826.15,4150.6,1443.0,-1.0,128.0,1768929402.0,RICL,False
25528267,25440815.0,5.0,5500.55,5752.2,1444.0,-1.0,128.0,1766086964.0,RICL,False
25440963,25440809.0,5.0,5717.6,5404.75,1444.0,-1.0,128.0,1761068981.0,RICL,False
25440815,25440808.0,5.0,5476.55,5392.2,1444.0,-1.0,128.0,1766086952.0,RICL,False
25440810,25440807.0,5.0,5636.6,4520.75,1444.0,-1.0,128.0,1768928910.0,RICL,False
25457309,25551427.0,5.0,2818.15,4156.6,1444.0,-1.0,128.0,1768929402.0,RICL,False
25525785,25510187.0,5.0,5543.0,5614.0,1444.0,-1.0,128.0,1766097508.0,RICR,False
25454024,25454023.0,5.0,2899.95,5926.55,1444.0,-1.0,128.0,1766084565.0,RICR,False
25454096,25454095.0,5.0,2891.95,3962.55,1444.0,-1.0,128.0,1766084565.0,RICR,False
25510176,v_25510176_1442,5.0,5719.15,4693.28,1444.0,-1.0,128.0,1766097508.0,RICR,False
25454118,25454099.0,5.0,3151.95,3690.55,1444.0,-1.0,128.0,1766084565.0,RICR,False
v_25510177_1445,25510176.0,,5683.15,4708.28,1445.0,,,,RICR,True
25440816,25440815.0,5.0,5447.6,5440.75,1445.0,-1.0,128.0,1761068090.0,RICL,False
25454095,25454094.0,5.0,2871.95,3986.55,1445.0,-1.0,128.0,1766084565.0,RICR,False
25440964,25440963.0,5.0,5717.6,5408.75,1445.0,-1.0,128.0,1761068982.0,RICL,False
25454023,25454022.0,5.0,2883.95,5918.55,1445.0,-1.0,128.0,1766084565.0,RICR,False
25457310,25457309.0,5.0,2830.15,4196.6,1445.0,-1.0,128.0,1761362714.0,RICL,False
25510187,25510186.0,5.0,5535.0,5582.0,1445.0,-1.0,128.0,1766097508.0,RICR,False
v_25454119_1445,25454118.0,,3142.95,3687.55,1445.0,,,,RICR,True
25440811,25440810.0,5.0,5599.6,4468.75,1445.0,-1.0,128.0,1761068065.0,RICL,False
25525783,25510187.0,5.0,5595.0,5562.0,1446.0,-1.0,128.0,1766097508.0,RICR,False
25457311,25457310.0,5.0,2846.15,4236.6,1446.0,-1.0,128.0,1761362804.0,RICL,False
25454022,25454021.0,5.0,2883.95,5822.55,1446.0,-1.0,128.0,1766084565.0,RICR,False
25510177,v_25510177_1445,5.0,5671.15,4713.28,1446.0,-1.0,128.0,1766097508.0,RICR,False
25454119,v_25454119_1445,5.0,3139.95,3686.55,1446.0,-1.0,128.0,1766084565.0,RICR,False
25510186,25510185.0,5.0,5537.15,5629.3,1446.0,-1.0,128.0,1766097508.0,RICR,False
25454094,25454093.0,5.0,2846.15,4016.6,1446.0,-1.0,128.0,1766084565.0,RICR,False
25440817,25440816.0,5.0,5415.6,5496.75,1446.0,-1.0,128.0,1761068091.0,RICL,False
25440812,25440811.0,5.0,5595.6,4448.75,1446.0,-1.0,128.0,1761068066.0,RICL,False
25440965,25440964.0,5.0,5749.6,5412.75,1446.0,-1.0,128.0,1761068985.0,RICL,False
v_25454120_1447,25454119.0,,3124.95,3686.55,1447.0,,,,RICR,True
25440818,25440817.0,5.0,5391.6,5476.75,1447.0,-1.0,128.0,1761068092.0,RICL,False
25440813,25440812.0,5.0,5571.6,4444.75,1447.0,-1.0,128.0,1761068067.0,RICL,False
25510185,v_25510185_1448,5.0,5519.15,5595.3,1447.0,-1.0,128.0,1766097508.0,RICR,False
25454021,25454020.0,5.0,2871.95,5798.55,1447.0,-1.0,128.0,1766084565.0,RICR,False
25440966,25440965.0,5.0,5733.6,5468.75,1447.0,-1.0,128.0,1761068987.0,RICL,False
25457312,25457311.0,5.0,2852.15,4293.6,1447.0,-1.0,128.0,1761362867.0,RICL,False
25525784,25525783.0,5.0,5595.0,5562.0,1447.0,-1.0,128.0,1766097508.0,RICR,False
25510178,25510177.0,5.0,5597.15,4733.28,1447.0,-1.0,128.0,1766097508.0,RICR,False
25454093,25454092.0,5.0,2855.95,4034.55,1447.0,-1.0,128.0,1766084565.0,RICR,False
25440814,25440813.0,5.0,5527.6,4424.75,1448.0,-1.0,128.0,1761068068.0,RICL,False
25440967,25440966.0,5.0,5733.6,5468.75,1448.0,-1.0,128.0,1761068987.0,RICL,False
25454092,25454091.0,5.0,2875.95,4054.55,1448.0,-1.0,128.0,1766084565.0,RICR,False
25454020,25454018.0,5.0,2903.95,5754.55,1448.0,-1.0,128.0,1766084565.0,RICR,False
25454019,25454018.0,5.0,2799.95,5154.55,1448.0,-1.0,128.0,1766084565.0,RICR,False
25457313,25457312.0,5.0,2886.15,4355.6,1448.0,-1.0,128.0,1761362869.0,RICL,False
25454120,v_25454120_1447,5.0,3119.95,3686.55,1448.0,-1.0,128.0,1766084565.0,RICR,False
v_25510179_1448,25510178.0,,5562.65,4755.78,1448.0,,,,RICR,True
v_25510185_1448,25510184.0,,5504.15,5585.3,1448.0,,,,RICR,True
25440819,25440818.0,5.0,5375.6,5464.75,1448.0,-1.0,128.0,1761068093.0,RICL,False
25454121,25454120.0,5.0,3087.95,3698.55,1449.0,-1.0,128.0,1766084565.0,RICR,False
25440968,25440967.0,5.0,5737.6,5512.75,1449.0,-1.0,128.0,1761068989.0,RICL,False
25440820,25440819.0,5.0,5351.6,5480.75,1449.0,-1.0,128.0,1761068094.0,RICL,False
25457314,25457313.0,5.0,2898.15,4373.6,1449.0,-1.0,128.0,1761362870.0,RICL,False
25454018,,5.0,2939.95,5622.55,1449.0,-1.0,128.0,1766084791.0,RICR,False
25510179,v_25510179_1448,5.0,5551.15,4763.28,1449.0,-1.0,128.0,1766097508.0,RICR,False
25510183,25510181.0,5.0,5417.15,5233.3,1449.0,-1.0,128.0,1766097508.0,RICR,False
25510184,25510182.0,5.0,5489.15,5575.3,1449.0,-1.0,128.0,1766097508.0,RICR,False
25454091,25454090.0,5.0,2947.95,4226.55,1449.0,-1.0,128.0,1766084565.0,RICR,False
v_25440821_1450,25440820.0,,5339.6,5486.75,1450.0,,,,RICL,True
25454122,25454121.0,5.0,3075.95,3710.55,1450.0,-1.0,128.0,1766084565.0,RICR,False
25454090,25454089.0,5.0,2971.95,4246.55,1450.0,-1.0,128.0,1766084565.0,RICR,False
25454017,25454018.0,5.0,3003.95,5610.55,1450.0,-1.0,128.0,1766084791.0,RICR,False
25510180,25510179.0,5.0,5505.15,4793.28,1450.0,-1.0,128.0,1766097508.0,RICR,False
25510181,25508885.0,5.0,5385.15,5237.3,1450.0,-1.0,128.0,1766097508.0,RICR,False
25510182,25508885.0,5.0,5467.15,5569.3,1450.0,-1.0,128.0,1766097508.0,RICR,False
25440969,25440968.0,5.0,5749.6,5536.75,1450.0,-1.0,128.0,1761068990.0,RICL,False
25457315,25457314.0,5.0,2906.15,4403.6,1450.0,-1.0,128.0,1761362871.0,RICL,False
25440821,v_25440821_1450,5.0,5335.6,5488.75,1451.0,-1.0,128.0,1761068095.0,RICL,False
25551493,25454122.0,5.0,3071.95,3714.55,1451.0,-1.0,128.0,1768937664.0,RICR,False
25454016,25454017.0,5.0,3035.95,5598.55,1451.0,-1.0,128.0,1766084791.0,RICR,False
25454089,25454088.0,5.0,3015.95,4294.55,1451.0,-1.0,128.0,1766084565.0,RICR,False
25440970,25440969.0,5.0,5797.6,5584.75,1451.0,-1.0,128.0,1761068995.0,RICL,False
25508885,25508884.0,5.0,5391.15,5297.25,1451.0,-1.0,128.0,1766097508.0,RICR,False
25508886,25510180.0,5.0,5519.15,4817.25,1451.0,-1.0,128.0,1766097508.0,RICR,False
25457316,25457315.0,5.0,2888.15,4445.6,1451.0,-1.0,128.0,1761362873.0,RICL,False
25457317,25457316.0,5.0,2926.15,4513.6,1452.0,-1.0,128.0,1761362875.0,RICL,False
25440971,25440970.0,5.0,5805.6,5600.75,1452.0,-1.0,128.0,1761068998.0,RICL,False
25508884,25508886.0,5.0,5459.15,4985.25,1452.0,-1.0,128.0,1766097508.0,RICR,False
25454088,25454072.0,5.0,3055.95,4374.55,1452.0,-1.0,128.0,1766084565.0,RICR,False
25527670,25454015.0,5.0,2803.95,5226.55,1452.0,-1.0,128.0,1766084565.0,RICR,False
25454123,25551493.0,5.0,3067.95,3718.55,1452.0,-1.0,128.0,1768937664.0,RICR,False
25454015,25454016.0,5.0,3087.95,5630.55,1452.0,-1.0,128.0,1766084791.0,RICR,False
v_25440822_1452,25440821.0,,5317.6,5488.75,1452.0,,,,RICL,True
v_25454124_1453,25454123.0,,3052.95,3712.55,1453.0,,,,RICR,True
25508883,25508884.0,5.0,5451.15,4937.25,1453.0,-1.0,128.0,1766097508.0,RICR,False
25454014,25454015.0,5.0,3275.95,5406.55,1453.0,-1.0,128.0,1766084791.0,RICR,False
25440972,25440971.0,5.0,5781.6,5608.75,1453.0,-1.0,128.0,1761069003.0,RICL,False
25454072,25454071.0,5.0,3067.95,4464.55,1453.0,-1.0,128.0,1766084565.0,RICR,False
25528240,25527670.0,5.0,2811.95,5207.55,1453.0,-1.0,128.0,1766084565.0,RICR,False
25440822,v_25440822_1452,5.0,5311.6,5488.75,1453.0,-1.0,128.0,1761068097.0,RICL,False
v_25457318_1453,25457317.0,,2981.65,4660.6,1453.0,,,,RICL,True
25508882,25508883.0,5.0,5439.15,5005.25,1454.0,-1.0,128.0,1766097508.0,RICR,False
v_25440823_1454,25440822.0,,5296.6,5494.75,1454.0,,,,RICL,True
25528241,25528240.0,5.0,2828.95,5210.4,1454.0,-1.0,128.0,1766176412.0,RICR,False
25454071,25454014.0,5.0,3212.95,4854.415,1454.0,-1.0,128.0,1766176667.0,RICR,False
25528250,25454071.0,5.0,3043.95,4327.55,1454.0,-1.0,128.0,1766084565.0,RICR,False
25528252,25454071.0,5.0,3291.95,5339.55,1454.0,-1.0,128.0,1766084565.0,RICR,False
25528253,25528252.0,5.0,3023.95,5683.55,1454.0,-1.0,128.0,1766084565.0,RICR,False
25457318,v_25457318_1453,5.0,3000.15,4709.6,1454.0,-1.0,128.0,1761362879.0,RICL,False
25454124,v_25454124_1453,5.0,3047.95,3710.55,1454.0,-1.0,128.0,1766084565.0,RICR,False
25440823,v_25440823_1454,5.0,5291.6,5496.75,1455.0,-1.0,128.0,1761068098.0,RICL,False
25528242,25528241.0,5.0,2811.95,5267.55,1455.0,-1.0,128.0,1766084565.0,RICR,False
25454073,25454071.0,5.0,3215.95,4816.55,1455.0,-1.0,128.0,1766084565.0,RICR,False
25508881,25508882.0,5.0,5447.15,5173.25,1455.0,-1.0,128.0,1766097508.0,RICR,False
v_25454125_1455,25454124.0,,3035.95,3704.55,1455.0,,,,RICR,True
25457319,25457318.0,5.0,2990.15,4741.6,1455.0,-1.0,128.0,1761362881.0,RICL,False
v_25528243_1456,25528242.0,,2871.95,5333.55,1456.0,,,,RICR,True
25551457,25454074.0,5.0,3065.95,4346.55,1456.0,-1.0,128.0,1768932296.0,RICR,False
v_25457320_1456,25457319.0,,3033.65,4808.35,1456.0,,,,RICL,True
v_25440824_1456,25440823.0,,5273.6,5493.75,1456.0,,,,RICL,True
25551458,25454074.0,5.0,3289.95,5604.55,1456.0,-1.0,128.0,1768932298.0,RICR,False
25508880,25508881.0,5.0,5383.15,5361.25,1456.0,-1.0,128.0,1766097508.0,RICR,False
25454125,v_25454125_1455,5.0,3031.95,3702.55,1456.0,-1.0,128.0,1766084565.0,RICR,False
25454074,25454073.0,5.0,3243.95,4856.55,1456.0,-1.0,128.0,1766084565.0,RICR,False
25508879,25508880.0,5.0,5405.15,5435.25,1457.0,-1.0,128.0,1766097508.0,RICR,False
25528243,v_25528243_1456,5.0,2891.95,5355.55,1457.0,-1.0,128.0,1766084565.0,RICR,False
25440824,v_25440824_1456,5.0,5267.6,5492.75,1457.0,-1.0,128.0,1761068099.0,RICL,False
v_25454126_1457,25454125.0,,3028.95,3684.55,1457.0,,,,RICR,True
25457320,v_25457320_1456,5.0,3048.15,4830.6,1457.0,-1.0,128.0,1761362890.0,RICL,False
25454075,25454074.0,5.0,3227.95,4828.55,1457.0,-1.0,128.0,1766084565.0,RICR,False
25454076,25454075.0,5.0,3255.95,4856.55,1458.0,-1.0,128.0,1766084565.0,RICR,False
v_25528244_1458,25528243.0,,2879.95,5365.150000000001,1458.0,,,,RICR,True
25440825,25440824.0,5.0,5247.6,5460.75,1458.0,-1.0,128.0,1761068100.0,RICL,False
25454126,v_25454126_1457,5.0,3027.95,3678.55,1458.0,-1.0,128.0,1766084565.0,RICR,False
v_25457321_1458,25457320.0,,3084.15,4875.6,1458.0,,,,RICL,True
v_25508878_1458,25508879.0,,5391.15,5429.25,1458.0,,,,RICR,True
25454078,25454076.0,5.0,3265.95,5285.55,1459.0,-1.0,128.0,1766084565.0,RICR,False
25454077,25454076.0,5.0,3159.95,4552.55,1459.0,-1.0,128.0,1766084565.0,RICR,False
v_25508878_1459,v_25508878_1460,,5386.483333333333,5427.25,1459.0,,,,RICR,True
v_25440826_1459,25440825.0,,5247.6,5460.75,1459.0,,,,RICL,True
25457321,v_25457321_1458,5.0,3096.15,4890.6,1459.0,-1.0,128.0,1761362893.0,RICL,False
v_25528244_1459,v_25528244_1459,,2875.95,5368.35,1459.0,,,,RICR,True
v_25454127_1459,25454126.0,,3009.95,3690.55,1459.0,,,,RICR,True
25457322,25457321.0,5.0,3148.15,4898.6,1460.0,-1.0,128.0,1761362896.0,RICL,False
25440826,v_25440826_1459,5.0,5247.6,5460.75,1460.0,-1.0,128.0,1761068102.0,RICL,False
25454079,25454077.0,5.0,3131.95,4488.55,1460.0,-1.0,128.0,1766084565.0,RICR,False
25528244,v_25528244_1458,5.0,2871.95,5371.55,1460.0,-1.0,128.0,1766084565.0,RICR,False
25454136,25454078.0,5.0,3295.95,5510.55,1460.0,-1.0,128.0,1766084565.0,RICR,False
v_25508878_1460,v_25508878_1459,,5381.816666666667,5425.25,1460.0,,,,RICR,True
25454127,v_25454127_1459,5.0,3003.95,3694.55,1460.0,-1.0,128.0,1766084565.0,RICR,False
25457323,25457322.0,5.0,3224.15,5014.6,1461.0,-1.0,128.0,1761362905.0,RICL,False
25508878,v_25508878_1458,5.0,5377.15,5423.25,1461.0,-1.0,128.0,1766097508.0,RICR,False
v_25528245_1461,25528244.0,,2903.15,5402.75,1461.0,,,,RICR,True
25454128,25454127.0,5.0,2983.95,3678.55,1461.0,-1.0,128.0,1766084565.0,RICR,False
25454137,25454136.0,5.0,3327.95,5542.55,1461.0,-1.0,128.0,1766084565.0,RICR,False
v_25440827_1461,25440826.0,,5232.6,5442.75,1461.0,,,,RICL,True
25551424,25454079.0,5.0,3122.615,4468.55,1461.0,-1.0,128.0,1768929330.0,RICR,False
v_25508877_1462,25508878.0,,5377.15,5423.25,1462.0,,,,RICR,True
25454138,25454137.0,5.0,3367.95,5546.55,1462.0,-1.0,128.0,1766084565.0,RICR,False
25454129,25454128.0,5.0,2971.95,3670.55,1462.0,-1.0,128.0,1766084565.0,RICR,False
v_25454080_1462,25551424.0,,3108.61625,4438.55,1462.0,,,,RICR,True
v_25528245_1462,v_25528245_1462,,2913.55,5413.150000000001,1462.0,,,,RICR,True
25440827,v_25440827_1461,5.0,5227.6,5436.75,1462.0,-1.0,128.0,1761068103.0,RICL,False
25457324,25457323.0,5.0,3160.15,4898.6,1462.0,-1.0,128.0,1761362907.0,RICL,False
25457325,25457323.0,5.0,3196.15,5442.6,1462.0,-1.0,128.0,1761362922.0,RICL,False
25528245,v_25528245_1461,5.0,2923.95,5423.55,1463.0,-1.0,128.0,1766084565.0,RICR,False
v_25440828_1463,25440827.0,,5225.6,5434.75,1463.0,,,,RICL,True
25457389,25457324.0,5.0,3136.15,4845.6,1463.0,-1.0,128.0,1761363236.0,RICL,False
25454080,v_25454080_1462,5.0,3103.95,4428.55,1463.0,-1.0,128.0,1768929330.0,RICR,False
25454139,25454138.0,5.0,3367.95,5542.55,1463.0,-1.0,128.0,1766084565.0,RICR,False
25457326,25457325.0,5.0,3116.15,5562.6,1463.0,-1.0,128.0,1761362926.0,RICL,False
v_25508877_1463,v_25508877_1464,,5377.15,5423.25,1463.0,,,,RICR,True
v_25508877_1464,v_25508877_1463,,5377.15,5423.25,1464.0,,,,RICR,True
25457327,25457326.0,5.0,3160.15,5606.6,1464.0,-1.0,128.0,1761362929.0,RICL,False
v_25528246_1464,25528245.0,,2909.95,5471.55,1464.0,,,,RICR,True
25457390,25457389.0,5.0,3150.15,4849.6,1464.0,-1.0,128.0,1761363239.0,RICL,False
25454081,25454080.0,5.0,3075.95,4408.55,1464.0,-1.0,128.0,1766084565.0,RICR,False
v_25440828_1464,v_25440828_1465,,5224.933333333333,5434.083333333333,1464.0,,,,RICL,True
25454140,25454139.0,5.0,3383.95,5538.55,1464.0,-1.0,128.0,1766084565.0,RICR,False
25457391,25457390.0,5.0,3134.15,4847.6,1465.0,-1.0,128.0,1761363240.0,RICL,False
25454141,25454140.0,5.0,3383.95,5542.55,1465.0,-1.0,128.0,1766084565.0,RICR,False
v_25440828_1465,v_25440828_1464,,5224.266666666667,5433.416666666667,1465.0,,,,RICL,True
v_25528246_1465,v_25528246_1466,,2905.2833333333333,5487.55,1465.0,,,,RICR,True
25454082,25454081.0,5.0,3039.95,4372.55,1465.0,-1.0,128.0,1766084565.0,RICR,False
25508877,v_25508877_1462,5.0,5377.15,5423.25,1465.0,-1.0,128.0,1766097508.0,RICR,False
25457328,25457327.0,5.0,3184.15,5634.6,1465.0,-1.0,128.0,1761362930.0,RICL,False
v_25454142_1466,25454141.0,,3353.95,5509.55,1466.0,,,,RICR,True
25457329,25457328.0,5.0,3192.15,5658.6,1466.0,-1.0,128.0,1761362931.0,RICL,False
v_25551470_1466,25508877.0,,5376.67,5422.17,1466.0,,,,RICR,True
v_25528246_1466,v_25528246_1465,,2900.6166666666663,5503.55,1466.0,,,,RICR,True
25457392,25457391.0,5.0,3106.15,4831.6,1466.0,-1.0,128.0,1761363242.0,RICL,False
25527668,25454082.0,5.0,3029.95,4370.55,1466.0,-1.0,128.0,1766084565.0,RICR,False
25440828,v_25440828_1463,5.0,5223.6,5432.75,1466.0,-1.0,128.0,1761068105.0,RICL,False
25457393,25457392.0,5.0,3106.15,4839.6,1467.0,-1.0,128.0,1761363244.0,RICL,False
25457330,25457329.0,5.0,3184.15,5674.6,1467.0,-1.0,128.0,1761362933.0,RICL,False
25528246,v_25528246_1464,5.0,2895.95,5519.55,1467.0,-1.0,128.0,1766084565.0,RICR,False
v_25551470_1467,v_25551470_1467,,5376.51,5421.81,1467.0,,,,RICR,True
25454083,25527668.0,5.0,3019.95,4368.55,1467.0,-1.0,128.0,1766084565.0,RICR,False
25454142,v_25454142_1466,5.0,3343.95,5498.55,1467.0,-1.0,128.0,1766084565.0,RICR,False
v_25440829_1467,25440828.0,,5223.6,5432.75,1467.0,,,,RICL,True
25457394,25457393.0,5.0,3010.15,4723.6,1468.0,-1.0,128.0,1761363255.0,RICL,False
25454085,25454083.0,5.0,3095.95,4492.55,1468.0,-1.0,128.0,1766084565.0,RICR,False
v_25528247_1468,25528246.0,,2904.95,5534.55,1468.0,,,,RICR,True
25457331,25457330.0,5.0,3228.15,5718.6,1468.0,-1.0,128.0,1761362935.0,RICL,False
25510203,25510202.0,5.0,5296.15,5647.25,1468.0,-1.0,128.0,1766097508.0,RICR,False
25454084,25454083.0,5.0,2907.95,4176.55,1468.0,-1.0,128.0,1766084565.0,RICR,False
v_25454143_1468,25454142.0,,3367.95,5486.55,1468.0,,,,RICR,True
25551470,v_25551470_1466,5.0,5376.35,5421.45,1468.0,-1.0,128.0,1768932616.0,RICR,False
v_25440829_1468,v_25440829_1469,,5223.6,5432.75,1468.0,,,,RICL,True
25454143,v_25454143_1468,5.0,3375.95,5482.55,1469.0,-1.0,128.0,1766084565.0,RICR,False
25528247,v_25528247_1468,5.0,2907.95,5539.55,1469.0,-1.0,128.0,1766084565.0,RICR,False
25454086,25454085.0,5.0,3079.95,4492.55,1469.0,-1.0,128.0,1766084565.0,RICR,False
25457332,25457331.0,5.0,3236.15,5726.6,1469.0,-1.0,128.0,1761362938.0,RICL,False
25510202,25508875.0,5.0,5282.15,5647.25,1469.0,-1.0,128.0,1766097508.0,RICR,False
25508876,25551470.0,5.0,5377.15,5423.25,1469.0,-1.0,128.0,1768932616.0,RICR,False
v_25440829_1469,v_25440829_1468,,5223.6,5432.75,1469.0,,,,RICL,True
v_25508874_1470,25508876.0,,5365.15,5471.25,1470.0,,,,RICR,True
25440829,v_25440829_1467,5.0,5223.6,5432.75,1470.0,-1.0,128.0,1761068106.0,RICL,False
25508875,25508874.0,5.0,5293.15,5649.25,1470.0,-1.0,128.0,1766097508.0,RICR,False
25454087,25454086.0,5.0,3103.95,4468.55,1470.0,-1.0,128.0,1766084565.0,RICR,False
25528248,25528247.0,5.0,2907.95,5571.55,1470.0,-1.0,128.0,1766084565.0,RICR,False
25457333,25457332.0,5.0,3272.15,5726.6,1470.0,-1.0,128.0,1761362939.0,RICL,False
v_25454144_1470,25454143.0,,3387.95,5503.55,1470.0,,,,RICR,True
25457334,25457333.0,5.0,3288.15,5738.6,1471.0,-1.0,128.0,1761362940.0,RICL,False
v_25440830_1471,25440829.0,,5225.6,5428.75,1471.0,,,,RICL,True
25454144,v_25454144_1470,5.0,3391.95,5510.55,1471.0,-1.0,128.0,1766084565.0,RICR,False
25508874,v_25508874_1470,5.0,5361.15,5487.25,1471.0,-1.0,128.0,1766097508.0,RICR,False
25528249,25528248.0,5.0,2943.95,5583.55,1471.0,-1.0,128.0,1766084565.0,RICR,False
25457335,25457334.0,5.0,3292.15,5750.6,1472.0,-1.0,128.0,1761362946.0,RICL,False
v_25454145_1472,25454144.0,,3409.95,5537.55,1472.0,,,,RICR,True
25508873,25508874.0,5.0,5359.15,5629.25,1472.0,-1.0,128.0,1766097508.0,RICR,False
v_25440830_1472,v_25440830_1473,,5226.266666666667,5427.416666666667,1472.0,,,,RICL,True
v_25508872_1473,25508873.0,,5340.15,5646.25,1473.0,,,,RICR,True
25457336,25457335.0,5.0,3312.15,5758.6,1473.0,-1.0,128.0,1761362947.0,RICL,False
v_25440830_1473,v_25440830_1472,,5226.933333333333,5426.083333333333,1473.0,,,,RICL,True
25454145,v_25454145_1472,5.0,3415.95,5546.55,1473.0,-1.0,128.0,1766084565.0,RICR,False
25457337,25457336.0,5.0,3328.15,5759.6,1474.0,-1.0,128.0,1761362988.0,RICL,False
25440830,v_25440830_1471,5.0,5227.6,5424.75,1474.0,-1.0,128.0,1761068110.0,RICL,False
v_25508872_1474,v_25508872_1475,,5333.816666666667,5651.916666666667,1474.0,,,,RICR,True
25454146,25454145.0,5.0,3455.95,5558.55,1474.0,-1.0,128.0,1766084565.0,RICR,False
v_25440831_1475,25440830.0,,5233.6,5422.75,1475.0,,,,RICL,True
v_25508872_1475,v_25508872_1474,,5327.483333333333,5657.583333333333,1475.0,,,,RICR,True
v_25454147_1475,25454146.0,,3461.95,5570.55,1475.0,,,,RICR,True
25457338,25457337.0,5.0,3338.15,5731.6,1475.0,-1.0,128.0,1761362992.0,RICL,False
v_25440831_1476,v_25440831_1477,,5235.6,5422.083333333333,1476.0,,,,RICL,True
25508872,v_25508872_1473,5.0,5321.15,5663.25,1476.0,-1.0,128.0,1766097508.0,RICR,False
25454147,v_25454147_1475,5.0,3463.95,5574.55,1476.0,-1.0,128.0,1766084565.0,RICR,False
25457339,25457338.0,5.0,3346.15,5723.6,1476.0,-1.0,128.0,1761362993.0,RICL,False
v_25440831_1477,v_25440831_1476,,5237.6,5421.416666666667,1477.0,,,,RICL,True
v_25454148_1477,25454147.0,,3475.95,5574.55,1477.0,,,,RICR,True
25457340,25457339.0,5.0,3364.15,5691.6,1477.0,-1.0,128.0,1761362999.0,RICL,False
v_25508871_1477,25508872.0,,5334.349999999999,5644.05,1477.0,,,,RICR,True
25440831,v_25440831_1475,5.0,5239.6,5420.75,1478.0,-1.0,128.0,1761068112.0,RICL,False
25454148,v_25454148_1477,5.0,3479.95,5574.55,1478.0,-1.0,128.0,1766084565.0,RICR,False
v_25508871_1478,v_25508871_1478,,5338.75,5637.65,1478.0,,,,RICR,True
v_25457341_1478,25457340.0,,3385.15,5667.6,1478.0,,,,RICL,True
25457341,v_25457341_1478,5.0,3392.15,5659.6,1479.0,-1.0,128.0,1761363002.0,RICL,False
25508871,v_25508871_1477,5.0,5343.15,5631.25,1479.0,-1.0,128.0,1766097508.0,RICR,False
v_25440832_1479,25440831.0,,5239.6,5420.75,1479.0,,,,RICL,True
25454149,25454148.0,5.0,3495.95,5582.55,1479.0,-1.0,128.0,1766084565.0,RICR,False
25457342,25457341.0,5.0,3402.15,5667.6,1480.0,-1.0,128.0,1761363004.0,RICL,False
v_25440832_1480,v_25440832_1480,,5239.6,5420.75,1480.0,,,,RICL,True
v_25454150_1480,25454149.0,,3495.95,5573.55,1480.0,,,,RICR,True
v_25508870_1480,25508871.0,,5333.549999999999,5648.05,1480.0,,,,RICR,True
25440832,v_25440832_1479,5.0,5239.6,5420.75,1481.0,-1.0,128.0,1761068113.0,RICL,False
v_25508870_1481,v_25508870_1481,,5330.349999999999,5653.65,1481.0,,,,RICR,True
v_25457343_1481,25457342.0,,3400.65,5649.6,1481.0,,,,RICL,True
25454150,v_25454150_1480,5.0,3495.95,5570.55,1481.0,-1.0,128.0,1766084565.0,RICR,False
v_25454151_1482,25454150.0,,3500.75,5563.35,1482.0,,,,RICR,True
25508870,v_25508870_1480,5.0,5327.15,5659.25,1482.0,-1.0,128.0,1766097508.0,RICR,False
25551405,25440832.0,5.0,5239.6,5420.75,1482.0,-1.0,128.0,1768928821.0,RICL,False
25457343,v_25457343_1481,5.0,3400.15,5643.6,1482.0,-1.0,128.0,1761363005.0,RICL,False
v_25440833_1483,25551405.0,,5239.6,5420.75,1483.0,,,,RICL,True
v_25457344_1483,25457343.0,,3398.65,5643.6,1483.0,,,,RICL,True
v_25508869_1483,25508870.0,,5352.349999999999,5656.85,1483.0,,,,RICR,True
v_25454151_1483,v_25454151_1483,,3502.35,5560.95,1483.0,,,,RICR,True
25457344,v_25457344_1483,5.0,3398.15,5643.6,1484.0,-1.0,128.0,1761363006.0,RICL,False
25454151,v_25454151_1482,5.0,3503.95,5558.55,1484.0,-1.0,128.0,1766084565.0,RICR,False
v_25508869_1484,v_25508869_1484,,5360.75,5656.05,1484.0,,,,RICR,True
v_25440833_1484,v_25440833_1484,,5239.6,5420.75,1484.0,,,,RICL,True
25454152,25454151.0,5.0,3511.95,5534.55,1485.0,-1.0,128.0,1766084565.0,RICR,False
25440833,v_25440833_1483,5.0,5239.6,5420.75,1485.0,-1.0,128.0,1768928821.0,RICL,False
25457345,25457344.0,5.0,3402.15,5631.6,1485.0,-1.0,128.0,1761363010.0,RICL,False
25508869,v_25508869_1483,5.0,5369.15,5655.25,1485.0,-1.0,128.0,1766097508.0,RICR,False
v_25508868_1486,25508869.0,,5369.15,5659.25,1486.0,,,,RICR,True
v_25454153_1486,25454152.0,,3516.75,5532.150000000001,1486.0,,,,RICR,True
v_25440834_1486,25440833.0,,5242.0,5437.55,1486.0,,,,RICL,True
25457346,25457345.0,5.0,3418.15,5621.6,1486.0,-1.0,128.0,1761363020.0,RICL,False
v_25440834_1487,v_25440834_1487,,5242.8,5443.15,1487.0,,,,RICL,True
v_25457347_1487,25457346.0,,3445.15,5668.1,1487.0,,,,RICL,True
v_25454153_1487,v_25454153_1487,,3518.35,5531.35,1487.0,,,,RICR,True
v_25508868_1487,v_25508868_1488,,5369.15,5660.583333333333,1487.0,,,,RICR,True
v_25508868_1488,v_25508868_1487,,5369.15,5661.916666666667,1488.0,,,,RICR,True
25454153,v_25454153_1486,5.0,3519.95,5530.55,1488.0,-1.0,128.0,1766084565.0,RICR,False
25440834,v_25440834_1486,5.0,5243.6,5448.75,1488.0,-1.0,128.0,1761068117.0,RICL,False
25457347,v_25457347_1487,5.0,3454.15,5683.6,1488.0,-1.0,128.0,1761363022.0,RICL,False
25508868,v_25508868_1486,5.0,5369.15,5663.25,1489.0,-1.0,128.0,1766097508.0,RICR,False
25454154,25454153.0,5.0,3539.95,5526.55,1489.0,-1.0,128.0,1766084565.0,RICR,False
v_25457348_1489,25457347.0,,3490.15,5722.6,1489.0,,,,RICL,True
25551403,25440834.0,5.0,5243.6,5448.75,1489.0,-1.0,128.0,1768928805.0,RICL,False
v_25454155_1490,25454154.0,,3542.95,5520.55,1490.0,,,,RICR,True
v_25440835_1490,25551403.0,,5243.6,5448.75,1490.0,,,,RICL,True
25457348,v_25457348_1489,5.0,3502.15,5735.6,1490.0,-1.0,128.0,1761363024.0,RICL,False
v_25508867_1490,25508868.0,,5352.15,5675.25,1490.0,,,,RICR,True
25454155,v_25454155_1490,5.0,3543.95,5518.55,1491.0,-1.0,128.0,1766084565.0,RICR,False
v_25508867_1491,v_25508867_1492,,5346.483333333333,5679.25,1491.0,,,,RICR,True
v_25457349_1491,25457348.0,,3523.15,5743.1,1491.0,,,,RICL,True
v_25440835_1491,v_25440835_1491,,5243.6,5448.75,1491.0,,,,RICL,True
25440835,v_25440835_1490,5.0,5243.6,5448.75,1492.0,-1.0,128.0,1768928805.0,RICL,False
25457349,v_25457349_1491,5.0,3530.15,5745.6,1492.0,-1.0,128.0,1761363025.0,RICL,False
v_25508867_1492,v_25508867_1491,,5340.816666666667,5683.25,1492.0,,,,RICR,True
25454156,25454155.0,5.0,3543.95,5510.55,1492.0,-1.0,128.0,1766084565.0,RICR,False
v_25457350_1493,25457349.0,,3549.65,5739.6,1493.0,,,,RICL,True
v_25440836_1493,25440835.0,,5236.742857142857,5455.607142857143,1493.0,,,,RICL,True
25454157,25454156.0,5.0,3543.95,5522.55,1493.0,-1.0,128.0,1766084565.0,RICR,False
25508867,v_25508867_1490,5.0,5335.15,5687.25,1493.0,-1.0,128.0,1766097508.0,RICR,False
v_25508866_1494,25508867.0,,5319.15,5686.25,1494.0,,,,RICR,True
25457350,v_25457350_1493,5.0,3556.15,5737.6,1494.0,-1.0,128.0,1761363027.0,RICL,False
25454158,25454157.0,5.0,3543.95,5538.55,1494.0,-1.0,128.0,1766084565.0,RICR,False
v_25440836_1494,v_25440836_1496,,5234.457142857144,5457.892857142857,1494.0,,,,RICL,True
v_25454159_1495,25454158.0,,3555.95,5559.55,1495.0,,,,RICR,True
v_25508866_1495,v_25508866_1496,,5313.816666666667,5685.916666666667,1495.0,,,,RICR,True
v_25457351_1495,25457350.0,,3556.15,5734.6,1495.0,,,,RICL,True
v_25440836_1495,v_25440836_1495,,5232.171428571429,5460.178571428572,1495.0,,,,RICL,True
25457351,v_25457351_1495,5.0,3556.15,5733.6,1496.0,-1.0,128.0,1761363029.0,RICL,False
v_25440836_1496,v_25440836_1494,,5229.885714285715,5462.464285714285,1496.0,,,,RICL,True
25454159,v_25454159_1495,5.0,3559.95,5566.55,1496.0,-1.0,128.0,1766084565.0,RICR,False
v_25508866_1496,v_25508866_1495,,5308.483333333333,5685.583333333333,1496.0,,,,RICR,True
25508866,v_25508866_1494,5.0,5303.15,5685.25,1497.0,-1.0,128.0,1766097508.0,RICR,False
v_25457352_1497,25457351.0,,3554.65,5738.1,1497.0,,,,RICL,True
25440836,v_25440836_1493,5.0,5227.6,5464.75,1497.0,-1.0,128.0,1761068122.0,RICL,False
v_25454160_1497,25454159.0,,3580.95,5605.55,1497.0,,,,RICR,True
25457352,v_25457352_1497,5.0,3554.15,5739.6,1498.0,-1.0,128.0,1761363030.0,RICL,False
25440837,25440836.0,5.0,5179.6,5388.75,1498.0,-1.0,128.0,1761068125.0,RICL,False
v_25508865_1498,25508866.0,,5311.549999999999,5703.25,1498.0,,,,RICR,True
25454160,v_25454160_1497,5.0,3587.95,5618.55,1498.0,-1.0,128.0,1766084565.0,RICR,False
v_25440838_1499,25440837.0,,5155.6,5355.75,1499.0,,,,RICL,True
25457353,25457352.0,5.0,3536.15,5773.6,1499.0,-1.0,128.0,1761363034.0,RICL,False
25454161,25454160.0,5.0,3587.95,5614.55,1499.0,-1.0,128.0,1766084565.0,RICR,False
v_25508865_1499,v_25508865_1499,,5314.349999999999,5709.25,1499.0,,,,RICR,True
v_25454162_1500,25454161.0,,3575.95,5626.55,1500.0,,,,RICR,True
25440838,v_25440838_1499,5.0,5147.6,5344.75,1500.0,-1.0,128.0,1761068126.0,RICL,False
25457354,25457353.0,5.0,3556.15,5805.6,1500.0,-1.0,128.0,1761363035.0,RICL,False
25508865,v_25508865_1498,5.0,5317.15,5715.25,1500.0,-1.0,128.0,1766097508.0,RICR,False
25454162,v_25454162_1500,5.0,3571.95,5630.55,1501.0,-1.0,128.0,1766084565.0,RICR,False
25554750,25508865.0,5.0,5307.8,5739.9,1501.0,-1.0,128.0,1769716222.0,RICR,False
v_25440839_1501,25440838.0,,5141.6,5332.75,1501.0,,,,RICL,True
25457355,25457354.0,5.0,3558.15,5823.6,1501.0,-1.0,128.0,1761363044.0,RICL,False
v_25457356_1502,25457355.0,,3562.65,5828.1,1502.0,,,,RICL,True
v_25508864_1502,25554750.0,,5293.8125,5776.9125,1502.0,,,,RICR,True
v_25454163_1502,25454162.0,,3571.95,5630.55,1502.0,,,,RICR,True
25440839,v_25440839_1501,5.0,5139.6,5328.75,1502.0,-1.0,128.0,1761068127.0,RICL,False
v_25440840_1503,25440839.0,,5118.6,5322.75,1503.0,,,,RICL,True
25457356,v_25457356_1502,5.0,3564.15,5829.6,1503.0,-1.0,128.0,1761363045.0,RICL,False
v_25454163_1503,v_25454163_1503,,3571.95,5630.55,1503.0,,,,RICR,True
25508864,v_25508864_1502,5.0,5289.15,5789.25,1503.0,-1.0,128.0,1769716222.0,RICR,False
25440840,v_25440840_1503,5.0,5111.6,5320.75,1504.0,-1.0,128.0,1761068129.0,RICL,False
v_25508863_1504,25508864.0,,5278.2,5809.875,1504.0,,,,RICR,True
25554726,25457356.0,5.0,3587.15,5830.6,1504.0,-1.0,128.0,1769715135.0,RICL,False
25454163,v_25454163_1502,5.0,3571.95,5630.55,1504.0,-1.0,128.0,1766084565.0,RICR,False
25551455,25454163.0,5.0,3579.95,5630.55,1505.0,-1.0,128.0,1768932226.0,RICR,False
25457357,25554726.0,5.0,3610.15,5831.6,1505.0,-1.0,128.0,1769715135.0,RICL,False
25508863,v_25508863_1504,5.0,5274.55,5816.75,1505.0,-1.0,128.0,1770319452.0,RICR,False
v_25440841_1505,25440840.0,,5111.6,5350.75,1505.0,,,,RICL,True
v_25508862_1506,25508863.0,,5245.664285714286,5850.392857142857,1506.0,,,,RICR,True
25440841,v_25440841_1505,5.0,5111.6,5360.75,1506.0,-1.0,128.0,1761068130.0,RICL,False
25457358,25457357.0,5.0,3660.15,5843.6,1506.0,-1.0,128.0,1761363053.0,RICL,False
25454164,25551455.0,5.0,3587.95,5630.55,1506.0,-1.0,128.0,1768932226.0,RICR,False
25457359,25457358.0,5.0,3670.15,5835.6,1507.0,-1.0,128.0,1761363056.0,RICL,False
25440842,25440841.0,5.0,5123.6,5384.75,1507.0,-1.0,128.0,1761068131.0,RICL,False
v_25508862_1507,v_25508862_1509,,5236.035714285714,5861.607142857143,1507.0,,,,RICR,True
25454165,25454164.0,5.0,3603.95,5626.55,1507.0,-1.0,128.0,1766084565.0,RICR,False
25440843,25440842.0,5.0,5111.6,5388.75,1508.0,-1.0,128.0,1761068157.0,RICL,False
v_25508862_1508,v_25508862_1508,,5226.407142857142,5872.821428571428,1508.0,,,,RICR,True
v_25454166_1508,25454165.0,,3603.95,5620.55,1508.0,,,,RICR,True
v_25457360_1508,25457359.0,,3661.15,5841.6,1508.0,,,,RICL,True
25440844,25440843.0,5.0,5119.6,5384.75,1509.0,-1.0,128.0,1761068158.0,RICL,False
25454166,v_25454166_1508,5.0,3603.95,5618.55,1509.0,-1.0,128.0,1766084565.0,RICR,False
25457360,v_25457360_1508,5.0,3658.15,5843.6,1509.0,-1.0,128.0,1761363057.0,RICL,False
v_25508862_1509,v_25508862_1507,,5216.778571428571,5884.035714285715,1509.0,,,,RICR,True
25440845,25440844.0,5.0,5135.6,5424.75,1510.0,-1.0,128.0,1761068160.0,RICL,False
v_25454167_1510,25454166.0,,3611.15,5604.150000000001,1510.0,,,,RICR,True
25508862,v_25508862_1506,5.0,5207.15,5895.25,1510.0,-1.0,128.0,1766097508.0,RICR,False
v_25457361_1510,25457360.0,,3658.15,5842.1,1510.0,,,,RICL,True
v_25454167_1511,v_25454167_1511,,3613.55,5599.35,1511.0,,,,RICR,True
v_25551469_1511,25508862.0,,5195.45,5913.25,1511.0,,,,RICR,True
25440846,25440845.0,5.0,5146.6,5440.75,1511.0,-1.0,128.0,1761068167.0,RICL,False
25457361,v_25457361_1510,5.0,3658.15,5841.6,1511.0,-1.0,128.0,1761363058.0,RICL,False
25454167,v_25454167_1510,5.0,3615.95,5594.55,1512.0,-1.0,128.0,1766084565.0,RICR,False
v_25457362_1512,25457361.0,,3647.65,5858.1,1512.0,,,,RICL,True
v_25551469_1512,v_25551469_1512,,5191.549999999999,5919.25,1512.0,,,,RICR,True
25440847,25440846.0,5.0,5146.6,5440.75,1512.0,-1.0,128.0,1761068168.0,RICL,False
25457362,v_25457362_1512,5.0,3644.15,5863.6,1513.0,-1.0,128.0,1761363060.0,RICL,False
25440848,25440847.0,5.0,5152.6,5446.75,1513.0,-1.0,128.0,1761068169.0,RICL,False
25551469,v_25551469_1511,5.0,5187.65,5925.25,1513.0,-1.0,128.0,1768932577.0,RICR,False
25454168,25454167.0,5.0,3627.95,5578.55,1513.0,-1.0,128.0,1766084565.0,RICR,False
25440849,25440848.0,5.0,5156.6,5448.75,1514.0,-1.0,128.0,1761068170.0,RICL,False
25508861,25551469.0,5.0,5181.15,5935.25,1514.0,-1.0,128.0,1768932577.0,RICR,False
25551421,25457362.0,5.0,3641.15,5861.6,1514.0,-1.0,128.0,1768929265.0,RICL,False
v_25454169_1514,25454168.0,,3636.95,5563.55,1514.0,,,,RICR,True
25440850,25440849.0,5.0,5156.6,5448.75,1515.0,-1.0,128.0,1761068171.0,RICL,False
25454169,v_25454169_1514,5.0,3639.95,5558.55,1515.0,-1.0,128.0,1766084565.0,RICR,False
v_25508860_1515,25508861.0,,5165.15,5954.25,1515.0,,,,RICR,True
25457363,25551421.0,5.0,3638.15,5859.6,1515.0,-1.0,128.0,1768929265.0,RICL,False
25457364,25457363.0,5.0,3652.15,5865.6,1516.0,-1.0,128.0,1761363064.0,RICL,False
25454170,25454169.0,5.0,3687.95,5530.55,1516.0,-1.0,128.0,1766084565.0,RICR,False
25440851,25440850.0,5.0,5156.6,5448.75,1516.0,-1.0,128.0,1761068171.0,RICL,False
v_25508860_1516,v_25508860_1517,,5159.816666666667,5960.583333333333,1516.0,,,,RICR,True
25440852,25440851.0,5.0,5156.6,5448.75,1517.0,-1.0,128.0,1761068172.0,RICL,False
v_25508860_1517,v_25508860_1516,,5154.483333333333,5966.916666666667,1517.0,,,,RICR,True
v_25457365_1517,25457364.0,,3647.35,5900.400000000001,1517.0,,,,RICL,True
25454171,25454170.0,5.0,3691.95,5494.55,1517.0,-1.0,128.0,1766084565.0,RICR,False
v_25457365_1518,v_25457365_1518,,3645.75,5912.0,1518.0,,,,RICL,True
v_25440853_1518,25440852.0,,5156.6,5448.75,1518.0,,,,RICL,True
25454172,25454171.0,5.0,3683.95,5454.55,1518.0,-1.0,128.0,1766084565.0,RICR,False
25508860,v_25508860_1515,5.0,5149.15,5973.25,1518.0,-1.0,128.0,1766097508.0,RICR,False
v_25508859_1519,25508860.0,,5129.95,5980.45,1519.0,,,,RICR,True
25454173,25454172.0,5.0,3703.95,5430.55,1519.0,-1.0,128.0,1766084565.0,RICR,False
25457365,v_25457365_1517,5.0,3644.15,5923.6,1519.0,-1.0,128.0,1761363065.0,RICL,False
25440853,v_25440853_1518,5.0,5156.6,5448.75,1519.0,-1.0,128.0,1761068174.0,RICL,False
v_25457366_1520,25457365.0,,3633.65,5961.1,1520.0,,,,RICL,True
25440854,25440853.0,5.0,5156.6,5448.75,1520.0,-1.0,128.0,1761068175.0,RICL,False
v_25508859_1520,v_25508859_1520,,5123.549999999999,5982.85,1520.0,,,,RICR,True
v_25454174_1520,25454173.0,,3730.95,5421.55,1520.0,,,,RICR,True
25457366,v_25457366_1520,5.0,3630.15,5973.6,1521.0,-1.0,128.0,1761363067.0,RICL,False
25508859,v_25508859_1519,5.0,5117.15,5985.25,1521.0,-1.0,128.0,1766097508.0,RICR,False
v_25440855_1521,25440854.0,,5155.1,5448.75,1521.0,,,,RICL,True
25454174,v_25454174_1520,5.0,3739.95,5418.55,1521.0,-1.0,128.0,1766084565.0,RICR,False
v_25508858_1522,25508859.0,,5106.65,6037.75,1522.0,,,,RICR,True
25457367,25457366.0,5.0,3682.15,6031.6,1522.0,-1.0,128.0,1761363070.0,RICL,False
25440855,v_25440855_1521,5.0,5154.6,5448.75,1522.0,-1.0,128.0,1761068176.0,RICL,False
25454175,25454174.0,5.0,3771.95,5442.55,1522.0,-1.0,128.0,1766084565.0,RICR,False
25508858,v_25508858_1522,5.0,5103.15,6055.25,1523.0,-1.0,128.0,1766097508.0,RICR,False
25454176,25454175.0,5.0,3771.95,5454.55,1523.0,-1.0,128.0,1766084565.0,RICR,False
25440856,25440855.0,5.0,5150.6,5468.75,1523.0,-1.0,128.0,1761068177.0,RICL,False
25457368,25457367.0,5.0,3702.15,6041.6,1523.0,-1.0,128.0,1761363077.0,RICL,False
v_25508857_1524,25508858.0,,5107.65,6101.75,1524.0,,,,RICR,True
v_25440857_1524,25440856.0,,5144.6,5483.15,1524.0,,,,RICL,True
25454177,25454176.0,5.0,3763.95,5466.55,1524.0,-1.0,128.0,1766084565.0,RICR,False
v_25457369_1524,25457368.0,,3711.15,6055.1,1524.0,,,,RICL,True
25454178,25454177.0,5.0,3799.95,5482.55,1525.0,-1.0,128.0,1766084565.0,RICR,False
v_25440857_1525,v_25440857_1525,,5142.6,5487.95,1525.0,,,,RICL,True
25508857,v_25508857_1524,5.0,5109.15,6117.25,1525.0,-1.0,128.0,1766097508.0,RICR,False
25457369,v_25457369_1524,5.0,3714.15,6059.6,1525.0,-1.0,128.0,1761363078.0,RICL,False
v_25457370_1526,25457369.0,,3744.15,6078.8,1526.0,,,,RICL,True
25440857,v_25440857_1524,5.0,5140.6,5492.75,1526.0,-1.0,128.0,1761068179.0,RICL,False
25454179,25454178.0,5.0,3807.95,5482.55,1526.0,-1.0,128.0,1766084565.0,RICR,False
v_25508856_1526,25508857.0,,5109.15,6117.25,1526.0,,,,RICR,True
v_25457370_1527,v_25457370_1527,,3754.15,6085.200000000001,1527.0,,,,RICL,True
v_25440858_1527,25440857.0,,5140.6,5502.35,1527.0,,,,RICL,True
v_25508856_1527,v_25508856_1527,,5109.15,6117.25,1527.0,,,,RICR,True
25454180,25454179.0,5.0,3807.95,5515.55,1527.0,-1.0,128.0,1766084565.0,RICR,False
v_25440858_1528,v_25440858_1528,,5140.6,5505.55,1528.0,,,,RICL,True
25457370,v_25457370_1526,5.0,3764.15,6091.6,1528.0,-1.0,128.0,1761363079.0,RICL,False
25508856,v_25508856_1526,5.0,5109.15,6117.25,1528.0,-1.0,128.0,1766097508.0,RICR,False
25454181,25454180.0,5.0,3825.95,5539.55,1528.0,-1.0,128.0,1766084565.0,RICR,False
25457371,25457370.0,5.0,3806.15,6107.6,1529.0,-1.0,128.0,1761363085.0,RICL,False
25510201,25510200.0,5.0,4798.15,6197.25,1529.0,-1.0,128.0,1766097508.0,RICR,False
25508854,25508856.0,5.0,5111.15,6129.25,1529.0,-1.0,128.0,1766097508.0,RICR,False
25440858,v_25440858_1527,5.0,5140.6,5508.75,1529.0,-1.0,128.0,1761068180.0,RICL,False
25454182,25454181.0,5.0,3831.95,5563.55,1529.0,-1.0,128.0,1766084565.0,RICR,False
25457372,25457371.0,5.0,3830.15,6111.6,1530.0,-1.0,128.0,1761363087.0,RICL,False
25454183,25454182.0,5.0,3845.95,5579.55,1530.0,-1.0,128.0,1766084565.0,RICR,False
25510200,25510199.0,5.0,4791.16,6194.6,1530.0,-1.0,128.0,1770606055.0,RICR,False
v_25440859_1530,25440858.0,,5146.6,5517.15,1530.0,,,,RICL,True
25508853,25508854.0,5.0,5141.15,6331.25,1530.0,-1.0,128.0,1766097508.0,RICR,False
25508855,25508854.0,5.0,5025.15,6029.25,1530.0,-1.0,128.0,1766097508.0,RICR,False
v_25454184_1531,25454183.0,,3850.45,5629.05,1531.0,,,,RICR,True
25508852,25508853.0,5.0,5139.15,6363.25,1531.0,-1.0,128.0,1766097508.0,RICR,False
25510199,25510198.0,5.0,4808.15,6189.25,1531.0,-1.0,128.0,1766097508.0,RICR,False
25510188,25508855.0,5.0,4990.15,6047.25,1531.0,-1.0,128.0,1766097508.0,RICR,False
v_25440859_1531,v_25440859_1531,,5148.6,5519.95,1531.0,,,,RICL,True
v_25457373_1531,25457372.0,,3842.15,6096.6,1531.0,,,,RICL,True
25510189,25510188.0,5.0,4988.15,6027.25,1532.0,-1.0,128.0,1766097508.0,RICR,False
25510198,25510192.0,5.0,4822.15,6177.25,1532.0,-1.0,128.0,1766097508.0,RICR,False
25440859,v_25440859_1530,5.0,5150.6,5522.75,1532.0,-1.0,128.0,1761068182.0,RICL,False
25454184,v_25454184_1531,5.0,3851.95,5645.55,1532.0,-1.0,128.0,1766084565.0,RICR,False
25508851,25508852.0,5.0,5131.15,6391.25,1532.0,-1.0,128.0,1766097508.0,RICR,False
25457373,v_25457373_1531,5.0,3846.15,6091.6,1532.0,-1.0,128.0,1761363088.0,RICL,False
v_25440860_1533,25440859.0,,5157.8,5537.15,1533.0,,,,RICL,True
v_25508850_1533,25508851.0,,5134.9,6433.25,1533.0,,,,RICR,True
25510192,25510191.0,5.0,4810.15,6175.25,1533.0,-1.0,128.0,1766097508.0,RICR,False
25510190,25510189.0,5.0,4978.15,6007.25,1533.0,-1.0,128.0,1766097508.0,RICR,False
25457374,25457373.0,5.0,3854.15,6101.6,1533.0,-1.0,128.0,1761363093.0,RICL,False
v_25454185_1533,25454184.0,,3853.45,5671.05,1533.0,,,,RICR,True
25508850,v_25508850_1533,5.0,5136.15,6447.25,1534.0,-1.0,128.0,1766097638.0,RICR,False
25454185,v_25454185_1533,5.0,3853.95,5679.55,1534.0,-1.0,128.0,1766084565.0,RICR,False
25510191,25510190.0,5.0,4872.15,6047.25,1534.0,-1.0,128.0,1766097508.0,RICR,False
v_25440860_1534,v_25440860_1534,,5160.200000000001,5541.95,1534.0,,,,RICL,True
25457375,25457374.0,5.0,3870.15,6077.6,1534.0,-1.0,128.0,1761363097.0,RICL,False
v_25454186_1535,25454185.0,,3858.45,5715.55,1535.0,,,,RICR,True
25510193,25510191.0,5.0,4854.15,6069.25,1535.0,-1.0,128.0,1766097508.0,RICR,False
25508849,25508850.0,5.0,5147.15,6477.25,1535.0,-1.0,128.0,1766097508.0,RICR,False
25440860,v_25440860_1533,5.0,5162.6,5546.75,1535.0,-1.0,128.0,1761068183.0,RICL,False
25457376,25457375.0,5.0,3902.15,6081.6,1535.0,-1.0,128.0,1761363099.0,RICL,False
25457377,25457376.0,5.0,3934.15,6091.6,1536.0,-1.0,128.0,1761363103.0,RICL,False
v_25510194_1536,25510193.0,,4840.65,6100.75,1536.0,,,,RICR,True
v_25440861_1536,25440860.0,,5168.6,5578.25,1536.0,,,,RICL,True
25508848,25508849.0,5.0,5147.15,6547.25,1536.0,-1.0,128.0,1766097508.0,RICR,False
25454186,v_25454186_1535,5.0,3859.95,5727.55,1536.0,-1.0,128.0,1766084565.0,RICR,False
25510194,v_25510194_1536,5.0,4836.15,6111.25,1537.0,-1.0,128.0,1766097508.0,RICR,False
25457378,25457377.0,5.0,3976.15,6093.6,1537.0,-1.0,128.0,1761363107.0,RICL,False
v_25508847_1537,25508848.0,,5126.578571428571,6578.964285714285,1537.0,,,,RICR,True
25440861,v_25440861_1536,5.0,5170.6,5588.75,1537.0,-1.0,128.0,1761068185.0,RICL,False
v_25454187_1537,25454186.0,,3867.45,5747.05,1537.0,,,,RICR,True
v_25440862_1538,25440861.0,,5172.1,5588.75,1538.0,,,,RICL,True
25454187,v_25454187_1537,5.0,3869.95,5753.55,1538.0,-1.0,128.0,1766084565.0,RICR,False
v_25510195_1538,25510194.0,,4839.15,6130.75,1538.0,,,,RICR,True
v_25508847_1538,v_25508847_1540,,5119.721428571428,6589.535714285715,1538.0,,,,RICR,True
25457379,25457378.0,5.0,3982.15,6109.6,1538.0,-1.0,128.0,1761363111.0,RICL,False
25440862,v_25440862_1538,5.0,5172.6,5588.75,1539.0,-1.0,128.0,1761068186.0,RICL,False
25457380,25457379.0,5.0,4000.15,6113.6,1539.0,-1.0,128.0,1761363113.0,RICL,False
25510195,v_25510195_1538,5.0,4840.15,6137.25,1539.0,-1.0,128.0,1766097508.0,RICR,False
v_25508847_1539,v_25508847_1539,,5112.864285714285,6600.107142857143,1539.0,,,,RICR,True
25454188,25454187.0,5.0,3855.95,5761.55,1539.0,-1.0,128.0,1766084565.0,RICR,False
25457381,25457380.0,5.0,4010.15,6131.6,1540.0,-1.0,128.0,1761363115.0,RICL,False
v_25510196_1540,25510195.0,,4840.15,6164.85,1540.0,,,,RICR,True
v_25508847_1540,v_25508847_1538,,5106.007142857143,6610.678571428572,1540.0,,,,RICR,True
v_25440863_1540,25440862.0,,5172.6,5591.75,1540.0,,,,RICL,True
25551451,25454188.0,5.0,3858.95,5768.55,1540.0,-1.0,128.0,1768932184.0,RICR,False
25440863,v_25440863_1540,5.0,5172.6,5592.75,1541.0,-1.0,128.0,1761068187.0,RICL,False
25457382,25457381.0,5.0,4044.15,6125.6,1541.0,-1.0,128.0,1761363122.0,RICL,False
25508847,v_25508847_1537,5.0,5099.15,6621.25,1541.0,-1.0,128.0,1766097508.0,RICR,False
v_25510196_1541,v_25510196_1541,,4840.15,6174.05,1541.0,,,,RICR,True
25454189,25551451.0,5.0,3861.95,5775.55,1541.0,-1.0,128.0,1768932184.0,RICR,False
v_25454190_1542,25454189.0,,3864.95,5783.05,1542.0,,,,RICR,True
v_25556197_1542,25508847.0,,5104.549999999999,6651.85,1542.0,,,,RICR,True
25457383,25457382.0,5.0,4068.15,6107.6,1542.0,-1.0,128.0,1761363123.0,RICL,False
v_25440864_1542,25440863.0,,5180.1,5606.25,1542.0,,,,RICL,True
25510196,v_25510196_1540,5.0,4840.15,6183.25,1542.0,-1.0,128.0,1766097508.0,RICR,False
v_25556197_1543,v_25556197_1543,,5106.349999999999,6662.05,1543.0,,,,RICR,True
25510197,25510196.0,5.0,4834.15,6189.25,1543.0,-1.0,128.0,1766097508.0,RICR,False
25440864,v_25440864_1542,5.0,5182.6,5610.75,1543.0,-1.0,128.0,1761068188.0,RICL,False
25457384,25457383.0,5.0,4096.15,6089.6,1543.0,-1.0,128.0,1761363124.0,RICL,False
25454190,v_25454190_1542,5.0,3865.95,5785.55,1543.0,-1.0,128.0,1766084565.0,RICR,False
25555917,25457384.0,5.0,4098.15,6092.6,1544.0,-1.0,128.0,1770319871.0,RICL,False
v_25440865_1544,25440864.0,,5206.6,5610.75,1544.0,,,,RICL,True
v_25454191_1544,25454190.0,,3871.95,5802.35,1544.0,,,,RICR,True
25556197,v_25556197_1542,5.0,5108.15,6672.25,1544.0,-1.0,128.0,1770355558.0,RICR,False
25508846,25556197.0,5.0,5111.15,6689.25,1545.0,-1.0,128.0,1770355558.0,RICR,False
25440865,v_25440865_1544,5.0,5214.6,5610.75,1545.0,-1.0,128.0,1761068190.0,RICL,False
25457385,25555917.0,5.0,4100.15,6095.6,1545.0,-1.0,128.0,1770319871.0,RICL,False
v_25454191_1545,v_25454191_1545,,3873.95,5807.95,1545.0,,,,RICR,True
25457386,25457385.0,5.0,4100.15,6085.6,1546.0,-1.0,128.0,1761363146.0,RICL,False
25454191,v_25454191_1544,5.0,3875.95,5813.55,1546.0,-1.0,128.0,1766084565.0,RICR,False
v_25440866_1546,25440865.0,,5214.6,5610.75,1546.0,,,,RICL,True
v_25508845_1546,25508846.0,,5105.15,6719.25,1546.0,,,,RICR,True
25457387,25457386.0,5.0,4090.15,6077.6,1547.0,-1.0,128.0,1761363147.0,RICL,False
25440866,v_25440866_1546,5.0,5214.6,5610.75,1547.0,-1.0,128.0,1761068191.0,RICL,False
v_25454192_1547,25454191.0,,3883.45,5828.55,1547.0,,,,RICR,True
v_25508845_1547,v_25508845_1547,,5103.15,6729.25,1547.0,,,,RICR,True
25454192,v_25454192_1547,5.0,3885.95,5833.55,1548.0,-1.0,128.0,1766084565.0,RICR,False
25508845,v_25508845_1546,5.0,5101.15,6739.25,1548.0,-1.0,128.0,1766097508.0,RICR,False
25457388,25457387.0,5.0,4112.15,6073.6,1548.0,-1.0,128.0,1761363166.0,RICL,False
25440867,25440866.0,5.0,5212.6,5612.75,1548.0,-1.0,128.0,1761068195.0,RICL,False
v_25508844_1549,25508845.0,,5105.65,6814.25,1549.0,,,,RICR,True
25454193,25454192.0,5.0,3879.95,5867.55,1549.0,-1.0,128.0,1766084565.0,RICR,False
25440868,25440867.0,5.0,5238.6,5672.75,1549.0,-1.0,128.0,1761068199.0,RICL,False
25440869,25440868.0,5.0,5242.6,5664.75,1550.0,-1.0,128.0,1761068200.0,RICL,False
25454194,25454193.0,5.0,3889.95,5869.55,1550.0,-1.0,128.0,1766084565.0,RICR,False
25508844,v_25508844_1549,5.0,5107.15,6839.25,1550.0,-1.0,128.0,1766097508.0,RICR,False
v_25454195_1551,25454194.0,,3886.35,5877.95,1551.0,,,,RICR,True
25508843,25508844.0,5.0,5135.15,6887.25,1551.0,-1.0,128.0,1766097508.0,RICR,False
25440870,25440869.0,5.0,5244.6,5674.75,1551.0,-1.0,128.0,1761068526.0,RICL,False
25440871,25440870.0,5.0,5244.6,5674.75,1552.0,-1.0,128.0,1761068527.0,RICL,False
v_25454195_1552,v_25454195_1552,,3885.15,5880.75,1552.0,,,,RICR,True
v_25508842_1552,25508843.0,,5138.15,6909.75,1552.0,,,,RICR,True
25440872,25440871.0,5.0,5244.6,5660.75,1553.0,-1.0,128.0,1761068528.0,RICL,False
25454195,v_25454195_1551,5.0,3883.95,5883.55,1553.0,-1.0,128.0,1766084565.0,RICR,False
25508842,v_25508842_1552,5.0,5139.15,6917.25,1553.0,-1.0,128.0,1766097508.0,RICR,False
25440873,25440872.0,5.0,5246.6,5660.75,1554.0,-1.0,128.0,1761068529.0,RICL,False
v_25508841_1554,25508842.0,,5167.65,6969.75,1554.0,,,,RICR,True
v_25454196_1554,25454195.0,,3875.55,5882.35,1554.0,,,,RICR,True
25508841,v_25508841_1554,5.0,5177.15,6987.25,1555.0,-1.0,128.0,1766097508.0,RICR,False
v_25454196_1555,v_25454196_1555,,3872.75,5881.95,1555.0,,,,RICR,True
25440874,25440873.0,5.0,5258.6,5674.75,1555.0,-1.0,128.0,1761068530.0,RICL,False
v_25508840_1556,25508841.0,,5179.15,7021.25,1556.0,,,,RICR,True
25454196,v_25454196_1554,5.0,3869.95,5881.55,1556.0,-1.0,128.0,1766084565.0,RICR,False
25440875,25440874.0,5.0,5258.6,5674.75,1556.0,-1.0,128.0,1761068531.0,RICL,False
25454197,25454196.0,5.0,3859.95,5879.55,1557.0,-1.0,128.0,1766084565.0,RICR,False
25440876,25440875.0,5.0,5276.6,5698.75,1557.0,-1.0,128.0,1761068532.0,RICL,False
v_25508840_1557,v_25508840_1558,,5179.816666666667,7032.583333333333,1557.0,,,,RICR,True
25440877,25440876.0,5.0,5286.6,5682.75,1558.0,-1.0,128.0,1761068533.0,RICL,False
v_25508840_1558,v_25508840_1557,,5180.483333333333,7043.916666666667,1558.0,,,,RICR,True
25454198,25454197.0,5.0,3849.95,5873.55,1558.0,-1.0,128.0,1766084565.0,RICR,False
25440878,25440877.0,5.0,5302.6,5780.75,1559.0,-1.0,128.0,1761068538.0,RICL,False
25454199,25454198.0,5.0,3849.95,5921.55,1559.0,-1.0,128.0,1766084565.0,RICR,False
25508840,v_25508840_1556,5.0,5181.15,7055.25,1559.0,-1.0,128.0,1766097508.0,RICR,False
25440879,25440878.0,5.0,5300.6,5810.75,1560.0,-1.0,128.0,1761068539.0,RICL,False
25454200,25454199.0,5.0,3847.95,5933.55,1560.0,-1.0,128.0,1766084565.0,RICR,False
v_25508802_1560,25508840.0,,5166.15,7053.75,1560.0,,,,RICR,True
25508802,v_25508802_1560,5.0,5161.15,7053.25,1561.0,-1.0,128.0,1766097508.0,RICR,False
25454201,25454200.0,5.0,3825.95,5935.55,1561.0,-1.0,128.0,1766084565.0,RICR,False
v_25440880_1561,25440879.0,,5299.1,5822.75,1561.0,,,,RICL,True
25440880,v_25440880_1561,5.0,5298.6,5826.75,1562.0,-1.0,128.0,1761068540.0,RICL,False
25508803,25508802.0,5.0,5161.15,7053.25,1562.0,-1.0,128.0,1766097508.0,RICR,False
v_25454202_1562,25454201.0,,3815.45,5968.55,1562.0,,,,RICR,True
v_25440881_1563,25440880.0,,5295.6,5862.75,1563.0,,,,RICL,True
25454202,v_25454202_1562,5.0,3811.95,5979.55,1563.0,-1.0,128.0,1766084565.0,RICR,False
v_25508804_1563,25508803.0,,5155.15,7058.25,1563.0,,,,RICR,True
25440881,v_25440881_1563,5.0,5294.6,5874.75,1564.0,-1.0,128.0,1761068541.0,RICL,False
25454203,25454202.0,5.0,3801.95,5989.55,1564.0,-1.0,128.0,1766084565.0,RICR,False
v_25508804_1564,v_25508804_1565,,5153.15,7059.916666666667,1564.0,,,,RICR,True
v_25508804_1565,v_25508804_1564,,5151.15,7061.583333333333,1565.0,,,,RICR,True
v_25454204_1565,25454203.0,,3770.45,6006.05,1565.0,,,,RICR,True
v_25440882_1565,25440881.0,,5302.1,5915.25,1565.0,,,,RICL,True
25508804,v_25508804_1563,5.0,5149.15,7063.25,1566.0,-1.0,128.0,1766097508.0,RICR,False
25440882,v_25440882_1565,5.0,5304.6,5928.75,1566.0,-1.0,128.0,1761068543.0,RICL,False
25454204,v_25454204_1565,5.0,3759.95,6011.55,1566.0,-1.0,128.0,1766084565.0,RICR,False
v_25508805_1567,25508804.0,,5158.75,7095.65,1567.0,,,,RICR,True
v_25454205_1567,25454204.0,,3745.55,6039.150000000001,1567.0,,,,RICR,True
25440883,25440882.0,5.0,5304.6,5956.75,1567.0,-1.0,128.0,1761068545.0,RICL,False
v_25440884_1568,25440883.0,,5315.1,5968.75,1568.0,,,,RICL,True
v_25454205_1568,v_25454205_1568,,3740.75,6048.35,1568.0,,,,RICR,True
v_25508805_1568,v_25508805_1568,,5161.95,7106.45,1568.0,,,,RICR,True
25508805,v_25508805_1567,5.0,5165.15,7117.25,1569.0,-1.0,128.0,1766097508.0,RICR,False
25440884,v_25440884_1568,5.0,5318.6,5972.75,1569.0,-1.0,128.0,1761068547.0,RICL,False
25454205,v_25454205_1567,5.0,3735.95,6057.55,1569.0,-1.0,128.0,1766084565.0,RICR,False
v_25440885_1570,25440884.0,,5305.1,6001.25,1570.0,,,,RICL,True
v_25454206_1570,25454205.0,,3732.35,6077.95,1570.0,,,,RICR,True
v_25508806_1570,25508805.0,,5156.15,7142.75,1570.0,,,,RICR,True
v_25454206_1571,v_25454206_1571,,3731.15,6084.75,1571.0,,,,RICR,True
25508806,v_25508806_1570,5.0,5153.15,7151.25,1571.0,-1.0,128.0,1766097508.0,RICR,False
25440885,v_25440885_1570,5.0,5300.6,6010.75,1571.0,-1.0,128.0,1761068548.0,RICL,False
v_25508807_1572,25508806.0,,5154.349999999999,7153.65,1572.0,,,,RICR,True
25454206,v_25454206_1570,5.0,3729.95,6091.55,1572.0,-1.0,128.0,1766084565.0,RICR,False
v_25440886_1572,25440885.0,,5300.6,6015.25,1572.0,,,,RICL,True
v_25454207_1573,25454206.0,,3707.45,6126.05,1573.0,,,,RICR,True
25440886,v_25440886_1572,5.0,5300.6,6016.75,1573.0,-1.0,128.0,1761068549.0,RICL,False
v_25508807_1573,v_25508807_1573,,5154.75,7154.45,1573.0,,,,RICR,True
25454207,v_25454207_1573,5.0,3699.95,6137.55,1574.0,-1.0,128.0,1766084565.0,RICR,False
25508807,v_25508807_1572,5.0,5155.15,7155.25,1574.0,-1.0,128.0,1766097508.0,RICR,False
25440887,25440886.0,5.0,5310.6,6026.75,1574.0,-1.0,128.0,1761068551.0,RICL,False
v_25440888_1575,25440887.0,,5310.6,6026.75,1575.0,,,,RICL,True
25454208,25454207.0,5.0,3679.95,6169.55,1575.0,-1.0,128.0,1766084565.0,RICR,False
v_25508808_1575,25508807.0,,5152.75,7149.25,1575.0,,,,RICR,True
25440888,v_25440888_1575,5.0,5310.6,6026.75,1576.0,-1.0,128.0,1761068552.0,RICL,False
v_25508808_1576,v_25508808_1576,,5151.95,7147.25,1576.0,,,,RICR,True
v_25454209_1576,25454208.0,,3675.45,6177.05,1576.0,,,,RICR,True
v_25440889_1577,25440888.0,,5318.1,6044.75,1577.0,,,,RICL,True
25454209,v_25454209_1576,5.0,3673.95,6179.55,1577.0,-1.0,128.0,1766084565.0,RICR,False
25508808,v_25508808_1575,5.0,5151.15,7145.25,1577.0,-1.0,128.0,1766097508.0,RICR,False
25440889,v_25440889_1577,5.0,5320.6,6050.75,1578.0,-1.0,128.0,1761068554.0,RICL,False
v_25454210_1578,25454209.0,,3674.1,6201.375,1578.0,,,,RICR,True
v_25508809_1578,25508808.0,,5151.15,7145.25,1578.0,,,,RICR,True
25440890,25440889.0,5.0,5318.6,6080.75,1579.0,-1.0,128.0,1761068555.0,RICL,False
25454210,v_25454210_1578,5.0,3674.15,6208.65,1579.0,-1.0,128.0,1767418521.0,RICR,False
v_25508809_1579,v_25508809_1581,,5151.15,7145.25,1579.0,,,,RICR,True
v_25454211_1580,25454210.0,,3671.0,6203.325,1580.0,,,,RICR,True
25480529,25480528.0,5.0,3119.0,7862.5,1580.0,-1.0,128.0,1766163491.0,RICR,False
v_25440891_1580,25440890.0,,5335.1,6110.75,1580.0,,,,RICL,True
25440953,25440952.0,5.0,5067.6,7168.75,1580.0,-1.0,128.0,1761068888.0,RICL,False
v_25508809_1580,v_25508809_1580,,5151.15,7145.25,1580.0,,,,RICR,True
25440891,v_25440891_1580,5.0,5340.6,6120.75,1581.0,-1.0,128.0,1761068556.0,RICL,False
25440952,25440951.0,5.0,5063.6,7176.75,1581.0,-1.0,128.0,1761068886.0,RICL,False
v_25508809_1581,v_25508809_1579,,5151.15,7145.25,1581.0,,,,RICR,True
25480528,25480527.0,5.0,3135.01,7882.5,1581.0,-1.0,128.0,1766163491.0,RICR,False
25454211,v_25454211_1580,5.0,3669.95,6201.55,1581.0,-1.0,128.0,1766084565.0,RICR,False
25508809,v_25508809_1578,5.0,5151.15,7145.25,1582.0,-1.0,128.0,1766097508.0,RICR,False
25440951,25440950.0,5.0,5061.6,7178.75,1582.0,-1.0,128.0,1761068885.0,RICL,False
25480527,25480526.0,5.0,3117.0,7828.5,1582.0,-1.0,128.0,1766163491.0,RICR,False
v_25454212_1582,25454211.0,,3662.45,6225.55,1582.0,,,,RICR,True
v_25440892_1582,25440891.0,,5370.6,6156.75,1582.0,,,,RICL,True
25480526,25480525.0,5.0,3091.0,7816.5,1583.0,-1.0,128.0,1766163491.0,RICR,False
v_25508810_1583,25508809.0,,5124.75,7144.05,1583.0,,,,RICR,True
25454212,v_25454212_1582,5.0,3659.95,6233.55,1583.0,-1.0,128.0,1766084565.0,RICR,False
25440892,v_25440892_1582,5.0,5380.6,6168.75,1583.0,-1.0,128.0,1761068557.0,RICL,False
25440950,25440949.0,5.0,5051.6,7174.75,1583.0,-1.0,128.0,1761068884.0,RICL,False
25454213,25454212.0,5.0,3653.95,6273.55,1584.0,-1.0,128.0,1766084565.0,RICR,False
25480525,25480523.0,5.0,3057.0,7798.5,1584.0,-1.0,128.0,1766163491.0,RICR,False
v_25508810_1584,v_25508810_1584,,5115.95,7143.65,1584.0,,,,RICR,True
25440949,25440948.0,5.0,5051.6,7174.75,1584.0,-1.0,128.0,1761068883.0,RICL,False
v_25440893_1584,25440892.0,,5380.6,6168.75,1584.0,,,,RICL,True
25440948,25440947.0,5.0,5027.6,7160.75,1585.0,-1.0,128.0,1761068881.0,RICL,False
25440893,v_25440893_1584,5.0,5380.6,6168.75,1585.0,-1.0,128.0,1761068558.0,RICL,False
25454214,25454213.0,5.0,3643.95,6293.55,1585.0,-1.0,128.0,1766084565.0,RICR,False
25480523,25480524.0,5.0,2965.01,7750.5,1585.0,-1.0,128.0,1766163491.0,RICR,False
25508810,v_25508810_1583,5.0,5107.15,7143.25,1585.0,-1.0,128.0,1766097508.0,RICR,False
25440894,25440893.0,5.0,5404.6,6184.75,1586.0,-1.0,128.0,1761068677.0,RICL,False
25454215,25454214.0,5.0,3635.95,6305.55,1586.0,-1.0,128.0,1766084565.0,RICR,False
v_25508811_1586,25508810.0,,5097.721428571428,7114.964285714285,1586.0,,,,RICR,True
25480522,25480523.0,5.0,2743.0,7626.5,1586.0,-1.0,128.0,1766163491.0,RICR,False
25480524,25480530.0,5.0,3267.0,7852.5,1586.0,-1.0,128.0,1766163491.0,RICR,False
25440947,25440946.0,5.0,5015.6,7168.75,1586.0,-1.0,128.0,1761068879.0,RICL,False
25480530,25480531.0,5.0,3383.0,7914.5,1587.0,-1.0,128.0,1766163491.0,RICR,False
25440946,25440945.0,5.0,5007.6,7162.75,1587.0,-1.0,128.0,1761068878.0,RICL,False
25480521,25480522.0,5.0,2675.0,7574.5,1587.0,-1.0,128.0,1766163491.0,RICR,False
25454216,25454215.0,5.0,3643.95,6329.55,1587.0,-1.0,128.0,1766084565.0,RICR,False
v_25508811_1587,v_25508811_1589,,5094.578571428571,7105.535714285715,1587.0,,,,RICR,True
25440895,25440894.0,5.0,5418.6,6232.75,1587.0,-1.0,128.0,1761068678.0,RICL,False
25480520,25480521.0,5.0,2611.0,7524.5,1588.0,-1.0,128.0,1766163491.0,RICR,False
25480531,25480532.0,5.0,3439.0,7954.5,1588.0,-1.0,128.0,1766163491.0,RICR,False
25440896,25440895.0,5.0,5428.6,6264.75,1588.0,-1.0,128.0,1761068680.0,RICL,False
25454217,25454216.0,5.0,3653.95,6369.55,1588.0,-1.0,128.0,1766084565.0,RICR,False
v_25508811_1588,v_25508811_1588,,5091.435714285714,7096.107142857143,1588.0,,,,RICR,True
25440945,25440944.0,5.0,5011.6,7166.75,1588.0,-1.0,128.0,1761068877.0,RICL,False
v_25480519_1589,25480520.0,,2530.0,7442.0,1589.0,,,,RICR,True
25440944,25440943.0,5.0,4963.6,7122.75,1589.0,-1.0,128.0,1761068876.0,RICL,False
25454218,25454217.0,5.0,3659.95,6409.55,1589.0,-1.0,128.0,1766084565.0,RICR,False
v_25508811_1589,v_25508811_1587,,5088.2928571428565,7086.678571428572,1589.0,,,,RICR,True
25480532,25480533.0,5.0,3633.0,7968.5,1589.0,-1.0,128.0,1766163491.0,RICR,False
25440897,25440896.0,5.0,5442.6,6352.75,1589.0,-1.0,128.0,1761068681.0,RICL,False
25508811,v_25508811_1586,5.0,5085.15,7077.25,1590.0,-1.0,128.0,1766097508.0,RICR,False
25440898,25440897.0,5.0,5442.6,6370.75,1590.0,-1.0,128.0,1761068682.0,RICL,False
25440943,v_25440943_1591,5.0,4945.6,7080.75,1590.0,-1.0,128.0,1761068873.0,RICL,False
25480519,v_25480519_1589,5.0,2503.0,7414.5,1590.0,-1.0,128.0,1766163491.0,RICR,False
25480533,25480534.0,5.0,3677.0,7996.5,1590.0,-1.0,128.0,1766163491.0,RICR,False
25454219,25454218.0,5.0,3665.95,6441.55,1590.0,-1.0,128.0,1766084565.0,RICR,False
25454220,25454219.0,5.0,3675.95,6453.55,1591.0,-1.0,128.0,1766084565.0,RICR,False
25480534,25480535.0,5.0,3721.0,8006.5,1591.0,-1.0,128.0,1766163491.0,RICR,False
25480518,25480519.0,5.0,2463.0,7376.5,1591.0,-1.0,128.0,1766163491.0,RICR,False
v_25508812_1591,25508811.0,,5078.15,7060.25,1591.0,,,,RICR,True
v_25440943_1591,25440942.0,,4945.6,7071.75,1591.0,,,,RICL,True
25440899,25440898.0,5.0,5432.6,6382.75,1591.0,-1.0,128.0,1761068683.0,RICL,False
v_25508812_1592,v_25508812_1593,,5075.816666666667,7054.583333333333,1592.0,,,,RICR,True
25440900,25440899.0,5.0,5426.6,6392.75,1592.0,-1.0,128.0,1761068684.0,RICL,False
25480517,25480518.0,5.0,2451.0,7340.5,1592.0,-1.0,128.0,1766163491.0,RICR,False
25480535,25480536.0,5.0,3753.0,8012.5,1592.0,-1.0,128.0,1766163491.0,RICR,False
25440942,25440941.0,5.0,4945.6,7062.75,1592.0,-1.0,128.0,1761068872.0,RICL,False
25454221,25454220.0,5.0,3685.95,6497.55,1592.0,-1.0,128.0,1766084565.0,RICR,False
25480516,25480517.0,5.0,2387.0,7274.5,1593.0,-1.0,128.0,1766163491.0,RICR,False
25454222,25454221.0,5.0,3693.95,6509.55,1593.0,-1.0,128.0,1766084565.0,RICR,False
v_25440901_1593,25440900.0,,5416.1,6439.25,1593.0,,,,RICL,True
25480536,25480537.0,5.0,3763.0,8014.5,1593.0,-1.0,128.0,1766163491.0,RICR,False
v_25508812_1593,v_25508812_1592,,5073.483333333333,7048.916666666667,1593.0,,,,RICR,True
25440941,25440940.0,5.0,4947.6,7050.75,1593.0,-1.0,128.0,1761068870.0,RICL,False
25454223,25454222.0,5.0,3699.95,6509.55,1594.0,-1.0,128.0,1766084565.0,RICR,False
25480515,25480516.0,5.0,2337.0,7194.5,1594.0,-1.0,128.0,1766163491.0,RICR,False
25440901,v_25440901_1593,5.0,5412.6,6454.75,1594.0,-1.0,128.0,1761068686.0,RICL,False
25480537,25480538.0,5.0,3803.0,8022.5,1594.0,-1.0,128.0,1766163491.0,RICR,False
25440940,25440939.0,5.0,4931.6,7116.75,1594.0,-1.0,128.0,1761068869.0,RICL,False
25508812,v_25508812_1591,5.0,5071.15,7043.25,1594.0,-1.0,128.0,1766097508.0,RICR,False
25480538,25480539.0,5.0,3833.0,8030.5,1595.0,-1.0,128.0,1766163491.0,RICR,False
25440906,25440901.0,5.0,5386.6,6498.75,1595.0,-1.0,128.0,1761068730.0,RICL,False
25440939,25440909.0,5.0,4931.6,7136.75,1595.0,-1.0,128.0,1761068868.0,RICL,False
25480514,25480515.0,5.0,2277.0,7134.5,1595.0,-1.0,128.0,1766163491.0,RICR,False
v_25508813_1595,25508812.0,,5070.2928571428565,7029.535714285715,1595.0,,,,RICR,True
25454224,25454223.0,5.0,3709.95,6515.55,1595.0,-1.0,128.0,1766084565.0,RICR,False
25480513,25480514.0,5.0,2169.0,7070.5,1596.0,-1.0,128.0,1766163491.0,RICR,False
v_25508813_1596,v_25508813_1598,,5070.007142857143,7024.964285714285,1596.0,,,,RICR,True
25454225,25454224.0,5.0,3709.95,6519.55,1596.0,-1.0,128.0,1766084565.0,RICR,False
25440909,25440908.0,5.0,4948.6,7140.75,1596.0,-1.0,128.0,1761068743.0,RICL,False
25440907,25440906.0,5.0,5398.6,6534.75,1596.0,-1.0,128.0,1761068731.0,RICL,False
25480539,25480540.0,5.0,3813.015,8006.5,1596.0,-1.0,128.0,1766163491.0,RICR,False
25454226,25454225.0,5.0,3761.95,6598.55,1597.0,-1.0,128.0,1766084565.0,RICR,False
25454245,25454244.0,5.0,4029.95,7489.55,1597.0,-1.0,128.0,1766084565.0,RICR,False
25510364,25510365.0,5.0,4608.0,7739.75,1597.0,-1.0,128.0,1766162487.0,RICL,False
v_25508813_1597,v_25508813_1597,,5069.721428571428,7020.392857142857,1597.0,,,,RICR,True
25480540,25480541.0,5.0,3895.0,8010.5,1597.0,-1.0,128.0,1766163491.0,RICR,False
25480512,25480513.0,5.0,2059.0,6932.5,1597.0,-1.0,128.0,1766163491.0,RICR,False
25440908,25440907.0,5.0,5278.6,6856.75,1597.0,-1.0,128.0,1761068735.0,RICL,False
25510365,v_25510365_1599,5.0,4622.0,7745.75,1598.0,-1.0,128.0,1766162487.0,RICL,False
v_25453467_1598,25480512.0,,2020.0075,6871.0,1598.0,,,,RICR,True
v_25508813_1598,v_25508813_1596,,5069.435714285714,7015.821428571428,1598.0,,,,RICR,True
25480541,25480542.0,5.0,3909.0,8000.5,1598.0,-1.0,128.0,1766163491.0,RICR,False
25440910,25440908.0,5.0,5194.6,6946.75,1598.0,-1.0,128.0,1761068748.0,RICL,False
25454227,25454226.0,5.0,3781.95,6658.55,1598.0,-1.0,128.0,1766084565.0,RICR,False
25454244,25454243.0,5.0,4007.95,7417.55,1598.0,-1.0,128.0,1766084565.0,RICR,False
25453467,v_25453467_1598,5.0,2007.01,6850.5,1599.0,-1.0,128.0,1766163491.0,RICR,False
v_25510365_1599,v_25510365_1600,,4622.0,7742.416666666667,1599.0,,,,RICL,True
25454228,25454227.0,5.0,3785.95,6662.55,1599.0,-1.0,128.0,1766084565.0,RICR,False
25454243,25454242.0,5.0,3997.95,7409.55,1599.0,-1.0,128.0,1766084565.0,RICR,False
25480542,25480543.0,5.0,3951.0,7982.5,1599.0,-1.0,128.0,1766163491.0,RICR,False
25508813,v_25508813_1595,5.0,5069.15,7011.25,1599.0,-1.0,128.0,1766097508.0,RICR,False
25440911,25440910.0,5.0,5194.6,6946.75,1599.0,-1.0,128.0,1761068750.0,RICL,False
25508814,25508813.0,5.0,5049.15,7013.25,1600.0,-1.0,128.0,1766097508.0,RICR,False
25454229,25454228.0,5.0,3777.95,6662.55,1600.0,-1.0,128.0,1766084565.0,RICR,False
25454242,25454232.0,5.0,3965.95,7322.55,1600.0,-1.0,128.0,1766084565.0,RICR,False
25480543,25480544.0,5.0,3977.0,7968.5,1600.0,-1.0,128.0,1766163491.0,RICR,False
v_25510365_1600,25510366.0,,4622.0,7739.083333333333,1600.0,,,,RICL,True
25453466,25453467.0,5.0,1963.0,6815.5,1600.0,-1.0,128.0,1766163491.0,RICR,False
25440912,25440911.0,5.0,5178.6,6954.75,1600.0,-1.0,128.0,1761068751.0,RICL,False
25440913,25440912.0,5.0,5176.6,6970.75,1601.0,-1.0,128.0,1761068753.0,RICL,False
25454232,25454231.0,5.0,3925.95,7226.55,1601.0,-1.0,128.0,1766084565.0,RICR,False
25454230,25454229.0,5.0,3809.95,6706.55,1601.0,-1.0,128.0,1766084565.0,RICR,False
25453465,25453466.0,5.0,1949.0,6789.5,1601.0,-1.0,128.0,1766163491.0,RICR,False
25510366,25510367.0,5.0,4622.0,7735.75,1601.0,-1.0,128.0,1766162487.0,RICL,False
v_25508815_1601,25508814.0,,5032.65,7005.75,1601.0,,,,RICR,True
25480544,25480545.0,5.0,3995.0,7970.5,1601.0,-1.0,128.0,1766163491.0,RICR,False
25508815,v_25508815_1601,5.0,5027.15,7003.25,1602.0,-1.0,128.0,1766097508.0,RICR,False
25454231,25454230.0,5.0,3817.95,6902.55,1602.0,-1.0,128.0,1766084565.0,RICR,False
25480545,25480546.0,5.0,3997.0,7956.5,1602.0,-1.0,128.0,1766163491.0,RICR,False
25510367,25510368.0,5.0,4632.0,7727.75,1602.0,-1.0,128.0,1766162487.0,RICL,False
25440914,25440913.0,5.0,5176.6,6970.75,1602.0,-1.0,128.0,1761068754.0,RICL,False
25453464,25453465.0,5.0,1903.0,6735.5,1602.0,-1.0,128.0,1766163491.0,RICR,False
25510368,v_25510368_1604,5.0,4590.0,7699.75,1603.0,-1.0,128.0,1766162487.0,RICL,False
25508816,25508815.0,5.0,4973.15,6977.25,1603.0,-1.0,128.0,1766097508.0,RICR,False
25453463,25453464.0,5.0,1829.0,6581.5,1603.0,-1.0,128.0,1766163491.0,RICR,False
25440915,25440914.0,5.0,5054.6,7004.75,1603.0,-1.0,128.0,1761068774.0,RICL,False
25480546,25480547.0,5.0,3933.0,7818.5,1603.0,-1.0,128.0,1766163491.0,RICR,False
25454233,25454231.0,5.0,3841.96,7062.55,1603.0,-1.0,128.0,1766084565.0,RICR,False
25440916,25440915.0,5.0,5044.6,7050.75,1604.0,-1.0,128.0,1761068777.0,RICL,False
25430316,25430314.0,5.0,6186.6,7346.75,1604.0,-1.0,128.0,1766162487.0,RICL,False
25454234,25454233.0,5.0,3821.95,7090.55,1604.0,-1.0,128.0,1766084565.0,RICR,False
v_25510368_1604,25510369.0,,4589.0,7706.75,1604.0,,,,RICL,True
25450312,25453463.0,5.0,1805.0,6566.5,1604.0,-1.0,128.0,1766163491.0,RICR,False
v_25508817_1604,25508816.0,,4965.65,6977.25,1604.0,,,,RICR,True
25480547,25527342.0,5.0,3943.0,7812.5,1604.0,-1.0,128.0,1766163491.0,RICR,False
25440917,25440916.0,5.0,5036.6,7062.75,1605.0,-1.0,128.0,1761068780.0,RICL,False
25527342,25527343.0,5.0,3970.0,7823.5,1605.0,-1.0,128.0,1766163491.0,RICR,False
25510369,v_25510369_1606,5.0,4588.0,7713.75,1605.0,-1.0,128.0,1766162487.0,RICL,False
25454235,25454234.0,5.0,3841.95,7114.55,1605.0,-1.0,128.0,1766084565.0,RICR,False
v_25508817_1605,v_25508817_1608,,4963.15,6977.25,1605.0,,,,RICR,True
25430314,25430315.0,5.0,6274.6,7310.75,1605.0,-1.0,128.0,1766162487.0,RICL,False
25450311,25450312.0,5.0,1787.0,6528.5,1605.0,-1.0,128.0,1766163491.0,RICR,False
25430315,25430937.0,5.0,5722.6,7594.75,1606.0,-1.0,128.0,1766162487.0,RICL,False
v_25508817_1606,v_25508817_1607,,4960.65,6977.25,1606.0,,,,RICR,True
25440918,25440917.0,5.0,5036.6,7062.75,1606.0,-1.0,128.0,1761068781.0,RICL,False
25450310,25450311.0,5.0,1753.0,6502.5,1606.0,-1.0,128.0,1766163491.0,RICR,False
25527343,25527344.0,5.0,4036.0,7841.5,1606.0,-1.0,128.0,1766163491.0,RICR,False
v_25510369_1606,v_25510369_1607,,4588.0,7722.416666666667,1606.0,,,,RICL,True
25454236,25454235.0,5.0,3865.95,7166.55,1606.0,-1.0,128.0,1766084565.0,RICR,False
25430313,25430314.0,5.0,6458.6,7134.75,1606.0,-1.0,128.0,1766162487.0,RICL,False
25450309,25450310.0,5.0,1769.0,6488.5,1607.0,-1.0,128.0,1766163491.0,RICR,False
25430312,25430313.0,5.0,6736.6,6802.75,1607.0,-1.0,128.0,1766162487.0,RICL,False
v_25508817_1607,v_25508817_1606,,4958.15,6977.25,1607.0,,,,RICR,True
25527344,25527345.0,5.0,4062.0,7857.5,1607.0,-1.0,128.0,1766163491.0,RICR,False
25440919,25440918.0,5.0,5024.6,7096.75,1607.0,-1.0,128.0,1761068783.0,RICL,False
25430937,25430950.0,5.0,5579.6,7668.75,1607.0,-1.0,128.0,1766162487.0,RICL,False
v_25510369_1607,25510370.0,,4588.0,7731.083333333333,1607.0,,,,RICL,True
25454237,25454236.0,5.0,3889.95,7194.55,1607.0,-1.0,128.0,1766084565.0,RICR,False
v_25440920_1608,25440919.0,,5006.6,7111.75,1608.0,,,,RICL,True
25430311,25430312.0,5.0,6828.6,6686.75,1608.0,-1.0,128.0,1766162487.0,RICL,False
25450308,25450309.0,5.0,1721.0,6480.5,1608.0,-1.0,128.0,1766163491.0,RICR,False
25454238,25454237.0,5.0,3909.95,7222.55,1608.0,-1.0,128.0,1766084565.0,RICR,False
v_25508817_1608,v_25508817_1605,,4955.65,6977.25,1608.0,,,,RICR,True
25510370,v_25510370_1609,5.0,4588.0,7739.75,1608.0,-1.0,128.0,1766162487.0,RICL,False
25527345,25527346.0,5.0,4072.0,7829.5,1608.0,-1.0,128.0,1766163491.0,RICR,False
25430950,25430952.0,5.0,5575.6,7676.75,1608.0,-1.0,128.0,1766162487.0,RICL,False
25508817,v_25508817_1604,5.0,4953.15,6977.25,1609.0,-1.0,128.0,1766097508.0,RICR,False
25450307,25450308.0,5.0,1725.0,6436.5,1609.0,-1.0,128.0,1766163491.0,RICR,False
25430310,25430311.0,5.0,6910.6,6596.75,1609.0,-1.0,128.0,1766162487.0,RICL,False
25440920,v_25440920_1608,5.0,5000.6,7116.75,1609.0,-1.0,128.0,1761068785.0,RICL,False
25430952,25430954.0,5.0,5471.6,7712.75,1609.0,-1.0,128.0,1766162487.0,RICL,False
v_25510370_1609,25510371.0,,4586.0,7749.75,1609.0,,,,RICL,True
25527346,25527347.0,5.0,4124.0,7813.5,1609.0,-1.0,128.0,1766163491.0,RICR,False
25454239,25454238.0,5.0,3931.87,7276.75,1609.0,-1.0,128.0,1772086225.0,RICR,False
25528525,25454240.0,5.0,4194.35,7611.8,1610.0,-1.0,99.0,1766163488.0,RICR,False
25430954,25430956.0,5.0,5415.6,7772.75,1610.0,-1.0,128.0,1766162487.0,RICL,False
25450306,25450307.0,5.0,1701.0,6410.5,1610.0,-1.0,128.0,1766163491.0,RICR,False
v_25508818_1610,25508817.0,,4934.2928571428565,6994.392857142857,1610.0,,,,RICR,True
25454240,25454239.0,5.0,3957.95,7286.55,1610.0,-1.0,128.0,1766084565.0,RICR,False
25527347,25528525.0,5.0,4150.0,7803.5,1610.0,-1.0,128.0,1766163491.0,RICR,False
25430220,25430310.0,5.0,6996.6,6466.75,1610.0,-1.0,128.0,1766162487.0,RICL,False
25440921,25440920.0,5.0,4938.6,7170.75,1610.0,-1.0,128.0,1761068786.0,RICL,False
25510371,25510372.0,5.0,4584.0,7759.75,1610.0,-1.0,128.0,1766162487.0,RICL,False
25430956,25431070.0,5.0,5355.6,7796.75,1611.0,-1.0,128.0,1766162487.0,RICL,False
25510372,v_25510372_1612,5.0,4596.0,7773.75,1611.0,-1.0,128.0,1766162487.0,RICL,False
v_25508818_1611,v_25508818_1613,,4928.007142857143,7000.107142857143,1611.0,,,,RICR,True
25454241,25454240.0,5.0,3933.95,7282.55,1611.0,-1.0,128.0,1766084565.0,RICR,False
25551521,25551520.0,5.0,4225.95,7600.55,1611.0,-1.0,128.0,1769026333.0,RICR,False
25440922,25440921.0,5.0,4924.6,7170.75,1611.0,-1.0,128.0,1761068788.0,RICL,False
25430309,25430220.0,5.0,7056.6,6426.75,1611.0,-1.0,128.0,1766162487.0,RICL,False
25450305,25450306.0,5.0,1705.0,6394.5,1611.0,-1.0,128.0,1766163491.0,RICR,False
25430319,25430309.0,5.0,7102.6,6378.75,1612.0,-1.0,128.0,1766162487.0,RICL,False
v_25508818_1612,v_25508818_1612,,4921.721428571428,7005.821428571428,1612.0,,,,RICR,True
25431070,25431071.0,5.0,5344.0,7804.0,1612.0,-1.0,128.0,1766162487.0,RICL,False
25440923,25440922.0,5.0,4916.6,7162.75,1612.0,-1.0,128.0,1761068789.0,RICL,False
25450304,25450305.0,5.0,1705.0,6394.5,1612.0,-1.0,128.0,1766163491.0,RICR,False
25551520,25551519.0,5.0,4225.95,7600.55,1612.0,-1.0,128.0,1769026332.0,RICR,False
25511270,25454241.0,5.0,3929.95,7242.55,1612.0,-1.0,128.0,1766084565.0,RICR,False
v_25510372_1612,25510373.0,,4594.0,7770.75,1612.0,,,,RICL,True
25510373,25510374.0,5.0,4592.0,7767.75,1613.0,-1.0,128.0,1766162487.0,RICL,False
25440924,25440923.0,5.0,4894.6,7162.75,1613.0,-1.0,128.0,1761068790.0,RICL,False
25431071,25431072.0,5.0,5218.0,7848.0,1613.0,-1.0,128.0,1766162487.0,RICL,False
25430320,25430319.0,5.0,7110.6,6342.75,1613.0,-1.0,128.0,1766162487.0,RICL,False
v_25508818_1613,v_25508818_1611,,4915.435714285714,7011.535714285715,1613.0,,,,RICR,True
25511271,25511270.0,5.0,3931.95,7218.55,1613.0,-1.0,128.0,1766084565.0,RICR,False
25450303,25450304.0,5.0,1669.0,6382.5,1613.0,-1.0,128.0,1766163491.0,RICR,False
25551519,v_25551519_1614,5.0,4257.95,7614.55,1613.0,-1.0,128.0,1769026328.0,RICR,False
25450302,25450303.0,5.0,1649.0,6362.5,1614.0,-1.0,128.0,1766163491.0,RICR,False
25508818,v_25508818_1610,5.0,4909.15,7017.25,1614.0,-1.0,128.0,1766097508.0,RICR,False
25511273,25511271.0,5.0,3873.95,7240.55,1614.0,-1.0,128.0,1766084565.0,RICR,False
25511272,25511271.0,5.0,3969.95,7206.55,1614.0,-1.0,128.0,1766084565.0,RICR,False
v_25551519_1614,25551518.0,,4270.95,7608.55,1614.0,,,,RICR,True
25440925,25440924.0,5.0,4876.6,7162.75,1614.0,-1.0,128.0,1761068792.0,RICL,False
25431072,25431074.0,5.0,5180.0,7844.0,1614.0,-1.0,128.0,1766162487.0,RICL,False
25430321,25430320.0,5.0,7118.6,6302.75,1614.0,-1.0,128.0,1766162487.0,RICL,False
25510374,25510375.0,5.0,4610.0,7753.75,1614.0,-1.0,128.0,1766162487.0,RICL,False
25431073,25431072.0,5.0,5348.0,7776.0,1615.0,-1.0,128.0,1766162487.0,RICL,False
25431074,25431075.0,5.0,4988.0,7872.0,1615.0,-1.0,128.0,1766162487.0,RICL,False
25430322,25430321.0,5.0,7138.6,6274.75,1615.0,-1.0,128.0,1766162487.0,RICL,False
25510375,25510376.0,5.0,4600.0,7735.75,1615.0,-1.0,128.0,1766162487.0,RICL,False
25440926,25440925.0,5.0,4858.6,7162.75,1615.0,-1.0,128.0,1761068793.0,RICL,False
25450269,25450302.0,5.0,1635.0,6332.5,1615.0,-1.0,128.0,1766163491.0,RICR,False
25508819,25508818.0,5.0,4905.15,6999.25,1615.0,-1.0,128.0,1766097508.0,RICR,False
25551518,25551517.0,5.0,4283.95,7602.55,1615.0,-1.0,128.0,1769026327.0,RICR,False
25511274,25511272.0,5.0,3987.95,7230.55,1615.0,-1.0,128.0,1766084565.0,RICR,False
25440927,25440926.0,5.0,4780.6,7208.75,1616.0,-1.0,128.0,1761068799.0,RICL,False
25510376,25510377.0,5.0,4604.0,7727.75,1616.0,-1.0,128.0,1766162487.0,RICL,False
v_25508820_1616,25508819.0,,4902.75,7005.25,1616.0,,,,RICR,True
25511275,25511274.0,5.0,3987.0,7236.5,1616.0,-1.0,128.0,1767420363.0,RICR,False
25430323,25430322.0,5.0,7178.6,6206.75,1616.0,-1.0,128.0,1766162487.0,RICL,False
25431075,25431076.0,5.0,4922.0,7866.0,1616.0,-1.0,128.0,1766162487.0,RICL,False
v_25450268_1616,25450269.0,,1614.0,6287.5,1616.0,,,,RICR,True
25551517,25551516.0,5.0,4283.95,7602.55,1616.0,-1.0,128.0,1769026326.0,RICR,False
v_25508820_1617,v_25508820_1617,,4901.95,7007.25,1617.0,,,,RICR,True
25440928,25440927.0,5.0,4778.6,7222.75,1617.0,-1.0,128.0,1761068803.0,RICL,False
25511276,25511275.0,5.0,4007.95,7258.55,1617.0,-1.0,128.0,1766084565.0,RICR,False
25450268,v_25450268_1616,5.0,1607.0,6272.5,1617.0,-1.0,128.0,1766163491.0,RICR,False
25551516,25551515.0,5.0,4283.95,7602.55,1617.0,-1.0,128.0,1769026325.0,RICR,False
25431076,25510378.0,3.0,4888.0,7832.0,1617.0,-1.0,128.0,1766162487.0,RICL,False
25510377,25510378.0,5.0,4606.0,7739.75,1617.0,-1.0,128.0,1766162487.0,RICL,False
v_25430324_1617,25430323.0,,7208.6,6176.75,1617.0,,,,RICL,True
25440929,25440928.0,5.0,4762.6,7258.75,1618.0,-1.0,128.0,1761068805.0,RICL,False
25551515,25551514.0,5.0,4283.95,7602.55,1618.0,-1.0,128.0,1769026324.0,RICR,False
25510378,25528420.0,5.0,4610.0,7717.75,1618.0,-1.0,128.0,1766162487.0,RICL,False
25430324,v_25430324_1617,5.0,7218.6,6166.75,1618.0,-1.0,128.0,1766162487.0,RICL,False
25508820,v_25508820_1616,5.0,4901.15,7009.25,1618.0,-1.0,128.0,1766097508.0,RICR,False
25511277,25511276.0,5.0,4001.95,7240.55,1618.0,-1.0,128.0,1766084565.0,RICR,False
25450267,25450268.0,5.0,1585.0,6228.5,1618.0,-1.0,128.0,1766163491.0,RICR,False
v_25508821_1619,25508820.0,,4901.15,7009.25,1619.0,,,,RICR,True
25511278,25511277.0,5.0,3977.95,7242.55,1619.0,-1.0,128.0,1766084565.0,RICR,False
25551514,25551513.0,5.0,4287.95,7622.55,1619.0,-1.0,128.0,1769026323.0,RICR,False
25430325,25430324.0,5.0,7230.6,6102.75,1619.0,-1.0,128.0,1766162487.0,RICL,False
25440930,25440929.0,5.0,4762.6,7258.75,1619.0,-1.0,128.0,1761068806.0,RICL,False
25450266,25450267.0,5.0,1571.0,6182.5,1619.0,-1.0,128.0,1766163491.0,RICR,False
25528420,25528419.0,5.0,4626.6,7710.75,1619.0,-1.0,99.0,1766162487.0,RICL,False
25511279,25511278.0,5.0,3991.95,7244.55,1620.0,-1.0,128.0,1766084565.0,RICR,False
25528363,25528362.0,5.0,4718.15,7073.25,1620.0,-1.0,128.0,1767379368.0,RICR,False
25450265,25450266.0,5.0,1545.0,6144.5,1620.0,-1.0,128.0,1766163491.0,RICR,False
25528419,25528418.0,5.0,4634.6,7716.75,1620.0,-1.0,99.0,1766162487.0,RICL,False
25551513,25551512.0,5.0,4303.95,7616.55,1620.0,-1.0,128.0,1769026319.0,RICR,False
25508821,v_25508821_1619,5.0,4901.15,7009.25,1620.0,-1.0,128.0,1766097508.0,RICR,False
25430326,25430325.0,5.0,7234.6,6066.75,1620.0,-1.0,128.0,1766162487.0,RICL,False
25440931,25440930.0,5.0,4748.6,7290.75,1620.0,-1.0,128.0,1761068815.0,RICL,False
25511280,25511279.0,5.0,4045.95,7264.55,1621.0,-1.0,128.0,1766084565.0,RICR,False
25551512,25551511.0,5.0,4303.95,7616.55,1621.0,-1.0,128.0,1769026317.0,RICR,False
25528362,25528355.0,5.0,4710.15,7085.25,1621.0,-1.0,128.0,1767379368.0,RICR,False
25508822,25508821.0,5.0,4907.15,7009.25,1621.0,-1.0,128.0,1766097508.0,RICR,False
25430327,25430326.0,5.0,7222.6,6026.75,1621.0,-1.0,128.0,1766162487.0,RICL,False
25450264,25450265.0,5.0,1547.0,6132.5,1621.0,-1.0,128.0,1766163491.0,RICR,False
25528418,25528417.0,5.0,4656.6,7704.75,1621.0,-1.0,99.0,1766162487.0,RICL,False
25440932,25440931.0,5.0,4742.6,7308.75,1621.0,-1.0,128.0,1761068816.0,RICL,False
25511281,25511280.0,5.0,4047.95,7276.55,1622.0,-1.0,128.0,1766084565.0,RICR,False
25450263,25450264.0,5.0,1529.0,6118.5,1622.0,-1.0,128.0,1766163491.0,RICR,False
25528355,25528356.0,5.0,4694.15,7091.25,1622.0,-1.0,128.0,1767379368.0,RICR,False
25551511,25551510.0,5.0,4303.95,7616.55,1622.0,-1.0,128.0,1769026315.0,RICR,False
25430328,25430327.0,5.0,7250.6,6002.75,1622.0,-1.0,128.0,1766162487.0,RICL,False
25440933,25440932.0,5.0,4716.6,7316.75,1622.0,-1.0,128.0,1761068835.0,RICL,False
25528417,25528416.0,5.0,4670.6,7716.75,1622.0,-1.0,99.0,1766162487.0,RICL,False
v_25508823_1622,25508822.0,,4884.349999999999,7027.25,1622.0,,,,RICR,True
25450262,25450263.0,5.0,1549.0,6090.5,1623.0,-1.0,128.0,1766163491.0,RICR,False
25528416,25528415.0,5.0,4650.6,7708.75,1623.0,-1.0,99.0,1766162487.0,RICL,False
25430329,25430328.0,5.0,7262.6,5982.75,1623.0,-1.0,128.0,1766162487.0,RICL,False
25440934,25440933.0,5.0,4716.6,7324.75,1623.0,-1.0,128.0,1761068836.0,RICL,False
v_25508823_1623,v_25508823_1623,,4876.75,7033.25,1623.0,,,,RICR,True
25511282,25511281.0,5.0,4061.95,7282.55,1623.0,-1.0,128.0,1766084565.0,RICR,False
25528356,25528357.0,5.0,4688.15,7105.25,1623.0,-1.0,128.0,1767379368.0,RICR,False
25551510,25511285.0,5.0,4307.95,7604.55,1623.0,-1.0,128.0,1769026314.0,RICR,False
25450090,25450262.0,5.0,1539.0,6076.5,1624.0,-1.0,128.0,1766163491.0,RICR,False
v_25511283_1624,25511282.0,,4177.45,7408.55,1624.0,,,,RICR,True
25528415,25528414.0,5.0,4626.6,7664.75,1624.0,-1.0,99.0,1766162487.0,RICL,False
25511285,25511283.0,5.0,4321.95,7574.55,1624.0,-1.0,128.0,1766084565.0,RICR,False
25440935,25440934.0,5.0,4716.6,7346.75,1624.0,-1.0,128.0,1761068838.0,RICL,False
25508823,v_25508823_1622,5.0,4869.15,7039.25,1624.0,-1.0,128.0,1766097508.0,RICR,False
25528357,25528358.0,5.0,4682.15,7107.25,1624.0,-1.0,128.0,1767379368.0,RICR,False
25430330,25430329.0,5.0,7298.6,5962.75,1624.0,-1.0,128.0,1766162487.0,RICL,False
25528414,v_25528414_1626,5.0,4648.6,7700.75,1625.0,-1.0,99.0,1766162487.0,RICL,False
v_25508824_1625,25508823.0,,4858.349999999999,7062.05,1625.0,,,,RICR,True
25430331,25430330.0,5.0,7294.6,5906.75,1625.0,-1.0,128.0,1766162487.0,RICL,False
25511283,v_25511283_1624,5.0,4215.95,7450.55,1625.0,-1.0,128.0,1766084565.0,RICR,False
25528358,25528359.0,5.0,4684.15,7113.25,1625.0,-1.0,128.0,1767379368.0,RICR,False
25440936,25440935.0,5.0,4716.6,7348.75,1625.0,-1.0,128.0,1761068839.0,RICL,False
v_25450089_1625,25450090.0,,1541.4,6062.1,1625.0,,,,RICR,True
v_25528414_1626,25528413.0,,4641.4,7662.95,1626.0,,,,RICL,True
v_25508824_1626,v_25508824_1626,,4854.75,7069.65,1626.0,,,,RICR,True
25511286,25511283.0,5.0,4281.95,7530.55,1626.0,-1.0,128.0,1766084565.0,RICR,False
25528359,25528360.0,5.0,4686.15,7137.25,1626.0,-1.0,128.0,1767379368.0,RICR,False
v_25450089_1626,v_25450089_1626,,1542.2,6057.3,1626.0,,,,RICR,True
25440937,25440936.0,5.0,4714.6,7354.75,1626.0,-1.0,128.0,1761068840.0,RICL,False
25431077,25430331.0,5.0,7328.0,5856.0,1626.0,-1.0,128.0,1766162487.0,RICL,False
25508824,v_25508824_1625,5.0,4851.15,7077.25,1627.0,-1.0,128.0,1766097508.0,RICR,False
25511287,25511286.0,5.0,4281.95,7530.55,1627.0,-1.0,128.0,1766084565.0,RICR,False
25528360,25528361.0,5.0,4686.15,7135.25,1627.0,-1.0,128.0,1767379368.0,RICR,False
25528413,25440938.0,5.0,4634.2,7625.15,1627.0,-1.0,99.0,1766162487.0,RICL,False
25440938,25440937.0,3.0,4714.6,7376.75,1627.0,-1.0,128.0,1766162489.0,RICL,False
25450089,v_25450089_1625,5.0,1543.0,6052.5,1627.0,-1.0,128.0,1766163491.0,RICR,False
25431078,25431077.0,5.0,7346.0,5742.0,1627.0,-1.0,128.0,1766162487.0,RICL,False
v_25450088_1628,25450089.0,,1523.5,6046.5,1628.0,,,,RICR,True
25511288,25511287.0,5.0,4281.95,7530.55,1628.0,-1.0,128.0,1766084565.0,RICR,False
25528361,25508839.0,5.0,4688.15,7143.25,1628.0,-1.0,128.0,1767379368.0,RICR,False
25508825,25508824.0,5.0,4843.15,7077.25,1628.0,-1.0,128.0,1766097508.0,RICR,False
25528410,25528413.0,5.0,4690.6,7480.75,1628.0,-1.0,99.0,1766162487.0,RICL,False
25431079,25431078.0,5.0,7376.0,5658.0,1628.0,-1.0,128.0,1766162487.0,RICL,False
