node_id,parent_id,confidence,x,y,z,radius,creator_id,edition_time,cell_name,is_vnode
25453592,25453591.0,5.0,4883.0,2954.75,1336.0,-1.0,128.0,1761279087.0,SMDDR,False
25453591,25453590.0,5.0,4863.0,2906.75,1337.0,-1.0,128.0,1761279084.0,SMDDR,False
25453590,25453589.0,5.0,4879.0,2922.75,1338.0,-1.0,128.0,1761279083.0,SMDDR,False
25453587,25453586.0,5.0,5363.0,2794.75,1338.0,-1.0,128.0,1761279052.0,SMDDR,False
25453589,25453588.0,5.0,4939.0,2902.75,1339.0,-1.0,128.0,1761279079.0,SMDDR,False
25453586,25453585.0,5.0,5387.0,2818.75,1339.0,-1.0,128.0,1761279043.0,SMDDR,False
25453585,25453584.0,5.0,5387.0,2818.75,1340.0,-1.0,128.0,1761279041.0,SMDDR,False
25453588,25453583.0,5.0,4947.0,2906.75,1340.0,-1.0,128.0,1761279075.0,SMDDR,False
25453584,25453582.0,5.0,5419.0,2830.75,1341.0,-1.0,128.0,1761279030.0,SMDDR,False
25453583,25453582.0,5.0,4959.0,2894.75,1341.0,-1.0,128.0,1761279066.0,SMDDR,False
25453582,25453581.0,5.0,5291.0,2814.75,1342.0,-1.0,128.0,1761279025.0,SMDDR,False
25453581,25453580.0,5.0,5307.0,2806.75,1343.0,-1.0,128.0,1761279011.0,SMDDR,False
25449636,25449635.0,5.0,3962.95,2978.55,1343.0,-1.0,128.0,1766525212.0,SMDDL,False
25555816,25453581.0,5.0,5721.15,3223.6,1343.0,-1.0,128.0,1770239858.0,SMDDR,False
25555817,25555816.0,5.0,5839.15,3425.6,1343.0,-1.0,128.0,1770239859.0,SMDDR,False
25449635,25449634.0,5.0,3968.95,2982.55,1344.0,-1.0,128.0,1766525212.0,SMDDL,False
25453580,25453579.0,5.0,5355.0,2878.75,1344.0,-1.0,128.0,1761279004.0,SMDDR,False
25449634,25449633.0,5.0,3968.95,2986.55,1345.0,-1.0,128.0,1766525212.0,SMDDL,False
25453579,25453578.0,5.0,5363.0,2850.75,1345.0,-1.0,128.0,1761278995.0,SMDDR,False
25453578,25453577.0,5.0,5327.0,2830.75,1346.0,-1.0,128.0,1761278990.0,SMDDR,False
25449633,25449632.0,5.0,3980.95,3020.55,1346.0,-1.0,128.0,1766525212.0,SMDDL,False
25453577,25453576.0,5.0,5343.0,2802.75,1347.0,-1.0,128.0,1761278989.0,SMDDR,False
25449632,25449631.0,5.0,3978.0,3022.0,1347.0,-1.0,128.0,1766525212.0,SMDDL,False
25453576,25453575.0,5.0,5327.0,2790.75,1348.0,-1.0,128.0,1761278988.0,SMDDR,False
25449631,25449630.0,5.0,4028.95,2986.55,1348.0,-1.0,128.0,1766525212.0,SMDDL,False
25449630,25449629.0,5.0,4032.95,2986.55,1349.0,-1.0,128.0,1766525212.0,SMDDL,False
25453575,25453574.0,5.0,5299.0,2782.75,1349.0,-1.0,128.0,1761278986.0,SMDDR,False
25449629,25449628.0,5.0,4042.95,2988.55,1350.0,-1.0,128.0,1766525212.0,SMDDL,False
25453574,25453573.0,5.0,5263.0,2786.75,1350.0,-1.0,128.0,1761278985.0,SMDDR,False
25453573,25453572.0,5.0,5223.0,2766.75,1351.0,-1.0,128.0,1761278984.0,SMDDR,False
25449628,25449627.0,5.0,4018.97,2912.57,1351.0,-1.0,128.0,1766525212.0,SMDDL,False
25449627,25449626.0,5.0,3948.95,2792.55,1352.0,-1.0,128.0,1766525212.0,SMDDL,False
25453572,25453570.0,5.0,5196.0,2762.76,1352.0,-1.0,128.0,1771721884.0,SMDDR,False
25449626,25449624.0,5.0,3940.95,2762.55,1353.0,-1.0,128.0,1766525212.0,SMDDL,False
25449637,25449625.0,5.0,3999.95,2442.55,1353.0,-1.0,128.0,1766525212.0,SMDDL,False
25453570,25453569.0,5.0,5127.0,2730.75,1353.0,-1.0,128.0,1761278980.0,SMDDR,False
25449625,25449623.0,5.0,4028.95,2452.55,1354.0,-1.0,128.0,1766525212.0,SMDDL,False
25449624,25449623.0,5.0,3942.95,2740.55,1354.0,-1.0,128.0,1766525212.0,SMDDL,False
25453571,25453570.0,5.0,5695.0,3062.75,1354.0,-1.0,128.0,1761278976.0,SMDDR,False
25453569,25453568.0,5.0,4767.0,2850.75,1354.0,-1.0,128.0,1761278965.0,SMDDR,False
25449623,25449622.0,5.0,3940.95,2706.55,1355.0,-1.0,128.0,1766525212.0,SMDDL,False
25453568,25453567.0,5.0,4731.0,2858.75,1355.0,-1.0,128.0,1761278959.0,SMDDR,False
25453605,25453571.0,5.0,5747.0,3104.75,1355.0,-1.0,128.0,1761279222.0,SMDDR,False
25453567,25453565.0,5.0,4715.0,2846.75,1356.0,-1.0,128.0,1761278956.0,SMDDR,False
25453606,25453605.0,5.0,5783.0,3152.75,1356.0,-1.0,128.0,1761279225.0,SMDDR,False
25530049,25530048.0,5.0,3973.15,3262.61,1356.0,-1.0,99.0,1766525212.0,SMDDL,False
25449622,25449621.0,5.0,3940.95,2706.55,1356.0,-1.0,128.0,1766525212.0,SMDDL,False
25449621,25449620.0,5.0,3940.95,2706.55,1357.0,-1.0,128.0,1766525212.0,SMDDL,False
25453607,25453606.0,5.0,5799.0,3248.75,1357.0,-1.0,128.0,1761279227.0,SMDDR,False
25453565,25453564.0,5.0,4711.005,2844.76,1357.0,-1.0,128.0,1771722274.0,SMDDR,False
25530048,25486310.0,5.0,3987.15,3256.61,1357.0,-1.0,99.0,1766525212.0,SMDDL,False
25453566,25453565.0,5.0,4871.0,2706.75,1358.0,-1.0,128.0,1761278948.0,SMDDR,False
25453564,25453563.0,5.0,4680.0,3052.76,1358.0,-1.0,128.0,1771721923.0,SMDDR,False
25453608,25453607.0,5.0,5795.0,3320.75,1358.0,-1.0,128.0,1761279228.0,SMDDR,False
25449620,25449619.0,5.0,3940.95,2706.55,1358.0,-1.0,128.0,1766525212.0,SMDDL,False
25486310,25486311.0,5.0,4000.15,3260.61,1358.0,-1.0,128.0,1766525212.0,SMDDL,False
25453602,25453566.0,5.0,4871.0,2692.75,1359.0,-1.0,128.0,1761279196.0,SMDDR,False
25453563,25554171.0,5.0,4663.0,3082.75,1359.0,-1.0,128.0,1769639183.0,SMDDR,False
25453609,25453608.0,5.0,5813.7,3364.52,1359.0,-1.0,128.0,1767478377.0,SMDDR,False
25449619,25449618.0,5.0,3894.95,2702.55,1359.0,-1.0,128.0,1766525212.0,SMDDL,False
25486311,25486312.0,5.0,4002.15,3260.61,1359.0,-1.0,128.0,1766525212.0,SMDDL,False
25449618,25449617.0,5.0,3894.95,2702.55,1360.0,-1.0,128.0,1766525212.0,SMDDL,False
25453610,25453609.0,5.0,5823.0,3368.75,1360.0,-1.0,128.0,1761279232.0,SMDDR,False
25453603,25453602.0,5.0,4895.0,2644.75,1360.0,-1.0,128.0,1761279199.0,SMDDR,False
25486312,25449617.0,5.0,4026.15,3224.61,1360.0,-1.0,128.0,1766525212.0,SMDDL,False
25554171,25453562.0,5.0,4649.0,3082.75,1360.0,-1.0,128.0,1769639183.0,SMDDR,False
25449617,25449616.0,5.0,3890.16,2702.61,1361.0,-1.0,128.0,1766525212.0,SMDDL,False
25453611,25453610.0,5.0,5827.0,3372.75,1361.0,-1.0,128.0,1761279233.0,SMDDR,False
25453562,25453561.0,5.0,4635.0,3082.75,1361.0,-1.0,128.0,1761278938.0,SMDDR,False
25453604,25453603.0,5.0,4895.0,2640.75,1361.0,-1.0,128.0,1761279206.0,SMDDR,False
25453561,25453560.0,5.0,4639.0,3082.75,1362.0,-1.0,128.0,1761278936.0,SMDDR,False
25453612,25453611.0,5.0,5827.0,3376.75,1362.0,-1.0,128.0,1761279234.0,SMDDR,False
25449616,25449615.0,5.0,3894.95,2702.55,1362.0,-1.0,128.0,1766525212.0,SMDDL,False
25453560,25453559.0,5.0,4619.0,3070.75,1363.0,-1.0,128.0,1761278935.0,SMDDR,False
25453613,25453612.0,5.0,5827.0,3360.75,1363.0,-1.0,128.0,1761279235.0,SMDDR,False
25449615,25439103.0,5.0,3856.95,2718.55,1363.0,-1.0,128.0,1766525212.0,SMDDL,False
25453614,25453613.0,5.0,5839.0,3364.75,1364.0,-1.0,128.0,1761279236.0,SMDDR,False
25453559,25453558.0,5.0,4595.0,3070.75,1364.0,-1.0,128.0,1761278934.0,SMDDR,False
25439103,25439102.0,5.0,3918.96,2708.56,1364.0,-1.0,128.0,1771721114.0,SMDDL,False
25453558,25453557.0,5.0,4555.0,3046.75,1365.0,-1.0,128.0,1761278927.0,SMDDR,False
25439104,25439103.0,5.0,3377.01,2887.77,1365.0,-1.0,128.0,1766525212.0,SMDDL,False
25439102,25439100.0,5.0,4239.0,2977.75,1365.0,-1.0,128.0,1766525212.0,SMDDL,False
25453615,25453614.0,5.0,5827.0,3360.75,1365.0,-1.0,128.0,1761279238.0,SMDDR,False
25439100,25439099.0,5.0,4255.0,2989.75,1366.0,-1.0,128.0,1766525212.0,SMDDL,False
25439118,25439104.0,5.0,3339.0,2865.75,1366.0,-1.0,128.0,1766525212.0,SMDDL,False
25453616,25453615.0,5.0,5823.0,3360.75,1366.0,-1.0,128.0,1761279239.0,SMDDR,False
25453557,v_25453557_1367,5.0,4523.0,3050.75,1366.0,-1.0,128.0,1761278924.0,SMDDR,False
25439099,25439098.0,5.0,4351.0,2837.75,1367.0,-1.0,128.0,1766525212.0,SMDDL,False
25439101,25439100.0,5.0,4191.0,3081.75,1367.0,-1.0,128.0,1766525212.0,SMDDL,False
25439119,25439118.0,5.0,3339.0,2877.75,1367.0,-1.0,128.0,1766525212.0,SMDDL,False
25453617,25453616.0,5.0,5823.0,3360.75,1367.0,-1.0,128.0,1761279240.0,SMDDR,False
v_25453557_1367,25453556.0,,4509.0,3058.75,1367.0,,,,SMDDR,True
25556077,25453617.0,5.0,5811.0,3368.75,1368.0,-1.0,128.0,1770347664.0,SMDDR,False
25453556,25453555.0,5.0,4495.0,3066.75,1368.0,-1.0,128.0,1761278923.0,SMDDR,False
25439098,25439097.0,5.0,4391.0,2813.75,1368.0,-1.0,128.0,1766525212.0,SMDDL,False
25439120,25439119.0,5.0,3311.015,2883.76,1368.0,-1.0,128.0,1771720627.0,SMDDL,False
25439105,25439101.0,5.0,4215.0,3121.75,1368.0,-1.0,128.0,1766525212.0,SMDDL,False
25439097,25439096.0,5.0,4383.0,2805.75,1369.0,-1.0,128.0,1766525212.0,SMDDL,False
25453618,25556077.0,5.0,5799.0,3376.75,1369.0,-1.0,128.0,1770347664.0,SMDDR,False
25439106,25439105.0,5.0,4215.0,3133.75,1369.0,-1.0,128.0,1766525212.0,SMDDL,False
25439121,25439120.0,5.0,3287.0,2901.75,1369.0,-1.0,128.0,1766525212.0,SMDDL,False
25453555,25453553.0,5.0,4471.0,3078.75,1369.0,-1.0,128.0,1761278922.0,SMDDR,False
25440724,25439124.0,5.0,2684.0,3441.75,1369.0,-1.0,128.0,1766525212.0,SMDDL,False
25439096,25439095.0,5.0,4407.0,2781.75,1370.0,-1.0,128.0,1766525212.0,SMDDL,False
25453619,25453618.0,5.0,5779.0,3392.75,1370.0,-1.0,128.0,1761279244.0,SMDDR,False
25439122,25439121.0,5.0,3263.0,2929.75,1370.0,-1.0,128.0,1766525212.0,SMDDL,False
25439124,25439123.0,5.0,2719.0,3413.75,1370.0,-1.0,128.0,1766525212.0,SMDDL,False
25453553,25453552.0,5.0,4443.0,3078.75,1370.0,-1.0,128.0,1761278912.0,SMDDR,False
25439107,25439106.0,5.0,4247.0,3161.75,1370.0,-1.0,128.0,1766525212.0,SMDDL,False
25439108,25439107.0,5.0,4279.0,3185.75,1371.0,-1.0,128.0,1766525212.0,SMDDL,False
25453620,25453619.0,5.0,5763.0,3412.75,1371.0,-1.0,128.0,1761279246.0,SMDDR,False
25439123,25439122.0,5.0,3047.0,3109.75,1371.0,-1.0,128.0,1766525212.0,SMDDL,False
25439095,25439094.0,5.0,4415.0,2769.75,1371.0,-1.0,128.0,1766525212.0,SMDDL,False
25453552,25453551.0,5.0,4319.0,2938.75,1371.0,-1.0,128.0,1761278907.0,SMDDR,False
25453554,25453553.0,5.0,4579.0,3202.75,1371.0,-1.0,128.0,1761278914.0,SMDDR,False
25453593,25453554.0,5.0,4587.0,3204.75,1372.0,-1.0,128.0,1761279136.0,SMDDR,False
25453551,25453550.0,5.0,4319.0,2934.75,1372.0,-1.0,128.0,1761278906.0,SMDDR,False
25439094,25439093.0,5.0,4413.025,2761.77,1372.0,-1.0,128.0,1766525212.0,SMDDL,False
25453621,25453620.0,5.0,5763.0,3416.75,1372.0,-1.0,128.0,1761279247.0,SMDDR,False
25439125,25439123.0,5.0,3015.0,3125.75,1372.0,-1.0,128.0,1766525212.0,SMDDL,False
25439109,25439108.0,5.0,4271.0,3229.75,1372.0,-1.0,128.0,1766525212.0,SMDDL,False
25439126,25439125.0,5.0,3019.0,3113.75,1373.0,-1.0,128.0,1766525212.0,SMDDL,False
25439093,25439092.0,5.0,4415.0,2773.75,1373.0,-1.0,128.0,1766525212.0,SMDDL,False
25453594,25453593.0,5.0,4587.0,3208.75,1373.0,-1.0,128.0,1761279138.0,SMDDR,False
25453550,25453549.0,5.0,4311.0,2918.75,1373.0,-1.0,128.0,1761278905.0,SMDDR,False
v_25453622_1373,25453621.0,,5760.0,3422.75,1373.0,,,,SMDDR,True
25439110,25439109.0,5.0,4283.0,3237.75,1373.0,-1.0,128.0,1766525212.0,SMDDL,False
25439127,25439126.0,5.0,3003.0,3109.75,1374.0,-1.0,128.0,1766525212.0,SMDDL,False
25439092,25439091.0,5.0,4427.0,2773.75,1374.0,-1.0,128.0,1766525212.0,SMDDL,False
25439111,25439110.0,5.0,4283.0,3241.75,1374.0,-1.0,128.0,1766525212.0,SMDDL,False
25453595,25453594.0,5.0,4579.0,3208.75,1374.0,-1.0,128.0,1761279138.0,SMDDR,False
25453549,25453548.0,5.0,4307.0,2902.75,1374.0,-1.0,128.0,1761278904.0,SMDDR,False
25453622,v_25453622_1373,5.0,5759.0,3424.75,1374.0,-1.0,128.0,1761279249.0,SMDDR,False
25439128,25439127.0,5.0,2939.0,3145.75,1375.0,-1.0,128.0,1766525212.0,SMDDL,False
25439091,25439086.0,5.0,4431.0,2777.75,1375.0,-1.0,128.0,1766525212.0,SMDDL,False
25453548,25453547.0,5.0,4303.0,2902.75,1375.0,-1.0,128.0,1761278903.0,SMDDR,False
25453596,25453595.0,5.0,4579.0,3212.75,1375.0,-1.0,128.0,1761279139.0,SMDDR,False
25556058,25453622.0,5.0,5756.0,3431.25,1375.0,-1.0,128.0,1770347226.0,SMDDR,False
25439112,25439111.0,5.0,4283.0,3249.75,1375.0,-1.0,128.0,1766525212.0,SMDDL,False
25453623,25556058.0,5.0,5753.0,3437.75,1376.0,-1.0,128.0,1770347226.0,SMDDR,False
25453547,25527655.0,5.0,4311.0,2866.75,1376.0,-1.0,128.0,1765921864.0,SMDDR,False
25453597,25453596.0,5.0,4579.0,3208.75,1376.0,-1.0,128.0,1761279140.0,SMDDR,False
25439129,25439128.0,5.0,2939.0,3145.75,1376.0,-1.0,128.0,1766525212.0,SMDDL,False
25439113,25439112.0,5.0,4287.0,3253.75,1376.0,-1.0,128.0,1766525212.0,SMDDL,False
25439086,25439085.0,5.0,4383.0,2733.75,1376.0,-1.0,128.0,1766525212.0,SMDDL,False
25439087,25439086.0,5.0,4235.0,2789.75,1377.0,-1.0,128.0,1766525212.0,SMDDL,False
25439085,25439084.0,5.0,4535.0,2757.75,1377.0,-1.0,128.0,1766525212.0,SMDDL,False
25439114,25439113.0,5.0,4263.0,3265.75,1377.0,-1.0,128.0,1766525212.0,SMDDL,False
25439130,25439129.0,5.0,2947.0,3129.75,1377.0,-1.0,128.0,1766525212.0,SMDDL,False
25453624,25453623.0,5.0,5753.0,3437.75,1377.0,-1.0,128.0,1761279266.0,SMDDR,False
25527655,25453546.0,5.0,4318.0,2875.77,1377.0,-1.0,128.0,1765921864.0,SMDDR,False
25453598,25453597.0,5.0,4579.0,3208.75,1377.0,-1.0,128.0,1761279141.0,SMDDR,False
25453546,25453545.0,5.0,4307.0,2850.75,1378.0,-1.0,128.0,1761278900.0,SMDDR,False
25453625,25453624.0,5.0,5745.0,3427.75,1378.0,-1.0,128.0,1761279267.0,SMDDR,False
25453599,25453598.0,5.0,4579.0,3220.75,1378.0,-1.0,128.0,1761279142.0,SMDDR,False
25439088,25439087.0,5.0,4203.0,2797.75,1378.0,-1.0,128.0,1766525212.0,SMDDL,False
25439115,25439114.0,5.0,4259.0,3253.75,1378.0,-1.0,128.0,1766525212.0,SMDDL,False
25439131,25439130.0,5.0,2927.0,3169.75,1378.0,-1.0,128.0,1766525212.0,SMDDL,False
25439084,25439083.0,5.0,4571.0,2753.75,1378.0,-1.0,128.0,1766525212.0,SMDDL,False
25439089,25439088.0,5.0,4195.0,2789.75,1379.0,-1.0,128.0,1766525212.0,SMDDL,False
25439083,25439064.0,5.0,4635.0,2777.75,1379.0,-1.0,128.0,1766525212.0,SMDDL,False
25439132,25439131.0,5.0,2923.0,3165.75,1379.0,-1.0,128.0,1766525212.0,SMDDL,False
25439116,25439115.0,5.0,4259.0,3245.75,1379.0,-1.0,128.0,1766525212.0,SMDDL,False
25453600,25453599.0,5.0,4583.0,3232.75,1379.0,-1.0,128.0,1761279166.0,SMDDR,False
25453626,25453625.0,5.0,5733.0,3405.75,1379.0,-1.0,128.0,1761279269.0,SMDDR,False
25453545,25453544.0,5.0,4319.0,2830.75,1379.0,-1.0,128.0,1761278898.0,SMDDR,False
25453544,25453486.0,5.0,4291.0,2846.75,1380.0,-1.0,128.0,1761278897.0,SMDDR,False
25439090,25439089.0,5.0,4194.02,2805.81,1380.0,-1.0,128.0,1766525212.0,SMDDL,False
25453601,25453600.0,5.0,4579.0,3232.75,1380.0,-1.0,128.0,1761279167.0,SMDDR,False
25439064,v_25439064_1381,5.0,4663.0,2785.75,1380.0,-1.0,128.0,1766525212.0,SMDDL,False
25453627,25453626.0,5.0,5735.0,3427.75,1380.0,-1.0,128.0,1761279270.0,SMDDR,False
25439133,25439132.0,5.0,2911.0,3173.75,1380.0,-1.0,128.0,1766525212.0,SMDDL,False
25439117,25439116.0,5.0,4251.0,3249.75,1380.0,-1.0,128.0,1766525212.0,SMDDL,False
25453628,25453627.0,5.0,5741.0,3528.75,1381.0,-1.0,128.0,1761279307.0,SMDDR,False
v_25439064_1381,25439066.0,,4709.0,2816.75,1381.0,,,,SMDDL,True
25453486,25453485.0,5.0,4219.0,2928.75,1381.0,-1.0,128.0,1761269591.0,SMDDR,False
25440609,25439133.0,5.0,2918.0,3225.75,1381.0,-1.0,128.0,1766525212.0,SMDDL,False
25440610,25440609.0,5.0,2918.0,3225.75,1382.0,-1.0,128.0,1766525212.0,SMDDL,False
25439066,25439067.0,5.0,4755.0,2847.75,1382.0,-1.0,128.0,1766525212.0,SMDDL,False
25453485,25453484.0,5.0,4201.0,2896.75,1382.0,-1.0,128.0,1761269591.0,SMDDR,False
v_25453629_1382,25453628.0,,5732.0,3516.75,1382.0,,,,SMDDR,True
25440611,25440610.0,5.0,2904.0,3225.75,1383.0,-1.0,128.0,1766525212.0,SMDDL,False
25453629,v_25453629_1382,5.0,5729.0,3512.75,1383.0,-1.0,128.0,1761279310.0,SMDDR,False
25453484,25453483.0,5.0,4199.0,2894.75,1383.0,-1.0,128.0,1761269591.0,SMDDR,False
25439067,25439068.0,5.0,4891.0,2943.75,1383.0,-1.0,128.0,1766525212.0,SMDDL,False
25453630,25453629.0,5.0,5733.0,3520.75,1384.0,-1.0,128.0,1761279317.0,SMDDR,False
25453483,25453482.0,5.0,4165.0,2892.75,1384.0,-1.0,128.0,1761269591.0,SMDDR,False
25439068,25439069.0,5.0,4927.0,2987.75,1384.0,-1.0,128.0,1766525212.0,SMDDL,False
25440612,25440611.0,5.0,2904.0,3225.75,1384.0,-1.0,128.0,1766525212.0,SMDDL,False
25453482,25453481.0,5.0,4121.0,2886.75,1385.0,-1.0,128.0,1761269591.0,SMDDR,False
25453631,25453630.0,5.0,5765.0,3536.75,1385.0,-1.0,128.0,1761279323.0,SMDDR,False
25439069,25439070.0,5.0,5019.0,3019.75,1385.0,-1.0,128.0,1766525212.0,SMDDL,False
25440613,25440612.0,5.0,2936.0,3235.75,1385.0,-1.0,128.0,1766525212.0,SMDDL,False
25453632,25453631.0,5.0,5805.0,3636.75,1386.0,-1.0,128.0,1761279326.0,SMDDR,False
25453481,25453480.0,5.0,4081.0,2882.75,1386.0,-1.0,128.0,1761269591.0,SMDDR,False
25440614,25440613.0,5.0,2936.0,3237.75,1386.0,-1.0,128.0,1766525212.0,SMDDL,False
25439070,25439071.0,5.0,5035.0,3039.75,1386.0,-1.0,128.0,1766525212.0,SMDDL,False
25439071,25439072.0,5.0,5083.0,3059.75,1387.0,-1.0,128.0,1766525212.0,SMDDL,False
25440615,25440614.0,5.0,2960.0,3249.75,1387.0,-1.0,128.0,1766525212.0,SMDDL,False
25453633,25453632.0,5.0,5805.0,3652.75,1387.0,-1.0,128.0,1761279327.0,SMDDR,False
25453480,25453479.0,5.0,4049.0,2892.75,1387.0,-1.0,128.0,1761269591.0,SMDDR,False
25453634,25453633.0,5.0,5825.0,3680.75,1388.0,-1.0,128.0,1761279328.0,SMDDR,False
25453479,25453478.0,5.0,3975.0,2922.75,1388.0,-1.0,128.0,1761269591.0,SMDDR,False
25440616,25440615.0,5.0,2982.0,3263.75,1388.0,-1.0,128.0,1766525212.0,SMDDL,False
25439072,25439073.0,5.0,5131.0,3091.75,1388.0,-1.0,128.0,1766525212.0,SMDDL,False
25440617,25440616.0,5.0,2982.0,3263.75,1389.0,-1.0,128.0,1766525212.0,SMDDL,False
25439073,25439074.0,5.0,5155.0,3119.75,1389.0,-1.0,128.0,1766525212.0,SMDDL,False
25453478,25453477.0,5.0,3907.0,2990.75,1389.0,-1.0,128.0,1761269591.0,SMDDR,False
25453635,25453634.0,5.0,5845.0,3688.75,1389.0,-1.0,128.0,1761279329.0,SMDDR,False
25439074,25439075.0,5.0,5187.0,3095.75,1390.0,-1.0,128.0,1766525212.0,SMDDL,False
25453477,25453476.0,5.0,3845.0,3022.75,1390.0,-1.0,128.0,1761269591.0,SMDDR,False
25453636,25453635.0,5.0,5857.0,3688.75,1390.0,-1.0,128.0,1761279330.0,SMDDR,False
v_25440618_1390,25440617.0,,2991.0,3275.75,1390.0,,,,SMDDL,True
25453476,25453475.0,5.0,3805.0,3046.75,1391.0,-1.0,128.0,1761269591.0,SMDDR,False
25440618,v_25440618_1390,5.0,2994.0,3279.75,1391.0,-1.0,128.0,1766525212.0,SMDDL,False
25439075,25439076.0,5.0,5251.0,3139.75,1391.0,-1.0,128.0,1766525212.0,SMDDL,False
25453637,25453636.0,5.0,5865.0,3664.75,1391.0,-1.0,128.0,1761279331.0,SMDDR,False
25453638,25453637.0,5.0,5861.0,3684.75,1392.0,-1.0,128.0,1761279332.0,SMDDR,False
25453475,25453474.0,5.0,3791.0,3060.75,1392.0,-1.0,128.0,1761269591.0,SMDDR,False
25439076,25439077.0,5.0,5331.0,3171.75,1392.0,-1.0,128.0,1766525212.0,SMDDL,False
25440619,25440618.0,5.0,3034.0,3281.75,1392.0,-1.0,128.0,1766525212.0,SMDDL,False
25453639,25453638.0,5.0,5865.0,3692.75,1393.0,-1.0,128.0,1761279333.0,SMDDR,False
25453474,25453473.0,5.0,3761.0,3046.75,1393.0,-1.0,128.0,1761269591.0,SMDDR,False
25554246,25440619.0,5.0,3034.0,3281.75,1393.0,-1.0,128.0,1769640470.0,SMDDL,False
25439077,25439078.0,5.0,5453.05,3201.77,1393.0,-1.0,128.0,1766525212.0,SMDDL,False
25440620,25554246.0,5.0,3034.0,3281.75,1394.0,-1.0,128.0,1769640470.0,SMDDL,False
25439078,25439079.0,5.0,5515.0,3235.75,1394.0,-1.0,128.0,1766525212.0,SMDDL,False
25453473,25453472.0,5.0,3733.0,3054.75,1394.0,-1.0,128.0,1761269591.0,SMDDR,False
25453640,25453639.0,5.0,5857.0,3696.75,1394.0,-1.0,128.0,1761279334.0,SMDDR,False
25453472,25453471.0,5.0,3659.0,3084.75,1395.0,-1.0,128.0,1761269591.0,SMDDR,False
25453641,25453640.0,5.0,5865.0,3708.75,1395.0,-1.0,128.0,1761279336.0,SMDDR,False
25439079,25439080.0,5.0,5617.0,3289.77,1395.0,-1.0,128.0,1766525212.0,SMDDL,False
v_25440621_1395,25440620.0,,3037.0,3287.75,1395.0,,,,SMDDL,True
25453471,25453470.0,5.0,3645.0,3089.75,1396.0,-1.0,128.0,1761269591.0,SMDDR,False
25440621,v_25440621_1395,5.0,3038.0,3289.75,1396.0,-1.0,128.0,1766525212.0,SMDDL,False
25453642,25453641.0,5.0,5873.0,3720.75,1396.0,-1.0,128.0,1761279338.0,SMDDR,False
25439080,25439081.0,5.0,5655.0,3331.75,1396.0,-1.0,128.0,1766525212.0,SMDDL,False
25556135,25440621.0,5.0,3038.0,3289.75,1397.0,-1.0,128.0,1770353832.0,SMDDL,False
25453470,25453469.0,5.0,3601.0,3105.75,1397.0,-1.0,128.0,1761269591.0,SMDDR,False
25439081,25439082.0,5.0,5715.0,3359.75,1397.0,-1.0,128.0,1766525212.0,SMDDL,False
25453643,25453642.0,5.0,5877.0,3720.75,1397.0,-1.0,128.0,1761279340.0,SMDDR,False
25453469,25453468.0,5.0,3605.0,3121.75,1398.0,-1.0,128.0,1761269591.0,SMDDR,False
25453644,25453643.0,5.0,5865.0,3716.75,1398.0,-1.0,128.0,1761279347.0,SMDDR,False
25439082,25468322.0,4.0,5757.8,3380.17,1398.0,-1.0,128.0,1766525223.0,SMDDL,False
25440622,25556135.0,5.0,3038.0,3289.75,1398.0,-1.0,128.0,1770353832.0,SMDDL,False
25453645,25453644.0,5.0,5921.0,3756.75,1399.0,-1.0,128.0,1761279422.0,SMDDR,False
25453468,25453487.0,5.0,3477.0,3189.75,1399.0,-1.0,128.0,1761269591.0,SMDDR,False
25468322,25468321.0,5.0,5983.75,3572.15,1399.0,-1.0,128.0,1764693382.0,SMDDL,False
25440623,25440622.0,5.0,3022.0,3339.75,1399.0,-1.0,128.0,1766525212.0,SMDDL,False
25453646,25453645.0,5.0,5921.0,3752.75,1400.0,-1.0,128.0,1761279432.0,SMDDR,False
25453487,v_25453487_1401,5.0,3469.0,3204.75,1400.0,-1.0,128.0,1761269591.0,SMDDR,False
25468321,25468320.0,5.0,6073.75,3644.15,1400.0,-1.0,128.0,1761921646.0,SMDDL,False
25440624,25440623.0,5.0,3016.0,3357.75,1400.0,-1.0,128.0,1766525212.0,SMDDL,False
v_25453487_1401,25453488.0,,3451.0,3204.75,1401.0,,,,SMDDR,True
v_25440625_1401,25440624.0,,3005.5,3372.75,1401.0,,,,SMDDL,True
25468320,25468319.0,5.0,6223.75,3750.15,1401.0,-1.0,128.0,1761921644.0,SMDDL,False
25453647,25453646.0,5.0,5929.0,3760.75,1401.0,-1.0,128.0,1761279433.0,SMDDR,False
25406605,25406604.0,5.0,4002.0,6002.0,1402.0,-1.0,128.0,1759934075.0,SMDDR,False
25453648,25453647.0,5.0,5941.0,3776.75,1402.0,-1.0,128.0,1761279436.0,SMDDR,False
25453488,v_25453488_1403,5.0,3433.0,3204.75,1402.0,-1.0,128.0,1761269591.0,SMDDR,False
25440625,v_25440625_1401,5.0,3002.0,3377.75,1402.0,-1.0,128.0,1766525212.0,SMDDL,False
25468319,25468318.0,5.0,6273.75,3818.15,1402.0,-1.0,128.0,1761921643.0,SMDDL,False
v_25440626_1403,25440625.0,,3005.0,3385.25,1403.0,,,,SMDDL,True
25468318,25468317.0,5.0,6365.75,3938.15,1403.0,-1.0,128.0,1761921640.0,SMDDL,False
25406604,25406603.0,5.0,4002.0,6002.0,1403.0,-1.0,128.0,1759934074.0,SMDDR,False
25453649,25453648.0,5.0,5949.0,3777.75,1403.0,-1.0,128.0,1761279443.0,SMDDR,False
v_25453488_1403,25453489.0,,3407.0,3221.75,1403.0,,,,SMDDR,True
v_25453650_1404,25453649.0,,5961.0,3777.75,1404.0,,,,SMDDR,True
25453489,25453490.0,5.0,3381.0,3238.75,1404.0,-1.0,128.0,1761269591.0,SMDDR,False
25406603,v_25406603_1405,5.0,4018.0,6072.0,1404.0,-1.0,128.0,1759934067.0,SMDDR,False
25440626,v_25440626_1403,5.0,3006.0,3387.75,1404.0,-1.0,128.0,1766525212.0,SMDDL,False
25468317,25468316.0,5.0,6387.75,4100.15,1404.0,-1.0,128.0,1761921636.0,SMDDL,False
v_25406603_1405,25406602.0,,4012.0,6081.0,1405.0,,,,SMDDR,True
v_25440627_1405,25440626.0,,2991.0,3414.75,1405.0,,,,SMDDL,True
25453650,v_25453650_1404,5.0,5965.0,3777.75,1405.0,-1.0,128.0,1761279444.0,SMDDR,False
25453490,25453491.0,5.0,3345.0,3258.75,1405.0,-1.0,128.0,1761269591.0,SMDDR,False
25468316,25468315.0,5.0,6391.75,4172.15,1405.0,-1.0,128.0,1761921635.0,SMDDL,False
25440627,v_25440627_1405,5.0,2986.0,3423.75,1406.0,-1.0,128.0,1766525212.0,SMDDL,False
25468315,25468314.0,5.0,6399.75,4262.15,1406.0,-1.0,128.0,1761921613.0,SMDDL,False
25453651,25453650.0,5.0,5981.0,3777.75,1406.0,-1.0,128.0,1761279445.0,SMDDR,False
25406602,25406601.0,5.0,4006.0,6090.0,1406.0,-1.0,128.0,1759934065.0,SMDDR,False
25453491,v_25453491_1407,5.0,3289.0,3302.75,1406.0,-1.0,128.0,1761269591.0,SMDDR,False
25406601,v_25406601_1408,5.0,4024.0,6142.0,1407.0,-1.0,128.0,1759934062.0,SMDDR,False
25453652,25453651.0,5.0,5993.0,3753.75,1407.0,-1.0,128.0,1761279453.0,SMDDR,False
25468314,25468313.0,5.0,6390.0,4279.78,1407.0,-1.0,128.0,1767380985.0,SMDDL,False
v_25453491_1407,25453492.0,,3271.0,3320.75,1407.0,,,,SMDDR,True
v_25440628_1407,25440627.0,,2963.5,3423.75,1407.0,,,,SMDDL,True
25468313,25468312.0,5.0,6373.75,4342.15,1408.0,-1.0,128.0,1761921610.0,SMDDL,False
v_25406601_1408,25406600.0,,4025.0,6164.0,1408.0,,,,SMDDR,True
25453653,25453652.0,5.0,5999.0,3749.75,1408.0,-1.0,128.0,1761279454.0,SMDDR,False
25440628,v_25440628_1407,5.0,2956.0,3423.75,1408.0,-1.0,128.0,1766525212.0,SMDDL,False
25453492,v_25453492_1409,5.0,3253.0,3338.75,1408.0,-1.0,128.0,1761269591.0,SMDDR,False
v_25440629_1409,25440628.0,,2933.5,3443.25,1409.0,,,,SMDDL,True
v_25453492_1409,25453493.0,,3225.0,3345.75,1409.0,,,,SMDDR,True
25453654,25453653.0,5.0,5987.0,3753.75,1409.0,-1.0,128.0,1761279455.0,SMDDR,False
25406600,v_25406600_1410,5.0,4026.0,6186.0,1409.0,-1.0,128.0,1759934061.0,SMDDR,False
25468312,25468311.0,5.0,6375.75,4368.15,1409.0,-1.0,128.0,1761921609.0,SMDDL,False
25468311,25468310.0,5.0,6367.75,4430.15,1410.0,-1.0,128.0,1761921608.0,SMDDL,False
25440629,v_25440629_1409,5.0,2926.0,3449.75,1410.0,-1.0,128.0,1766525212.0,SMDDL,False
25453493,25453494.0,5.0,3197.0,3352.75,1410.0,-1.0,128.0,1761269591.0,SMDDR,False
v_25406600_1410,25406599.0,,4005.3375,6199.475,1410.0,,,,SMDDR,True
25453655,25453654.0,5.0,5989.0,3747.75,1410.0,-1.0,128.0,1761279456.0,SMDDR,False
v_25440630_1411,25440629.0,,2902.0,3468.95,1411.0,,,,SMDDL,True
25453656,25453655.0,5.0,5987.0,3745.75,1411.0,-1.0,128.0,1761279457.0,SMDDR,False
25453494,25453495.0,5.0,3185.0,3352.75,1411.0,-1.0,128.0,1761269591.0,SMDDR,False
25406599,v_25406599_1412,5.0,3984.675,6212.95,1411.0,-1.0,128.0,1766512834.0,SMDDR,False
25468310,25468309.0,5.0,6367.75,4484.15,1411.0,-1.0,128.0,1761921606.0,SMDDL,False
v_25406599_1412,v_25406599_1413,,3993.116666666667,6219.966666666666,1412.0,,,,SMDDR,True
25468309,25468308.0,5.0,6381.75,4556.15,1412.0,-1.0,128.0,1761921605.0,SMDDL,False
25453657,25453656.0,5.0,5989.0,3749.75,1412.0,-1.0,128.0,1761279460.0,SMDDR,False
v_25440630_1412,v_25440630_1412,,2894.0,3475.35,1412.0,,,,SMDDL,True
25453495,25453496.0,5.0,3141.0,3362.75,1412.0,-1.0,128.0,1761269591.0,SMDDR,False
v_25406599_1413,25406598.0,,4001.558333333333,6226.983333333334,1413.0,,,,SMDDR,True
25453496,v_25453496_1414,5.0,3123.0,3376.75,1413.0,-1.0,128.0,1761269591.0,SMDDR,False
25453658,25453657.0,5.0,5987.0,3743.75,1413.0,-1.0,128.0,1761279461.0,SMDDR,False
25468308,25468307.0,5.0,6387.75,4582.15,1413.0,-1.0,128.0,1761921604.0,SMDDL,False
25440630,v_25440630_1411,5.0,2886.0,3481.75,1413.0,-1.0,128.0,1766525212.0,SMDDL,False
25468307,25468306.0,5.0,6387.75,4610.15,1414.0,-1.0,128.0,1761921603.0,SMDDL,False
v_25453496_1414,25453497.0,,3110.0,3390.75,1414.0,,,,SMDDR,True
25453659,25453658.0,5.0,5987.0,3741.75,1414.0,-1.0,128.0,1761279463.0,SMDDR,False
25406598,v_25406598_1415,5.0,4010.0,6234.0,1414.0,-1.0,128.0,1759934058.0,SMDDR,False
v_25440631_1414,25440630.0,,2884.5,3493.75,1414.0,,,,SMDDL,True
25468306,v_25468306_1416,5.0,6381.75,4638.15,1415.0,-1.0,128.0,1761921602.0,SMDDL,False
25440631,v_25440631_1414,5.0,2884.0,3497.75,1415.0,-1.0,128.0,1766525212.0,SMDDL,False
25453660,25453659.0,5.0,5987.0,3741.75,1415.0,-1.0,128.0,1761279464.0,SMDDR,False
v_25406598_1415,25406597.0,,4018.0,6251.0,1415.0,,,,SMDDR,True
25453497,25453498.0,5.0,3097.0,3404.75,1415.0,-1.0,128.0,1761269591.0,SMDDR,False
v_25468306_1416,25468305.0,,6362.75,4690.15,1416.0,,,,SMDDL,True
25440632,25440631.0,5.0,2910.0,3523.75,1416.0,-1.0,128.0,1766525212.0,SMDDL,False
v_25453661_1416,25453660.0,,5999.0,3744.75,1416.0,,,,SMDDR,True
25453498,25453499.0,5.0,3069.0,3438.75,1416.0,-1.0,128.0,1761269591.0,SMDDR,False
25406597,v_25406597_1417,5.0,4026.0,6268.0,1416.0,-1.0,128.0,1759934056.0,SMDDR,False
25453499,25453500.0,5.0,3023.0,3456.75,1417.0,-1.0,128.0,1761269591.0,SMDDR,False
v_25406597_1417,25406596.0,,4017.0,6271.0,1417.0,,,,SMDDR,True
25453661,v_25453661_1416,5.0,6003.0,3745.75,1417.0,-1.0,128.0,1761279465.0,SMDDR,False
25468305,25468304.0,5.0,6343.75,4742.15,1417.0,-1.0,128.0,1761921600.0,SMDDL,False
25440633,25440632.0,5.0,2924.0,3525.75,1417.0,-1.0,128.0,1766525212.0,SMDDL,False
25406596,v_25406596_1419,5.0,4008.0,6274.0,1418.0,-1.0,128.0,1759934055.0,SMDDR,False
25453662,25453661.0,5.0,6007.0,3751.75,1418.0,-1.0,128.0,1761279469.0,SMDDR,False
25453500,25453501.0,5.0,3013.0,3466.75,1418.0,-1.0,128.0,1761269591.0,SMDDR,False
25468304,v_25468304_1419,5.0,6321.75,4798.15,1418.0,-1.0,128.0,1761921599.0,SMDDL,False
25440634,25440633.0,5.0,2918.0,3565.75,1418.0,-1.0,128.0,1766525212.0,SMDDL,False
v_25468304_1419,25468303.0,,6290.75,4851.15,1419.0,,,,SMDDL,True
25440635,25440634.0,5.0,2898.0,3611.75,1419.0,-1.0,128.0,1766525212.0,SMDDL,False
25453663,25453662.0,5.0,6009.0,3753.75,1419.0,-1.0,128.0,1761279470.0,SMDDR,False
v_25406596_1419,v_25406596_1420,,4015.3333333333335,6283.333333333333,1419.0,,,,SMDDR,True
25453501,25453502.0,5.0,2977.0,3488.75,1419.0,-1.0,128.0,1761269591.0,SMDDR,False
v_25406596_1420,25406595.0,,4022.6666666666665,6292.666666666667,1420.0,,,,SMDDR,True
25453664,25453663.0,5.0,6005.0,3753.75,1420.0,-1.0,128.0,1761279471.0,SMDDR,False
25453502,25453503.0,5.0,2955.0,3502.75,1420.0,-1.0,128.0,1761269591.0,SMDDR,False
25468303,25468302.0,5.0,6259.75,4904.15,1420.0,-1.0,128.0,1761921598.0,SMDDL,False
25440636,25440635.0,5.0,2900.0,3629.75,1420.0,-1.0,128.0,1766525212.0,SMDDL,False
25440637,25440636.0,5.0,2902.0,3647.75,1421.0,-1.0,128.0,1766525212.0,SMDDL,False
25453503,25453504.0,5.0,2933.0,3504.75,1421.0,-1.0,128.0,1761269591.0,SMDDR,False
v_25453665_1421,25453664.0,,6000.5,3750.75,1421.0,,,,SMDDR,True
25406595,v_25406595_1422,5.0,4030.0,6302.0,1421.0,-1.0,128.0,1759934053.0,SMDDR,False
25468302,v_25468302_1422,5.0,6257.75,4958.15,1421.0,-1.0,128.0,1761921596.0,SMDDL,False
25440638,25440637.0,5.0,2936.0,3663.75,1422.0,-1.0,128.0,1766525212.0,SMDDL,False
v_25468302_1422,25468301.0,,6229.75,5012.15,1422.0,,,,SMDDL,True
25453504,25453505.0,5.0,2923.0,3504.75,1422.0,-1.0,128.0,1761269591.0,SMDDR,False
25453665,v_25453665_1421,5.0,5999.0,3749.75,1422.0,-1.0,128.0,1761279472.0,SMDDR,False
v_25406595_1422,25406594.0,,4030.0,6308.0,1422.0,,,,SMDDR,True
25453505,25453506.0,5.0,2881.0,3528.75,1423.0,-1.0,128.0,1761269591.0,SMDDR,False
25453666,25453665.0,5.0,5993.0,3751.75,1423.0,-1.0,128.0,1761279474.0,SMDDR,False
25406594,v_25406594_1424,5.0,4030.0,6314.0,1423.0,-1.0,128.0,1759934037.0,SMDDR,False
25440639,25440638.0,5.0,2962.0,3663.75,1423.0,-1.0,128.0,1766525212.0,SMDDL,False
25468301,25468300.0,5.0,6201.75,5066.15,1423.0,-1.0,128.0,1761921595.0,SMDDL,False
v_25406594_1424,25406593.0,,4039.0,6323.0,1424.0,,,,SMDDR,True
25468300,v_25468300_1425,5.0,6179.75,5102.15,1424.0,-1.0,128.0,1761921593.0,SMDDL,False
25440640,25440639.0,5.0,2958.0,3677.75,1424.0,-1.0,128.0,1766525212.0,SMDDL,False
25453506,25453507.0,5.0,2833.0,3562.75,1424.0,-1.0,128.0,1761269591.0,SMDDR,False
25453667,25453666.0,5.0,5985.0,3751.75,1424.0,-1.0,128.0,1761279475.0,SMDDR,False
25453668,25453667.0,5.0,5979.0,3757.75,1425.0,-1.0,128.0,1761279476.0,SMDDR,False
25406593,v_25406593_1426,5.0,4048.0,6332.0,1425.0,-1.0,128.0,1759934035.0,SMDDR,False
25453507,25453508.0,5.0,2775.0,3586.75,1425.0,-1.0,128.0,1761269591.0,SMDDR,False
v_25468300_1425,25468299.0,,6114.75,5184.15,1425.0,,,,SMDDL,True
25440641,25440640.0,5.0,2958.0,3677.75,1425.0,-1.0,128.0,1766525212.0,SMDDL,False
25468342,25468341.0,5.0,4682.75,6302.15,1426.0,-1.0,128.0,1761921898.0,SMDDL,False
25468346,25468345.0,5.0,4492.75,6292.15,1426.0,-1.0,128.0,1761921911.0,SMDDL,False
25468299,v_25468299_1427,5.0,6049.75,5266.15,1426.0,-1.0,128.0,1761921589.0,SMDDL,False
v_25406593_1426,v_25406593_1427,,4052.6666666666665,6340.0,1426.0,,,,SMDDR,True
25453669,25453668.0,5.0,5975.0,3765.75,1426.0,-1.0,128.0,1761279478.0,SMDDR,False
25453508,25453509.0,5.0,2747.0,3612.75,1426.0,-1.0,128.0,1761269591.0,SMDDR,False
25440642,25440641.0,5.0,2938.0,3695.75,1426.0,-1.0,128.0,1766525212.0,SMDDL,False
25453509,25453510.0,5.0,2701.0,3644.75,1427.0,-1.0,128.0,1761269591.0,SMDDR,False
v_25406593_1427,25406592.0,,4057.3333333333335,6348.0,1427.0,,,,SMDDR,True
v_25468299_1427,25468298.0,,6035.75,5297.15,1427.0,,,,SMDDL,True
25453670,25453669.0,5.0,5975.0,3775.75,1427.0,-1.0,128.0,1761279479.0,SMDDR,False
25440643,25440642.0,5.0,2936.0,3701.75,1427.0,-1.0,128.0,1766525212.0,SMDDL,False
25468345,v_25468345_1428,5.0,4500.75,6294.15,1427.0,-1.0,128.0,1761921910.0,SMDDL,False
25468341,25468340.0,5.0,4712.75,6342.15,1427.0,-1.0,128.0,1761921897.0,SMDDL,False
v_25453671_1428,25453670.0,,5976.5,3777.25,1428.0,,,,SMDDR,True
25468340,v_25468340_1429,5.0,4728.75,6338.15,1428.0,-1.0,128.0,1761921895.0,SMDDL,False
25453510,25453511.0,5.0,2533.0,3871.75,1428.0,-1.0,128.0,1761269591.0,SMDDR,False
25440644,25440643.0,5.0,2918.0,3727.75,1428.0,-1.0,128.0,1766525212.0,SMDDL,False
25468298,v_25468298_1429,5.0,6021.75,5328.15,1428.0,-1.0,128.0,1761921588.0,SMDDL,False
v_25468345_1428,25468344.0,,4500.75,6294.15,1428.0,,,,SMDDL,True
25406592,v_25406592_1429,5.0,4062.0,6356.0,1428.0,-1.0,128.0,1759934033.0,SMDDR,False
25453671,v_25453671_1428,5.0,5977.0,3777.75,1429.0,-1.0,128.0,1761279480.0,SMDDR,False
25440645,25440644.0,5.0,2926.0,3743.75,1429.0,-1.0,128.0,1766525212.0,SMDDL,False
25468344,v_25468344_1430,5.0,4500.75,6294.15,1429.0,-1.0,128.0,1761921908.0,SMDDL,False
25453511,25453512.0,5.0,2465.0,3963.75,1429.0,-1.0,128.0,1761269591.0,SMDDR,False
v_25468298_1429,25468297.0,,5973.75,5379.15,1429.0,,,,SMDDL,True
v_25468340_1429,25468339.0,,4731.75,6323.15,1429.0,,,,SMDDL,True
v_25406592_1429,v_25406592_1430,,4059.3333333333335,6356.0,1429.0,,,,SMDDR,True
25468297,v_25468297_1431,5.0,5925.75,5430.15,1430.0,-1.0,128.0,1761921587.0,SMDDL,False
v_25406592_1430,25406591.0,,4056.6666666666665,6356.0,1430.0,,,,SMDDR,True
v_25453672_1430,25453671.0,,5983.0,3779.25,1430.0,,,,SMDDR,True
25468339,v_25468339_1431,5.0,4734.75,6308.15,1430.0,-1.0,128.0,1761921893.0,SMDDL,False
25440646,25440645.0,5.0,2912.0,3751.75,1430.0,-1.0,128.0,1766525212.0,SMDDL,False
25453512,25453513.0,5.0,2429.0,4027.75,1430.0,-1.0,128.0,1761269591.0,SMDDR,False
v_25468344_1430,25468343.0,,4506.75,6300.15,1430.0,,,,SMDDL,True
25453513,25453514.0,5.0,2401.0,4071.75,1431.0,-1.0,128.0,1761269591.0,SMDDR,False
v_25468339_1431,25468338.0,,4726.75,6322.15,1431.0,,,,SMDDL,True
v_25468297_1431,v_25468297_1432,,5915.083333333333,5449.483333333333,1431.0,,,,SMDDL,True
25406591,v_25406591_1432,5.0,4054.0,6356.0,1431.0,-1.0,128.0,1759934031.0,SMDDR,False
25453672,v_25453672_1430,5.0,5985.0,3779.75,1431.0,-1.0,128.0,1761279482.0,SMDDR,False
25468343,25468336.0,5.0,4512.75,6306.15,1431.0,-1.0,128.0,1761921907.0,SMDDL,False
25440647,25440646.0,5.0,2902.0,3761.75,1431.0,-1.0,128.0,1766525212.0,SMDDL,False
v_25468297_1432,25468296.0,,5904.416666666667,5468.816666666667,1432.0,,,,SMDDL,True
v_25453673_1432,25453672.0,,5988.0,3781.25,1432.0,,,,SMDDR,True
v_25406591_1432,25406590.0,,4056.0,6356.0,1432.0,,,,SMDDR,True
25468338,25468337.0,5.0,4718.75,6336.15,1432.0,-1.0,128.0,1761921887.0,SMDDL,False
25468336,25468337.0,5.0,4520.75,6312.15,1432.0,-1.0,128.0,1761921886.0,SMDDL,False
25453514,25453515.0,5.0,2385.0,4139.75,1432.0,-1.0,128.0,1761269591.0,SMDDR,False
25440648,25440647.0,5.0,2914.0,3769.75,1432.0,-1.0,128.0,1766525212.0,SMDDL,False
25453515,25453516.0,5.0,2333.0,4227.75,1433.0,-1.0,128.0,1761269591.0,SMDDR,False
25453673,v_25453673_1432,5.0,5989.0,3781.75,1433.0,-1.0,128.0,1761279483.0,SMDDR,False
25406590,v_25406590_1434,5.0,4058.0,6356.0,1433.0,-1.0,128.0,1759934030.0,SMDDR,False
25440649,25440648.0,5.0,2914.0,3769.75,1433.0,-1.0,128.0,1766525212.0,SMDDL,False
25468296,v_25468296_1434,5.0,5893.75,5488.15,1433.0,-1.0,128.0,1768929617.0,SMDDL,False
25468337,25468335.0,5.0,4672.75,6306.15,1433.0,-1.0,128.0,1761921886.0,SMDDL,False
25468335,25468334.0,5.0,4694.75,6318.15,1434.0,-1.0,128.0,1761921879.0,SMDDL,False
v_25468296_1434,25551438.0,,5879.075,5513.475,1434.0,,,,SMDDL,True
25440650,25440649.0,5.0,2914.0,3769.75,1434.0,-1.0,128.0,1766525212.0,SMDDL,False
v_25406590_1434,25406589.0,,4051.0,6339.0,1434.0,,,,SMDDR,True
v_25453674_1434,25453673.0,,5990.5,3781.75,1434.0,,,,SMDDR,True
25453516,25453517.0,5.0,2313.0,4295.75,1434.0,-1.0,128.0,1761269591.0,SMDDR,False
25440651,25440650.0,5.0,2908.0,3775.75,1435.0,-1.0,128.0,1766525212.0,SMDDL,False
25453517,25453518.0,5.0,2317.0,4371.75,1435.0,-1.0,128.0,1761269591.0,SMDDR,False
25468334,v_25468334_1436,5.0,4730.75,6320.15,1435.0,-1.0,128.0,1761921874.0,SMDDL,False
25453674,v_25453674_1434,5.0,5991.0,3781.75,1435.0,-1.0,128.0,1761279484.0,SMDDR,False
25406589,v_25406589_1436,5.0,4044.0,6322.0,1435.0,-1.0,128.0,1759934029.0,SMDDR,False
25551438,25468295.0,5.0,5864.4,5538.8,1435.0,-1.0,128.0,1768929617.0,SMDDL,False
25468295,v_25468295_1437,5.0,5849.75,5564.15,1436.0,-1.0,128.0,1761921584.0,SMDDL,False
25453518,25453519.0,5.0,2337.0,4451.75,1436.0,-1.0,128.0,1761269591.0,SMDDR,False
25440652,25440651.0,5.0,2906.0,3773.75,1436.0,-1.0,128.0,1766525212.0,SMDDL,False
v_25406589_1436,25406588.0,,4042.0,6322.0,1436.0,,,,SMDDR,True
v_25453675_1436,25453674.0,,5986.5,3786.25,1436.0,,,,SMDDR,True
v_25468334_1436,25468333.0,,4725.75,6317.15,1436.0,,,,SMDDL,True
25453675,v_25453675_1436,5.0,5985.0,3787.75,1437.0,-1.0,128.0,1761279485.0,SMDDR,False
25468333,v_25468333_1438,5.0,4720.75,6314.15,1437.0,-1.0,128.0,1761921873.0,SMDDL,False
25406588,v_25406588_1438,5.0,4040.0,6322.0,1437.0,-1.0,128.0,1759934027.0,SMDDR,False
v_25468295_1437,25468294.0,,5829.75,5581.15,1437.0,,,,SMDDL,True
25453519,25453520.0,5.0,2333.0,4499.75,1437.0,-1.0,128.0,1761269591.0,SMDDR,False
25440653,25440652.0,5.0,2908.0,3781.75,1437.0,-1.0,128.0,1766525212.0,SMDDL,False
25453520,25453521.0,5.0,2333.0,4543.75,1438.0,-1.0,128.0,1761269591.0,SMDDR,False
v_25406588_1438,25406587.0,,4050.0,6315.0,1438.0,,,,SMDDR,True
v_25453676_1438,25453675.0,,5985.0,3787.75,1438.0,,,,SMDDR,True
v_25468333_1438,v_25468333_1439,,4708.083333333333,6312.816666666667,1438.0,,,,SMDDL,True
25468294,25468292.0,5.0,5809.75,5598.15,1438.0,-1.0,128.0,1761921584.0,SMDDL,False
25440654,25440653.0,5.0,2908.0,3781.75,1438.0,-1.0,128.0,1766525212.0,SMDDL,False
25468292,v_25468292_1440,5.0,5803.75,5602.15,1439.0,-1.0,128.0,1761921572.0,SMDDL,False
25440655,25440654.0,5.0,2908.0,3781.75,1439.0,-1.0,128.0,1766525212.0,SMDDL,False
25453521,25453522.0,5.0,2333.0,4599.75,1439.0,-1.0,128.0,1761269591.0,SMDDR,False
25453676,v_25453676_1438,5.0,5985.0,3787.75,1439.0,-1.0,128.0,1761279487.0,SMDDR,False
25406587,v_25406587_1440,5.0,4060.0,6308.0,1439.0,-1.0,128.0,1759934025.0,SMDDR,False
v_25468333_1439,25468332.0,,4695.416666666667,6311.483333333333,1439.0,,,,SMDDL,True
v_25468292_1440,25468291.0,,5783.75,5636.15,1440.0,,,,SMDDL,True
v_25406587_1440,25406586.0,,4060.0,6299.0,1440.0,,,,SMDDR,True
25453677,25453676.0,5.0,5993.0,3785.75,1440.0,-1.0,128.0,1761279494.0,SMDDR,False
25468332,v_25468332_1441,5.0,4682.75,6310.15,1440.0,-1.0,128.0,1769774042.0,SMDDL,False
25453522,25453523.0,5.0,2353.0,4707.75,1440.0,-1.0,128.0,1761269591.0,SMDDR,False
25440656,25440655.0,5.0,2908.0,3781.75,1440.0,-1.0,128.0,1766525212.0,SMDDL,False
25453523,25453524.0,5.0,2369.0,4739.75,1441.0,-1.0,128.0,1761269591.0,SMDDR,False
25453678,25453677.0,5.0,6003.0,3783.75,1441.0,-1.0,128.0,1761279498.0,SMDDR,False
25406586,v_25406586_1442,5.0,4060.0,6290.0,1441.0,-1.0,128.0,1759934024.0,SMDDR,False
25468291,25468290.0,5.0,5763.75,5670.15,1441.0,-1.0,128.0,1761921570.0,SMDDL,False
25440657,25440656.0,5.0,2908.0,3773.75,1441.0,-1.0,128.0,1766525212.0,SMDDL,False
v_25468332_1441,25555424.0,,4678.75,6304.15,1441.0,,,,SMDDL,True
v_25406586_1442,25406585.0,,4058.0,6282.0,1442.0,,,,SMDDR,True
25453679,25453678.0,5.0,6003.0,3779.75,1442.0,-1.0,128.0,1761279500.0,SMDDR,False
25555424,25468331.0,5.0,4674.75,6298.15,1442.0,-1.0,128.0,1769774042.0,SMDDL,False
25453524,25453525.0,5.0,2405.0,4827.75,1442.0,-1.0,128.0,1761269591.0,SMDDR,False
25440658,25440657.0,5.0,2908.0,3773.75,1442.0,-1.0,128.0,1766525212.0,SMDDL,False
25468290,25468289.0,5.0,5693.75,5726.15,1442.0,-1.0,128.0,1761921569.0,SMDDL,False
25406585,25558351.0,5.0,4056.0,6274.0,1443.0,-1.0,128.0,1771475535.0,SMDDR,False
25468289,25468288.0,5.0,5657.75,5788.15,1443.0,-1.0,128.0,1761921567.0,SMDDL,False
25468331,v_25468331_1444,5.0,4670.75,6292.15,1443.0,-1.0,128.0,1761921871.0,SMDDL,False
25440659,25440658.0,5.0,2908.0,3773.75,1443.0,-1.0,128.0,1766525212.0,SMDDL,False
25453680,25453679.0,5.0,6005.0,3763.75,1443.0,-1.0,128.0,1761279504.0,SMDDR,False
25453525,25453526.0,5.0,2485.0,4951.75,1443.0,-1.0,128.0,1761269591.0,SMDDR,False
25558351,25406584.0,5.0,4061.0,6263.0,1444.0,-1.0,128.0,1771475535.0,SMDDR,False
25453526,25453527.0,5.0,2525.0,5007.75,1444.0,-1.0,128.0,1761269591.0,SMDDR,False
v_25468331_1444,25468330.0,,4660.75,6291.15,1444.0,,,,SMDDL,True
25453681,25453680.0,5.0,6007.0,3765.75,1444.0,-1.0,128.0,1761279509.0,SMDDR,False
25440660,25440659.0,5.0,2892.0,3777.75,1444.0,-1.0,128.0,1766525212.0,SMDDL,False
25468287,25468286.0,5.0,5479.75,5974.15,1444.0,-1.0,128.0,1761921562.0,SMDDL,False
25468288,25468286.0,5.0,5601.75,5828.15,1444.0,-1.0,128.0,1761921561.0,SMDDL,False
25468286,25468285.0,5.0,5547.75,5866.15,1445.0,-1.0,128.0,1761921553.0,SMDDL,False
25440661,25440660.0,5.0,2892.0,3777.75,1445.0,-1.0,128.0,1766525212.0,SMDDL,False
25453682,25453681.0,5.0,6001.0,3765.75,1445.0,-1.0,128.0,1761279511.0,SMDDR,False
25406584,v_25406584_1446,5.0,4066.0,6252.0,1445.0,-1.0,128.0,1759934020.0,SMDDR,False
25468330,25555434.0,5.0,4650.75,6290.15,1445.0,-1.0,128.0,1769774090.0,SMDDL,False
25453527,25453528.0,5.0,2553.0,5039.75,1445.0,-1.0,128.0,1761269591.0,SMDDR,False
25468285,v_25468285_1447,5.0,5531.75,5858.15,1446.0,-1.0,128.0,1761921550.0,SMDDL,False
25440662,25440661.0,5.0,2892.0,3773.75,1446.0,-1.0,128.0,1766525212.0,SMDDL,False
25555434,25468329.0,5.0,4637.75,6279.15,1446.0,-1.0,128.0,1769774090.0,SMDDL,False
25453683,25453682.0,5.0,5986.15,3772.6,1446.0,-1.0,128.0,1761420925.0,SMDDR,False
25453528,25453529.0,5.0,2609.0,5127.75,1446.0,-1.0,128.0,1761269591.0,SMDDR,False
v_25406584_1446,25406583.0,,4068.0,6253.0,1446.0,,,,SMDDR,True
v_25468285_1447,25468284.0,,5497.75,5885.15,1447.0,,,,SMDDL,True
25453684,25453683.0,5.0,5985.0,3783.75,1447.0,-1.0,128.0,1761279513.0,SMDDR,False
25453529,25453530.0,5.0,2633.0,5163.75,1447.0,-1.0,128.0,1761269591.0,SMDDR,False
25406583,v_25406583_1448,5.0,4070.0,6254.0,1447.0,-1.0,128.0,1759934019.0,SMDDR,False
25468329,25558322.0,5.0,4624.75,6268.15,1447.0,-1.0,128.0,1771475210.0,SMDDL,False
25440663,25440662.0,5.0,2902.0,3747.75,1447.0,-1.0,128.0,1766525212.0,SMDDL,False
v_25406583_1448,25406582.0,,4077.0,6255.0,1448.0,,,,SMDDR,True
25440664,25440663.0,5.0,2906.0,3765.75,1448.0,-1.0,128.0,1766525212.0,SMDDL,False
25453530,25453531.0,5.0,2649.0,5215.75,1448.0,-1.0,128.0,1761269591.0,SMDDR,False
25468284,25528274.0,5.0,5463.75,5912.15,1448.0,-1.0,128.0,1766088082.0,SMDDL,False
25558322,25468328.0,5.0,4592.75,6262.15,1448.0,-1.0,128.0,1771475210.0,SMDDL,False
25453685,25453684.0,5.0,5993.0,3779.75,1448.0,-1.0,128.0,1761279515.0,SMDDR,False
25406582,v_25406582_1450,5.0,4084.0,6256.0,1449.0,-1.0,128.0,1759934017.0,SMDDR,False
25468328,25555439.0,5.0,4560.75,6256.15,1449.0,-1.0,128.0,1769774132.0,SMDDL,False
25528274,25468283.0,5.0,5444.55,5944.2,1449.0,-1.0,128.0,1766088082.0,SMDDL,False
25453531,25453532.0,5.0,2677.0,5239.75,1449.0,-1.0,128.0,1761269591.0,SMDDR,False
25440667,25440664.0,5.0,2928.0,3745.75,1449.0,-1.0,128.0,1766525212.0,SMDDL,False
25453686,25453685.0,5.0,5998.15,3780.6,1449.0,-1.0,128.0,1761420835.0,SMDDR,False
25453687,25453686.0,5.0,5987.0,3783.75,1450.0,-1.0,128.0,1761279517.0,SMDDR,False
25468283,25468282.0,5.0,5417.75,5958.15,1450.0,-1.0,128.0,1761921547.0,SMDDL,False
25555439,25468327.0,5.0,4559.75,6254.15,1450.0,-1.0,128.0,1769774132.0,SMDDL,False
25453532,25453533.0,5.0,2705.0,5287.75,1450.0,-1.0,128.0,1761269591.0,SMDDR,False
25440669,25440667.0,5.0,2930.0,3747.75,1450.0,-1.0,128.0,1766525212.0,SMDDL,False
v_25406582_1450,25406581.0,,4090.0,6256.0,1450.0,,,,SMDDR,True
25468282,25468281.0,5.0,5373.75,5972.15,1451.0,-1.0,128.0,1761921546.0,SMDDL,False
25406615,25406614.0,5.0,3140.0,6098.0,1451.0,-1.0,128.0,1759934210.0,SMDDR,False
25406581,25406580.0,5.0,4096.0,6256.0,1451.0,-1.0,128.0,1759934016.0,SMDDR,False
v_25453688_1451,25453687.0,,5997.5,3771.75,1451.0,,,,SMDDR,True
25453533,25453534.0,5.0,2733.0,5339.75,1451.0,-1.0,128.0,1761269591.0,SMDDR,False
25468327,25468326.0,5.0,4558.75,6252.15,1451.0,-1.0,128.0,1761921866.0,SMDDL,False
25440671,25440669.0,5.0,2930.0,3759.75,1451.0,-1.0,128.0,1766525212.0,SMDDL,False
25468281,25468280.0,5.0,5367.75,5966.15,1452.0,-1.0,128.0,1761921541.0,SMDDL,False
25406580,25406579.0,5.0,4096.0,6256.0,1452.0,-1.0,128.0,1759934014.0,SMDDR,False
25406614,25406613.0,5.0,3090.0,6068.0,1452.0,-1.0,128.0,1759934206.0,SMDDR,False
25453534,25453535.0,5.0,2725.0,5359.75,1452.0,-1.0,128.0,1761269591.0,SMDDR,False
25440673,25440671.0,5.0,2930.0,3759.75,1452.0,-1.0,128.0,1766525212.0,SMDDL,False
25453688,v_25453688_1451,5.0,6001.0,3767.75,1452.0,-1.0,128.0,1761279518.0,SMDDR,False
25468326,25468324.0,5.0,4532.5,6302.6,1452.0,-1.0,128.0,1762395327.0,SMDDL,False
v_25440674_1453,25440673.0,,2930.0,3759.75,1453.0,,,,SMDDL,True
25468324,v_25468324_1454,5.0,4556.75,6326.15,1453.0,-1.0,128.0,1761921858.0,SMDDL,False
25453535,25453536.0,5.0,2773.0,5399.75,1453.0,-1.0,128.0,1761269591.0,SMDDR,False
25406613,25406612.0,5.0,3098.0,6090.0,1453.0,-1.0,128.0,1759934204.0,SMDDR,False
25468280,25552578.0,5.0,5331.75,5996.15,1453.0,-1.0,128.0,1769310885.0,SMDDL,False
v_25453689_1453,25453688.0,,6001.0,3749.75,1453.0,,,,SMDDR,True
25406579,25406578.0,5.0,4106.0,6232.0,1453.0,-1.0,128.0,1759934012.0,SMDDR,False
25453689,v_25453689_1453,5.0,6001.0,3743.75,1454.0,-1.0,128.0,1761279520.0,SMDDR,False
v_25468324_1454,25468323.0,,4603.75,6345.15,1454.0,,,,SMDDL,True
25453536,25453537.0,5.0,2809.0,5479.75,1454.0,-1.0,128.0,1761269591.0,SMDDR,False
25440674,v_25440674_1453,5.0,2930.0,3759.75,1454.0,-1.0,128.0,1766525212.0,SMDDL,False
25406612,25406611.0,5.0,3110.0,6086.0,1454.0,-1.0,128.0,1759934203.0,SMDDR,False
25406578,25406577.0,5.0,4124.0,6292.0,1454.0,-1.0,128.0,1759934011.0,SMDDR,False
25468325,25468324.0,5.0,4542.75,6018.15,1454.0,-1.0,128.0,1761921861.0,SMDDL,False
25552578,25468279.0,5.0,5323.65,5997.6,1454.0,-1.0,128.0,1769310897.0,SMDDL,False
25406577,25406576.0,5.0,4154.0,6316.0,1455.0,-1.0,128.0,1759934010.0,SMDDR,False
v_25453690_1455,25453689.0,,6001.0,3736.25,1455.0,,,,SMDDR,True
v_25440676_1455,25440674.0,,2943.5,3764.25,1455.0,,,,SMDDL,True
25468347,25468325.0,5.0,4543.75,6004.15,1455.0,-1.0,128.0,1761921935.0,SMDDL,False
25406611,25406610.0,5.0,3101.0,6059.75,1455.0,-1.0,128.0,1761269503.0,SMDDR,False
25468279,25468278.0,5.0,5317.75,6006.15,1455.0,-1.0,128.0,1761921538.0,SMDDL,False
25468323,25468277.0,5.0,4650.75,6364.15,1455.0,-1.0,128.0,1761921855.0,SMDDL,False
25453537,25406610.0,5.0,2901.0,5731.75,1455.0,-1.0,128.0,1761269591.0,SMDDR,False
25406576,25555467.0,5.0,4160.0,6272.0,1456.0,-1.0,128.0,1769774911.0,SMDDR,False
25468278,25468276.0,5.0,5273.75,6018.15,1456.0,-1.0,128.0,1761921533.0,SMDDL,False
25468277,25468276.0,5.0,4709.75,6334.15,1456.0,-1.0,128.0,1761921530.0,SMDDL,False
25453690,v_25453690_1455,5.0,6001.0,3733.75,1456.0,-1.0,128.0,1761279521.0,SMDDR,False
25440676,v_25440676_1455,5.0,2948.0,3765.75,1456.0,-1.0,128.0,1766525212.0,SMDDL,False
25406610,25406609.0,5.0,3098.0,6000.0,1456.0,-1.0,128.0,1759934193.0,SMDDR,False
v_25453691_1457,25453690.0,,6019.0,3693.25,1457.0,,,,SMDDR,True
25440679,25440676.0,5.0,2968.0,3761.75,1457.0,-1.0,128.0,1766525212.0,SMDDL,False
25406609,25406608.0,5.0,3112.0,6008.0,1457.0,-1.0,128.0,1759934182.0,SMDDR,False
25468276,25468275.0,5.0,5195.75,6128.15,1457.0,-1.0,128.0,1761921532.0,SMDDL,False
25555467,25406575.0,5.0,4160.0,6272.0,1457.0,-1.0,128.0,1769774911.0,SMDDR,False
25406608,25406607.0,5.0,3193.0,6059.75,1458.0,-1.0,128.0,1761269660.0,SMDDR,False
v_25440681_1458,25440679.0,,2977.0,3773.75,1458.0,,,,SMDDL,True
25406575,25406574.0,5.0,4160.0,6272.0,1458.0,-1.0,128.0,1759934006.0,SMDDR,False
25453691,v_25453691_1457,5.0,6025.0,3679.75,1458.0,-1.0,128.0,1761279523.0,SMDDR,False
25468275,v_25468275_1459,5.0,5197.75,6070.15,1458.0,-1.0,128.0,1761921525.0,SMDDL,False
v_25468275_1459,v_25468275_1460,,5185.083333333333,6088.816666666667,1459.0,,,,SMDDL,True
25406607,25406606.0,5.0,3281.0,6127.75,1459.0,-1.0,128.0,1761269664.0,SMDDR,False
25453692,25453691.0,5.0,6017.0,3665.75,1459.0,-1.0,128.0,1761279524.0,SMDDR,False
25440681,v_25440681_1458,5.0,2980.0,3777.75,1459.0,-1.0,128.0,1766525212.0,SMDDL,False
25406574,v_25406574_1460,5.0,4102.0,6298.0,1459.0,-1.0,128.0,1759934000.0,SMDDR,False
25453693,25453692.0,5.0,6029.0,3635.75,1460.0,-1.0,128.0,1761279526.0,SMDDR,False
25406606,25406573.0,5.0,3277.0,6059.75,1460.0,-1.0,128.0,1761269670.0,SMDDR,False
v_25406574_1460,25406572.0,,4067.0,6304.0,1460.0,,,,SMDDR,True
v_25440684_1460,25440681.0,,2977.0,3771.75,1460.0,,,,SMDDL,True
v_25468275_1460,25468274.0,,5172.416666666667,6107.483333333333,1460.0,,,,SMDDL,True
25468274,25468273.0,5.0,5159.75,6126.15,1461.0,-1.0,128.0,1761921524.0,SMDDL,False
25453694,25453693.0,5.0,6041.0,3621.75,1461.0,-1.0,128.0,1761279529.0,SMDDR,False
25440684,v_25440684_1460,5.0,2976.0,3769.75,1461.0,-1.0,128.0,1766525212.0,SMDDL,False
25406573,25406571.0,5.0,3313.0,6095.75,1461.0,-1.0,128.0,1761269675.0,SMDDR,False
25406572,25406571.0,5.0,4032.0,6310.0,1461.0,-1.0,128.0,1761279945.0,SMDDR,False
25468273,25468272.0,5.0,5085.75,6158.15,1462.0,-1.0,128.0,1761921523.0,SMDDL,False
25406571,25406570.0,5.0,3694.0,6370.0,1462.0,-1.0,128.0,1759933982.0,SMDDR,False
v_25440686_1462,25440684.0,,2976.0,3769.75,1462.0,,,,SMDDL,True
25453695,25453694.0,5.0,6057.0,3607.75,1462.0,-1.0,128.0,1761279530.0,SMDDR,False
25468272,v_25468272_1464,5.0,4987.75,6182.15,1463.0,-1.0,128.0,1769310831.0,SMDDL,False
25440686,v_25440686_1462,5.0,2976.0,3769.75,1463.0,-1.0,128.0,1766525212.0,SMDDL,False
25453696,25453695.0,5.0,6053.0,3569.75,1463.0,-1.0,128.0,1761279531.0,SMDDR,False
25406570,25406569.0,5.0,3716.0,6360.0,1463.0,-1.0,128.0,1759933980.0,SMDDR,False
25440687,25440686.0,5.0,2966.0,3767.75,1464.0,-1.0,128.0,1766525212.0,SMDDL,False
v_25468272_1464,25552575.0,,4958.4175,6185.475,1464.0,,,,SMDDL,True
25406569,25553173.0,5.0,3745.0,6342.5,1464.0,-1.0,128.0,1769487643.0,SMDDR,False
v_25453697_1464,25453696.0,,6060.5,3545.75,1464.0,,,,SMDDR,True
v_25440688_1465,25440687.0,,2972.0,3758.75,1465.0,,,,SMDDL,True
25553173,25406568.0,5.0,3737.5,6329.25,1465.0,-1.0,128.0,1769487643.0,SMDDR,False
25552575,25468271.0,5.0,4929.085,6188.8,1465.0,-1.0,128.0,1769310831.0,SMDDL,False
25453697,v_25453697_1464,5.0,6063.0,3537.75,1465.0,-1.0,128.0,1761279533.0,SMDDR,False
v_25453698_1466,25453697.0,,6088.5,3546.75,1466.0,,,,SMDDR,True
25440688,v_25440688_1465,5.0,2974.0,3755.75,1466.0,-1.0,128.0,1766525212.0,SMDDL,False
25406568,25557581.0,5.0,3730.0,6316.0,1466.0,-1.0,128.0,1771216938.0,SMDDR,False
25468271,v_25468271_1467,5.0,4899.75,6192.15,1466.0,-1.0,128.0,1769774207.0,SMDDL,False
25557581,25406567.0,5.0,3725.5,6301.25,1467.0,-1.0,128.0,1771216938.0,SMDDR,False
25453698,v_25453698_1466,5.0,6097.0,3549.75,1467.0,-1.0,128.0,1761279534.0,SMDDR,False
v_25468271_1467,25555443.0,,4881.0825,6200.825,1467.0,,,,SMDDL,True
v_25440690_1467,25440688.0,,2974.0,3754.25,1467.0,,,,SMDDL,True
25440690,v_25440690_1467,5.0,2974.0,3753.75,1468.0,-1.0,128.0,1766525212.0,SMDDL,False
25406567,25555462.0,5.0,3721.0,6286.5,1468.0,-1.0,128.0,1769774854.0,SMDDR,False
25555443,25468270.0,5.0,4862.415,6209.5,1468.0,-1.0,128.0,1769774207.0,SMDDL,False
25453703,25453702.0,5.0,6457.0,3469.75,1468.0,-1.0,128.0,1761279600.0,SMDDR,False
25453699,25453698.0,5.0,6121.0,3533.75,1468.0,-1.0,128.0,1761279535.0,SMDDR,False
v_25440692_1469,25440690.0,,2950.0,3746.25,1469.0,,,,SMDDL,True
25468270,v_25468270_1470,5.0,4843.75,6218.15,1469.0,-1.0,128.0,1769310795.0,SMDDL,False
25555462,25406566.0,5.0,3720.5,6284.25,1469.0,-1.0,128.0,1769774854.0,SMDDR,False
25453702,25453701.0,5.0,6445.0,3499.75,1469.0,-1.0,128.0,1761279542.0,SMDDR,False
25453700,25453699.0,5.0,6149.0,3515.75,1469.0,-1.0,128.0,1761279536.0,SMDDR,False
v_25468270_1470,25552572.0,,4824.7,6220.875,1470.0,,,,SMDDL,True
25440692,v_25440692_1469,5.0,2942.0,3743.75,1470.0,-1.0,128.0,1766525212.0,SMDDL,False
25453701,25453700.0,5.0,6305.0,3489.75,1470.0,-1.0,128.0,1761279604.0,SMDDR,False
25406566,25406565.0,5.0,3720.0,6282.0,1470.0,-1.0,128.0,1759933972.0,SMDDR,False
v_25440693_1471,25440692.0,,2928.5,3745.25,1471.0,,,,SMDDL,True
25406565,25453538.0,5.0,3658.0,6300.0,1471.0,-1.0,128.0,1761269749.0,SMDDR,False
25552572,25468269.0,5.0,4805.65,6223.6,1471.0,-1.0,128.0,1769310800.0,SMDDL,False
25453704,25453701.0,5.0,6333.0,3495.75,1471.0,-1.0,128.0,1761279608.0,SMDDR,False
25468269,v_25468269_1473,5.0,4791.75,6224.15,1472.0,-1.0,128.0,1771723108.0,SMDDL,False
25453538,25406564.0,5.0,3729.0,6223.75,1472.0,-1.0,128.0,1761269749.0,SMDDR,False
25440693,v_25440693_1471,5.0,2924.0,3745.75,1472.0,-1.0,128.0,1766525212.0,SMDDL,False
v_25453705_1472,25453704.0,,6334.5,3498.75,1472.0,,,,SMDDR,True
v_25468269_1473,25558994.0,,4789.75,6217.65,1473.0,,,,SMDDL,True
25453705,v_25453705_1472,5.0,6335.0,3499.75,1473.0,-1.0,128.0,1761279610.0,SMDDR,False
v_25440694_1473,25440693.0,,2918.0,3745.75,1473.0,,,,SMDDL,True
25406564,v_25406564_1474,5.0,3781.0,6207.75,1473.0,-1.0,128.0,1761269754.0,SMDDR,False
v_25406564_1474,25406563.0,,3797.5,6211.875,1474.0,,,,SMDDR,True
v_25453706_1474,25453705.0,,6339.5,3534.25,1474.0,,,,SMDDR,True
25558994,25554214.0,5.0,4787.75,6211.15,1474.0,-1.0,128.0,1771723108.0,SMDDL,False
25440694,v_25440694_1473,5.0,2916.0,3745.75,1474.0,-1.0,128.0,1766525212.0,SMDDL,False
25554214,25468268.0,5.0,4785.75,6204.65,1475.0,-1.0,128.0,1769639730.0,SMDDL,False
v_25440695_1475,25440694.0,,2905.2,3744.55,1475.0,,,,SMDDL,True
25453706,v_25453706_1474,5.0,6341.0,3545.75,1475.0,-1.0,128.0,1761279616.0,SMDDR,False
25406563,25453539.0,5.0,3814.0,6216.0,1475.0,-1.0,128.0,1761269762.0,SMDDR,False
25468268,25555447.0,5.0,4783.75,6198.15,1476.0,-1.0,128.0,1769774228.0,SMDDL,False
25558949,25453706.0,5.0,6347.0,3547.085,1476.0,-1.0,128.0,1771721737.0,SMDDR,False
25453539,25406562.0,5.0,3857.0,6195.75,1476.0,-1.0,128.0,1761269762.0,SMDDR,False
v_25440695_1476,v_25440695_1476,,2901.6,3744.15,1476.0,,,,SMDDL,True
25529450,25414151.0,5.0,7238.8,2581.95,1477.0,-1.0,128.0,1767985095.0,SMDDR,False
25555447,v_25555447_1478,5.0,4781.75,6193.5,1477.0,-1.0,128.0,1769774228.0,SMDDL,False
v_25453707_1477,25558949.0,,6356.0,3549.08375,1477.0,,,,SMDDR,True
25406562,25406561.0,5.0,3869.0,6187.75,1477.0,-1.0,128.0,1761269765.0,SMDDR,False
25440695,v_25440695_1475,5.0,2898.0,3743.75,1477.0,-1.0,128.0,1766525212.0,SMDDL,False
25453707,v_25453707_1477,5.0,6359.0,3549.75,1478.0,-1.0,128.0,1771721737.0,SMDDR,False
v_25555447_1478,25468267.0,,4779.75,6188.825,1478.0,,,,SMDDL,True
25406561,25406560.0,5.0,3901.0,6143.75,1478.0,-1.0,128.0,1761269771.0,SMDDR,False
25414151,25414152.0,5.0,7242.8,2541.95,1478.0,-1.0,128.0,1767985095.0,SMDDR,False
v_25440696_1478,25440695.0,,2886.0,3737.75,1478.0,,,,SMDDL,True
25414150,25414151.0,5.0,7202.8,2475.95,1479.0,-1.0,128.0,1767985095.0,SMDDR,False
25440696,v_25440696_1478,5.0,2882.0,3735.75,1479.0,-1.0,128.0,1766525212.0,SMDDL,False
25406560,25406559.0,5.0,3905.0,6143.75,1479.0,-1.0,128.0,1761269774.0,SMDDR,False
25414152,25414153.0,5.0,7310.8,2791.95,1479.0,-1.0,128.0,1767985095.0,SMDDR,False
v_25453708_1479,25453707.0,,6366.5,3548.25,1479.0,,,,SMDDR,True
25468267,25554217.0,5.0,4777.75,6184.15,1479.0,-1.0,128.0,1769639749.0,SMDDL,False
25414153,25414154.0,5.0,7310.8,2857.95,1480.0,-1.0,128.0,1767985095.0,SMDDR,False
25414149,25414150.0,5.0,7096.8,2277.95,1480.0,-1.0,128.0,1767985095.0,SMDDR,False
25406559,25406515.0,5.0,3925.0,6111.75,1480.0,-1.0,128.0,1761269778.0,SMDDR,False
25440697,25440696.0,5.0,2878.0,3727.75,1480.0,-1.0,128.0,1766525212.0,SMDDL,False
25453708,v_25453708_1479,5.0,6369.0,3547.75,1480.0,-1.0,128.0,1761279620.0,SMDDR,False
25554217,25556154.0,5.0,4782.25,6173.65,1480.0,-1.0,128.0,1770354157.0,SMDDL,False
25406515,25453540.0,5.0,3953.0,6071.75,1481.0,-1.0,128.0,1761269788.0,SMDDR,False
25453709,25453708.0,5.0,6387.0,3545.75,1481.0,-1.0,128.0,1761279621.0,SMDDR,False
25556154,v_25556154_1482,5.0,4786.75,6163.15,1481.0,-1.0,128.0,1770354157.0,SMDDL,False
25414146,25414149.0,5.0,7054.8,2253.95,1481.0,-1.0,128.0,1767985095.0,SMDDR,False
25414154,25414155.0,5.0,7338.8,2893.95,1481.0,-1.0,128.0,1767985095.0,SMDDR,False
v_25440698_1481,25440697.0,,2878.0,3718.75,1481.0,,,,SMDDL,True
25453540,25406514.0,5.0,3957.0,6087.75,1482.0,-1.0,128.0,1761269788.0,SMDDR,False
25440698,v_25440698_1481,5.0,2878.0,3715.75,1482.0,-1.0,128.0,1766525212.0,SMDDL,False
v_25453710_1482,25453709.0,,6411.0,3529.25,1482.0,,,,SMDDR,True
25414145,25414146.0,5.0,7000.8,2193.95,1482.0,-1.0,128.0,1767985095.0,SMDDR,False
25414155,25529451.0,5.0,7316.8,2933.95,1482.0,-1.0,128.0,1767985095.0,SMDDR,False
v_25556154_1482,25468266.0,,4791.25,6152.65,1482.0,,,,SMDDL,True
25529451,v_25529451_1484,5.0,7312.8,2937.95,1483.0,-1.0,128.0,1767985095.0,SMDDR,False
25414144,25414145.0,5.0,6974.8,2153.95,1483.0,-1.0,128.0,1767985095.0,SMDDR,False
25406514,25406513.0,5.0,3969.0,6079.75,1483.0,-1.0,128.0,1761269792.0,SMDDR,False
v_25440699_1483,25440698.0,,2878.0,3715.75,1483.0,,,,SMDDL,True
25453710,v_25453710_1482,5.0,6419.0,3523.75,1483.0,-1.0,128.0,1761279623.0,SMDDR,False
25468266,25555450.0,5.0,4795.75,6142.15,1483.0,-1.0,128.0,1769774254.0,SMDDL,False
25440699,v_25440699_1483,5.0,2878.0,3715.75,1484.0,-1.0,128.0,1766525212.0,SMDDL,False
25414143,25414144.0,5.0,6936.8,2109.95,1484.0,-1.0,128.0,1767985095.0,SMDDR,False
25406513,25406512.0,5.0,3977.0,6099.75,1484.0,-1.0,128.0,1761269796.0,SMDDR,False
25557036,25453710.0,5.0,6426.0,3511.75,1484.0,-1.0,128.0,1770829694.0,SMDDR,False
25555450,25468265.0,5.0,4788.75,6131.15,1484.0,-1.0,128.0,1769774254.0,SMDDL,False
v_25529451_1484,25529452.0,,7297.8,2956.95,1484.0,,,,SMDDR,True
25440700,25440699.0,5.0,2890.0,3705.75,1485.0,-1.0,128.0,1766525212.0,SMDDL,False
25468265,v_25468265_1486,5.0,4781.75,6120.15,1485.0,-1.0,128.0,1761921508.0,SMDDL,False
25414142,25414143.0,5.0,6916.8,2079.95,1485.0,-1.0,128.0,1767985095.0,SMDDR,False
25453711,25557036.0,5.0,6433.0,3499.75,1485.0,-1.0,128.0,1770829694.0,SMDDR,False
25529452,v_25529452_1486,5.0,7282.8,2975.95,1485.0,-1.0,128.0,1767985095.0,SMDDR,False
25406512,25406511.0,5.0,3985.0,6103.75,1485.0,-1.0,128.0,1761269800.0,SMDDR,False
25414141,25414142.0,5.0,6904.8,2051.95,1486.0,-1.0,128.0,1767985095.0,SMDDR,False
v_25468265_1486,25468264.0,,4783.75,6115.15,1486.0,,,,SMDDL,True
v_25529452_1486,25529453.0,,7267.8,2973.95,1486.0,,,,SMDDR,True
25406511,25406510.0,5.0,3997.0,6127.75,1486.0,-1.0,128.0,1761269804.0,SMDDR,False
25440701,25440700.0,5.0,2888.0,3695.75,1486.0,-1.0,128.0,1766525212.0,SMDDL,False
v_25453712_1486,25453711.0,,6455.5,3496.75,1486.0,,,,SMDDR,True
25529453,v_25529453_1488,5.0,7252.8,2971.95,1487.0,-1.0,128.0,1767985095.0,SMDDR,False
v_25440702_1487,25440701.0,,2885.0,3680.75,1487.0,,,,SMDDL,True
25468264,25552570.0,5.0,4785.75,6110.15,1487.0,-1.0,128.0,1769310762.0,SMDDL,False
25453712,v_25453712_1486,5.0,6463.0,3495.75,1487.0,-1.0,128.0,1761279626.0,SMDDR,False
25414140,25414141.0,5.0,6878.8,2013.95,1487.0,-1.0,128.0,1767985095.0,SMDDR,False
25406510,25406509.0,5.0,4001.0,6119.75,1487.0,-1.0,128.0,1761269809.0,SMDDR,False
v_25414139_1488,25414140.0,,6844.3,1964.45,1488.0,,,,SMDDR,True
25406509,25406508.0,5.0,4029.0,6095.75,1488.0,-1.0,128.0,1761269818.0,SMDDR,False
v_25529453_1488,v_25529453_1489,,7246.866666666667,2979.883333333333,1488.0,,,,SMDDR,True
25440702,v_25440702_1487,5.0,2884.0,3675.75,1488.0,-1.0,128.0,1766525212.0,SMDDL,False
v_25453713_1488,25453712.0,,6472.0,3489.75,1488.0,,,,SMDDR,True
25552570,25468263.0,5.0,4782.655,6083.6,1488.0,-1.0,128.0,1769310765.0,SMDDL,False
25468263,25468262.0,5.0,4775.75,6056.15,1489.0,-1.0,128.0,1761921504.0,SMDDL,False
25406508,25406507.0,5.0,4057.0,6095.75,1489.0,-1.0,128.0,1761269824.0,SMDDR,False
v_25440705_1489,25440702.0,,2879.5,3650.25,1489.0,,,,SMDDL,True
25414139,v_25414139_1488,5.0,6832.8,1947.95,1489.0,-1.0,128.0,1767985095.0,SMDDR,False
25453713,v_25453713_1488,5.0,6475.0,3487.75,1489.0,-1.0,128.0,1761279628.0,SMDDR,False
v_25529453_1489,25529454.0,,7240.933333333333,2987.8166666666666,1489.0,,,,SMDDR,True
25453714,25453713.0,5.0,6487.0,3469.75,1490.0,-1.0,128.0,1761279629.0,SMDDR,False
25406507,25406506.0,5.0,4081.0,6131.75,1490.0,-1.0,128.0,1761269828.0,SMDDR,False
25414138,25414139.0,5.0,6822.8,1939.95,1490.0,-1.0,128.0,1767985095.0,SMDDR,False
25440705,v_25440705_1489,5.0,2878.0,3641.75,1490.0,-1.0,128.0,1766525212.0,SMDDL,False
25529454,25536059.0,5.0,7235.0,2995.75,1490.0,-1.0,128.0,1767985095.0,SMDDR,False
25468262,25468261.0,5.0,4764.11,6054.3,1490.0,-1.0,128.0,1762540112.0,SMDDL,False
25406506,25406505.0,5.0,4101.0,6143.75,1491.0,-1.0,128.0,1761269832.0,SMDDR,False
25396790,25414138.0,5.0,6799.8,1926.95,1491.0,-1.0,128.0,1767985095.0,SMDDR,False
25468261,25468260.0,5.0,4759.75,6024.15,1491.0,-1.0,128.0,1761921499.0,SMDDL,False
v_25440706_1491,25440705.0,,2873.5,3637.25,1491.0,,,,SMDDL,True
25536059,25529455.0,5.0,7227.0,3007.75,1491.0,-1.0,99.0,1767985095.0,SMDDR,False
v_25453715_1491,25453714.0,,6494.5,3471.25,1491.0,,,,SMDDR,True
25414156,25396790.0,5.0,6776.8,1875.95,1492.0,-1.0,128.0,1767985095.0,SMDDR,False
25453715,v_25453715_1491,5.0,6497.0,3471.75,1492.0,-1.0,128.0,1761279631.0,SMDDR,False
25468260,25554220.0,5.0,4763.75,6026.15,1492.0,-1.0,128.0,1769639763.0,SMDDL,False
25440706,v_25440706_1491,5.0,2872.0,3635.75,1492.0,-1.0,128.0,1766525212.0,SMDDL,False
25406505,25406504.0,5.0,4097.0,6151.75,1492.0,-1.0,128.0,1761269836.0,SMDDR,False
25529455,v_25529455_1493,5.0,7213.0,2995.75,1492.0,-1.0,128.0,1767985095.0,SMDDR,False
25453716,25453715.0,5.0,6529.0,3519.75,1493.0,-1.0,128.0,1761279641.0,SMDDR,False
25554220,25468259.0,5.0,4748.75,6039.15,1493.0,-1.0,128.0,1769639763.0,SMDDL,False
v_25529455_1493,v_25529455_1494,,7221.3,3022.116666666667,1493.0,,,,SMDDR,True
25440710,25440706.0,5.0,2810.0,3627.75,1493.0,-1.0,128.0,1766525212.0,SMDDL,False
25414157,25414156.0,5.0,6764.8,1873.95,1493.0,-1.0,128.0,1767985095.0,SMDDR,False
25406504,25406503.0,5.0,4113.0,6131.75,1493.0,-1.0,128.0,1761269842.0,SMDDR,False
25453717,25453716.0,5.0,6551.0,3517.75,1494.0,-1.0,128.0,1761279645.0,SMDDR,False
v_25529455_1494,v_25529455_1495,,7229.6,3048.483333333333,1494.0,,,,SMDDR,True
v_25414158_1494,25414157.0,,6738.400000000001,1846.35,1494.0,,,,SMDDR,True
25406503,25406502.0,5.0,4121.0,6135.75,1494.0,-1.0,128.0,1761269846.0,SMDDR,False
25468259,v_25468259_1495,5.0,4733.75,6052.15,1494.0,-1.0,128.0,1761921496.0,SMDDL,False
25440711,25440710.0,5.0,2774.0,3599.75,1494.0,-1.0,128.0,1766525212.0,SMDDL,False
v_25414158_1495,v_25414158_1495,,6729.6,1837.15,1495.0,,,,SMDDR,True
25440712,25440711.0,5.0,2772.0,3591.75,1495.0,-1.0,128.0,1766525212.0,SMDDL,False
v_25453718_1495,25453717.0,,6563.0,3516.25,1495.0,,,,SMDDR,True
v_25468259_1495,25468258.0,,4726.75,6057.15,1495.0,,,,SMDDL,True
25406502,25406501.0,5.0,4125.0,6115.75,1495.0,-1.0,128.0,1761269850.0,SMDDR,False
v_25529455_1495,v_25529455_1496,,7237.9,3074.85,1495.0,,,,SMDDR,True
25468258,25556158.0,5.0,4719.75,6062.15,1496.0,-1.0,128.0,1770354193.0,SMDDL,False
25414158,v_25414158_1494,5.0,6720.8,1827.95,1496.0,-1.0,128.0,1767985095.0,SMDDR,False
25406501,25406500.0,5.0,4121.0,6103.75,1496.0,-1.0,128.0,1761269853.0,SMDDR,False
v_25529455_1496,v_25529455_1497,,7246.2,3101.2166666666667,1496.0,,,,SMDDR,True
25453718,v_25453718_1495,5.0,6567.0,3515.75,1496.0,-1.0,128.0,1761279647.0,SMDDR,False
v_25440713_1496,25440712.0,,2730.0,3566.25,1496.0,,,,SMDDL,True
v_25414159_1497,25414158.0,,6704.3,1818.95,1497.0,,,,SMDDR,True
v_25453719_1497,25453718.0,,6570.0,3503.75,1497.0,,,,SMDDR,True
25556158,25557461.0,5.0,4715.085,6036.8,1497.0,-1.0,128.0,1771215106.0,SMDDL,False
25440713,v_25440713_1496,5.0,2716.0,3557.75,1497.0,-1.0,128.0,1766525212.0,SMDDL,False
v_25529455_1497,25529456.0,,7254.5,3127.583333333333,1497.0,,,,SMDDR,True
25406500,25406499.0,5.0,4129.0,6111.75,1497.0,-1.0,128.0,1761269857.0,SMDDR,False
25414159,v_25414159_1497,5.0,6698.8,1815.95,1498.0,-1.0,128.0,1767985095.0,SMDDR,False
25529456,v_25529456_1499,5.0,7262.8,3153.95,1498.0,-1.0,128.0,1767985095.0,SMDDR,False
25557461,25468257.0,5.0,4710.415,6011.5,1498.0,-1.0,128.0,1771215106.0,SMDDL,False
25453719,v_25453719_1497,5.0,6571.0,3499.75,1498.0,-1.0,128.0,1761279648.0,SMDDR,False
25440714,25440713.0,5.0,2708.0,3537.75,1498.0,-1.0,128.0,1766525212.0,SMDDL,False
25406499,25406498.0,5.0,4133.0,6079.75,1498.0,-1.0,128.0,1761269859.0,SMDDR,False
25440715,25440714.0,5.0,2690.0,3509.75,1499.0,-1.0,128.0,1766525212.0,SMDDL,False
v_25529456_1499,v_25529456_1500,,7263.466666666667,3169.2833333333333,1499.0,,,,SMDDR,True
25468257,v_25468257_1500,5.0,4705.75,5986.15,1499.0,-1.0,128.0,1761921492.0,SMDDL,False
25406498,25406497.0,5.0,4089.0,6043.75,1499.0,-1.0,128.0,1761269869.0,SMDDR,False
v_25414160_1499,25414159.0,,6689.8,1812.95,1499.0,,,,SMDDR,True
25453720,25453719.0,5.0,6579.0,3497.75,1499.0,-1.0,128.0,1761279654.0,SMDDR,False
25453721,25453720.0,5.0,6575.0,3481.75,1500.0,-1.0,128.0,1761279655.0,SMDDR,False
25440716,25440715.0,5.0,2683.155,3516.63,1500.0,-1.0,128.0,1776038855.0,SMDDL,False
v_25529456_1500,25529457.0,,7264.133333333333,3184.6166666666663,1500.0,,,,SMDDR,True
v_25468257_1500,25468256.0,,4703.75,5980.15,1500.0,,,,SMDDL,True
25406497,25406496.0,5.0,4085.0,6027.75,1500.0,-1.0,128.0,1761269872.0,SMDDR,False
25414160,v_25414160_1499,5.0,6686.8,1811.95,1500.0,-1.0,128.0,1767985095.0,SMDDR,False
25440717,25440716.0,5.0,2670.0,3531.75,1501.0,-1.0,128.0,1766525212.0,SMDDL,False
25406496,25406495.0,5.0,4073.0,6015.75,1501.0,-1.0,128.0,1761269878.0,SMDDR,False
25453722,25453721.0,5.0,6567.0,3471.75,1501.0,-1.0,128.0,1761279656.0,SMDDR,False
v_25414161_1501,25414160.0,,6655.3,1811.95,1501.0,,,,SMDDR,True
25529457,25454998.0,5.0,7264.8,3199.95,1501.0,-1.0,128.0,1767985095.0,SMDDR,False
25468256,25468255.0,5.0,4701.75,5974.15,1501.0,-1.0,128.0,1761921491.0,SMDDL,False
25468255,v_25468255_1503,5.0,4701.75,5974.15,1502.0,-1.0,128.0,1761921489.0,SMDDL,False
25440718,25440717.0,5.0,2650.0,3507.75,1502.0,-1.0,128.0,1766525212.0,SMDDL,False
25454998,25454997.0,5.0,7276.0,3239.79,1502.0,-1.0,128.0,1767985095.0,SMDDR,False
25453725,25453724.0,5.0,6567.0,3345.75,1502.0,-1.0,128.0,1761279674.0,SMDDR,False
25453723,25453722.0,5.0,6563.0,3461.75,1502.0,-1.0,128.0,1761279664.0,SMDDR,False
25414161,v_25414161_1501,5.0,6644.8,1811.95,1502.0,-1.0,128.0,1767985095.0,SMDDR,False
25406495,25406494.0,5.0,4085.0,6003.75,1502.0,-1.0,128.0,1761269885.0,SMDDR,False
25414162,25414161.0,5.0,6614.8,1813.95,1503.0,-1.0,128.0,1767985095.0,SMDDR,False
25454997,25454996.0,5.0,7247.0,3240.5,1503.0,-1.0,128.0,1767985095.0,SMDDR,False
25453724,25453723.0,5.0,6557.0,3383.75,1503.0,-1.0,128.0,1761279679.0,SMDDR,False
25406494,25406493.0,5.0,4133.0,6015.75,1503.0,-1.0,128.0,1761269964.0,SMDDR,False
v_25468255_1503,25468254.0,,4699.75,5978.15,1503.0,,,,SMDDL,True
25530050,25440718.0,5.0,2637.0,3493.75,1503.0,-1.0,99.0,1766525245.0,SMDDL,False
25530051,25530050.0,5.0,2639.0,3497.75,1504.0,-1.0,99.0,1766525284.0,SMDDL,False
v_25414163_1504,25414162.0,,6598.3,1819.95,1504.0,,,,SMDDR,True
25406493,25406491.0,5.0,4141.0,6013.75,1504.0,-1.0,128.0,1761270064.0,SMDDR,False
25453726,25453724.0,5.0,6559.0,3361.75,1504.0,-1.0,128.0,1761279681.0,SMDDR,False
25468254,v_25468254_1505,5.0,4697.75,5982.15,1504.0,-1.0,128.0,1761921488.0,SMDDL,False
25554727,25406493.0,5.0,3809.65,5851.0,1504.0,-1.0,128.0,1769715137.0,SMDDR,False
25454996,25454995.0,5.0,7227.0,3246.5,1504.0,-1.0,128.0,1767985095.0,SMDDR,False
25454995,25529994.0,5.0,7191.0,3246.5,1505.0,-1.0,128.0,1767985095.0,SMDDR,False
25529994,25536062.0,2.0,7139.0,3159.75,1505.0,-1.0,128.0,1767985327.0,SMDDR,False
v_25468254_1505,25468253.0,,4716.75,6002.15,1505.0,,,,SMDDL,True
25530052,25530051.0,5.0,2631.0,3475.75,1505.0,-1.0,99.0,1766525287.0,SMDDL,False
25453541,25406493.0,5.0,3801.0,5851.75,1505.0,-1.0,128.0,1761269984.0,SMDDR,False
25453727,25453726.0,5.0,6577.0,3337.75,1505.0,-1.0,128.0,1761279683.0,SMDDR,False
25414163,v_25414163_1504,5.0,6592.8,1821.95,1505.0,-1.0,128.0,1767985095.0,SMDDR,False
25406491,25406490.0,5.0,4150.0,6132.0,1505.0,-1.0,128.0,1759933797.0,SMDDR,False
25530056,25530053.0,5.0,2503.0,3323.75,1506.0,-1.0,99.0,1767823945.0,SMDDL,False
25468253,v_25468253_1507,5.0,4735.75,6022.15,1506.0,-1.0,128.0,1761921487.0,SMDDL,False
25414164,25414163.0,5.0,6576.8,1815.95,1506.0,-1.0,128.0,1767985095.0,SMDDR,False
25453728,25453727.0,5.0,6623.0,3297.75,1506.0,-1.0,128.0,1761279686.0,SMDDR,False
25406490,25406489.0,5.0,4140.0,6130.0,1506.0,-1.0,128.0,1759933767.0,SMDDR,False
25530053,25530052.0,5.0,2601.0,3521.75,1506.0,-1.0,99.0,1766525291.0,SMDDL,False
25536062,25529995.0,5.0,7109.0,3161.75,1506.0,-1.0,99.0,1767985091.0,SMDDR,False
25453542,25453541.0,5.0,3821.0,5847.75,1506.0,-1.0,128.0,1761270001.0,SMDDR,False
25530057,25530056.0,5.0,2493.0,3327.75,1507.0,-1.0,99.0,1767823945.0,SMDDL,False
25453729,25453728.0,5.0,6669.0,3297.75,1507.0,-1.0,128.0,1761279688.0,SMDDR,False
25453543,25453542.0,5.0,3841.0,5855.75,1507.0,-1.0,128.0,1761270002.0,SMDDR,False
25529995,25529996.0,5.0,7079.0,3151.75,1507.0,-1.0,128.0,1767985089.0,SMDDR,False
v_25468253_1507,v_25468253_1508,,4729.083333333333,6002.816666666667,1507.0,,,,SMDDL,True
v_25414165_1507,25414164.0,,6573.8,1826.45,1507.0,,,,SMDDR,True
25530054,25530053.0,5.0,2591.0,3591.75,1507.0,-1.0,99.0,1766525257.0,SMDDL,False
25406489,v_25406489_1508,5.0,4136.0,6114.0,1507.0,-1.0,128.0,1759933760.0,SMDDR,False
v_25468253_1508,25468252.0,,4722.416666666667,5983.483333333333,1508.0,,,,SMDDL,True
25530058,25530057.0,5.0,2485.0,3319.75,1508.0,-1.0,99.0,1767823945.0,SMDDL,False
25530055,25530054.0,5.0,2587.0,3603.75,1508.0,-1.0,99.0,1766525258.0,SMDDL,False
v_25453730_1508,25453729.0,,6706.5,3300.75,1508.0,,,,SMDDR,True
25529996,25529997.0,5.0,7061.0,3121.75,1508.0,-1.0,128.0,1767985087.0,SMDDR,False
v_25406489_1508,25406488.0,,4136.0,6108.0,1508.0,,,,SMDDR,True
25414165,v_25414165_1507,5.0,6572.8,1829.95,1508.0,-1.0,128.0,1767985095.0,SMDDR,False
25406488,v_25406488_1510,5.0,4136.0,6102.0,1509.0,-1.0,128.0,1759933759.0,SMDDR,False
25468252,v_25468252_1510,5.0,4715.75,5964.15,1509.0,-1.0,128.0,1761921485.0,SMDDL,False
25529997,25529998.0,5.0,7063.0,3128.77,1509.0,-1.0,128.0,1766513141.0,SMDDR,False
25453730,v_25453730_1508,5.0,6719.0,3301.75,1509.0,-1.0,128.0,1761279691.0,SMDDR,False
v_25414166_1509,25414165.0,,6572.8,1829.95,1509.0,,,,SMDDR,True
25530059,25530058.0,5.0,2481.0,3321.75,1509.0,-1.0,99.0,1767823945.0,SMDDL,False
v_25406488_1510,25406487.0,,4136.0,6090.0,1510.0,,,,SMDDR,True
25414166,v_25414166_1509,5.0,6572.8,1829.95,1510.0,-1.0,128.0,1767985095.0,SMDDR,False
25529998,25529999.0,5.0,7063.0,3136.77,1510.0,-1.0,128.0,1766513141.0,SMDDR,False
25530060,25530059.0,5.0,2481.0,3321.75,1510.0,-1.0,99.0,1767823945.0,SMDDL,False
v_25453731_1510,25453730.0,,6765.5,3292.75,1510.0,,,,SMDDR,True
v_25468252_1510,25468250.0,,4708.75,5968.15,1510.0,,,,SMDDL,True
25406487,25552716.0,5.0,4136.0,6078.0,1511.0,-1.0,128.0,1769316779.0,SMDDR,False
25453731,v_25453731_1510,5.0,6781.0,3289.75,1511.0,-1.0,128.0,1761279693.0,SMDDR,False
25529999,25530000.0,5.0,7059.0,3136.77,1511.0,-1.0,128.0,1766513141.0,SMDDR,False
25468250,25468249.0,5.0,4701.75,5972.15,1511.0,-1.0,128.0,1761921480.0,SMDDL,False
25530061,25530060.0,5.0,2467.0,3329.75,1511.0,-1.0,99.0,1767823945.0,SMDDL,False
v_25414167_1511,25414166.0,,6568.3,1826.95,1511.0,,,,SMDDR,True
25530062,25530061.0,5.0,2457.0,3335.75,1512.0,-1.0,99.0,1767823945.0,SMDDL,False
25468251,25468250.0,5.0,4749.75,6024.15,1512.0,-1.0,128.0,1761921481.0,SMDDL,False
25468249,v_25468249_1513,5.0,4643.75,5792.15,1512.0,-1.0,128.0,1761921477.0,SMDDL,False
25552716,25406486.0,5.0,4145.0,6055.0,1512.0,-1.0,128.0,1769316779.0,SMDDR,False
25414167,v_25414167_1511,5.0,6566.8,1825.95,1512.0,-1.0,128.0,1767985095.0,SMDDR,False
25530000,25530001.0,5.0,7039.0,3144.77,1512.0,-1.0,128.0,1766513141.0,SMDDR,False
25453732,25453731.0,5.0,6843.0,3287.75,1512.0,-1.0,128.0,1761279695.0,SMDDR,False
v_25468249_1513,25468248.0,,4630.75,5766.15,1513.0,,,,SMDDL,True
25406486,25406485.0,5.0,4154.0,6032.0,1513.0,-1.0,128.0,1759933756.0,SMDDR,False
25530001,25530002.0,5.0,7047.0,3164.77,1513.0,-1.0,128.0,1766513141.0,SMDDR,False
25453733,25453732.0,5.0,6861.0,3272.75,1513.0,-1.0,128.0,1762319757.0,SMDDR,False
25530063,25530062.0,5.0,2443.0,3337.75,1513.0,-1.0,99.0,1767823945.0,SMDDL,False
25468348,25468251.0,5.0,4726.75,6020.15,1513.0,-1.0,128.0,1761921956.0,SMDDL,False
v_25414168_1513,25414167.0,,6566.8,1813.95,1513.0,,,,SMDDR,True
25530064,25530063.0,5.0,2443.0,3339.75,1514.0,-1.0,99.0,1767823945.0,SMDDL,False
25406485,25406484.0,5.0,4174.0,6022.0,1514.0,-1.0,128.0,1759933755.0,SMDDR,False
25468349,25468348.0,5.0,4742.75,6042.15,1514.0,-1.0,128.0,1761921958.0,SMDDL,False
25471449,25453733.0,5.0,6909.0,3264.75,1514.0,-1.0,128.0,1762319760.0,SMDDR,False
25414168,v_25414168_1513,5.0,6566.8,1809.95,1514.0,-1.0,128.0,1767985095.0,SMDDR,False
25530002,25471449.0,5.0,7031.0,3216.77,1514.0,-1.0,128.0,1766513141.0,SMDDR,False
25468248,v_25468248_1515,5.0,4617.75,5740.15,1514.0,-1.0,128.0,1761921476.0,SMDDL,False
v_25468248_1515,25468247.0,,4615.75,5717.15,1515.0,,,,SMDDL,True
v_25414169_1515,25414168.0,,6562.0,1808.75,1515.0,,,,SMDDR,True
25530065,25530064.0,5.0,2419.0,3347.75,1515.0,-1.0,99.0,1767823945.0,SMDDL,False
25406484,25406483.0,5.0,4174.0,6022.0,1515.0,-1.0,128.0,1759933754.0,SMDDR,False
25471450,25471449.0,5.0,6935.0,3272.75,1515.0,-1.0,128.0,1762319767.0,SMDDR,False
25468350,25468349.0,5.0,4734.75,6052.15,1515.0,-1.0,128.0,1761921959.0,SMDDL,False
25530066,25530065.0,5.0,2413.0,3361.75,1516.0,-1.0,99.0,1767823945.0,SMDDL,False
25406483,25406482.0,5.0,4222.005,6003.0,1516.0,-1.0,128.0,1770347562.0,SMDDR,False
25471451,25471450.0,5.0,6941.0,3256.75,1516.0,-1.0,128.0,1762319769.0,SMDDR,False
v_25414169_1516,v_25414169_1516,,6560.400000000001,1808.35,1516.0,,,,SMDDR,True
25468247,v_25468247_1517,5.0,4613.75,5694.15,1516.0,-1.0,128.0,1761921474.0,SMDDL,False
25468351,25468350.0,5.0,4708.75,6064.15,1516.0,-1.0,128.0,1761921960.0,SMDDL,False
25406482,25406481.0,5.0,4224.0,5990.0,1517.0,-1.0,128.0,1759933752.0,SMDDR,False
25468352,25468351.0,5.0,4706.75,6072.15,1517.0,-1.0,128.0,1761921961.0,SMDDL,False
25530067,25530066.0,5.0,2421.0,3361.75,1517.0,-1.0,99.0,1767823945.0,SMDDL,False
v_25471452_1517,25471451.0,,6996.5,3252.25,1517.0,,,,SMDDR,True
25414169,v_25414169_1515,5.0,6558.8,1807.95,1517.0,-1.0,128.0,1767985095.0,SMDDR,False
25556070,25406483.0,5.0,4018.005,6051.0,1517.0,-1.0,128.0,1770347572.0,SMDDR,False
v_25468247_1517,25468246.0,,4617.75,5668.15,1517.0,,,,SMDDL,True
25535333,25535332.0,5.0,1526.855,2915.7,1517.0,-1.0,128.0,1767824351.0,SMDDL,False
25556071,25556070.0,5.0,4021.005,6033.0,1518.0,-1.0,128.0,1770347580.0,SMDDR,False
v_25414170_1518,25414169.0,,6554.3,1797.45,1518.0,,,,SMDDR,True
25530068,25530067.0,5.0,2415.0,3363.75,1518.0,-1.0,99.0,1767823945.0,SMDDL,False
25535332,25394395.0,5.0,1526.855,2879.7,1518.0,-1.0,128.0,1767824351.0,SMDDL,False
v_25468353_1518,25468352.0,,4714.25,6058.65,1518.0,,,,SMDDL,True
25406481,25406480.0,5.0,4232.0,5968.0,1518.0,-1.0,128.0,1759933751.0,SMDDR,False
25468246,25468245.0,5.0,4621.75,5642.15,1518.0,-1.0,128.0,1761921473.0,SMDDL,False
25471452,v_25471452_1517,5.0,7015.0,3250.75,1518.0,-1.0,128.0,1762319771.0,SMDDR,False
25530069,25530068.0,5.0,2405.0,3367.75,1519.0,-1.0,99.0,1767823945.0,SMDDL,False
25414170,v_25414170_1518,5.0,6552.8,1793.95,1519.0,-1.0,128.0,1767985095.0,SMDDR,False
25471453,25471452.0,5.0,7035.0,3192.75,1519.0,-1.0,128.0,1762319774.0,SMDDR,False
25468353,v_25468353_1518,5.0,4716.75,6054.15,1519.0,-1.0,128.0,1761921963.0,SMDDL,False
25468244,25468243.0,5.0,4861.75,5286.15,1519.0,-1.0,128.0,1761921461.0,SMDDL,False
25468245,25468243.0,5.0,4617.75,5624.15,1519.0,-1.0,128.0,1761921472.0,SMDDL,False
25394396,25394395.0,5.0,1507.855,2988.7,1519.0,-1.0,128.0,1767824351.0,SMDDL,False
25394395,25392903.0,5.0,1561.855,2802.7,1519.0,-1.0,128.0,1767824351.0,SMDDL,False
25406480,25406479.0,5.0,4236.0,5948.0,1519.0,-1.0,128.0,1759933750.0,SMDDR,False
25406479,25406478.0,5.0,4234.0,5930.0,1520.0,-1.0,128.0,1759933749.0,SMDDR,False
25468243,25468242.0,5.0,4793.75,5394.15,1520.0,-1.0,128.0,1761921458.0,SMDDL,False
v_25468354_1520,25468353.0,,4728.75,6051.15,1520.0,,,,SMDDL,True
25394397,25394398.0,5.0,1517.855,3026.7,1520.0,-1.0,128.0,1767824351.0,SMDDL,False
v_25414171_1520,25414170.0,,6552.8,1793.95,1520.0,,,,SMDDR,True
25530070,25530069.0,5.0,2403.0,3369.75,1520.0,-1.0,99.0,1767823945.0,SMDDL,False
25471454,25471453.0,5.0,7015.0,3200.75,1520.0,-1.0,128.0,1762319777.0,SMDDR,False
25392903,25394397.0,5.0,1603.15,2726.62,1520.0,-1.0,128.0,1776047823.0,SMDDL,False
25530071,25530070.0,5.0,2389.0,3367.75,1521.0,-1.0,99.0,1767823945.0,SMDDL,False
25394398,v_25394398_1522,5.0,1533.855,3060.7,1521.0,-1.0,128.0,1767824351.0,SMDDL,False
25471455,25471454.0,5.0,7015.0,3206.75,1521.0,-1.0,128.0,1762319781.0,SMDDR,False
25392902,25392903.0,5.0,1609.155,2684.645,1521.0,-1.0,128.0,1776046573.0,SMDDL,False
25468242,25468241.0,5.0,4809.0,5360.5,1521.0,-1.0,128.0,1767419308.0,SMDDL,False
v_25414171_1521,v_25414171_1521,,6552.8,1793.95,1521.0,,,,SMDDR,True
25468354,v_25468354_1520,5.0,4732.75,6050.15,1521.0,-1.0,128.0,1761921964.0,SMDDL,False
25406478,25406477.0,5.0,4238.0,5898.0,1521.0,-1.0,128.0,1759933736.0,SMDDR,False
25406477,25406476.0,5.0,4282.0,5772.0,1522.0,-1.0,128.0,1759933716.0,SMDDR,False
25414171,v_25414171_1520,5.0,6552.8,1793.95,1522.0,-1.0,128.0,1767985095.0,SMDDR,False
25481378,25471455.0,5.0,7011.0,3184.5,1522.0,-1.0,128.0,1762885759.0,SMDDR,False
25468241,v_25468241_1523,5.0,4917.75,5274.15,1522.0,-1.0,128.0,1761921453.0,SMDDL,False
25530072,25530071.0,5.0,2369.0,3477.75,1522.0,-1.0,99.0,1767823945.0,SMDDL,False
v_25394398_1522,v_25394398_1523,,1535.748125,3099.45625,1522.0,,,,SMDDL,True
25468355,25468354.0,5.0,4726.75,6092.15,1522.0,-1.0,128.0,1761921968.0,SMDDL,False
25392901,25392902.0,5.0,1731.855,2475.7,1522.0,-1.0,128.0,1767824351.0,SMDDL,False
25530073,25530072.0,5.0,2359.0,3477.75,1523.0,-1.0,99.0,1767823945.0,SMDDL,False
25406476,25406475.0,5.0,4260.0,5736.0,1523.0,-1.0,128.0,1759933715.0,SMDDR,False
v_25468241_1523,v_25468241_1524,,4967.083333333333,5263.483333333333,1523.0,,,,SMDDL,True
25468356,25468355.0,5.0,4702.75,6168.15,1523.0,-1.0,128.0,1761921976.0,SMDDL,False
25392900,25392901.0,5.0,1755.855,2419.7,1523.0,-1.0,128.0,1767824351.0,SMDDL,False
v_25394398_1523,v_25394398_1524,,1537.64125,3138.2125,1523.0,,,,SMDDL,True
v_25414172_1523,25414171.0,,6543.8,1792.45,1523.0,,,,SMDDR,True
25530074,25530073.0,5.0,2345.0,3499.75,1524.0,-1.0,99.0,1767823945.0,SMDDL,False
v_25394398_1524,v_25394398_1525,,1539.534375,3176.96875,1524.0,,,,SMDDL,True
v_25468241_1524,25468240.0,,5016.416666666667,5252.816666666667,1524.0,,,,SMDDL,True
25392899,25392900.0,5.0,1801.855,2365.7,1524.0,-1.0,128.0,1767824351.0,SMDDL,False
25414172,v_25414172_1523,5.0,6540.8,1791.95,1524.0,-1.0,128.0,1767985095.0,SMDDR,False
25468357,25468356.0,5.0,4700.75,6180.15,1524.0,-1.0,128.0,1761921978.0,SMDDL,False
25406475,25406474.0,5.0,4244.0,5724.0,1524.0,-1.0,128.0,1759933713.0,SMDDR,False
v_25394398_1525,v_25394398_1526,,1541.4275,3215.725,1525.0,,,,SMDDL,True
25468358,25468357.0,5.0,4706.75,6190.15,1525.0,-1.0,128.0,1761921979.0,SMDDL,False
v_25414173_1525,25414172.0,,6527.3,1790.45,1525.0,,,,SMDDR,True
25468240,v_25468240_1526,5.0,5065.75,5242.15,1525.0,-1.0,128.0,1761921451.0,SMDDL,False
25392898,25392899.0,5.0,1798.855,2353.7,1525.0,-1.0,128.0,1767824351.0,SMDDL,False
25406474,25406473.0,5.0,4256.0,5680.0,1525.0,-1.0,128.0,1759933712.0,SMDDR,False
25530075,25530074.0,5.0,2317.0,3495.75,1525.0,-1.0,99.0,1767823945.0,SMDDL,False
25468359,25468358.0,5.0,4734.75,6178.15,1526.0,-1.0,128.0,1761921982.0,SMDDL,False
25530076,25530075.0,5.0,2229.0,3533.75,1526.0,-1.0,99.0,1767823945.0,SMDDL,False
25406473,25406472.0,5.0,4228.0,5648.0,1526.0,-1.0,128.0,1759933710.0,SMDDR,False
25414173,v_25414173_1525,5.0,6522.8,1789.95,1526.0,-1.0,128.0,1767985095.0,SMDDR,False
v_25394398_1526,v_25394398_1527,,1543.320625,3254.48125,1526.0,,,,SMDDL,True
v_25468240_1526,25468239.0,,5089.75,5249.15,1526.0,,,,SMDDL,True
v_25396794_1526,25392898.0,,1832.56375,2330.6375,1526.0,,,,SMDDL,True
25468360,25468359.0,5.0,4754.75,6188.15,1527.0,-1.0,128.0,1761921985.0,SMDDL,False
v_25414174_1527,25414173.0,,6522.8,1789.95,1527.0,,,,SMDDR,True
v_25394398_1527,v_25394398_1528,,1545.21375,3293.2375,1527.0,,,,SMDDL,True
25530077,25530076.0,5.0,2143.0,3487.75,1527.0,-1.0,99.0,1767823945.0,SMDDL,False
25396794,v_25396794_1526,5.0,1843.8,2322.95,1527.0,-1.0,128.0,1767824351.0,SMDDL,False
25406472,25406471.0,5.0,4226.0,5608.0,1527.0,-1.0,128.0,1759933709.0,SMDDR,False
25468239,v_25468239_1528,5.0,5113.75,5256.15,1527.0,-1.0,128.0,1761921450.0,SMDDL,False
v_25468239_1528,v_25468239_1529,,5154.416666666667,5256.816666666667,1528.0,,,,SMDDL,True
25406471,25406470.0,5.0,4236.0,5608.0,1528.0,-1.0,128.0,1759933708.0,SMDDR,False
v_25394398_1528,25535334.0,,1547.106875,3331.99375,1528.0,,,,SMDDL,True
25414174,v_25414174_1527,5.0,6522.8,1789.95,1528.0,-1.0,128.0,1767985095.0,SMDDR,False
25392897,25396794.0,5.0,1853.855,2301.7,1528.0,-1.0,128.0,1767824351.0,SMDDL,False
25530078,25530077.0,5.0,2045.0,3465.75,1528.0,-1.0,99.0,1767823945.0,SMDDL,False
25535334,v_25535334_1530,5.0,1549.0,3370.75,1529.0,-1.0,128.0,1767824351.0,SMDDL,False
v_25468239_1529,25468238.0,,5195.083333333333,5257.483333333333,1529.0,,,,SMDDL,True
25406470,25406469.0,3.0,4208.0,5594.0,1529.0,-1.0,128.0,1771722001.0,SMDDR,False
25391277,25392897.0,5.0,1857.855,2295.7,1529.0,-1.0,128.0,1767824351.0,SMDDL,False
25530079,25530078.0,5.0,1995.0,3443.75,1529.0,-1.0,99.0,1767823945.0,SMDDL,False
v_25414175_1529,25414174.0,,6522.8,1789.95,1529.0,,,,SMDDR,True
25392374,25391277.0,5.0,1876.855,2267.7,1530.0,-1.0,128.0,1767824351.0,SMDDL,False
v_25535334_1530,25535335.0,,1580.0,3352.75,1530.0,,,,SMDDL,True
25406469,25406468.0,5.0,4202.0,5558.0,1530.0,-1.0,128.0,1759933705.0,SMDDR,False
25468238,v_25468238_1531,5.0,5235.75,5258.15,1530.0,-1.0,128.0,1761921448.0,SMDDL,False
25530080,25530079.0,5.0,1965.0,3443.75,1530.0,-1.0,99.0,1767823945.0,SMDDL,False
25414175,v_25414175_1529,5.0,6522.8,1789.95,1530.0,-1.0,128.0,1767985095.0,SMDDR,False
v_25414176_1531,25414175.0,,6521.3,1788.45,1531.0,,,,SMDDR,True
25392375,25392374.0,5.0,1886.855,2247.7,1531.0,-1.0,128.0,1767824351.0,SMDDL,False
25530081,25530080.0,5.0,1937.0,3453.75,1531.0,-1.0,99.0,1767823945.0,SMDDL,False
25406468,25406467.0,5.0,4184.0,5538.0,1531.0,-1.0,128.0,1759933704.0,SMDDR,False
25535335,25535336.0,5.0,1611.0,3334.75,1531.0,-1.0,128.0,1767824351.0,SMDDL,False
v_25468238_1531,v_25468238_1532,,5240.416666666667,5255.483333333333,1531.0,,,,SMDDL,True
25530082,25530081.0,5.0,1927.0,3467.75,1532.0,-1.0,99.0,1767823945.0,SMDDL,False
25392376,25392375.0,5.0,1902.855,2223.7,1532.0,-1.0,128.0,1767824351.0,SMDDL,False
25535336,v_25535336_1533,5.0,1691.0,3366.75,1532.0,-1.0,128.0,1767824351.0,SMDDL,False
25414176,v_25414176_1531,5.0,6520.8,1787.95,1532.0,-1.0,128.0,1767985095.0,SMDDR,False
v_25468238_1532,25468237.0,,5245.083333333333,5252.816666666667,1532.0,,,,SMDDL,True
25406467,25406466.0,5.0,4158.0,5530.0,1532.0,-1.0,128.0,1759933702.0,SMDDR,False
v_25414177_1533,25414176.0,,6510.3,1781.95,1533.0,,,,SMDDR,True
25392377,25392376.0,5.0,1926.855,2195.7,1533.0,-1.0,128.0,1767824351.0,SMDDL,False
25468237,v_25468237_1534,5.0,5249.75,5250.15,1533.0,-1.0,128.0,1761921447.0,SMDDL,False
25406466,25406465.0,5.0,4158.0,5530.0,1533.0,-1.0,128.0,1759933702.0,SMDDR,False
25530083,25530082.0,5.0,1865.0,3505.75,1533.0,-1.0,99.0,1767823945.0,SMDDL,False
v_25535336_1533,25530084.0,,1755.0,3460.25,1533.0,,,,SMDDL,True
25530084,25530083.0,5.0,1819.0,3553.75,1534.0,-1.0,99.0,1767823945.0,SMDDL,False
v_25468237_1534,v_25468237_1535,,5281.083333333333,5270.15,1534.0,,,,SMDDL,True
25392378,25392377.0,5.0,1938.855,2179.7,1534.0,-1.0,128.0,1767824351.0,SMDDL,False
25414177,v_25414177_1533,5.0,6506.8,1779.95,1534.0,-1.0,128.0,1767985095.0,SMDDR,False
25406465,25406464.0,5.0,4130.0,5522.0,1534.0,-1.0,128.0,1759933701.0,SMDDR,False
25406464,25406463.0,5.0,4114.0,5524.0,1535.0,-1.0,128.0,1759933691.0,SMDDR,False
25530085,25530084.0,5.0,1787.0,3547.75,1535.0,-1.0,99.0,1767823945.0,SMDDL,False
v_25468237_1535,25468236.0,,5312.416666666667,5290.15,1535.0,,,,SMDDL,True
v_25414178_1535,25414177.0,,6506.8,1779.95,1535.0,,,,SMDDR,True
25392379,25392378.0,5.0,1950.855,2155.7,1535.0,-1.0,128.0,1767824351.0,SMDDL,False
25406463,25406462.0,5.0,4098.0,5514.0,1536.0,-1.0,128.0,1759933688.0,SMDDR,False
25468236,v_25468236_1537,5.0,5343.75,5310.15,1536.0,-1.0,128.0,1761921446.0,SMDDL,False
25392380,25392379.0,5.0,1980.855,2119.7,1536.0,-1.0,128.0,1767824351.0,SMDDL,False
25414178,v_25414178_1535,5.0,6506.8,1779.95,1536.0,-1.0,128.0,1767985095.0,SMDDR,False
25530086,25530085.0,2.0,1765.0,3441.75,1536.0,-1.0,99.0,1767823945.0,SMDDL,False
25392381,25392380.0,5.0,1976.855,2111.7,1537.0,-1.0,128.0,1767824351.0,SMDDL,False
25530087,25530086.0,5.0,1777.0,3423.75,1537.0,-1.0,99.0,1767823945.0,SMDDL,False
v_25414179_1537,25414178.0,,6508.3,1775.45,1537.0,,,,SMDDR,True
v_25468236_1537,v_25468236_1538,,5349.083333333333,5317.483333333333,1537.0,,,,SMDDL,True
25406462,25406461.0,5.0,4090.0,5512.0,1537.0,-1.0,128.0,1759933687.0,SMDDR,False
25392382,25392381.0,5.0,1984.855,2099.7,1538.0,-1.0,128.0,1767824351.0,SMDDL,False
25414179,v_25414179_1537,5.0,6508.8,1773.95,1538.0,-1.0,128.0,1767985095.0,SMDDR,False
v_25468236_1538,25468235.0,,5354.416666666667,5324.816666666667,1538.0,,,,SMDDL,True
25406461,25406460.0,5.0,4078.0,5502.0,1538.0,-1.0,128.0,1759933685.0,SMDDR,False
25530088,25530087.0,5.0,1771.0,3391.75,1538.0,-1.0,99.0,1767823945.0,SMDDL,False
v_25392383_1539,25392382.0,,2002.855,2077.2,1539.0,,,,SMDDL,True
v_25414180_1539,25414179.0,,6509.8,1769.95,1539.0,,,,SMDDR,True
25530089,25530088.0,5.0,1787.0,3385.75,1539.0,-1.0,99.0,1767823945.0,SMDDL,False
25468235,v_25468235_1540,5.0,5359.75,5332.15,1539.0,-1.0,128.0,1761921444.0,SMDDL,False
25406460,25406459.0,5.0,4078.0,5502.0,1539.0,-1.0,128.0,1759933685.0,SMDDR,False
25392383,v_25392383_1539,5.0,2008.855,2069.7,1540.0,-1.0,128.0,1767824351.0,SMDDL,False
25530090,25530089.0,5.0,1789.0,3355.75,1540.0,-1.0,99.0,1767823945.0,SMDDL,False
25406459,25406458.0,5.0,4054.0,5506.0,1540.0,-1.0,128.0,1759933683.0,SMDDR,False
v_25414180_1540,v_25414180_1541,,6510.133333333333,1768.6166666666668,1540.0,,,,SMDDR,True
v_25468235_1540,v_25468235_1541,,5360.416666666667,5344.15,1540.0,,,,SMDDL,True
25406458,v_25406458_1542,5.0,4030.0,5514.0,1541.0,-1.0,128.0,1759933682.0,SMDDR,False
v_25468235_1541,25468234.0,,5361.083333333333,5356.15,1541.0,,,,SMDDL,True
v_25392384_1541,25392383.0,,2023.855,2051.7,1541.0,,,,SMDDL,True
v_25414180_1541,v_25414180_1540,,6510.466666666667,1767.2833333333333,1541.0,,,,SMDDR,True
25530091,25530090.0,5.0,1785.0,3321.75,1541.0,-1.0,99.0,1767823945.0,SMDDL,False
25468234,v_25468234_1543,5.0,5361.75,5368.15,1542.0,-1.0,128.0,1761921443.0,SMDDL,False
v_25406458_1542,25406457.0,,4026.0,5515.0,1542.0,,,,SMDDR,True
25530092,25530091.0,5.0,1775.0,3317.75,1542.0,-1.0,99.0,1767823945.0,SMDDL,False
25392384,v_25392384_1541,5.0,2028.855,2045.7,1542.0,-1.0,128.0,1767824351.0,SMDDL,False
25414180,v_25414180_1539,5.0,6510.8,1765.95,1542.0,-1.0,128.0,1767985095.0,SMDDR,False
v_25392385_1543,25392384.0,,2051.355,2026.2,1543.0,,,,SMDDL,True
25530093,25530092.0,5.0,1767.0,3299.75,1543.0,-1.0,99.0,1767823945.0,SMDDL,False
v_25468234_1543,v_25468234_1544,,5372.416666666667,5378.15,1543.0,,,,SMDDL,True
25406457,v_25406457_1544,5.0,4022.0,5516.0,1543.0,-1.0,128.0,1759933680.0,SMDDR,False
v_25414181_1543,25414180.0,,6512.3,1758.45,1543.0,,,,SMDDR,True
25530094,25530093.0,5.0,1767.0,3289.75,1544.0,-1.0,99.0,1767823945.0,SMDDL,False
v_25468234_1544,25468233.0,,5383.083333333333,5388.15,1544.0,,,,SMDDL,True
25414181,v_25414181_1543,5.0,6512.8,1755.95,1544.0,-1.0,128.0,1767985095.0,SMDDR,False
v_25406457_1544,25406456.0,,4012.0,5522.0,1544.0,,,,SMDDR,True
25392385,v_25392385_1543,5.0,2058.855,2019.7,1544.0,-1.0,128.0,1767824351.0,SMDDL,False
v_25392386_1545,25392385.0,,2060.355,1998.7,1545.0,,,,SMDDL,True
25530095,25530094.0,5.0,1761.0,3271.75,1545.0,-1.0,99.0,1767823945.0,SMDDL,False
25406456,v_25406456_1546,5.0,4002.0,5528.0,1545.0,-1.0,128.0,1759933679.0,SMDDR,False
v_25414182_1545,25414181.0,,6513.8,1750.95,1545.0,,,,SMDDR,True
25468233,v_25468233_1546,5.0,5393.75,5398.15,1545.0,-1.0,128.0,1761921442.0,SMDDL,False
v_25414182_1546,v_25414182_1547,,6514.133333333333,1749.2833333333333,1546.0,,,,SMDDR,True
v_25468233_1546,v_25468233_1547,,5391.75,5406.816666666667,1546.0,,,,SMDDL,True
25392386,v_25392386_1545,5.0,2060.855,1991.7,1546.0,-1.0,128.0,1767824351.0,SMDDL,False
v_25406456_1546,25406455.0,,3997.0,5539.0,1546.0,,,,SMDDR,True
25530096,25530095.0,5.0,1763.0,3267.75,1546.0,-1.0,99.0,1767823945.0,SMDDL,False
25406455,25406454.0,5.0,3992.0,5550.0,1547.0,-1.0,128.0,1759933677.0,SMDDR,False
v_25414182_1547,v_25414182_1546,,6514.466666666667,1747.6166666666668,1547.0,,,,SMDDR,True
v_25468233_1547,25468232.0,,5389.75,5415.483333333333,1547.0,,,,SMDDL,True
v_25392387_1547,25392386.0,,2077.355,1976.7,1547.0,,,,SMDDL,True
25530097,25530096.0,5.0,1751.0,3263.75,1547.0,-1.0,99.0,1767823945.0,SMDDL,False
25414182,v_25414182_1545,5.0,6514.8,1745.95,1548.0,-1.0,128.0,1767985095.0,SMDDR,False
25406454,25406453.0,5.0,3992.0,5550.0,1548.0,-1.0,128.0,1759933676.0,SMDDR,False
25530098,25530097.0,5.0,1739.0,3271.75,1548.0,-1.0,99.0,1767823945.0,SMDDL,False
25468232,v_25468232_1549,5.0,5387.75,5424.15,1548.0,-1.0,128.0,1761921440.0,SMDDL,False
25392387,v_25392387_1547,5.0,2082.855,1971.7,1548.0,-1.0,128.0,1767824351.0,SMDDL,False
25392388,25392387.0,5.0,2120.855,1929.7,1549.0,-1.0,128.0,1767824351.0,SMDDL,False
v_25468232_1549,25468231.0,,5397.75,5467.15,1549.0,,,,SMDDL,True
25406453,25406452.0,5.0,3974.0,5588.0,1549.0,-1.0,128.0,1759933674.0,SMDDR,False
25530099,25530098.0,5.0,1687.0,3265.75,1549.0,-1.0,99.0,1767823945.0,SMDDL,False
v_25414183_1549,25414182.0,,6508.8,1758.95,1549.0,,,,SMDDR,True
25392389,25392388.0,5.0,2124.855,1923.7,1550.0,-1.0,128.0,1767824351.0,SMDDL,False
v_25414183_1550,v_25414183_1551,,6506.8,1763.2833333333333,1550.0,,,,SMDDR,True
25406452,v_25406452_1551,5.0,3962.0,5618.0,1550.0,-1.0,128.0,1759933671.0,SMDDR,False
25468231,v_25468231_1551,5.0,5407.75,5510.15,1550.0,-1.0,128.0,1761921439.0,SMDDL,False
v_25468231_1551,v_25468231_1552,,5403.083333333333,5522.15,1551.0,,,,SMDDL,True
v_25392390_1551,25392389.0,,2142.855,1907.2,1551.0,,,,SMDDL,True
v_25406452_1551,25406451.0,,3944.0,5638.0,1551.0,,,,SMDDR,True
v_25414183_1551,v_25414183_1550,,6504.8,1767.6166666666668,1551.0,,,,SMDDR,True
v_25468231_1552,25468230.0,,5398.416666666667,5534.15,1552.0,,,,SMDDL,True
25392390,v_25392390_1551,5.0,2148.855,1901.7,1552.0,-1.0,128.0,1767824351.0,SMDDL,False
25414183,v_25414183_1549,5.0,6502.8,1771.95,1552.0,-1.0,128.0,1767985095.0,SMDDR,False
25406451,25406450.0,5.0,3926.0,5658.0,1552.0,-1.0,128.0,1759933666.0,SMDDR,False
25406450,25406449.0,5.0,3928.0,5664.0,1553.0,-1.0,128.0,1759933664.0,SMDDR,False
25468230,v_25468230_1554,5.0,5393.75,5546.15,1553.0,-1.0,128.0,1761921438.0,SMDDL,False
v_25414184_1553,25414183.0,,6505.2,1762.35,1553.0,,,,SMDDR,True
25392391,25392390.0,5.0,2146.855,1891.7,1553.0,-1.0,128.0,1767824351.0,SMDDL,False
v_25468230_1554,v_25468230_1555,,5404.416666666667,5549.483333333333,1554.0,,,,SMDDL,True
25392392,25392391.0,5.0,2164.855,1881.7,1554.0,-1.0,128.0,1767824351.0,SMDDL,False
v_25414184_1554,v_25414184_1554,,6506.0,1759.15,1554.0,,,,SMDDR,True
25406449,25406448.0,5.0,3906.0,5668.0,1554.0,-1.0,128.0,1759933663.0,SMDDR,False
v_25468230_1555,25468229.0,,5415.083333333333,5552.816666666667,1555.0,,,,SMDDL,True
25406448,25406447.0,5.0,3886.0,5682.0,1555.0,-1.0,128.0,1759933662.0,SMDDR,False
25392393,25392392.0,5.0,2170.855,1873.7,1555.0,-1.0,128.0,1767824351.0,SMDDL,False
25414184,v_25414184_1553,5.0,6506.8,1755.95,1555.0,-1.0,128.0,1767985095.0,SMDDR,False
v_25414185_1556,25414184.0,,6506.8,1755.95,1556.0,,,,SMDDR,True
25392394,25392393.0,5.0,2164.855,1865.7,1556.0,-1.0,128.0,1767824351.0,SMDDL,False
25468229,v_25468229_1557,5.0,5425.75,5556.15,1556.0,-1.0,128.0,1761921436.0,SMDDL,False
25406447,25406446.0,5.0,3870.0,5698.0,1556.0,-1.0,128.0,1759933660.0,SMDDR,False
25406446,25406445.0,5.0,3844.0,5718.0,1557.0,-1.0,128.0,1759933659.0,SMDDR,False
v_25468229_1557,25468228.0,,5442.75,5563.15,1557.0,,,,SMDDL,True
25392395,25392394.0,5.0,2174.855,1867.7,1557.0,-1.0,128.0,1767824351.0,SMDDL,False
v_25414185_1557,v_25414185_1557,,6506.8,1755.95,1557.0,,,,SMDDR,True
v_25392396_1558,25392395.0,,2185.355,1852.7,1558.0,,,,SMDDL,True
25468228,25468227.0,5.0,5459.75,5570.15,1558.0,-1.0,128.0,1761921435.0,SMDDL,False
25406445,25406136.0,5.0,3824.0,5720.0,1558.0,-1.0,128.0,1759933646.0,SMDDR,False
25414185,v_25414185_1556,5.0,6506.8,1755.95,1558.0,-1.0,128.0,1767985095.0,SMDDR,False
v_25414186_1559,25414185.0,,6517.6,1755.95,1559.0,,,,SMDDR,True
25406136,25406135.0,5.0,3763.025,5809.75,1559.0,-1.0,128.0,1759341056.0,SMDDR,False
25392396,v_25392396_1558,5.0,2188.855,1847.7,1559.0,-1.0,128.0,1767824351.0,SMDDL,False
25468227,25468226.0,5.0,5467.75,5664.15,1559.0,-1.0,128.0,1761921434.0,SMDDL,False
25406135,25406134.0,5.0,3771.025,5837.75,1560.0,-1.0,128.0,1759341042.0,SMDDR,False
v_25392397_1560,25392396.0,,2197.855,1847.7,1560.0,,,,SMDDL,True
25468226,v_25468226_1561,5.0,5465.75,5662.15,1560.0,-1.0,128.0,1761921431.0,SMDDL,False
v_25414186_1560,v_25414186_1560,,6521.2,1755.95,1560.0,,,,SMDDR,True
25414186,v_25414186_1559,5.0,6524.8,1755.95,1561.0,-1.0,128.0,1767985095.0,SMDDR,False
v_25468226_1561,v_25468226_1562,,5477.75,5672.816666666667,1561.0,,,,SMDDL,True
25392397,v_25392397_1560,5.0,2200.855,1847.7,1561.0,-1.0,128.0,1767824351.0,SMDDL,False
25406134,25406133.0,5.0,3755.025,5865.75,1561.0,-1.0,128.0,1759341034.0,SMDDR,False
v_25468226_1562,25468225.0,,5489.75,5683.483333333333,1562.0,,,,SMDDL,True
25406133,25406132.0,5.0,3743.025,5877.75,1562.0,-1.0,128.0,1759341032.0,SMDDR,False
v_25392398_1562,25392397.0,,2217.355,1835.7,1562.0,,,,SMDDL,True
v_25414187_1562,25414186.0,,6530.8,1755.95,1562.0,,,,SMDDR,True
25468225,v_25468225_1564,5.0,5501.75,5694.15,1563.0,-1.0,128.0,1761921430.0,SMDDL,False
v_25414187_1563,v_25414187_1563,,6532.8,1755.95,1563.0,,,,SMDDR,True
25392398,v_25392398_1562,5.0,2222.855,1831.7,1563.0,-1.0,128.0,1767824351.0,SMDDL,False
25406132,25406131.0,5.0,3739.025,5893.75,1563.0,-1.0,128.0,1759341028.0,SMDDR,False
25414187,v_25414187_1562,5.0,6534.8,1755.95,1564.0,-1.0,128.0,1767985095.0,SMDDR,False
v_25392399_1564,25392398.0,,2233.355,1824.2,1564.0,,,,SMDDL,True
v_25468225_1564,25468224.0,,5498.75,5696.15,1564.0,,,,SMDDL,True
25406131,25406130.0,5.0,3739.025,5913.75,1564.0,-1.0,128.0,1759341025.0,SMDDR,False
25468224,v_25468224_1566,5.0,5495.75,5698.15,1565.0,-1.0,128.0,1761921429.0,SMDDL,False
v_25414188_1565,25414187.0,,6537.8,1739.45,1565.0,,,,SMDDR,True
25406130,25406129.0,5.0,3735.025,5897.75,1565.0,-1.0,128.0,1759341023.0,SMDDR,False
25392399,v_25392399_1564,5.0,2236.855,1821.7,1565.0,-1.0,128.0,1767824351.0,SMDDL,False
25406129,25406128.0,5.0,3735.025,5917.75,1566.0,-1.0,128.0,1759341021.0,SMDDR,False
v_25468224_1566,25468223.0,,5493.75,5719.15,1566.0,,,,SMDDL,True
v_25392400_1566,25392399.0,,2242.855,1815.7,1566.0,,,,SMDDL,True
25414188,v_25414188_1565,5.0,6538.8,1733.95,1566.0,-1.0,128.0,1767985095.0,SMDDR,False
25468223,v_25468223_1568,5.0,5491.75,5740.15,1567.0,-1.0,128.0,1761921427.0,SMDDL,False
25417498,25414188.0,5.0,6541.8,1721.95,1567.0,-1.0,128.0,1767985095.0,SMDDR,False
25392400,v_25392400_1566,5.0,2244.855,1813.7,1567.0,-1.0,128.0,1767824351.0,SMDDL,False
25406128,25406127.0,5.0,3727.025,5925.75,1567.0,-1.0,128.0,1759341018.0,SMDDR,False
25406127,25406126.0,5.0,3711.025,5937.75,1568.0,-1.0,128.0,1759341016.0,SMDDR,False
v_25392401_1568,25392400.0,,2250.855,1810.7,1568.0,,,,SMDDL,True
v_25468223_1568,25468222.0,,5486.75,5756.15,1568.0,,,,SMDDL,True
v_25417499_1568,25417498.0,,6542.8,1717.95,1568.0,,,,SMDDR,True
25392401,v_25392401_1568,5.0,2252.855,1809.7,1569.0,-1.0,128.0,1767824351.0,SMDDL,False
v_25417499_1569,v_25417499_1570,,6543.133333333333,1716.6166666666668,1569.0,,,,SMDDR,True
25468222,v_25468222_1570,5.0,5481.75,5772.15,1569.0,-1.0,128.0,1761921426.0,SMDDL,False
25406126,25406125.0,5.0,3703.025,5941.75,1569.0,-1.0,128.0,1759341013.0,SMDDR,False
v_25417499_1570,v_25417499_1569,,6543.466666666667,1715.2833333333333,1570.0,,,,SMDDR,True
25392402,25392401.0,5.0,2250.855,1803.7,1570.0,-1.0,128.0,1767824351.0,SMDDL,False
v_25468222_1570,25468221.0,,5500.75,5774.15,1570.0,,,,SMDDL,True
25406125,25406124.0,5.0,3687.025,5949.75,1570.0,-1.0,128.0,1759341008.0,SMDDR,False
v_25392403_1571,25392402.0,,2256.855,1800.7,1571.0,,,,SMDDL,True
25406124,25406123.0,5.0,3667.025,5965.75,1571.0,-1.0,128.0,1759341003.0,SMDDR,False
25417499,v_25417499_1568,5.0,6543.8,1713.95,1571.0,-1.0,128.0,1767985095.0,SMDDR,False
25468221,v_25468221_1572,5.0,5519.75,5776.15,1571.0,-1.0,128.0,1761921425.0,SMDDL,False
25392403,v_25392403_1571,5.0,2258.855,1799.7,1572.0,-1.0,128.0,1767824351.0,SMDDL,False
v_25468221_1572,25468220.0,,5520.75,5795.15,1572.0,,,,SMDDL,True
25406123,v_25406123_1573,5.0,3667.025,5989.75,1572.0,-1.0,128.0,1759341001.0,SMDDR,False
v_25417500_1572,25417499.0,,6541.228571428572,1705.3785714285714,1572.0,,,,SMDDR,True
25392404,25392403.0,5.0,2264.855,1787.7,1573.0,-1.0,128.0,1767824351.0,SMDDL,False
v_25417500_1573,v_25417500_1575,,6540.371428571429,1702.5214285714287,1573.0,,,,SMDDR,True
v_25406123_1573,25406122.0,,3653.025,6009.75,1573.0,,,,SMDDR,True
25468220,25468219.0,5.0,5521.75,5814.15,1573.0,-1.0,128.0,1761921424.0,SMDDL,False
25406122,25406121.0,5.0,3639.025,6029.75,1574.0,-1.0,128.0,1759340993.0,SMDDR,False
v_25417500_1574,v_25417500_1574,,6539.5142857142855,1699.6642857142858,1574.0,,,,SMDDR,True
v_25392405_1574,25392404.0,,2269.355,1783.2,1574.0,,,,SMDDL,True
25468219,v_25468219_1575,5.0,5547.75,5830.15,1574.0,-1.0,128.0,1761921422.0,SMDDL,False
v_25468219_1575,v_25468219_1576,,5561.083333333333,5836.816666666667,1575.0,,,,SMDDL,True
v_25417500_1575,v_25417500_1573,,6538.657142857143,1696.807142857143,1575.0,,,,SMDDR,True
25406121,25406120.0,5.0,3635.025,6045.75,1575.0,-1.0,128.0,1759340989.0,SMDDR,False
25392405,v_25392405_1574,5.0,2270.855,1781.7,1575.0,-1.0,128.0,1767824351.0,SMDDL,False
25417500,v_25417500_1572,5.0,6537.8,1693.95,1576.0,-1.0,128.0,1767985095.0,SMDDR,False
25406120,v_25406120_1577,5.0,3627.025,6061.75,1576.0,-1.0,128.0,1759340982.0,SMDDR,False
v_25392406_1576,25392405.0,,2279.855,1777.2,1576.0,,,,SMDDL,True
v_25468219_1576,25468218.0,,5574.416666666667,5843.483333333333,1576.0,,,,SMDDL,True
25468218,v_25468218_1578,5.0,5587.75,5850.15,1577.0,-1.0,128.0,1761921421.0,SMDDL,False
v_25417501_1577,25417500.0,,6537.8,1693.95,1577.0,,,,SMDDR,True
v_25406120_1577,25406119.0,,3619.025,6083.75,1577.0,,,,SMDDR,True
25392406,v_25392406_1576,5.0,2282.855,1775.7,1577.0,-1.0,128.0,1767824351.0,SMDDL,False
v_25468218_1578,v_25468218_1579,,5587.75,5850.15,1578.0,,,,SMDDL,True
v_25417501_1578,v_25417501_1579,,6537.8,1693.95,1578.0,,,,SMDDR,True
25406119,25530414.0,5.0,3611.025,6105.75,1578.0,-1.0,128.0,1767418522.0,SMDDR,False
25392407,25392406.0,5.0,2282.855,1773.7,1578.0,-1.0,128.0,1767824351.0,SMDDL,False
v_25468218_1579,25468217.0,,5587.75,5850.15,1579.0,,,,SMDDL,True
25530414,25406118.0,5.0,3606.15,6104.65,1579.0,-1.0,128.0,1767418522.0,SMDDR,False
25392408,25392407.0,5.0,2292.855,1775.7,1579.0,-1.0,128.0,1767824351.0,SMDDL,False
v_25417501_1579,v_25417501_1578,,6537.8,1693.95,1579.0,,,,SMDDR,True
25392409,25392408.0,5.0,2294.855,1767.7,1580.0,-1.0,128.0,1767824351.0,SMDDL,False
25406118,25406117.0,5.0,3599.025,6125.75,1580.0,-1.0,128.0,1759340977.0,SMDDR,False
25417501,v_25417501_1577,5.0,6537.8,1693.95,1580.0,-1.0,128.0,1767985095.0,SMDDR,False
25468217,v_25468217_1581,5.0,5587.75,5850.15,1580.0,-1.0,128.0,1761921420.0,SMDDL,False
v_25392410_1581,25392409.0,,2308.355,1767.7,1581.0,,,,SMDDL,True
25406117,25406116.0,5.0,3595.025,6145.75,1581.0,-1.0,128.0,1759340975.0,SMDDR,False
v_25417502_1581,25417501.0,,6547.8,1694.95,1581.0,,,,SMDDR,True
v_25468217_1581,v_25468217_1582,,5601.75,5876.15,1581.0,,,,SMDDL,True
v_25468217_1582,25468216.0,,5615.75,5902.15,1582.0,,,,SMDDL,True
25406116,25406115.0,5.0,3579.025,6177.75,1582.0,-1.0,128.0,1759340973.0,SMDDR,False
25392410,v_25392410_1581,5.0,2312.855,1767.7,1582.0,-1.0,128.0,1767824351.0,SMDDL,False
v_25417502_1582,v_25417502_1583,,6551.133333333333,1695.2833333333333,1582.0,,,,SMDDR,True
25468216,v_25468216_1584,5.0,5629.75,5928.15,1583.0,-1.0,128.0,1761921419.0,SMDDL,False
v_25417502_1583,v_25417502_1582,,6554.466666666667,1695.6166666666668,1583.0,,,,SMDDR,True
25392411,25392410.0,5.0,2314.855,1773.7,1583.0,-1.0,128.0,1767824351.0,SMDDL,False
25406115,25406114.0,5.0,3555.025,6185.75,1583.0,-1.0,128.0,1759340971.0,SMDDR,False
25417502,v_25417502_1581,5.0,6557.8,1695.95,1584.0,-1.0,128.0,1767985095.0,SMDDR,False
v_25468216_1584,v_25468216_1585,,5632.416666666667,5928.816666666667,1584.0,,,,SMDDL,True
25406114,25406113.0,5.0,3567.025,6237.75,1584.0,-1.0,128.0,1759340962.0,SMDDR,False
25392412,25392411.0,5.0,2324.855,1773.7,1584.0,-1.0,128.0,1767824351.0,SMDDL,False
25406113,25406112.0,5.0,3547.025,6237.75,1585.0,-1.0,128.0,1759340959.0,SMDDR,False
v_25468216_1585,25468215.0,,5635.083333333333,5929.483333333333,1585.0,,,,SMDDL,True
v_25417503_1585,25417502.0,,6561.400000000001,1685.15,1585.0,,,,SMDDR,True
25392413,25392412.0,5.0,2330.855,1771.7,1585.0,-1.0,128.0,1767824351.0,SMDDL,False
25392414,25392413.0,5.0,2332.855,1769.7,1586.0,-1.0,128.0,1767824351.0,SMDDL,False
25468215,v_25468215_1587,5.0,5637.75,5930.15,1586.0,-1.0,128.0,1761921417.0,SMDDL,False
v_25417503_1586,v_25417503_1586,,6562.6,1681.55,1586.0,,,,SMDDR,True
25406112,25406111.0,5.0,3531.025,6257.75,1586.0,-1.0,128.0,1759340957.0,SMDDR,False
25406111,25406110.0,5.0,3567.025,6293.75,1587.0,-1.0,128.0,1759340954.0,SMDDR,False
25417503,v_25417503_1585,5.0,6563.8,1677.95,1587.0,-1.0,128.0,1767985095.0,SMDDR,False
v_25468215_1587,v_25468215_1588,,5650.75,5953.483333333333,1587.0,,,,SMDDL,True
v_25392415_1587,25392414.0,,2343.355,1768.2,1587.0,,,,SMDDL,True
25406110,25406109.0,5.0,3551.025,6269.75,1588.0,-1.0,128.0,1759340951.0,SMDDR,False
v_25468215_1588,25468214.0,,5663.75,5976.816666666667,1588.0,,,,SMDDL,True
25392415,v_25392415_1587,5.0,2346.855,1767.7,1588.0,-1.0,128.0,1767824351.0,SMDDL,False
v_25417504_1588,25417503.0,,6573.400000000001,1679.15,1588.0,,,,SMDDR,True
v_25392416_1589,25392415.0,,2346.855,1767.7,1589.0,,,,SMDDL,True
25468214,25468213.0,5.0,5676.75,6000.15,1589.0,-1.0,128.0,1761921412.0,SMDDL,False
25406109,25406108.0,5.0,3567.025,6321.75,1589.0,-1.0,128.0,1759340948.0,SMDDR,False
25406443,25406442.0,5.0,3417.0,6872.0,1589.0,-1.0,128.0,1759933271.0,SMDDR,False
v_25417504_1589,v_25417504_1589,,6576.6,1679.55,1589.0,,,,SMDDR,True
25392416,v_25392416_1589,5.0,2346.855,1767.7,1590.0,-1.0,128.0,1767824351.0,SMDDL,False
25406108,25406107.0,5.0,3551.025,6301.75,1590.0,-1.0,128.0,1759340945.0,SMDDR,False
25406442,25406441.0,5.0,3479.0,6916.0,1590.0,-1.0,128.0,1759933263.0,SMDDR,False
25417504,v_25417504_1588,5.0,6579.8,1679.95,1590.0,-1.0,128.0,1767985095.0,SMDDR,False
25468213,25468212.0,5.0,5680.75,6028.15,1590.0,-1.0,128.0,1761921411.0,SMDDL,False
25406441,25406106.0,5.0,3467.0,6930.0,1591.0,-1.0,128.0,1759933261.0,SMDDR,False
25468212,v_25468212_1592,5.0,5696.75,5996.15,1591.0,-1.0,128.0,1761921401.0,SMDDL,False
25406107,25406105.0,5.0,3579.025,6321.75,1591.0,-1.0,128.0,1759340943.0,SMDDR,False
v_25417505_1591,25417504.0,,6585.8,1664.95,1591.0,,,,SMDDR,True
v_25392417_1591,25392416.0,,2363.355,1763.2,1591.0,,,,SMDDL,True
v_25417505_1592,v_25417505_1593,,6587.8,1659.95,1592.0,,,,SMDDR,True
v_25468212_1592,v_25468212_1593,,5715.416666666667,6017.483333333333,1592.0,,,,SMDDL,True
25392417,v_25392417_1591,5.0,2368.855,1761.7,1592.0,-1.0,128.0,1767824351.0,SMDDL,False
25406105,25406104.0,5.0,3543.025,6321.75,1592.0,-1.0,128.0,1759340901.0,SMDDR,False
25406106,25406104.0,5.0,3423.025,6877.75,1592.0,-1.0,128.0,1759340935.0,SMDDR,False
v_25417505_1593,v_25417505_1592,,6589.8,1654.95,1593.0,,,,SMDDR,True
v_25468212_1593,25468211.0,,5734.083333333333,6038.816666666667,1593.0,,,,SMDDL,True
25406104,25406103.0,5.0,3511.025,6537.75,1593.0,-1.0,128.0,1759340896.0,SMDDR,False
v_25392418_1593,25392417.0,,2370.355,1757.2,1593.0,,,,SMDDL,True
25392418,v_25392418_1593,5.0,2370.855,1755.7,1594.0,-1.0,128.0,1767824351.0,SMDDL,False
25417505,v_25417505_1591,5.0,6591.8,1649.95,1594.0,-1.0,128.0,1767985095.0,SMDDR,False
25468211,v_25468211_1595,5.0,5752.75,6060.15,1594.0,-1.0,128.0,1761921399.0,SMDDL,False
25406103,25406102.0,5.0,3551.025,6537.75,1594.0,-1.0,128.0,1759340886.0,SMDDR,False
v_25417506_1595,25417505.0,,6591.8,1649.95,1595.0,,,,SMDDR,True
v_25468211_1595,v_25468211_1596,,5752.75,6060.15,1595.0,,,,SMDDL,True
25406102,25406101.0,5.0,3527.025,6513.75,1595.0,-1.0,128.0,1759340884.0,SMDDR,False
v_25392419_1595,25392418.0,,2372.355,1749.7,1595.0,,,,SMDDL,True
v_25417506_1596,v_25417506_1597,,6591.8,1649.95,1596.0,,,,SMDDR,True
25406101,v_25406101_1597,5.0,3491.025,6557.75,1596.0,-1.0,128.0,1759340879.0,SMDDR,False
v_25468211_1596,v_25468211_1597,,5752.75,6060.15,1596.0,,,,SMDDL,True
25392419,v_25392419_1595,5.0,2372.855,1747.7,1596.0,-1.0,128.0,1767824351.0,SMDDL,False
v_25392420_1597,25392419.0,,2380.355,1740.2,1597.0,,,,SMDDL,True
v_25468211_1597,25468210.0,,5752.75,6060.15,1597.0,,,,SMDDL,True
v_25406101_1597,25406100.0,,3509.025,6581.75,1597.0,,,,SMDDR,True
v_25417506_1597,v_25417506_1596,,6591.8,1649.95,1597.0,,,,SMDDR,True
25392420,v_25392420_1597,5.0,2382.855,1737.7,1598.0,-1.0,128.0,1767824351.0,SMDDL,False
25417506,v_25417506_1595,5.0,6591.8,1649.95,1598.0,-1.0,128.0,1767985095.0,SMDDR,False
25406100,v_25406100_1599,5.0,3527.025,6605.75,1598.0,-1.0,128.0,1759340875.0,SMDDR,False
25468210,v_25468210_1599,5.0,5752.75,6060.15,1598.0,-1.0,128.0,1761921398.0,SMDDL,False
v_25392421_1599,25392420.0,,2385.855,1731.7,1599.0,,,,SMDDL,True
v_25468210_1599,v_25468210_1600,,5753.75,6055.15,1599.0,,,,SMDDL,True
v_25406100_1599,25406099.0,,3509.025,6599.75,1599.0,,,,SMDDR,True
v_25417507_1599,25417506.0,,6593.0,1652.35,1599.0,,,,SMDDR,True
v_25468210_1600,v_25468210_1601,,5754.75,6050.15,1600.0,,,,SMDDL,True
v_25417507_1600,v_25417507_1600,,6593.400000000001,1653.15,1600.0,,,,SMDDR,True
25406099,25406098.0,5.0,3491.025,6593.75,1600.0,-1.0,128.0,1759340873.0,SMDDR,False
25392421,v_25392421_1599,5.0,2386.855,1729.7,1600.0,-1.0,128.0,1767824351.0,SMDDL,False
25417507,v_25417507_1599,5.0,6593.8,1653.95,1601.0,-1.0,128.0,1767985095.0,SMDDR,False
v_25468210_1601,25468209.0,,5755.75,6045.15,1601.0,,,,SMDDL,True
v_25392422_1601,25392421.0,,2386.855,1719.2,1601.0,,,,SMDDL,True
25406098,25406097.0,5.0,3519.025,6525.75,1601.0,-1.0,128.0,1759340871.0,SMDDR,False
v_25417508_1602,25417507.0,,6597.8,1657.95,1602.0,,,,SMDDR,True
25392422,v_25392422_1601,5.0,2386.855,1715.7,1602.0,-1.0,128.0,1767824351.0,SMDDL,False
25468209,v_25468209_1603,5.0,5756.75,6040.15,1602.0,-1.0,128.0,1761921397.0,SMDDL,False
25406097,25406096.0,5.0,3507.025,6629.75,1602.0,-1.0,128.0,1759340868.0,SMDDR,False
v_25468209_1603,v_25468209_1604,,5756.75,6040.15,1603.0,,,,SMDDL,True
v_25417508_1603,v_25417508_1604,,6599.133333333333,1659.2833333333333,1603.0,,,,SMDDR,True
25406096,25406095.0,5.0,3431.025,6501.75,1603.0,-1.0,128.0,1759340863.0,SMDDR,False
25392423,25392422.0,5.0,2414.855,1675.7,1603.0,-1.0,128.0,1767824351.0,SMDDL,False
v_25468209_1604,v_25468209_1605,,5756.75,6040.15,1604.0,,,,SMDDL,True
25392424,25392423.0,5.0,2410.855,1679.7,1604.0,-1.0,128.0,1767824351.0,SMDDL,False
v_25417508_1604,v_25417508_1603,,6600.466666666667,1660.6166666666668,1604.0,,,,SMDDR,True
25406095,25405692.0,5.0,3447.025,6509.75,1604.0,-1.0,128.0,1759340862.0,SMDDR,False
v_25392425_1605,25392424.0,,2413.855,1679.7,1605.0,,,,SMDDL,True
25417508,v_25417508_1602,5.0,6601.8,1661.95,1605.0,-1.0,128.0,1767985095.0,SMDDR,False
25405692,25405693.0,5.0,3465.025,6519.75,1605.0,-1.0,128.0,1759338048.0,SMDDR,False
v_25468209_1605,25468208.0,,5756.75,6040.15,1605.0,,,,SMDDL,True
25405693,v_25405693_1607,5.0,3469.025,6543.75,1606.0,-1.0,128.0,1759338048.0,SMDDR,False
25468208,v_25468208_1607,5.0,5756.75,6040.15,1606.0,-1.0,128.0,1761921396.0,SMDDL,False
25392425,v_25392425_1605,5.0,2414.855,1679.7,1606.0,-1.0,128.0,1767824351.0,SMDDL,False
v_25417509_1606,25417508.0,,6605.8,1653.95,1606.0,,,,SMDDR,True
v_25405693_1607,v_25405693_1608,,3465.025,6542.75,1607.0,,,,SMDDR,True
v_25417509_1607,v_25417509_1608,,6607.133333333333,1651.2833333333333,1607.0,,,,SMDDR,True
v_25392426_1607,25392425.0,,2416.355,1672.2,1607.0,,,,SMDDL,True
v_25468208_1607,v_25468208_1608,,5756.75,6040.15,1607.0,,,,SMDDL,True
v_25468208_1608,v_25468208_1609,,5756.75,6040.15,1608.0,,,,SMDDL,True
v_25417509_1608,v_25417509_1607,,6608.466666666667,1648.6166666666668,1608.0,,,,SMDDR,True
v_25405693_1608,v_25405693_1609,,3461.025,6541.75,1608.0,,,,SMDDR,True
25392426,v_25392426_1607,5.0,2416.855,1669.7,1608.0,-1.0,128.0,1767824351.0,SMDDL,False
v_25405693_1609,25405694.0,,3457.025,6540.75,1609.0,,,,SMDDR,True
25417509,v_25417509_1606,5.0,6609.8,1645.95,1609.0,-1.0,128.0,1767985095.0,SMDDR,False
v_25468208_1609,25468207.0,,5756.75,6040.15,1609.0,,,,SMDDL,True
v_25392427_1609,25392426.0,,2427.355,1669.7,1609.0,,,,SMDDL,True
25405694,v_25405694_1611,5.0,3453.025,6539.75,1610.0,-1.0,128.0,1759338048.0,SMDDR,False
25392427,v_25392427_1609,5.0,2430.855,1669.7,1610.0,-1.0,128.0,1767824351.0,SMDDL,False
25468207,v_25468207_1611,5.0,5756.75,6040.15,1610.0,-1.0,128.0,1761921395.0,SMDDL,False
v_25417510_1610,25417509.0,,6609.8,1645.95,1610.0,,,,SMDDR,True
v_25468207_1611,v_25468207_1612,,5754.25,6040.15,1611.0,,,,SMDDL,True
v_25392428_1611,25392427.0,,2438.355,1666.7,1611.0,,,,SMDDL,True
v_25417510_1611,v_25417510_1611,,6609.8,1645.95,1611.0,,,,SMDDR,True
v_25405694_1611,25405695.0,,3455.025,6535.75,1611.0,,,,SMDDR,True
25392428,v_25392428_1611,5.0,2440.855,1665.7,1612.0,-1.0,128.0,1767824351.0,SMDDL,False
v_25468207_1612,v_25468207_1613,,5751.75,6040.15,1612.0,,,,SMDDL,True
25417510,v_25417510_1610,5.0,6609.8,1645.95,1612.0,-1.0,128.0,1767985095.0,SMDDR,False
25405695,v_25405695_1613,5.0,3457.025,6531.75,1612.0,-1.0,128.0,1759338048.0,SMDDR,False
v_25417511_1613,25417510.0,,6614.3,1644.45,1613.0,,,,SMDDR,True
v_25405695_1613,25405696.0,,3459.025,6525.75,1613.0,,,,SMDDR,True
v_25392429_1613,25392428.0,,2446.855,1665.7,1613.0,,,,SMDDL,True
v_25468207_1613,25468194.0,,5749.25,6040.15,1613.0,,,,SMDDL,True
25405696,v_25405696_1615,5.0,3461.025,6519.75,1614.0,-1.0,128.0,1759338048.0,SMDDR,False
25392429,v_25392429_1613,5.0,2448.855,1665.7,1614.0,-1.0,128.0,1767824351.0,SMDDL,False
25468194,v_25468194_1615,5.0,5746.75,6040.15,1614.0,-1.0,128.0,1761921339.0,SMDDL,False
25417511,v_25417511_1613,5.0,6615.8,1643.95,1614.0,-1.0,128.0,1767985095.0,SMDDR,False
v_25417512_1615,25417511.0,,6617.3,1642.45,1615.0,,,,SMDDR,True
v_25405696_1615,25405697.0,,3465.025,6513.75,1615.0,,,,SMDDR,True
v_25468194_1615,25468193.0,,5746.75,6040.15,1615.0,,,,SMDDL,True
v_25392430_1615,25392429.0,,2448.855,1665.7,1615.0,,,,SMDDL,True
25405697,v_25405697_1617,5.0,3469.025,6507.75,1616.0,-1.0,128.0,1759338048.0,SMDDR,False
25392430,v_25392430_1615,5.0,2448.855,1665.7,1616.0,-1.0,128.0,1767824351.0,SMDDL,False
25417512,v_25417512_1615,5.0,6617.8,1641.95,1616.0,-1.0,128.0,1767985095.0,SMDDR,False
25468193,v_25468193_1617,5.0,5746.75,6040.15,1616.0,-1.0,128.0,1761921342.0,SMDDL,False
v_25392431_1617,25392430.0,,2447.355,1655.2,1617.0,,,,SMDDL,True
v_25417513_1617,25417512.0,,6615.400000000001,1637.15,1617.0,,,,SMDDR,True
v_25468193_1617,25468195.0,,5746.75,6040.15,1617.0,,,,SMDDL,True
v_25405697_1617,25405698.0,,3485.025,6505.75,1617.0,,,,SMDDR,True
25468195,,5.0,5746.75,6040.15,1618.0,768.0,128.0,1761921353.0,SMDDL,False
v_25417513_1618,v_25417513_1618,,6614.6,1635.55,1618.0,,,,SMDDR,True
25392431,v_25392431_1617,5.0,2446.855,1651.7,1618.0,-1.0,128.0,1767824351.0,SMDDL,False
25405698,v_25405698_1619,5.0,3501.025,6503.75,1618.0,-1.0,128.0,1759338048.0,SMDDR,False
v_25392432_1619,25392431.0,,2446.855,1653.2,1619.0,,,,SMDDL,True
25468188,25468195.0,5.0,5746.75,6040.15,1619.0,768.0,128.0,1761921353.0,SMDDL,False
25417513,v_25417513_1617,5.0,6613.8,1633.95,1619.0,-1.0,128.0,1767985095.0,SMDDR,False
v_25405698_1619,v_25405698_1620,,3502.3583333333336,6503.75,1619.0,,,,SMDDR,True
v_25474389_1620,25468188.0,,5741.275,6039.375,1620.0,,,,SMDDL,True
v_25405698_1620,25405699.0,,3503.6916666666666,6503.75,1620.0,,,,SMDDR,True
v_25417514_1620,25417513.0,,6618.6,1632.75,1620.0,,,,SMDDR,True
25392432,v_25392432_1619,5.0,2446.855,1653.7,1620.0,-1.0,128.0,1767824351.0,SMDDL,False
25405699,v_25405699_1622,5.0,3505.025,6503.75,1621.0,-1.0,128.0,1759338056.0,SMDDR,False
25392433,25392432.0,5.0,2454.855,1655.7,1621.0,-1.0,128.0,1767824351.0,SMDDL,False
v_25474389_1621,v_25474389_1622,,5739.45,6039.116666666667,1621.0,,,,SMDDL,True
v_25417514_1621,v_25417514_1621,,6620.2,1632.35,1621.0,,,,SMDDR,True
v_25474389_1622,v_25474389_1621,,5737.625,6038.858333333334,1622.0,,,,SMDDL,True
25392434,25392433.0,5.0,2454.855,1655.7,1622.0,-1.0,128.0,1767824351.0,SMDDL,False
25417514,v_25417514_1620,5.0,6621.8,1631.95,1622.0,-1.0,128.0,1767985095.0,SMDDR,False
v_25405699_1622,v_25405699_1623,,3503.6916666666666,6503.75,1622.0,,,,SMDDR,True
v_25405699_1623,25405700.0,,3502.3583333333336,6503.75,1623.0,,,,SMDDR,True
v_25417515_1623,25417514.0,,6627.8,1631.95,1623.0,,,,SMDDR,True
v_25392435_1623,25392434.0,,2459.355,1646.7,1623.0,,,,SMDDL,True
25474389,v_25474389_1620,5.0,5735.8,6038.6,1623.0,768.0,128.0,1762406643.0,SMDDL,False
25405700,v_25405700_1625,5.0,3501.025,6503.75,1624.0,-1.0,128.0,1759338056.0,SMDDR,False
25417515,v_25417515_1623,5.0,6629.8,1631.95,1624.0,-1.0,128.0,1767985095.0,SMDDR,False
25468189,25474389.0,5.0,5746.75,6040.15,1624.0,768.0,128.0,1762406643.0,SMDDL,False
25392435,v_25392435_1623,5.0,2460.855,1643.7,1624.0,-1.0,128.0,1767824351.0,SMDDL,False
v_25405700_1625,25405701.0,,3491.025,6487.75,1625.0,,,,SMDDR,True
v_25392436_1625,25392435.0,,2460.855,1645.2,1625.0,,,,SMDDL,True
v_25417516_1625,25417515.0,,6629.8,1631.95,1625.0,,,,SMDDR,True
v_25468190_1625,25468189.0,,5746.75,6040.15,1625.0,,,,SMDDL,True
25392436,v_25392436_1625,5.0,2460.855,1645.7,1626.0,-1.0,128.0,1767824351.0,SMDDL,False
25405701,v_25405701_1627,5.0,3481.025,6471.75,1626.0,-1.0,128.0,1759338056.0,SMDDR,False
v_25417516_1626,v_25417516_1627,,6629.8,1631.95,1626.0,,,,SMDDR,True
v_25468190_1626,v_25468190_1627,,5746.75,6040.15,1626.0,,,,SMDDL,True
v_25468190_1627,v_25468190_1626,,5746.75,6040.15,1627.0,,,,SMDDL,True
v_25417516_1627,v_25417516_1626,,6629.8,1631.95,1627.0,,,,SMDDR,True
v_25392437_1627,25392436.0,,2462.355,1635.2,1627.0,,,,SMDDL,True
v_25405701_1627,25405702.0,,3483.025,6471.75,1627.0,,,,SMDDR,True
25468190,v_25468190_1625,5.0,5746.75,6040.15,1628.0,768.0,128.0,1761921353.0,SMDDL,False
25417516,v_25417516_1625,5.0,6629.8,1631.95,1628.0,-1.0,128.0,1767985095.0,SMDDR,False
25405702,v_25405702_1629,5.0,3485.025,6471.75,1628.0,-1.0,128.0,1759338056.0,SMDDR,False
25392437,v_25392437_1627,5.0,2462.855,1631.7,1628.0,-1.0,128.0,1767824351.0,SMDDL,False
