node_id,parent_id,confidence,x,y,z,radius,creator_id,edition_time,cell_name,is_vnode
25475119,v_25475119_1294,5.0,3706.15,3910.6,1293.0,-1.0,128.0,1762445407.0,RIPL,False
v_25436477_1293,v_25436477_1294,,5331.15,3911.6,1293.0,,,,RIPL,True
25442495,v_25442495_1291,5.0,4702.15,3654.6,1293.0,-1.0,128.0,1761074609.0,RIPR,False
25436497,25436492.0,5.0,3244.15,4128.6,1293.0,-1.0,128.0,1762453836.0,RIPR,False
v_25475119_1294,v_25475119_1295,,3715.75,3904.2,1294.0,,,,RIPL,True
25436492,v_25436492_1295,5.0,3270.15,4116.6,1294.0,-1.0,128.0,1762453836.0,RIPR,False
v_25436477_1294,25436487.0,,5357.15,3920.6,1294.0,,,,RIPL,True
v_25442496_1294,25442495.0,,4708.15,3636.6,1294.0,,,,RIPR,True
v_25436492_1295,v_25436492_1296,,3271.15,4112.6,1295.0,,,,RIPR,True
25436487,,5.0,5383.15,3929.6,1295.0,899.0,128.0,1760979003.0,RIPL,False
v_25442496_1295,v_25442496_1295,,4710.15,3630.6,1295.0,,,,RIPR,True
v_25475119_1295,v_25475119_1296,,3725.35,3897.8,1295.0,,,,RIPL,True
25436476,25436487.0,5.0,5409.15,3938.6,1296.0,899.0,128.0,1760979003.0,RIPL,False
v_25436492_1296,v_25436492_1297,,3272.15,4108.6,1296.0,,,,RIPR,True
v_25475119_1296,v_25475119_1297,,3734.95,3891.4,1296.0,,,,RIPL,True
25442496,v_25442496_1294,5.0,4712.15,3624.6,1296.0,-1.0,128.0,1761074610.0,RIPR,False
v_25436492_1297,25436491.0,,3273.15,4104.6,1297.0,,,,RIPR,True
v_25442497_1297,25442496.0,,4712.15,3624.6,1297.0,,,,RIPR,True
v_25436475_1297,25436476.0,,5409.15,3938.6,1297.0,,,,RIPL,True
v_25475119_1297,25475118.0,,3744.55,3885.0,1297.0,,,,RIPL,True
25475118,25475117.0,5.0,3754.15,3878.6,1298.0,-1.0,128.0,1762445405.0,RIPL,False
25436491,v_25436491_1299,5.0,3274.15,4100.6,1298.0,-1.0,128.0,1762453836.0,RIPR,False
v_25442497_1298,v_25442497_1299,,4712.15,3624.6,1298.0,,,,RIPR,True
v_25436475_1298,v_25436475_1300,,5409.15,3938.6,1298.0,,,,RIPL,True
25475117,v_25475117_1300,5.0,3762.15,3888.6,1299.0,-1.0,128.0,1762445404.0,RIPL,False
v_25442497_1299,v_25442497_1298,,4712.15,3624.6,1299.0,,,,RIPR,True
v_25436475_1299,v_25436475_1299,,5409.15,3938.6,1299.0,,,,RIPL,True
v_25436491_1299,v_25436491_1300,,3267.15,4086.6,1299.0,,,,RIPR,True
v_25436475_1300,v_25436475_1298,,5409.15,3938.6,1300.0,,,,RIPL,True
v_25475117_1300,v_25475117_1301,,3760.8166666666666,3886.6,1300.0,,,,RIPL,True
25442497,v_25442497_1297,5.0,4712.15,3624.6,1300.0,-1.0,128.0,1761074612.0,RIPR,False
v_25436491_1300,v_25436491_1301,,3260.15,4072.6,1300.0,,,,RIPR,True
v_25475117_1301,25475116.0,,3759.4833333333336,3884.6,1301.0,,,,RIPL,True
v_25436491_1301,25436490.0,,3253.15,4058.6,1301.0,,,,RIPR,True
v_25479166_1301,25442497.0,,4706.075,3642.00375,1301.0,,,,RIPR,True
25436475,v_25436475_1297,5.0,5409.15,3938.6,1301.0,899.0,128.0,1760979003.0,RIPL,False
25475116,25475083.0,5.0,3758.15,3882.6,1302.0,-1.0,128.0,1762445401.0,RIPL,False
25436488,25436475.0,5.0,5424.15,3976.6,1302.0,899.0,128.0,1760979003.0,RIPL,False
25479166,v_25479166_1301,5.0,4704.05,3647.805,1302.0,-1.0,128.0,1762633372.0,RIPR,False
25436490,v_25436490_1303,5.0,3246.15,4044.6,1302.0,-1.0,128.0,1762453836.0,RIPR,False
25475083,v_25475083_1304,5.0,3768.15,3859.6,1303.0,-1.0,128.0,1762445170.0,RIPL,False
v_25436474_1303,25436488.0,,5451.15,4045.0,1303.0,,,,RIPL,True
25442498,25479166.0,5.0,4712.15,3624.6,1303.0,-1.0,128.0,1762633372.0,RIPR,False
v_25436490_1303,v_25436490_1304,,3246.15,4044.6,1303.0,,,,RIPR,True
v_25475083_1304,v_25475083_1305,,3773.4833333333336,3844.933333333333,1304.0,,,,RIPL,True
25437047,v_25437047_1305,5.0,4379.45,3610.0,1304.0,-1.0,128.0,1762453836.0,RIPR,False
25442499,25442498.0,5.0,4690.15,3644.6,1304.0,-1.0,128.0,1761074616.0,RIPR,False
v_25436490_1304,v_25436490_1305,,3246.15,4044.6,1304.0,,,,RIPR,True
v_25436474_1304,v_25436474_1304,,5460.15,4067.8,1304.0,,,,RIPL,True
25436474,v_25436474_1303,5.0,5469.15,4090.6,1305.0,-1.0,128.0,1760979003.0,RIPL,False
v_25442500_1305,25442499.0,,4680.15,3648.6,1305.0,,,,RIPR,True
v_25437047_1305,25437046.0,,4369.45,3602.0,1305.0,,,,RIPR,True
v_25436490_1305,25436489.0,,3246.15,4044.6,1305.0,,,,RIPR,True
v_25475083_1305,25475082.0,,3778.8166666666666,3830.2666666666655,1305.0,,,,RIPL,True
v_25436473_1306,25436474.0,,5458.007142857143,4068.3142857142857,1306.0,,,,RIPL,True
25475082,25475081.0,5.0,3784.15,3815.6,1306.0,-1.0,128.0,1762445169.0,RIPL,False
v_25442500_1306,v_25442500_1307,,4676.816666666667,3649.933333333333,1306.0,,,,RIPR,True
25437046,25437045.0,5.0,4359.45,3594.0,1306.0,-1.0,128.0,1762453836.0,RIPR,False
25436489,v_25436489_1307,5.0,3246.15,4044.6,1306.0,-1.0,128.0,1762453836.0,RIPR,False
v_25442500_1307,v_25442500_1306,,4673.483333333333,3651.2666666666655,1307.0,,,,RIPR,True
25437045,25437044.0,5.0,4347.45,3584.0,1307.0,-1.0,128.0,1762453836.0,RIPR,False
v_25436489_1307,v_25436489_1308,,3255.4,4035.1,1307.0,,,,RIPR,True
v_25436473_1307,v_25436473_1309,,5454.2928571428565,4060.885714285714,1307.0,,,,RIPL,True
25475081,25475080.0,5.0,3780.15,3819.6,1307.0,-1.0,128.0,1762445167.0,RIPL,False
25475080,25475079.0,5.0,3816.15,3803.6,1308.0,-1.0,128.0,1762445166.0,RIPL,False
v_25436473_1308,v_25436473_1308,,5450.578571428571,4053.457142857143,1308.0,,,,RIPL,True
v_25436489_1308,v_25436489_1309,,3264.65,4025.6,1308.0,,,,RIPR,True
25437044,25437043.0,5.0,4311.45,3570.0,1308.0,-1.0,128.0,1762453836.0,RIPR,False
25442500,v_25442500_1305,5.0,4670.15,3652.6,1308.0,-1.0,128.0,1761074618.0,RIPR,False
v_25436473_1309,v_25436473_1307,,5446.864285714285,4046.028571428572,1309.0,,,,RIPL,True
25475079,25475078.0,5.0,3904.15,3703.6,1309.0,-1.0,128.0,1762445164.0,RIPL,False
v_25442501_1309,25442500.0,,4637.75,3667.0,1309.0,,,,RIPR,True
v_25436489_1309,25436472.0,,3273.9,4016.1,1309.0,,,,RIPR,True
25437043,25437042.0,5.0,4319.45,3556.0,1309.0,-1.0,128.0,1762453836.0,RIPR,False
v_25442501_1310,v_25442501_1310,,4626.95,3671.8,1310.0,,,,RIPR,True
25436472,v_25436472_1311,5.0,3283.15,4006.6,1310.0,-1.0,128.0,1762453836.0,RIPR,False
25437042,25437041.0,5.0,4323.45,3582.0,1310.0,-1.0,128.0,1762453836.0,RIPR,False
25436473,v_25436473_1306,5.0,5443.15,4038.6,1310.0,-1.0,128.0,1760978994.0,RIPL,False
25475078,25475077.0,5.0,3952.15,3679.6,1310.0,-1.0,128.0,1762445163.0,RIPL,False
25442501,v_25442501_1309,5.0,4616.15,3676.6,1311.0,-1.0,128.0,1761074619.0,RIPR,False
v_25436472_1311,v_25436472_1312,,3293.225,3995.95,1311.0,,,,RIPR,True
v_25475073_1311,25436473.0,,5437.9,4072.35,1311.0,,,,RIPL,True
25475084,25475075.0,5.0,4288.15,3627.6,1311.0,-1.0,128.0,1762445192.0,RIPL,False
25437041,25437040.0,5.0,4363.45,3588.0,1311.0,-1.0,128.0,1762453836.0,RIPR,False
25475077,25475076.0,5.0,4008.15,3655.6,1311.0,-1.0,128.0,1762445162.0,RIPL,False
25475041,25437038.0,5.0,3875.45,3508.0,1312.0,-1.0,128.0,1762453836.0,RIPR,False
25437040,25442527.0,5.0,4391.45,3598.0,1312.0,-1.0,128.0,1762453836.0,RIPR,False
25442527,25442501.0,5.0,4592.15,3660.6,1312.0,-1.0,128.0,1761074708.0,RIPR,False
v_25436472_1312,v_25436472_1313,,3303.3,3985.3,1312.0,,,,RIPR,True
25475073,v_25475073_1311,5.0,5436.15,4083.6,1312.0,-1.0,128.0,1762445143.0,RIPL,False
25475075,25475074.0,5.0,4320.15,3671.6,1312.0,-1.0,128.0,1762445148.0,RIPL,False
25475076,25475074.0,5.0,4008.15,3647.6,1312.0,-1.0,128.0,1762445153.0,RIPL,False
25437038,25437036.0,5.0,3899.45,3466.0,1313.0,-1.0,128.0,1762453836.0,RIPR,False
25475074,25475073.0,5.0,4548.15,3787.6,1313.0,-1.0,128.0,1762445145.0,RIPL,False
25476744,25475073.0,5.0,5429.7,4103.705,1313.0,-1.0,3.0,1762539910.0,RIPL,False
25437039,25437040.0,5.0,4387.45,3616.0,1313.0,-1.0,128.0,1762453836.0,RIPR,False
v_25436472_1313,25437037.0,,3313.375,3974.65,1313.0,,,,RIPR,True
25437037,25437035.0,5.0,3323.45,3964.0,1314.0,443.0,128.0,1762453836.0,RIPR,False
v_25559770_1314,25476744.0,,5426.287499999999,4118.64125,1314.0,,,,RIPL,True
25437036,25437039.0,5.0,4201.45,3494.0,1314.0,-1.0,128.0,1762453836.0,RIPR,False
25475085,25475074.0,5.0,4312.15,3691.6,1314.0,-1.0,128.0,1762445200.0,RIPL,False
25437035,25437036.0,5.0,3469.45,3736.0,1315.0,554.0,128.0,1762453836.0,RIPR,False
25559770,v_25559770_1314,5.0,5425.15,4123.62,1315.0,-1.0,128.0,1776039356.0,RIPL,False
25475086,25475085.0,5.0,4190.15,3626.6,1315.0,-1.0,128.0,1762445279.0,RIPL,False
25475088,25475086.0,5.0,4282.15,3700.6,1316.0,-1.0,128.0,1762445276.0,RIPL,False
25436486,25559770.0,5.0,5405.15,4186.6,1316.0,-1.0,128.0,1776039275.0,RIPL,False
25475089,25475086.0,5.0,4520.15,3774.6,1316.0,-1.0,128.0,1762445280.0,RIPL,False
25475087,25475086.0,5.0,3932.15,3708.6,1316.0,-1.0,128.0,1762445290.0,RIPL,False
v_25436496_1316,25437035.0,,3329.2,3940.0,1316.0,,,,RIPR,True
v_25535700_1316,25437035.0,,3795.85,4057.612,1316.0,,,,RIPR,True
25436496,v_25436496_1316,5.0,3282.45,4008.0,1317.0,776.0,128.0,1762453836.0,RIPR,False
25475090,25475088.0,5.0,4280.15,3694.6,1317.0,-1.0,128.0,1762445287.0,RIPL,False
25475091,25475087.0,5.0,3894.15,3722.6,1317.0,-1.0,128.0,1762445293.0,RIPL,False
v_25535700_1317,v_25535700_1317,,3904.65,4164.816000000001,1317.0,,,,RIPR,True
25559769,25436486.0,5.0,5411.15,4221.645,1317.0,-1.0,128.0,1776039252.0,RIPL,False
25436667,25559769.0,5.0,5444.15,4265.6,1318.0,-1.0,128.0,1776039252.0,RIPL,False
25535700,v_25535700_1316,5.0,4013.45,4272.02,1318.0,-1.0,128.0,1767937287.0,RIPR,False
v_25475092_1318,25475091.0,,3885.15,3751.1,1318.0,,,,RIPL,True
v_25436493_1318,25436496.0,,3282.27,4008.36,1318.0,,,,RIPR,True
v_25436668_1319,25436667.0,,5498.15,4322.6,1319.0,,,,RIPL,True
v_25436493_1319,v_25436493_1319,,3282.21,4008.48,1319.0,,,,RIPR,True
25475092,v_25475092_1318,5.0,3882.15,3760.6,1319.0,-1.0,128.0,1762445294.0,RIPL,False
25436668,v_25436668_1319,5.0,5516.15,4341.6,1320.0,-1.0,128.0,1760979994.0,RIPL,False
v_25475093_1320,25475092.0,,3838.3525,3782.7075,1320.0,,,,RIPL,True
25436493,v_25436493_1318,5.0,3282.15,4008.6,1320.0,776.0,128.0,1762453836.0,RIPR,False
v_25475093_1321,v_25475093_1322,,3823.753333333333,3790.076666666667,1321.0,,,,RIPL,True
v_25559486_1321,25436493.0,,3282.15,4008.6,1321.0,,,,RIPR,True
v_25436669_1321,25436668.0,,5538.65,4418.1,1321.0,,,,RIPL,True
v_25559486_1322,v_25559486_1322,,3282.15,4008.6,1322.0,,,,RIPR,True
25436669,v_25436669_1321,5.0,5546.15,4443.6,1322.0,-1.0,128.0,1760979996.0,RIPL,False
v_25475093_1322,v_25475093_1321,,3809.154166666666,3797.445833333333,1322.0,,,,RIPL,True
25475093,v_25475093_1320,5.0,3794.555,3804.815,1323.0,-1.0,128.0,1771966951.0,RIPL,False
25436670,25436669.0,5.0,5552.15,4491.6,1323.0,-1.0,128.0,1760980006.0,RIPL,False
25559486,v_25559486_1321,5.0,3282.15,4008.6,1323.0,776.0,128.0,1771966944.0,RIPR,False
25436671,25436670.0,5.0,5420.15,4339.6,1324.0,-1.0,128.0,1760980008.0,RIPL,False
25436672,25436670.0,5.0,5508.15,4119.6,1324.0,-1.0,128.0,1760980012.0,RIPL,False
v_25475094_1324,25475093.0,,3761.3525,3839.7075,1324.0,,,,RIPL,True
v_25436494_1324,25559486.0,,3282.15,4008.6,1324.0,,,,RIPR,True
25436673,25436670.0,5.0,5538.15,4637.6,1324.0,-1.0,128.0,1760980015.0,RIPL,False
25436494,v_25436494_1324,5.0,3282.15,4008.6,1325.0,776.0,128.0,1771966944.0,RIPR,False
25436674,25436673.0,5.0,5556.15,4835.6,1325.0,-1.0,128.0,1760980031.0,RIPL,False
v_25475094_1325,v_25475094_1326,,3750.285,3851.338333333333,1325.0,,,,RIPL,True
25436911,25436672.0,5.0,5497.15,4175.6,1325.0,-1.0,128.0,1760980838.0,RIPL,False
25436675,25436674.0,5.0,5560.15,4971.6,1326.0,-1.0,128.0,1760980032.0,RIPL,False
25436912,25436911.0,5.0,5493.15,4165.6,1326.0,-1.0,128.0,1760980839.0,RIPL,False
v_25436495_1326,25436494.0,,3282.15,4008.6,1326.0,,,,RIPR,True
v_25475094_1326,v_25475094_1325,,3739.2175,3862.9691666666654,1326.0,,,,RIPL,True
v_25436495_1327,v_25436495_1330,,3282.15,4008.6,1327.0,,,,RIPR,True
25436913,25436912.0,5.0,5503.15,4167.6,1327.0,-1.0,128.0,1760980840.0,RIPL,False
25475094,v_25475094_1324,5.0,3728.15,3874.6,1327.0,-1.0,128.0,1762445299.0,RIPL,False
25436676,25436675.0,5.0,5518.15,5063.6,1327.0,-1.0,128.0,1760980033.0,RIPL,False
v_25475095_1328,25475094.0,,3690.65,3898.6,1328.0,,,,RIPL,True
v_25436495_1328,v_25436495_1329,,3282.15,4008.6,1328.0,,,,RIPR,True
25436914,25436913.0,5.0,5503.15,4163.6,1328.0,-1.0,128.0,1760980841.0,RIPL,False
v_25436677_1328,25436676.0,,5513.65,5086.1,1328.0,,,,RIPL,True
25436677,v_25436677_1328,5.0,5512.15,5093.6,1329.0,-1.0,128.0,1760980034.0,RIPL,False
25436915,25436914.0,5.0,5491.15,4169.6,1329.0,-1.0,128.0,1760980842.0,RIPL,False
25475095,v_25475095_1328,5.0,3678.15,3906.6,1329.0,-1.0,128.0,1762445301.0,RIPL,False
v_25436495_1329,v_25436495_1328,,3282.15,4008.6,1329.0,,,,RIPR,True
v_25436678_1330,25436677.0,,5492.65,5120.6,1330.0,,,,RIPL,True
v_25436495_1330,v_25436495_1327,,3282.15,4008.6,1330.0,,,,RIPR,True
v_25475096_1330,25475095.0,,3654.15,3924.6,1330.0,,,,RIPL,True
25436916,25436915.0,5.0,5479.15,4159.6,1330.0,-1.0,128.0,1760980843.0,RIPL,False
25475096,v_25475096_1330,5.0,3646.15,3930.6,1331.0,-1.0,128.0,1762445303.0,RIPL,False
25436917,25436916.0,5.0,5457.15,4151.6,1331.0,-1.0,128.0,1760980844.0,RIPL,False
25436678,v_25436678_1330,5.0,5486.15,5129.6,1331.0,-1.0,128.0,1760980035.0,RIPL,False
25436495,v_25436495_1326,5.0,3282.15,4008.6,1331.0,-1.0,128.0,1762453836.0,RIPR,False
25475097,25475096.0,5.0,3608.15,3948.6,1332.0,-1.0,128.0,1762445349.0,RIPL,False
25436918,25436917.0,5.0,5471.15,4145.6,1332.0,-1.0,128.0,1760980845.0,RIPL,False
v_25436679_1332,25436678.0,,5454.65,5152.1,1332.0,,,,RIPL,True
25436520,25436495.0,5.0,3172.15,4136.6,1332.0,-1.0,128.0,1762453836.0,RIPR,False
25436521,25436520.0,5.0,3156.15,4088.6,1333.0,-1.0,128.0,1762453836.0,RIPR,False
25436679,v_25436679_1332,5.0,5444.15,5159.6,1333.0,-1.0,128.0,1760980037.0,RIPL,False
v_25475098_1333,25475097.0,,3584.15,3965.4,1333.0,,,,RIPL,True
25436919,25436918.0,5.0,5485.15,4143.6,1333.0,-1.0,128.0,1760980846.0,RIPL,False
v_25475098_1334,v_25475098_1334,,3576.15,3971.0,1334.0,,,,RIPL,True
25475042,25436521.0,5.0,3142.45,4090.0,1334.0,-1.0,128.0,1762453836.0,RIPR,False
v_25436680_1334,25436679.0,,5414.15,5198.0,1334.0,,,,RIPL,True
25436920,25436919.0,5.0,5477.15,4157.6,1334.0,-1.0,128.0,1760980848.0,RIPL,False
25475098,v_25475098_1333,5.0,3568.15,3976.6,1335.0,-1.0,128.0,1762445351.0,RIPL,False
v_25436522_1335,25475042.0,,3152.725,4088.95,1335.0,,,,RIPR,True
25436921,25436920.0,5.0,5445.15,4137.6,1335.0,-1.0,128.0,1760980849.0,RIPL,False
v_25436680_1335,v_25436680_1335,,5404.15,5210.8,1335.0,,,,RIPL,True
25436922,25436921.0,5.0,5435.15,4139.6,1336.0,-1.0,128.0,1760980850.0,RIPL,False
v_25475099_1336,25475098.0,,3505.15,4000.6,1336.0,,,,RIPL,True
25436522,v_25436522_1335,5.0,3156.15,4088.6,1336.0,-1.0,128.0,1762453836.0,RIPR,False
25436680,v_25436680_1334,5.0,5394.15,5223.6,1336.0,-1.0,128.0,1760980038.0,RIPL,False
v_25436523_1337,25436522.0,,3110.55,4155.8,1337.0,,,,RIPR,True
25475099,v_25475099_1336,5.0,3484.15,4008.6,1337.0,-1.0,128.0,1762445352.0,RIPL,False
25436923,25436922.0,5.0,5435.15,4139.6,1337.0,-1.0,128.0,1760980851.0,RIPL,False
v_25436681_1337,25436680.0,,5382.15,5249.1,1337.0,,,,RIPL,True
25436681,v_25436681_1337,5.0,5378.15,5257.6,1338.0,-1.0,128.0,1760980039.0,RIPL,False
25436924,25436923.0,5.0,5417.15,4129.6,1338.0,-1.0,128.0,1760980852.0,RIPL,False
25475100,25475099.0,5.0,3418.15,4030.6,1338.0,-1.0,128.0,1762445353.0,RIPL,False
v_25436523_1338,v_25436523_1338,,3095.35,4178.200000000001,1338.0,,,,RIPR,True
25436925,25436924.0,5.0,5387.15,4113.6,1339.0,-1.0,128.0,1760980853.0,RIPL,False
v_25436682_1339,25436681.0,,5340.65,5322.1,1339.0,,,,RIPL,True
25436523,v_25436523_1337,5.0,3080.15,4200.6,1339.0,-1.0,128.0,1762453836.0,RIPR,False
v_25475101_1339,25475100.0,,3356.65,4036.6,1339.0,,,,RIPL,True
25436682,v_25436682_1339,5.0,5328.15,5343.6,1340.0,-1.0,128.0,1760980041.0,RIPL,False
25475101,v_25475101_1339,5.0,3336.15,4038.6,1340.0,-1.0,128.0,1762445355.0,RIPL,False
25436926,25436925.0,5.0,5373.15,4119.6,1340.0,-1.0,128.0,1760980854.0,RIPL,False
v_25436524_1340,25436523.0,,3068.15,4290.6,1340.0,,,,RIPR,True
25475102,25475101.0,5.0,3320.15,4050.6,1341.0,-1.0,128.0,1762445355.0,RIPL,False
25436683,25436682.0,5.0,5300.15,5347.6,1341.0,-1.0,128.0,1760980043.0,RIPL,False
25436927,25436926.0,5.0,5373.15,4119.6,1341.0,-1.0,128.0,1760980855.0,RIPL,False
25436524,v_25436524_1340,5.0,3064.15,4320.6,1341.0,-1.0,128.0,1762453836.0,RIPR,False
v_25475103_1342,25475102.0,,3269.15,4032.6,1342.0,,,,RIPL,True
v_25436684_1342,25436683.0,,5274.65,5380.6,1342.0,,,,RIPL,True
25436525,25436524.0,5.0,3352.15,3812.6,1342.0,-1.0,128.0,1762453836.0,RIPR,False
25436526,25436524.0,5.0,3020.15,4440.6,1342.0,-1.0,128.0,1762453836.0,RIPR,False
25436928,25436927.0,5.0,5353.15,4105.6,1342.0,-1.0,128.0,1760980856.0,RIPL,False
25436929,25436928.0,5.0,5353.15,4101.6,1343.0,-1.0,128.0,1760980857.0,RIPL,False
25436684,v_25436684_1342,5.0,5266.15,5391.6,1343.0,-1.0,128.0,1760980044.0,RIPL,False
25475103,v_25475103_1342,5.0,3252.15,4026.6,1343.0,-1.0,128.0,1762445357.0,RIPL,False
25436527,25436526.0,5.0,2992.15,4600.6,1343.0,-1.0,128.0,1762453836.0,RIPR,False
25436568,25436525.0,5.0,3373.15,3816.6,1343.0,-1.0,128.0,1762453836.0,RIPR,False
25436930,25436929.0,5.0,5327.15,4055.6,1344.0,-1.0,128.0,1760980858.0,RIPL,False
25475104,25475103.0,5.0,3216.15,4030.6,1344.0,-1.0,128.0,1762445359.0,RIPL,False
v_25436685_1344,25436684.0,,5254.15,5409.6,1344.0,,,,RIPL,True
25436569,25436568.0,5.0,3441.15,3794.6,1344.0,-1.0,128.0,1762453836.0,RIPR,False
25436528,25436527.0,5.0,3028.15,4664.6,1344.0,-1.0,128.0,1762453836.0,RIPR,False
25436931,25436930.0,5.0,5343.15,4057.6,1345.0,-1.0,128.0,1760980859.0,RIPL,False
25436529,25436528.0,5.0,3044.15,4720.6,1345.0,-1.0,128.0,1762453836.0,RIPR,False
25436570,25436569.0,5.0,3413.15,3826.6,1345.0,-1.0,128.0,1762453836.0,RIPR,False
v_25475105_1345,25475104.0,,3151.65,4032.1,1345.0,,,,RIPL,True
25436685,v_25436685_1344,5.0,5250.15,5415.6,1345.0,-1.0,128.0,1760980045.0,RIPL,False
v_25436686_1346,25436685.0,,5229.75,5443.200000000001,1346.0,,,,RIPL,True
25436571,25436570.0,5.0,3445.15,3792.6,1346.0,-1.0,128.0,1762453836.0,RIPR,False
25436932,25436931.0,5.0,5339.15,4081.6,1346.0,-1.0,128.0,1760980860.0,RIPL,False
25475105,v_25475105_1345,5.0,3130.15,4032.6,1346.0,-1.0,128.0,1762445360.0,RIPL,False
25436530,25436529.0,5.0,3040.15,4728.6,1346.0,-1.0,128.0,1762453836.0,RIPR,False
25436531,25436530.0,5.0,2889.15,4482.6,1347.0,-1.0,128.0,1762453836.0,RIPR,False
25436532,25436530.0,5.0,3047.15,4806.6,1347.0,-1.0,128.0,1762453836.0,RIPR,False
v_25436686_1347,v_25436686_1347,,5222.95,5452.400000000001,1347.0,,,,RIPL,True
25436572,25436571.0,5.0,3437.15,3778.6,1347.0,-1.0,128.0,1762453836.0,RIPR,False
25436933,25436932.0,5.0,5317.15,4049.6,1347.0,-1.0,128.0,1760980861.0,RIPL,False
25475106,25475105.0,5.0,3094.15,4034.6,1347.0,-1.0,128.0,1762445362.0,RIPL,False
v_25436934_1348,25436933.0,,5317.15,4049.6,1348.0,,,,RIPL,True
v_25475107_1348,25475106.0,,3052.15,4052.6,1348.0,,,,RIPL,True
25436686,v_25436686_1346,5.0,5216.15,5461.6,1348.0,-1.0,128.0,1760980047.0,RIPL,False
25436533,25436531.0,5.0,2863.15,4326.6,1348.0,-1.0,128.0,1762453836.0,RIPR,False
25436573,25436572.0,5.0,3435.15,3776.6,1348.0,-1.0,128.0,1762453836.0,RIPR,False
25436535,25436532.0,5.0,3059.15,4914.6,1348.0,-1.0,128.0,1762453836.0,RIPR,False
25436534,25436533.0,5.0,2847.15,4290.6,1349.0,-1.0,128.0,1762453836.0,RIPR,False
25436536,25436535.0,5.0,3075.15,4960.6,1349.0,-1.0,128.0,1762453836.0,RIPR,False
25436574,25436573.0,5.0,3421.15,3786.6,1349.0,-1.0,128.0,1762453836.0,RIPR,False
25475107,v_25475107_1348,5.0,3038.15,4058.6,1349.0,-1.0,128.0,1762445363.0,RIPL,False
v_25436687_1349,25436686.0,,5190.65,5494.6,1349.0,,,,RIPL,True
v_25436934_1349,v_25436934_1349,,5317.15,4049.6,1349.0,,,,RIPL,True
25436575,25436574.0,5.0,3399.15,3810.6,1350.0,-1.0,128.0,1762453836.0,RIPR,False
v_25475108_1350,25475107.0,,2984.15,4073.6,1350.0,,,,RIPL,True
25436687,v_25436687_1349,5.0,5182.15,5505.6,1350.0,-1.0,128.0,1760980048.0,RIPL,False
25436934,v_25436934_1348,5.0,5317.15,4049.6,1350.0,-1.0,128.0,1760980863.0,RIPL,False
25436537,25436536.0,5.0,3073.15,5022.6,1350.0,-1.0,128.0,1762453836.0,RIPR,False
25475108,v_25475108_1350,5.0,2966.15,4078.6,1351.0,-1.0,128.0,1762445365.0,RIPL,False
25436576,25436575.0,5.0,3391.15,3798.6,1351.0,-1.0,128.0,1762453836.0,RIPR,False
25436538,25436537.0,5.0,3141.15,5020.6,1351.0,-1.0,128.0,1762453836.0,RIPR,False
v_25436935_1351,25436934.0,,5309.65,4040.6,1351.0,,,,RIPL,True
v_25436688_1351,25436687.0,,5152.15,5551.200000000001,1351.0,,,,RIPL,True
25436935,v_25436935_1351,5.0,5307.15,4037.6,1352.0,-1.0,128.0,1760980864.0,RIPL,False
v_25436688_1352,v_25436688_1352,,5142.15,5566.400000000001,1352.0,,,,RIPL,True
25475109,25475108.0,5.0,2914.15,4030.6,1352.0,-1.0,128.0,1762445366.0,RIPL,False
25436577,25436576.0,5.0,3419.15,3838.6,1352.0,-1.0,128.0,1762453836.0,RIPR,False
25436539,25436538.0,5.0,3135.15,5056.6,1352.0,-1.0,128.0,1762453836.0,RIPR,False
25436578,25436577.0,5.0,3417.15,3842.6,1353.0,-1.0,128.0,1762453836.0,RIPR,False
v_25436936_1353,25436935.0,,5295.15,4024.1,1353.0,,,,RIPL,True
25436540,25436539.0,5.0,3179.15,5070.6,1353.0,-1.0,128.0,1762453836.0,RIPR,False
25436688,v_25436688_1351,5.0,5132.15,5581.6,1353.0,-1.0,128.0,1760980050.0,RIPL,False
25475110,25475109.0,5.0,2866.15,3978.6,1353.0,-1.0,128.0,1762445369.0,RIPL,False
25436936,v_25436936_1353,5.0,5291.15,4019.6,1354.0,-1.0,128.0,1760980866.0,RIPL,False
v_25436689_1354,25436688.0,,5128.549999999999,5594.8,1354.0,,,,RIPL,True
25436541,25436540.0,5.0,3193.15,5104.6,1354.0,-1.0,128.0,1762453836.0,RIPR,False
25436579,25436578.0,5.0,3430.45,3858.0,1354.0,-1.0,128.0,1762453836.0,RIPR,False
v_25475111_1354,25475110.0,,2816.65,3924.6,1354.0,,,,RIPL,True
25475111,v_25475111_1354,5.0,2800.15,3906.6,1355.0,-1.0,128.0,1762445372.0,RIPL,False
v_25436937_1355,25436936.0,,5274.65,4025.6,1355.0,,,,RIPL,True
v_25436689_1355,v_25436689_1355,,5127.349999999999,5599.200000000001,1355.0,,,,RIPL,True
25436542,25436541.0,5.0,3183.15,5126.6,1355.0,-1.0,128.0,1762453836.0,RIPR,False
25436580,25436579.0,5.0,3459.15,3884.6,1355.0,-1.0,128.0,1762453836.0,RIPR,False
25475112,25475111.0,5.0,2768.15,3882.6,1356.0,-1.0,128.0,1762445373.0,RIPL,False
25436544,25436542.0,5.0,3189.15,5170.6,1356.0,-1.0,128.0,1762453836.0,RIPR,False
25436543,25436542.0,5.0,3053.15,5056.6,1356.0,-1.0,128.0,1762453836.0,RIPR,False
25436581,25436580.0,5.0,3473.15,3886.6,1356.0,-1.0,128.0,1762453836.0,RIPR,False
25436937,v_25436937_1355,5.0,5269.15,4027.6,1356.0,-1.0,128.0,1760980867.0,RIPL,False
25436689,v_25436689_1354,5.0,5126.15,5603.6,1356.0,-1.0,128.0,1760980052.0,RIPL,False
25436545,25436543.0,5.0,3039.15,5076.6,1357.0,-1.0,128.0,1762453836.0,RIPR,False
25436546,25436544.0,5.0,3209.15,5206.6,1357.0,-1.0,128.0,1762453836.0,RIPR,False
25436582,25436581.0,5.0,3473.15,3886.6,1357.0,-1.0,128.0,1762453836.0,RIPR,False
v_25475113_1357,25475112.0,,2732.15,3858.6,1357.0,,,,RIPL,True
v_25436690_1357,25436689.0,,5100.95,5632.400000000001,1357.0,,,,RIPL,True
v_25436938_1357,25436937.0,,5257.15,3996.1,1357.0,,,,RIPL,True
25436938,v_25436938_1357,5.0,5253.15,3985.6,1358.0,-1.0,128.0,1760980868.0,RIPL,False
25475113,v_25475113_1357,5.0,2720.15,3850.6,1358.0,-1.0,128.0,1762445374.0,RIPL,False
25436547,25436546.0,5.0,3223.15,5222.6,1358.0,-1.0,128.0,1762453836.0,RIPR,False
v_25436583_1358,25436582.0,,3473.15,3886.6,1358.0,,,,RIPR,True
v_25436690_1358,v_25436690_1358,,5092.549999999999,5642.0,1358.0,,,,RIPL,True
v_25475114_1359,25475113.0,,2708.15,3840.1,1359.0,,,,RIPL,True
25436690,v_25436690_1357,5.0,5084.15,5651.6,1359.0,-1.0,128.0,1760980053.0,RIPL,False
25436548,25436547.0,5.0,3251.15,5234.6,1359.0,-1.0,128.0,1762453836.0,RIPR,False
25436583,v_25436583_1358,5.0,3473.15,3886.6,1359.0,-1.0,128.0,1762453836.0,RIPR,False
v_25436939_1359,25436938.0,,5236.65,3985.6,1359.0,,,,RIPL,True
25436691,25436690.0,5.0,5070.15,5677.6,1360.0,-1.0,128.0,1760980060.0,RIPL,False
25436584,25436583.0,5.0,3485.15,3886.6,1360.0,-1.0,128.0,1762453836.0,RIPR,False
25436939,v_25436939_1359,5.0,5231.15,3985.6,1360.0,-1.0,128.0,1760980870.0,RIPL,False
25475114,v_25475114_1359,5.0,2704.15,3836.6,1360.0,-1.0,128.0,1762445375.0,RIPL,False
25436549,25436548.0,5.0,3283.15,5258.6,1360.0,-1.0,128.0,1762453836.0,RIPR,False
25436550,25436549.0,5.0,3283.15,5270.6,1361.0,-1.0,128.0,1762453836.0,RIPR,False
25436585,25436584.0,5.0,3487.15,3892.6,1361.0,-1.0,128.0,1762453836.0,RIPR,False
25436692,25436691.0,5.0,5070.15,5689.6,1361.0,-1.0,128.0,1760980061.0,RIPL,False
v_25436940_1361,25436939.0,,5226.65,3981.1,1361.0,,,,RIPL,True
25475115,25475114.0,5.0,2678.15,3834.6,1361.0,-1.0,128.0,1762445377.0,RIPL,False
v_25436693_1362,25436692.0,,5058.15,5712.1,1362.0,,,,RIPL,True
25436551,25436550.0,5.0,3317.15,5268.6,1362.0,-1.0,128.0,1762453836.0,RIPR,False
25436940,v_25436940_1361,5.0,5225.15,3979.6,1362.0,-1.0,128.0,1760980871.0,RIPL,False
v_25436586_1362,25436585.0,,3494.65,3892.6,1362.0,,,,RIPR,True
25436693,v_25436693_1362,5.0,5054.15,5719.6,1363.0,-1.0,128.0,1760980063.0,RIPL,False
v_25436941_1363,25436940.0,,5208.65,3966.1,1363.0,,,,RIPL,True
25436552,25436551.0,5.0,3321.15,5312.6,1363.0,-1.0,128.0,1762453836.0,RIPR,False
25436586,v_25436586_1362,5.0,3497.15,3892.6,1363.0,-1.0,128.0,1762453836.0,RIPR,False
v_25436587_1364,25436586.0,,3492.65,3889.6,1364.0,,,,RIPR,True
25436941,v_25436941_1363,5.0,5203.15,3961.6,1364.0,-1.0,128.0,1760980873.0,RIPL,False
25436694,25436693.0,5.0,5030.15,5737.6,1364.0,-1.0,128.0,1760980064.0,RIPL,False
25436553,25436552.0,5.0,3361.15,5328.6,1364.0,-1.0,128.0,1762453836.0,RIPR,False
25436695,25436694.0,5.0,5020.15,5737.6,1365.0,-1.0,128.0,1760980065.0,RIPL,False
v_25436942_1365,25436941.0,,5203.15,3961.6,1365.0,,,,RIPL,True
25436554,25436553.0,5.0,3379.15,5346.6,1365.0,-1.0,128.0,1762453836.0,RIPR,False
25436587,v_25436587_1364,5.0,3491.15,3888.6,1365.0,-1.0,128.0,1762453836.0,RIPR,False
25436555,25436554.0,5.0,3389.15,5356.6,1366.0,-1.0,128.0,1762453836.0,RIPR,False
v_25436942_1366,v_25436942_1366,,5203.15,3961.6,1366.0,,,,RIPL,True
v_25436696_1366,25436695.0,,5020.15,5737.6,1366.0,,,,RIPL,True
v_25436588_1366,25436587.0,,3473.15,3884.1,1366.0,,,,RIPR,True
25436556,25436555.0,5.0,3441.15,5424.6,1367.0,-1.0,128.0,1762453836.0,RIPR,False
25436588,v_25436588_1366,5.0,3467.15,3882.6,1367.0,-1.0,128.0,1762453836.0,RIPR,False
25436696,v_25436696_1366,5.0,5020.15,5737.6,1367.0,-1.0,128.0,1760980066.0,RIPL,False
25436942,v_25436942_1365,5.0,5203.15,3961.6,1367.0,-1.0,128.0,1760980874.0,RIPL,False
25436697,25436696.0,5.0,5024.15,5735.6,1368.0,-1.0,128.0,1760980067.0,RIPL,False
25436557,25436556.0,5.0,3469.15,5456.6,1368.0,-1.0,128.0,1762453836.0,RIPR,False
25436589,25436588.0,5.0,3485.15,3876.6,1368.0,-1.0,128.0,1762453836.0,RIPR,False
v_25436943_1368,25436942.0,,5179.15,3949.6,1368.0,,,,RIPL,True
25436558,25436557.0,5.0,3469.15,5466.6,1369.0,-1.0,128.0,1762453836.0,RIPR,False
25436590,25436589.0,5.0,3499.15,3874.6,1369.0,-1.0,128.0,1762453836.0,RIPR,False
25436943,v_25436943_1368,5.0,5171.15,3945.6,1369.0,-1.0,128.0,1760980876.0,RIPL,False
v_25436698_1369,25436697.0,,5021.15,5768.6,1369.0,,,,RIPL,True
25436559,25436558.0,5.0,3463.15,5468.6,1370.0,-1.0,128.0,1762453836.0,RIPR,False
25436591,25436590.0,5.0,3499.15,3874.6,1370.0,-1.0,128.0,1762453836.0,RIPR,False
25436698,v_25436698_1369,5.0,5020.15,5779.6,1370.0,-1.0,128.0,1760980069.0,RIPL,False
v_25436944_1370,25436943.0,,5165.15,3938.1,1370.0,,,,RIPL,True
25436560,25436559.0,5.0,3463.15,5468.6,1371.0,-1.0,128.0,1762453836.0,RIPR,False
25436592,25436591.0,5.0,3507.15,3866.6,1371.0,-1.0,128.0,1762453836.0,RIPR,False
25436944,v_25436944_1370,5.0,5163.15,3935.6,1371.0,-1.0,128.0,1760980877.0,RIPL,False
25436699,25436698.0,5.0,5038.15,5787.6,1371.0,-1.0,128.0,1760980077.0,RIPL,False
v_25436561_1372,25436560.0,,3467.65,5485.1,1372.0,,,,RIPR,True
v_25436593_1372,25436592.0,,3520.65,3859.1,1372.0,,,,RIPR,True
25436700,25436699.0,5.0,5038.15,5787.6,1372.0,-1.0,128.0,1760980078.0,RIPL,False
v_25436945_1372,25436944.0,,5160.15,3922.1,1372.0,,,,RIPL,True
25436701,25436700.0,5.0,5010.15,5787.6,1373.0,-1.0,128.0,1760980079.0,RIPL,False
25436561,v_25436561_1372,5.0,3469.15,5490.6,1373.0,-1.0,128.0,1762453836.0,RIPR,False
25436593,v_25436593_1372,5.0,3525.15,3856.6,1373.0,-1.0,128.0,1762453836.0,RIPR,False
25436945,v_25436945_1372,5.0,5159.15,3917.6,1373.0,-1.0,128.0,1760980878.0,RIPL,False
v_25436594_1374,25436593.0,,3529.65,3855.1,1374.0,,,,RIPR,True
v_25436562_1374,25436561.0,,3485.65,5534.1,1374.0,,,,RIPR,True
25436702,25436701.0,5.0,5008.15,5797.6,1374.0,-1.0,128.0,1760980081.0,RIPL,False
v_25436946_1374,25436945.0,,5157.95,3916.4,1374.0,,,,RIPL,True
v_25436946_1375,v_25436946_1375,,5157.549999999999,3916.0,1375.0,,,,RIPL,True
25436703,25436702.0,5.0,5008.15,5797.6,1375.0,-1.0,128.0,1760980086.0,RIPL,False
25436594,v_25436594_1374,5.0,3531.15,3854.6,1375.0,-1.0,128.0,1762453836.0,RIPR,False
25436562,v_25436562_1374,5.0,3491.15,5548.6,1375.0,-1.0,128.0,1762453836.0,RIPR,False
25436563,25436562.0,5.0,3527.15,5562.6,1376.0,-1.0,128.0,1762453836.0,RIPR,False
25436946,v_25436946_1374,5.0,5157.15,3915.6,1376.0,-1.0,128.0,1760980880.0,RIPL,False
25436704,25436703.0,5.0,5008.15,5803.6,1376.0,-1.0,128.0,1760980087.0,RIPL,False
v_25436595_1376,25436594.0,,3546.15,3838.1,1376.0,,,,RIPR,True
v_25436947_1377,25436946.0,,5157.15,3909.6,1377.0,,,,RIPL,True
25436595,v_25436595_1376,5.0,3551.15,3832.6,1377.0,-1.0,128.0,1762453836.0,RIPR,False
25436564,25436563.0,5.0,3549.15,5590.6,1377.0,-1.0,128.0,1762453836.0,RIPR,False
25436705,25436704.0,5.0,5006.15,5811.6,1377.0,-1.0,128.0,1760980089.0,RIPL,False
25436947,v_25436947_1377,5.0,5157.15,3907.6,1378.0,-1.0,128.0,1760980881.0,RIPL,False
25436565,25436564.0,5.0,3539.15,5616.6,1378.0,-1.0,128.0,1762453836.0,RIPR,False
v_25436706_1378,25436705.0,,4985.15,5816.1,1378.0,,,,RIPL,True
v_25436596_1378,25436595.0,,3566.15,3835.6,1378.0,,,,RIPR,True
25436566,25436565.0,5.0,3559.15,5614.6,1379.0,-1.0,128.0,1762453836.0,RIPR,False
25436596,v_25436596_1378,5.0,3571.15,3836.6,1379.0,-1.0,128.0,1762453836.0,RIPR,False
25436706,v_25436706_1378,5.0,4978.15,5817.6,1379.0,-1.0,128.0,1760980091.0,RIPL,False
v_25436948_1379,25436947.0,,5145.15,3900.1,1379.0,,,,RIPL,True
25436948,v_25436948_1379,5.0,5141.15,3897.6,1380.0,-1.0,128.0,1760980883.0,RIPL,False
25436567,25436566.0,5.0,3555.15,5636.6,1380.0,-1.0,128.0,1762453836.0,RIPR,False
25436597,25436596.0,5.0,3583.15,3836.6,1380.0,-1.0,128.0,1762453836.0,RIPR,False
25436707,25436706.0,5.0,4984.15,5833.6,1380.0,-1.0,128.0,1760980092.0,RIPL,False
25436708,25436707.0,5.0,5010.15,5875.6,1381.0,-1.0,128.0,1760980162.0,RIPL,False
25436949,25436948.0,5.0,5133.15,3893.6,1381.0,-1.0,128.0,1760980887.0,RIPL,False
25436598,25436597.0,5.0,3597.15,3846.6,1381.0,-1.0,128.0,1762453836.0,RIPR,False
25474394,25436567.0,5.0,3559.15,5667.6,1381.0,-1.0,128.0,1762453836.0,RIPR,False
v_25436950_1382,25436949.0,,5136.15,3884.6,1382.0,,,,RIPL,True
25436709,25436708.0,5.0,4988.0,5888.75,1382.0,-1.0,128.0,1761835990.0,RIPL,False
25436599,25436598.0,5.0,3603.15,3844.6,1382.0,-1.0,128.0,1762453836.0,RIPR,False
25474395,25474394.0,5.0,3579.15,5697.6,1382.0,-1.0,128.0,1762453836.0,RIPR,False
25474396,25474395.0,5.0,3583.15,5697.6,1383.0,-1.0,128.0,1762453836.0,RIPR,False
25436600,25436599.0,5.0,3607.15,3830.6,1383.0,-1.0,128.0,1762453836.0,RIPR,False
25436950,v_25436950_1382,5.0,5137.15,3881.6,1383.0,-1.0,128.0,1760980888.0,RIPL,False
25436710,25436709.0,5.0,4990.15,5891.6,1383.0,-1.0,128.0,1760980165.0,RIPL,False
v_25436711_1384,25436710.0,,4990.15,5891.6,1384.0,,,,RIPL,True
v_25474397_1384,25474396.0,,3583.15,5698.8,1384.0,,,,RIPR,True
v_25436951_1384,25436950.0,,5146.15,3872.6,1384.0,,,,RIPL,True
25436601,25436600.0,5.0,3607.15,3830.6,1384.0,-1.0,128.0,1762453836.0,RIPR,False
25436711,v_25436711_1384,5.0,4990.15,5891.6,1385.0,-1.0,128.0,1760980166.0,RIPL,False
25436951,v_25436951_1384,5.0,5149.15,3869.6,1385.0,-1.0,128.0,1760980890.0,RIPL,False
v_25474397_1385,v_25474397_1385,,3583.15,5699.200000000001,1385.0,,,,RIPR,True
25436602,25436601.0,5.0,3617.15,3824.6,1385.0,-1.0,128.0,1762453836.0,RIPR,False
25436952,25436951.0,5.0,5135.15,3867.6,1386.0,-1.0,128.0,1760980895.0,RIPL,False
25436603,25436602.0,5.0,3625.15,3820.6,1386.0,-1.0,128.0,1762453836.0,RIPR,False
v_25436712_1386,25436711.0,,4987.15,5887.1,1386.0,,,,RIPL,True
25474397,v_25474397_1384,5.0,3583.15,5699.6,1386.0,-1.0,128.0,1762453836.0,RIPR,False
25436604,25436603.0,5.0,3625.15,3816.6,1387.0,-1.0,128.0,1762453836.0,RIPR,False
25474398,25474397.0,5.0,3601.15,5719.6,1387.0,-1.0,128.0,1762453836.0,RIPR,False
v_25436953_1387,25436952.0,,5136.349999999999,3858.0,1387.0,,,,RIPL,True
25436712,v_25436712_1386,5.0,4986.15,5885.6,1387.0,-1.0,128.0,1760980168.0,RIPL,False
v_25436713_1388,25436712.0,,4977.15,5876.6,1388.0,,,,RIPL,True
v_25436953_1388,v_25436953_1388,,5136.75,3854.8,1388.0,,,,RIPL,True
v_25436605_1388,25436604.0,,3625.15,3810.6,1388.0,,,,RIPR,True
25474399,25474398.0,5.0,3611.655,5738.1,1388.0,-1.0,128.0,1768794986.0,RIPR,False
25436605,v_25436605_1388,5.0,3625.15,3808.6,1389.0,-1.0,128.0,1762453836.0,RIPR,False
25436953,v_25436953_1387,5.0,5137.15,3851.6,1389.0,-1.0,128.0,1760980896.0,RIPL,False
v_25474400_1389,25474399.0,,3600.77625,5749.725,1389.0,,,,RIPR,True
25436713,v_25436713_1388,5.0,4974.15,5873.6,1389.0,-1.0,128.0,1760980169.0,RIPL,False
v_25436954_1390,25436953.0,,5141.65,3844.1,1390.0,,,,RIPL,True
25474400,v_25474400_1389,5.0,3597.15,5753.6,1390.0,-1.0,128.0,1762453836.0,RIPR,False
v_25436714_1390,25436713.0,,4971.15,5846.6,1390.0,,,,RIPL,True
25436606,25436605.0,5.0,3641.15,3802.6,1390.0,-1.0,128.0,1762453836.0,RIPR,False
25436954,v_25436954_1390,5.0,5143.15,3841.6,1391.0,-1.0,128.0,1760980900.0,RIPL,False
25436714,v_25436714_1390,5.0,4970.15,5837.6,1391.0,-1.0,128.0,1760980170.0,RIPL,False
v_25436607_1391,25436606.0,,3656.15,3792.1,1391.0,,,,RIPR,True
25474401,25474400.0,5.0,3643.15,5825.6,1391.0,-1.0,128.0,1762453836.0,RIPR,False
25436607,v_25436607_1391,5.0,3661.15,3788.6,1392.0,-1.0,128.0,1762453836.0,RIPR,False
25474402,25474401.0,5.0,3653.15,5845.6,1392.0,-1.0,128.0,1762453836.0,RIPR,False
v_25436715_1392,25436714.0,,4970.15,5837.6,1392.0,,,,RIPL,True
v_25436955_1392,25436954.0,,5152.15,3826.6,1392.0,,,,RIPL,True
v_25436608_1393,25436607.0,,3679.15,3767.6,1393.0,,,,RIPR,True
25436955,v_25436955_1392,5.0,5155.15,3821.6,1393.0,-1.0,128.0,1760980902.0,RIPL,False
25436715,v_25436715_1392,5.0,4970.15,5837.6,1393.0,-1.0,128.0,1760980172.0,RIPL,False
25474403,25474402.0,5.0,3645.15,5849.6,1393.0,-1.0,128.0,1762453836.0,RIPR,False
v_25436716_1394,25436715.0,,4980.65,5818.1,1394.0,,,,RIPL,True
25474404,25474403.0,5.0,3625.15,5847.6,1394.0,-1.0,128.0,1762453836.0,RIPR,False
25436608,v_25436608_1393,5.0,3685.15,3760.6,1394.0,-1.0,128.0,1762453836.0,RIPR,False
v_25436956_1394,25436955.0,,5161.15,3819.2,1394.0,,,,RIPL,True
25436716,v_25436716_1394,5.0,4984.15,5811.6,1395.0,-1.0,128.0,1760980173.0,RIPL,False
v_25436609_1395,25436608.0,,3674.65,3760.6,1395.0,,,,RIPR,True
v_25474405_1395,25474404.0,,3610.75,5850.0,1395.0,,,,RIPR,True
v_25436956_1395,v_25436956_1395,,5163.15,3818.4,1395.0,,,,RIPL,True
v_25474405_1396,v_25474405_1396,,3605.95,5850.8,1396.0,,,,RIPR,True
25436717,25436716.0,5.0,5008.15,5799.6,1396.0,-1.0,128.0,1760980174.0,RIPL,False
25436956,v_25436956_1394,5.0,5165.15,3817.6,1396.0,-1.0,128.0,1760980903.0,RIPL,False
25436609,v_25436609_1395,5.0,3671.15,3760.6,1396.0,-1.0,128.0,1762453836.0,RIPR,False
25474405,v_25474405_1395,5.0,3601.15,5851.6,1397.0,-1.0,128.0,1762453836.0,RIPR,False
v_25436718_1397,25436717.0,,5020.15,5786.1,1397.0,,,,RIPL,True
v_25436957_1397,25436956.0,,5181.65,3807.1,1397.0,,,,RIPL,True
v_25436610_1397,25436609.0,,3683.15,3732.1,1397.0,,,,RIPR,True
25474406,25474405.0,5.0,3563.15,5807.6,1398.0,-1.0,128.0,1762453836.0,RIPR,False
25436610,v_25436610_1397,5.0,3687.15,3722.6,1398.0,-1.0,128.0,1762453836.0,RIPR,False
25436957,v_25436957_1397,5.0,5187.15,3803.6,1398.0,-1.0,128.0,1760980904.0,RIPL,False
25436718,v_25436718_1397,5.0,5024.15,5781.6,1398.0,-1.0,128.0,1760980175.0,RIPL,False
v_25436719_1399,25436718.0,,5052.65,5756.1,1399.0,,,,RIPL,True
25436958,25436957.0,5.0,5219.15,3787.6,1399.0,-1.0,128.0,1760980910.0,RIPL,False
25474407,25474406.0,5.0,3611.15,5871.6,1399.0,-1.0,128.0,1762453836.0,RIPR,False
25436611,25436610.0,5.0,3663.15,3720.6,1399.0,-1.0,128.0,1762453836.0,RIPR,False
25436612,25436611.0,5.0,3671.15,3692.6,1400.0,-1.0,128.0,1762453836.0,RIPR,False
25474408,25474407.0,5.0,3607.15,5871.6,1400.0,-1.0,128.0,1762453836.0,RIPR,False
25436719,v_25436719_1399,5.0,5062.15,5747.6,1400.0,-1.0,128.0,1760980176.0,RIPL,False
v_25436959_1400,25436958.0,,5225.15,3776.8,1400.0,,,,RIPL,True
25436720,25436719.0,5.0,5078.15,5741.6,1401.0,-1.0,128.0,1760980177.0,RIPL,False
v_25436613_1401,25436612.0,,3671.15,3692.6,1401.0,,,,RIPR,True
v_25436959_1401,v_25436959_1401,,5227.15,3773.2,1401.0,,,,RIPL,True
v_25474409_1401,25474408.0,,3593.65,5865.6,1401.0,,,,RIPR,True
25436613,v_25436613_1401,5.0,3671.15,3692.6,1402.0,-1.0,128.0,1762453836.0,RIPR,False
25474409,v_25474409_1401,5.0,3589.15,5863.6,1402.0,-1.0,128.0,1762453836.0,RIPR,False
25436959,v_25436959_1400,5.0,5229.15,3769.6,1402.0,-1.0,128.0,1760980913.0,RIPL,False
v_25436721_1402,25436720.0,,5079.65,5717.6,1402.0,,,,RIPL,True
v_25436614_1403,25436613.0,,3671.15,3664.1,1403.0,,,,RIPR,True
25436721,v_25436721_1402,5.0,5080.15,5709.6,1403.0,-1.0,128.0,1760980179.0,RIPL,False
25559706,25436959.0,5.0,5237.15,3746.6,1403.0,-1.0,128.0,1772739376.0,RIPL,False
v_25474410_1403,25474409.0,,3581.65,5835.1,1403.0,,,,RIPR,True
v_25436722_1404,25436721.0,,5093.65,5690.1,1404.0,,,,RIPL,True
25474410,v_25474410_1403,5.0,3579.15,5825.6,1404.0,-1.0,128.0,1762453836.0,RIPR,False
25436614,v_25436614_1403,5.0,3671.15,3654.6,1404.0,-1.0,128.0,1762453836.0,RIPR,False
25436960,25559706.0,5.0,5245.15,3723.6,1404.0,-1.0,128.0,1772739376.0,RIPL,False
v_25474411_1405,25474410.0,,3571.65,5812.1,1405.0,,,,RIPR,True
v_25436961_1405,25436960.0,,5287.15,3678.6,1405.0,,,,RIPL,True
25436722,v_25436722_1404,5.0,5098.15,5683.6,1405.0,-1.0,128.0,1760980181.0,RIPL,False
25436615,25436614.0,5.0,3671.15,3654.6,1405.0,-1.0,128.0,1762453836.0,RIPR,False
v_25436723_1406,25436722.0,,5098.15,5670.1,1406.0,,,,RIPL,True
25436961,v_25436961_1405,5.0,5301.15,3663.6,1406.0,-1.0,128.0,1760980916.0,RIPL,False
25436616,25436615.0,5.0,3671.15,3656.6,1406.0,-1.0,128.0,1762453836.0,RIPR,False
25474411,v_25474411_1405,5.0,3569.15,5807.6,1406.0,-1.0,128.0,1762453836.0,RIPR,False
25436617,25436616.0,5.0,3691.15,3682.6,1407.0,-1.0,128.0,1762453836.0,RIPR,False
v_25436962_1407,25436961.0,,5349.15,3585.6,1407.0,,,,RIPL,True
v_25474412_1407,25474411.0,,3564.65,5785.1,1407.0,,,,RIPR,True
25436723,v_25436723_1406,5.0,5098.15,5665.6,1407.0,-1.0,128.0,1760980182.0,RIPL,False
25474412,v_25474412_1407,5.0,3563.15,5777.6,1408.0,-1.0,128.0,1762453836.0,RIPR,False
v_25436724_1408,25436723.0,,5111.65,5664.1,1408.0,,,,RIPL,True
v_25436618_1408,25436617.0,,3679.15,3675.1,1408.0,,,,RIPR,True
25436962,v_25436962_1407,5.0,5365.15,3559.6,1408.0,-1.0,128.0,1760980917.0,RIPL,False
25436724,v_25436724_1408,5.0,5116.15,5663.6,1409.0,-1.0,128.0,1760980184.0,RIPL,False
25436963,25436962.0,5.0,5373.15,3535.6,1409.0,-1.0,128.0,1760980920.0,RIPL,False
25474413,25474412.0,5.0,3559.15,5731.6,1409.0,-1.0,128.0,1762453836.0,RIPR,False
25436618,v_25436618_1408,5.0,3675.15,3672.6,1409.0,-1.0,128.0,1762453836.0,RIPR,False
25436964,25436963.0,5.0,5183.15,3509.6,1410.0,-1.0,128.0,1760980923.0,RIPL,False
25436966,25436963.0,5.0,5339.15,3717.6,1410.0,-1.0,128.0,1760980931.0,RIPL,False
25474414,25474413.0,5.0,3551.15,5733.6,1410.0,-1.0,128.0,1762453836.0,RIPR,False
v_25436619_1410,25436618.0,,3675.15,3663.6,1410.0,,,,RIPR,True
v_25436725_1410,25436724.0,,5117.65,5645.6,1410.0,,,,RIPL,True
25436725,v_25436725_1410,5.0,5118.15,5639.6,1411.0,-1.0,128.0,1760980185.0,RIPL,False
v_25474415_1411,25474414.0,,3551.15,5726.1,1411.0,,,,RIPR,True
25436619,v_25436619_1410,5.0,3675.15,3660.6,1411.0,-1.0,128.0,1762453836.0,RIPR,False
25436978,25436966.0,5.0,5326.15,3737.6,1411.0,-1.0,128.0,1760981015.0,RIPL,False
25436967,25436964.0,5.0,5079.15,3469.6,1411.0,-1.0,128.0,1760980944.0,RIPL,False
25436620,25436619.0,5.0,3645.15,3658.6,1412.0,-1.0,128.0,1762453836.0,RIPR,False
25474415,v_25474415_1411,5.0,3551.15,5723.6,1412.0,-1.0,128.0,1762453836.0,RIPR,False
25436979,25436978.0,5.0,5358.15,3721.6,1412.0,-1.0,128.0,1760981016.0,RIPL,False
25436968,25436967.0,5.0,5063.15,3419.6,1412.0,-1.0,128.0,1760980945.0,RIPL,False
v_25436726_1412,25436725.0,,5131.65,5623.1,1412.0,,,,RIPL,True
v_25474416_1413,25474415.0,,3551.15,5716.1,1413.0,,,,RIPR,True
25436621,25436620.0,5.0,3627.15,3646.6,1413.0,-1.0,128.0,1762453836.0,RIPR,False
25436969,25436968.0,5.0,5057.15,3369.6,1413.0,-1.0,128.0,1760980946.0,RIPL,False
25436980,25436979.0,5.0,5368.15,3689.6,1413.0,-1.0,128.0,1760981017.0,RIPL,False
25436726,v_25436726_1412,5.0,5136.15,5617.6,1413.0,-1.0,128.0,1760980187.0,RIPL,False
25436970,25436969.0,5.0,5057.15,3349.6,1414.0,-1.0,128.0,1760980947.0,RIPL,False
25436981,25436980.0,5.0,5386.15,3677.6,1414.0,-1.0,128.0,1760981018.0,RIPL,False
v_25436727_1414,25436726.0,,5136.15,5611.6,1414.0,,,,RIPL,True
25474416,v_25474416_1413,5.0,3551.15,5713.6,1414.0,-1.0,128.0,1762453836.0,RIPR,False
25436622,25436621.0,5.0,3633.15,3646.6,1414.0,-1.0,128.0,1762453836.0,RIPR,False
25436623,25436622.0,5.0,3645.15,3646.6,1415.0,-1.0,128.0,1762453836.0,RIPR,False
v_25474417_1415,25474416.0,,3552.65,5691.1,1415.0,,,,RIPR,True
25436982,25436981.0,5.0,5398.15,3649.6,1415.0,-1.0,128.0,1760981019.0,RIPL,False
25436971,25436970.0,5.0,5057.15,3347.6,1415.0,-1.0,128.0,1760980948.0,RIPL,False
25436727,v_25436727_1414,5.0,5136.15,5609.6,1415.0,-1.0,128.0,1760980188.0,RIPL,False
25474417,v_25474417_1415,5.0,3553.15,5683.6,1416.0,-1.0,128.0,1762453836.0,RIPR,False
v_25436728_1416,25436727.0,,5137.65,5569.1,1416.0,,,,RIPL,True
25436624,25436623.0,5.0,3635.15,3626.6,1416.0,-1.0,128.0,1762453836.0,RIPR,False
25436983,25436982.0,5.0,5390.15,3661.6,1416.0,-1.0,128.0,1760981020.0,RIPL,False
25436972,25436971.0,5.0,5061.15,3315.6,1416.0,-1.0,128.0,1760980952.0,RIPL,False
v_25436984_1417,25436983.0,,5391.65,3658.6,1417.0,,,,RIPL,True
25436625,25436624.0,5.0,3623.15,3620.6,1417.0,-1.0,128.0,1762453836.0,RIPR,False
25436973,25436972.0,5.0,5029.15,3345.6,1417.0,-1.0,128.0,1760980954.0,RIPL,False
25436728,v_25436728_1416,5.0,5138.15,5555.6,1417.0,-1.0,128.0,1760980190.0,RIPL,False
v_25474418_1417,25474417.0,,3551.65,5673.1,1417.0,,,,RIPR,True
25436626,25436625.0,5.0,3619.15,3606.6,1418.0,-1.0,128.0,1762453836.0,RIPR,False
25474418,v_25474418_1417,5.0,3551.15,5669.6,1418.0,-1.0,128.0,1762453836.0,RIPR,False
25436729,25436728.0,5.0,5142.15,5543.6,1418.0,-1.0,128.0,1760980191.0,RIPL,False
25436974,25436973.0,5.0,5039.15,3313.6,1418.0,-1.0,128.0,1760980955.0,RIPL,False
25436984,v_25436984_1417,5.0,5392.15,3657.6,1418.0,-1.0,128.0,1760981022.0,RIPL,False
v_25474419_1419,25474418.0,,3554.15,5651.6,1419.0,,,,RIPR,True
25436975,25436974.0,5.0,5007.15,3331.6,1419.0,-1.0,128.0,1760980958.0,RIPL,False
v_25436730_1419,25436729.0,,5137.65,5516.6,1419.0,,,,RIPL,True
25436985,25436984.0,5.0,5404.15,3641.6,1419.0,-1.0,128.0,1760981023.0,RIPL,False
25436627,25436626.0,5.0,3619.15,3606.6,1419.0,-1.0,128.0,1762453836.0,RIPR,False
25474419,v_25474419_1419,5.0,3555.15,5645.6,1420.0,-1.0,128.0,1762453836.0,RIPR,False
25436730,v_25436730_1419,5.0,5136.15,5507.6,1420.0,-1.0,128.0,1760980192.0,RIPL,False
v_25436986_1420,25436985.0,,5404.15,3616.1,1420.0,,,,RIPL,True
25436628,25436627.0,5.0,3609.15,3598.6,1420.0,-1.0,128.0,1762453836.0,RIPR,False
25436976,25436975.0,5.0,4953.15,3329.6,1420.0,-1.0,128.0,1760980962.0,RIPL,False
25436977,25436976.0,5.0,4927.15,3307.6,1421.0,-1.0,128.0,1760980969.0,RIPL,False
v_25436731_1421,25436730.0,,5139.15,5500.1,1421.0,,,,RIPL,True
25436986,v_25436986_1420,5.0,5404.15,3607.6,1421.0,-1.0,128.0,1760981024.0,RIPL,False
25436629,25436628.0,5.0,3609.15,3598.6,1421.0,-1.0,128.0,1762453836.0,RIPR,False
v_25474420_1421,25474419.0,,3553.65,5624.6,1421.0,,,,RIPR,True
25554260,25436977.0,5.0,4854.975,3234.09,1422.0,-1.0,128.0,1769659764.0,RIPL,False
25436731,v_25436731_1421,5.0,5140.15,5497.6,1422.0,-1.0,128.0,1760980194.0,RIPL,False
25436630,25436629.0,5.0,3605.15,3582.6,1422.0,-1.0,128.0,1762453836.0,RIPR,False
v_25436987_1422,25436986.0,,5399.65,3595.6,1422.0,,,,RIPL,True
25474420,v_25474420_1421,5.0,3553.15,5617.6,1422.0,-1.0,128.0,1762453836.0,RIPR,False
25436987,v_25436987_1422,5.0,5398.15,3591.6,1423.0,-1.0,128.0,1760981026.0,RIPL,False
v_25436732_1423,25436731.0,,5129.65,5487.1,1423.0,,,,RIPL,True
25554261,25554260.0,5.0,4814.95,3110.09,1423.0,-1.0,128.0,1769659768.0,RIPL,False
v_25474421_1423,25474420.0,,3563.65,5602.6,1423.0,,,,RIPR,True
25436631,25436630.0,5.0,3613.15,3570.6,1423.0,-1.0,128.0,1762453836.0,RIPR,False
25436988,25436987.0,5.0,5388.15,3561.6,1424.0,-1.0,128.0,1760981027.0,RIPL,False
25554262,25554261.0,5.0,4778.95,3014.09,1424.0,-1.0,128.0,1769659768.0,RIPL,False
25474421,v_25474421_1423,5.0,3567.15,5597.6,1424.0,-1.0,128.0,1762453836.0,RIPR,False
25436732,v_25436732_1423,5.0,5126.15,5483.6,1424.0,-1.0,128.0,1760980195.0,RIPL,False
25436632,25436631.0,5.0,3655.15,3504.6,1424.0,-1.0,128.0,1762453836.0,RIPR,False
25436733,25436732.0,5.0,5138.15,5479.6,1425.0,-1.0,128.0,1760980198.0,RIPL,False
v_25436989_1425,25436988.0,,5397.15,3578.1,1425.0,,,,RIPL,True
v_25474422_1425,25474421.0,,3567.15,5591.6,1425.0,,,,RIPR,True
25436633,25436632.0,5.0,3651.15,3498.6,1425.0,-1.0,128.0,1762453836.0,RIPR,False
25554263,25554262.0,5.0,4778.95,2966.09,1425.0,-1.0,128.0,1769659769.0,RIPL,False
25436734,25436733.0,5.0,5134.15,5481.6,1426.0,-1.0,128.0,1760980199.0,RIPL,False
25474422,v_25474422_1425,5.0,3567.15,5589.6,1426.0,-1.0,128.0,1762453836.0,RIPR,False
25436634,25436633.0,5.0,3617.15,3536.6,1426.0,-1.0,128.0,1762453836.0,RIPR,False
25554264,25554263.0,5.0,4750.95,2922.09,1426.0,-1.0,128.0,1769659773.0,RIPL,False
25554933,25554263.0,5.0,4920.95,2927.425,1426.0,-1.0,128.0,1769748421.0,RIPL,False
25436989,v_25436989_1425,5.0,5400.15,3583.6,1426.0,-1.0,128.0,1760981028.0,RIPL,False
25475043,25436633.0,5.0,3646.45,3302.0,1426.0,-1.0,128.0,1762453836.0,RIPR,False
25437025,25437024.0,5.0,5355.15,3035.6,1426.0,-1.0,128.0,1760981140.0,RIPL,False
v_25436990_1427,25436989.0,,5421.15,3583.6,1427.0,,,,RIPL,True
25436635,25436634.0,5.0,3591.15,3558.6,1427.0,-1.0,128.0,1762453836.0,RIPR,False
25554265,25554264.0,5.0,4714.95,2934.09,1427.0,-1.0,128.0,1769659775.0,RIPL,False
25554934,25554933.0,5.0,4928.95,2939.425,1427.0,-1.0,128.0,1769748424.0,RIPL,False
25437024,25437023.0,5.0,5361.15,3073.6,1427.0,-1.0,128.0,1760981138.0,RIPL,False
25436735,25436734.0,5.0,5142.15,5463.6,1427.0,-1.0,128.0,1760980200.0,RIPL,False
v_25474423_1427,25474422.0,,3558.15,5586.6,1427.0,,,,RIPR,True
25437023,25437022.0,5.0,5397.15,3093.6,1428.0,-1.0,128.0,1760981135.0,RIPL,False
25554935,25554934.0,5.0,4938.95,2951.425,1428.0,-1.0,128.0,1769748425.0,RIPL,False
25436990,v_25436990_1427,5.0,5428.15,3583.6,1428.0,-1.0,128.0,1760981029.0,RIPL,False
25436636,25436635.0,5.0,3557.15,3598.6,1428.0,-1.0,128.0,1762453836.0,RIPR,False
25474423,v_25474423_1427,5.0,3555.15,5585.6,1428.0,-1.0,128.0,1762453836.0,RIPR,False
25436736,25436735.0,5.0,5124.15,5449.6,1428.0,-1.0,128.0,1760980201.0,RIPL,False
25436637,25436636.0,5.0,3555.15,3516.6,1429.0,-1.0,128.0,1762453836.0,RIPR,False
25437022,25436993.0,5.0,5448.15,3202.87,1429.0,-1.0,128.0,1767738281.0,RIPL,False
25436737,25436736.0,5.0,5116.15,5431.6,1429.0,-1.0,128.0,1760980205.0,RIPL,False
v_25474424_1429,25474423.0,,3556.65,5576.6,1429.0,,,,RIPR,True
v_25436991_1429,25436990.0,,5426.65,3562.6,1429.0,,,,RIPL,True
25436991,v_25436991_1429,5.0,5426.15,3555.6,1430.0,-1.0,128.0,1760981030.0,RIPL,False
25436993,25436992.0,5.0,5496.15,3245.6,1430.0,-1.0,128.0,1760981035.0,RIPL,False
25436639,25436637.0,5.0,3559.15,3394.6,1430.0,-1.0,128.0,1762453836.0,RIPR,False
25474424,v_25474424_1429,5.0,3557.15,5573.6,1430.0,-1.0,128.0,1762453836.0,RIPR,False
25436638,25436637.0,5.0,3563.15,3568.6,1430.0,-1.0,128.0,1762453836.0,RIPR,False
25436738,25436737.0,5.0,5116.15,5427.6,1430.0,-1.0,128.0,1760980206.0,RIPL,False
25436739,25436738.0,5.0,5122.15,5407.6,1431.0,-1.0,128.0,1760980208.0,RIPL,False
25436992,25436991.0,5.0,5488.15,3409.6,1431.0,-1.0,128.0,1760981034.0,RIPL,False
25474425,25474424.0,5.0,3545.15,5561.6,1431.0,-1.0,128.0,1762453836.0,RIPR,False
25436658,25436639.0,5.0,3567.15,3382.6,1431.0,-1.0,128.0,1762453836.0,RIPR,False
25436640,25436638.0,5.0,3563.15,3568.6,1431.0,-1.0,128.0,1762453836.0,RIPR,False
25436659,25436658.0,5.0,3573.15,3356.6,1432.0,-1.0,128.0,1762453836.0,RIPR,False
25436641,25436640.0,5.0,3563.15,3568.6,1432.0,-1.0,128.0,1762453836.0,RIPR,False
25474426,25474425.0,5.0,3551.15,5565.6,1432.0,-1.0,128.0,1762453836.0,RIPR,False
v_25436994_1432,25436992.0,,5489.65,3382.6,1432.0,,,,RIPL,True
25436740,25436739.0,5.0,5116.15,5391.6,1432.0,-1.0,128.0,1760980215.0,RIPL,False
25436741,25436740.0,5.0,5112.15,5381.6,1433.0,-1.0,128.0,1760980216.0,RIPL,False
25474427,25474426.0,5.0,3537.15,5535.6,1433.0,-1.0,128.0,1762453836.0,RIPR,False
25436642,25436641.0,5.0,3563.15,3582.6,1433.0,-1.0,128.0,1762453836.0,RIPR,False
25436660,25436659.0,5.0,3573.15,3336.6,1433.0,-1.0,128.0,1762453836.0,RIPR,False
25436994,v_25436994_1432,5.0,5490.15,3373.6,1433.0,-1.0,128.0,1760981039.0,RIPL,False
25474428,25474427.0,5.0,3537.15,5525.6,1434.0,-1.0,128.0,1762453836.0,RIPR,False
25436643,25436642.0,5.0,3563.15,3582.6,1434.0,-1.0,128.0,1762453836.0,RIPR,False
25436995,25436994.0,5.0,5530.15,3341.6,1434.0,-1.0,128.0,1760981042.0,RIPL,False
25436661,25436660.0,5.0,3573.15,3324.6,1434.0,-1.0,128.0,1762453836.0,RIPR,False
25436742,25436741.0,5.0,5126.15,5367.6,1434.0,-1.0,128.0,1760980217.0,RIPL,False
25436743,25436742.0,5.0,5132.15,5357.6,1435.0,-1.0,128.0,1760980218.0,RIPL,False
25530850,25436996.0,5.0,5907.85,3311.71,1435.0,-1.0,128.0,1767594226.0,RIPL,False
25436644,25436643.0,5.0,3567.15,3556.6,1435.0,-1.0,128.0,1762453836.0,RIPR,False
25436662,25436661.0,5.0,3573.15,3320.6,1435.0,-1.0,128.0,1762453836.0,RIPR,False
25436996,25436995.0,5.0,5530.15,3341.6,1435.0,-1.0,128.0,1760981043.0,RIPL,False
25476687,25476603.0,5.0,4137.45,2794.0,1435.0,-1.0,128.0,1762536945.0,RIPR,False
25474429,25474428.0,5.0,3553.15,5507.6,1435.0,-1.0,128.0,1762453836.0,RIPR,False
25476603,25476602.0,5.0,4094.45,2818.0,1436.0,-1.0,128.0,1762534710.0,RIPR,False
25436645,25436644.0,5.0,3567.15,3556.6,1436.0,-1.0,128.0,1762453836.0,RIPR,False
25530851,25530850.0,5.0,5989.65,3331.86,1436.0,-1.0,128.0,1769752069.0,RIPL,False
v_25474430_1436,25474429.0,,3545.65,5500.1,1436.0,,,,RIPR,True
25436744,25436743.0,5.0,5136.15,5341.6,1436.0,-1.0,128.0,1760980219.0,RIPL,False
25436663,25436662.0,5.0,3569.15,3316.6,1436.0,-1.0,128.0,1762453836.0,RIPR,False
25436997,25436996.0,5.0,5528.15,3327.6,1436.0,-1.0,128.0,1760981044.0,RIPL,False
25476602,25476601.0,5.0,4026.45,2800.0,1437.0,-1.0,128.0,1762534706.0,RIPR,False
25530852,25530851.0,5.0,6025.65,3349.86,1437.0,-1.0,128.0,1769752101.0,RIPL,False
25436745,25436744.0,5.0,5144.15,5333.6,1437.0,-1.0,128.0,1760980220.0,RIPL,False
25436998,25436997.0,5.0,5528.15,3311.6,1437.0,-1.0,128.0,1760981045.0,RIPL,False
25436646,25436645.0,5.0,3567.15,3556.6,1437.0,-1.0,128.0,1762453836.0,RIPR,False
25474430,v_25474430_1436,5.0,3543.15,5497.6,1437.0,-1.0,128.0,1762453836.0,RIPR,False
25436664,25436663.0,5.0,3578.45,3318.0,1437.0,-1.0,128.0,1762453836.0,RIPR,False
v_25436746_1438,25436745.0,,5166.65,5314.1,1438.0,,,,RIPL,True
25530853,25530852.0,5.0,6043.85,3343.71,1438.0,-1.0,128.0,1767594231.0,RIPL,False
25436999,25436998.0,5.0,5534.15,3307.6,1438.0,-1.0,128.0,1760981046.0,RIPL,False
25436665,25436664.0,5.0,3579.15,3304.6,1438.0,-1.0,128.0,1762453836.0,RIPR,False
25476601,25476600.0,5.0,4008.45,2832.0,1438.0,-1.0,128.0,1762534705.0,RIPR,False
25436647,25436646.0,5.0,3567.15,3556.6,1438.0,-1.0,128.0,1762453836.0,RIPR,False
25436655,25436654.0,5.0,3901.15,3154.6,1438.0,-1.0,128.0,1762453836.0,RIPR,False
v_25474431_1438,25474430.0,,3537.15,5493.1,1438.0,,,,RIPR,True
25437000,25436999.0,5.0,5610.15,3277.6,1439.0,-1.0,128.0,1760981049.0,RIPL,False
25474431,v_25474431_1438,5.0,3535.15,5491.6,1439.0,-1.0,128.0,1762453836.0,RIPR,False
25436746,v_25436746_1438,5.0,5174.15,5307.6,1439.0,-1.0,128.0,1760980221.0,RIPL,False
25476600,25476599.0,5.0,3980.45,2862.0,1439.0,-1.0,128.0,1762534704.0,RIPR,False
25436648,25436647.0,5.0,3571.15,3540.6,1439.0,-1.0,128.0,1762453836.0,RIPR,False
25436654,25436651.0,5.0,3887.15,3178.6,1439.0,-1.0,128.0,1762453836.0,RIPR,False
v_25530854_1439,25530853.0,,6018.35,3348.21,1439.0,,,,RIPL,True
25436747,25436746.0,5.0,5190.15,5279.6,1440.0,-1.0,128.0,1760980222.0,RIPL,False
v_25474432_1440,25474431.0,,3526.75,5468.8,1440.0,,,,RIPR,True
25437001,25437000.0,5.0,5590.15,3263.6,1440.0,-1.0,128.0,1760981053.0,RIPL,False
25530854,v_25530854_1439,5.0,6009.85,3349.71,1440.0,-1.0,128.0,1767594232.0,RIPL,False
25436651,25436650.0,5.0,3713.15,3230.6,1440.0,-1.0,128.0,1762453836.0,RIPR,False
25436649,25436648.0,5.0,3587.15,3520.6,1440.0,-1.0,128.0,1762453836.0,RIPR,False
25476599,25476598.0,5.0,3958.45,2846.0,1440.0,-1.0,128.0,1762534700.0,RIPR,False
25476598,25476597.0,5.0,3898.45,2880.0,1441.0,-1.0,128.0,1762534699.0,RIPR,False
25436650,25436649.0,5.0,3647.15,3430.6,1441.0,-1.0,128.0,1762453836.0,RIPR,False
25436748,25436747.0,5.0,5222.15,5245.6,1441.0,-1.0,128.0,1760980223.0,RIPL,False
v_25474432_1441,v_25474432_1441,,3523.9500000000003,5461.200000000001,1441.0,,,,RIPR,True
25437002,25437001.0,5.0,5586.0,3276.01,1441.0,-1.0,128.0,1767380199.0,RIPL,False
25530855,25530854.0,5.0,6015.85,3347.71,1441.0,-1.0,128.0,1767594235.0,RIPL,False
25474432,v_25474432_1440,5.0,3521.15,5453.6,1442.0,-1.0,128.0,1762453836.0,RIPR,False
25530856,25530855.0,5.0,6035.85,3355.71,1442.0,-1.0,128.0,1767594236.0,RIPL,False
25437003,25437002.0,5.0,5576.15,3265.6,1442.0,-1.0,128.0,1760981055.0,RIPL,False
25436749,25436748.0,5.0,5194.15,5199.6,1442.0,-1.0,128.0,1760980224.0,RIPL,False
25436652,25436650.0,5.0,3599.15,3492.6,1442.0,-1.0,128.0,1762453836.0,RIPR,False
25436653,25436650.0,5.0,3877.15,3140.6,1442.0,-1.0,128.0,1762453836.0,RIPR,False
25476597,25476596.0,5.0,3904.45,2878.0,1442.0,-1.0,128.0,1762534697.0,RIPR,False
25476596,25436653.0,5.0,3986.45,2962.0,1442.0,-1.0,128.0,1762534696.0,RIPR,False
25437004,25437003.0,5.0,5556.15,3236.26,1443.0,-1.0,128.0,1769660695.0,RIPL,False
25437048,25436652.0,5.0,3554.15,3500.6,1443.0,-1.0,128.0,1762453836.0,RIPR,False
25437118,25436653.0,5.0,3949.15,2990.6,1443.0,-1.0,128.0,1762453836.0,RIPR,False
25474433,25474432.0,5.0,3515.15,5431.6,1443.0,-1.0,128.0,1762453836.0,RIPR,False
25436750,25436749.0,5.0,5172.15,5165.6,1443.0,-1.0,128.0,1760980226.0,RIPL,False
25436751,25436750.0,5.0,5164.15,5153.6,1444.0,-1.0,128.0,1760980227.0,RIPL,False
25437049,25437048.0,5.0,3538.15,3508.6,1444.0,-1.0,128.0,1762453836.0,RIPR,False
25474434,25474433.0,5.0,3509.15,5409.6,1444.0,-1.0,128.0,1762453836.0,RIPR,False
25437119,25437118.0,5.0,3789.15,2786.6,1444.0,-1.0,128.0,1762453836.0,RIPR,False
25437121,25437118.0,5.0,3885.15,3106.6,1444.0,-1.0,128.0,1762453836.0,RIPR,False
25437005,25437004.0,5.0,5552.15,3249.6,1444.0,-1.0,128.0,1760981060.0,RIPL,False
v_25436752_1445,25436751.0,,5188.15,5134.1,1445.0,,,,RIPL,True
25437006,25437005.0,5.0,5546.15,3247.6,1445.0,-1.0,128.0,1760981061.0,RIPL,False
25437126,25437121.0,5.0,3860.15,3083.6,1445.0,-1.0,128.0,1762453836.0,RIPR,False
25437050,25437049.0,5.0,3528.15,3516.6,1445.0,-1.0,128.0,1762453836.0,RIPR,False
25437122,25437119.0,5.0,3739.15,2586.6,1445.0,-1.0,128.0,1762453836.0,RIPR,False
25474435,25474434.0,5.0,3485.15,5377.6,1445.0,-1.0,128.0,1762453836.0,RIPR,False
25437123,25437119.0,5.0,3793.15,2806.6,1445.0,-1.0,128.0,1762453836.0,RIPR,False
25474436,25474435.0,5.0,3471.15,5361.6,1446.0,-1.0,128.0,1762453836.0,RIPR,False
25437127,25437126.0,5.0,3865.15,3048.6,1446.0,-1.0,128.0,1762453836.0,RIPR,False
25437124,25437122.0,5.0,3735.15,2594.6,1446.0,-1.0,128.0,1762453836.0,RIPR,False
25437051,25437050.0,5.0,3514.15,3510.6,1446.0,-1.0,128.0,1762453836.0,RIPR,False
v_25437007_1446,25437006.0,,5547.65,3253.6,1446.0,,,,RIPL,True
25436752,v_25436752_1445,5.0,5196.15,5127.6,1446.0,-1.0,128.0,1760980228.0,RIPL,False
25436753,25436752.0,5.0,5194.15,5143.6,1447.0,-1.0,128.0,1760980234.0,RIPL,False
25437125,25437124.0,5.0,3707.15,2624.6,1447.0,-1.0,128.0,1762453836.0,RIPR,False
25437052,25437051.0,5.0,3502.15,3522.6,1447.0,-1.0,128.0,1762453836.0,RIPR,False
v_25474437_1447,25474436.0,,3471.15,5348.1,1447.0,,,,RIPR,True
25437007,v_25437007_1446,5.0,5548.15,3255.6,1447.0,-1.0,128.0,1760981064.0,RIPL,False
v_25436754_1448,25436753.0,,5194.15,5121.1,1448.0,,,,RIPL,True
25437008,25437007.0,5.0,5548.15,3255.6,1448.0,-1.0,128.0,1760981065.0,RIPL,False
25474437,v_25474437_1447,5.0,3471.15,5343.6,1448.0,-1.0,128.0,1762453836.0,RIPR,False
25437053,25437052.0,5.0,3474.15,3496.6,1448.0,-1.0,128.0,1762453836.0,RIPR,False
25475048,25554928.0,5.0,3582.45,3142.0,1448.0,-1.0,128.0,1769748287.0,RIPR,False
25437009,25437008.0,5.0,5548.15,3273.6,1449.0,-1.0,128.0,1760981067.0,RIPL,False
25437054,25437053.0,5.0,3474.15,3496.6,1449.0,-1.0,128.0,1762453836.0,RIPR,False
25436754,v_25436754_1448,5.0,5194.15,5113.6,1449.0,-1.0,128.0,1760980235.0,RIPL,False
25554928,25475047.0,5.0,3544.45,3148.0,1449.0,-1.0,128.0,1769748287.0,RIPR,False
25474438,25474437.0,5.0,3459.15,5327.6,1449.0,-1.0,128.0,1762453836.0,RIPR,False
25437055,25437054.0,5.0,3474.15,3496.6,1450.0,-1.0,128.0,1762453836.0,RIPR,False
25474439,25474438.0,5.0,3463.15,5333.6,1450.0,-1.0,128.0,1762453836.0,RIPR,False
25475047,25475046.0,5.0,3506.45,3154.0,1450.0,-1.0,128.0,1762453836.0,RIPR,False
25437010,25437009.0,5.0,5544.15,3289.6,1450.0,-1.0,128.0,1760981069.0,RIPL,False
25436755,25436754.0,5.0,5222.15,5145.6,1450.0,-1.0,128.0,1760980244.0,RIPL,False
25437056,25437055.0,5.0,3452.15,3494.6,1451.0,-1.0,128.0,1762453836.0,RIPR,False
25436757,25436755.0,5.0,5254.15,5205.6,1451.0,-1.0,128.0,1760980250.0,RIPL,False
25436756,25436755.0,5.0,5172.15,5049.6,1451.0,-1.0,128.0,1760980247.0,RIPL,False
25474440,25474439.0,5.0,3463.15,5327.6,1451.0,-1.0,128.0,1762453836.0,RIPR,False
25437011,25437010.0,5.0,5532.15,3287.6,1451.0,-1.0,128.0,1760981071.0,RIPL,False
25475046,25554926.0,5.0,3482.45,3178.0,1451.0,-1.0,128.0,1769748268.0,RIPR,False
25436758,25436756.0,5.0,5144.15,5073.6,1452.0,-1.0,128.0,1760980255.0,RIPL,False
25436761,25436757.0,5.0,5260.15,5197.6,1452.0,-1.0,128.0,1760980273.0,RIPL,False
v_25437057_1452,25437056.0,,3420.65,3499.1,1452.0,,,,RIPR,True
v_25474441_1452,25474440.0,,3446.65,5329.1,1452.0,,,,RIPR,True
25437012,25437011.0,5.0,5558.15,3299.6,1452.0,-1.0,128.0,1760981073.0,RIPL,False
25554926,25475045.0,5.0,3486.45,3168.0,1452.0,-1.0,128.0,1769748268.0,RIPR,False
25437013,25437012.0,5.0,5564.15,3317.6,1453.0,-1.0,128.0,1760981074.0,RIPL,False
25475045,25475044.0,5.0,3490.45,3158.0,1453.0,-1.0,128.0,1762453836.0,RIPR,False
25436759,25436758.0,5.0,5144.15,5073.6,1453.0,-1.0,128.0,1760980255.0,RIPL,False
25436762,25436761.0,5.0,5260.15,5197.6,1453.0,-1.0,128.0,1760980273.0,RIPL,False
25474441,v_25474441_1452,5.0,3441.15,5329.6,1453.0,-1.0,128.0,1762453836.0,RIPR,False
25437057,v_25437057_1452,5.0,3410.15,3500.6,1453.0,-1.0,128.0,1762453836.0,RIPR,False
25475044,25437059.0,5.0,3430.45,3202.0,1454.0,-1.0,128.0,1762453836.0,RIPR,False
25436763,25436762.0,5.0,5258.15,5193.6,1454.0,-1.0,128.0,1760980274.0,RIPL,False
25436760,25436759.0,5.0,5148.15,5095.6,1454.0,-1.0,128.0,1760980261.0,RIPL,False
25474442,25474441.0,5.0,3441.15,5329.6,1454.0,-1.0,128.0,1762453836.0,RIPR,False
25437014,25437013.0,5.0,5588.15,3357.6,1454.0,-1.0,128.0,1760981075.0,RIPL,False
25437058,25437057.0,5.0,3392.15,3518.6,1454.0,-1.0,128.0,1762453836.0,RIPR,False
25436764,25436763.0,5.0,5258.15,5193.6,1455.0,-1.0,128.0,1760980275.0,RIPL,False
25437059,25437058.0,5.0,3376.15,3514.6,1455.0,-1.0,128.0,1762453836.0,RIPR,False
25437015,25437014.0,5.0,5612.15,3393.6,1455.0,-1.0,128.0,1760981077.0,RIPL,False
v_25474443_1455,25474442.0,,3441.15,5326.6,1455.0,,,,RIPR,True
25437016,25437015.0,5.0,5630.15,3423.6,1456.0,-1.0,128.0,1760981078.0,RIPL,False
25437060,25437059.0,5.0,3388.15,3324.6,1456.0,-1.0,128.0,1762453836.0,RIPR,False
25437061,25437059.0,5.0,3440.15,3676.6,1456.0,-1.0,128.0,1762453836.0,RIPR,False
25436765,25436764.0,5.0,5242.15,5157.6,1456.0,-1.0,128.0,1760980276.0,RIPL,False
25474443,v_25474443_1455,5.0,3441.15,5325.6,1456.0,-1.0,128.0,1762453836.0,RIPR,False
v_25474444_1457,25474443.0,,3441.15,5325.6,1457.0,,,,RIPR,True
25436766,25436765.0,5.0,5242.15,5157.6,1457.0,-1.0,128.0,1760980277.0,RIPL,False
25437017,25437016.0,5.0,5668.15,3459.6,1457.0,-1.0,128.0,1760981080.0,RIPL,False
25437088,25437061.0,5.0,3447.15,3720.6,1457.0,-1.0,128.0,1762453836.0,RIPR,False
25437062,25437060.0,5.0,3358.15,3282.6,1457.0,-1.0,128.0,1762453836.0,RIPR,False
25437018,25437017.0,5.0,5672.15,3475.6,1458.0,-1.0,128.0,1760981081.0,RIPL,False
25437063,25437062.0,5.0,3358.15,3282.6,1458.0,-1.0,128.0,1762453836.0,RIPR,False
25436767,25436766.0,5.0,5242.15,5157.6,1458.0,-1.0,128.0,1760980278.0,RIPL,False
25474444,v_25474444_1457,5.0,3441.15,5325.6,1458.0,-1.0,128.0,1762453836.0,RIPR,False
25437089,25437088.0,5.0,3421.15,3728.6,1458.0,-1.0,128.0,1762453836.0,RIPR,False
25474445,25474444.0,5.0,3423.15,5309.6,1459.0,-1.0,128.0,1762453836.0,RIPR,False
25437019,25437018.0,5.0,5686.15,3495.6,1459.0,-1.0,128.0,1760981082.0,RIPL,False
25436768,25436767.0,5.0,5254.15,5151.6,1459.0,-1.0,128.0,1760980279.0,RIPL,False
25437090,25437089.0,5.0,3421.15,3762.6,1459.0,-1.0,128.0,1762453836.0,RIPR,False
25437065,25437063.0,5.0,3488.15,3114.6,1459.0,-1.0,128.0,1762453836.0,RIPR,False
25437112,25437065.0,5.0,3477.15,3110.6,1460.0,-1.0,128.0,1762453836.0,RIPR,False
25437091,25437090.0,5.0,3423.15,3798.6,1460.0,-1.0,128.0,1762453836.0,RIPR,False
25474447,25474445.0,5.0,3465.15,5301.6,1460.0,-1.0,128.0,1762453836.0,RIPR,False
25474446,25474445.0,5.0,3395.15,5165.6,1460.0,-1.0,128.0,1762453836.0,RIPR,False
25437020,25437019.0,5.0,5630.15,3595.6,1460.0,-1.0,128.0,1760981098.0,RIPL,False
25436769,25436768.0,5.0,5282.15,5139.6,1460.0,-1.0,128.0,1760980280.0,RIPL,False
25474448,25474446.0,5.0,3397.15,5141.6,1461.0,-1.0,128.0,1762453836.0,RIPR,False
25436770,25436769.0,5.0,5304.15,5113.6,1461.0,-1.0,128.0,1760980281.0,RIPL,False
25437021,25437020.0,5.0,5644.15,3611.6,1461.0,-1.0,128.0,1760981099.0,RIPL,False
25437092,25437091.0,5.0,3411.15,3820.6,1461.0,-1.0,128.0,1762453836.0,RIPR,False
25474510,25474447.0,5.0,3453.15,5300.6,1461.0,-1.0,128.0,1762453836.0,RIPR,False
25437113,25437112.0,5.0,3437.15,3104.6,1461.0,-1.0,128.0,1762453836.0,RIPR,False
25437114,25437113.0,5.0,3447.15,3088.6,1462.0,-1.0,128.0,1762453836.0,RIPR,False
25437093,25437092.0,5.0,3394.15,3845.6,1462.0,-1.0,128.0,1762453836.0,RIPR,False
25474449,25474448.0,5.0,3407.15,5141.6,1462.0,-1.0,128.0,1762453836.0,RIPR,False
25474511,25474510.0,5.0,3451.15,5288.6,1462.0,-1.0,128.0,1762453836.0,RIPR,False
25436771,25436770.0,5.0,5330.15,5113.6,1462.0,-1.0,128.0,1760980282.0,RIPL,False
25437115,25437114.0,5.0,3431.15,3062.6,1463.0,-1.0,128.0,1762453836.0,RIPR,False
25550819,25474449.0,5.0,3413.15,5141.6,1463.0,-1.0,128.0,1768794918.0,RIPR,False
25550820,25474511.0,5.0,3439.15,5269.6,1463.0,-1.0,128.0,1768794921.0,RIPR,False
25529411,25437093.0,5.0,3393.0,3850.0,1463.0,-1.0,128.0,1767903857.0,RIPR,False
25436772,25436771.0,5.0,5330.15,5113.6,1463.0,-1.0,128.0,1760980283.0,RIPL,False
25436773,25436772.0,5.0,5382.15,5133.6,1464.0,-1.0,128.0,1760980285.0,RIPL,False
25437116,25437115.0,5.0,3409.15,3040.6,1464.0,-1.0,128.0,1762453836.0,RIPR,False
v_25437094_1464,25529411.0,,3397.6125,3853.45,1464.0,,,,RIPR,True
25474512,25550820.0,5.0,3427.15,5250.6,1464.0,-1.0,128.0,1768794921.0,RIPR,False
25474450,25550819.0,5.0,3419.15,5141.6,1464.0,-1.0,128.0,1768794918.0,RIPR,False
25474513,25474512.0,5.0,3409.15,5232.6,1465.0,-1.0,128.0,1762453836.0,RIPR,False
25437094,v_25437094_1464,5.0,3399.15,3854.6,1465.0,-1.0,128.0,1766178605.0,RIPR,False
25474451,25474450.0,5.0,3419.15,5125.6,1465.0,-1.0,128.0,1762453836.0,RIPR,False
25437117,25437116.0,5.0,3401.15,3038.6,1465.0,-1.0,128.0,1762453836.0,RIPR,False
v_25436774_1465,25436773.0,,5395.349999999999,5092.8,1465.0,,,,RIPL,True
v_25437095_1466,25437094.0,,3403.65,3874.1,1466.0,,,,RIPR,True
25474514,25474513.0,5.0,3373.15,5192.6,1466.0,-1.0,128.0,1762453836.0,RIPR,False
v_25436774_1466,v_25436774_1466,,5399.75,5079.200000000001,1466.0,,,,RIPL,True
25553441,25553440.0,5.0,5544.4,5295.35,1466.0,-1.0,3.0,1769618532.0,RIPL,False
v_25474452_1466,25474451.0,,3411.65,5110.6,1466.0,,,,RIPR,True
25553440,25553439.0,5.0,5543.55,5291.0,1467.0,-1.0,3.0,1769618530.0,RIPL,False
25474515,25474514.0,5.0,3343.15,5120.6,1467.0,-1.0,128.0,1762453836.0,RIPR,False
25436774,v_25436774_1465,5.0,5404.15,5065.6,1467.0,-1.0,128.0,1760980287.0,RIPL,False
25437095,v_25437095_1466,5.0,3405.15,3880.6,1467.0,-1.0,128.0,1762453836.0,RIPR,False
25474452,v_25474452_1466,5.0,3409.15,5105.6,1467.0,-1.0,128.0,1762453836.0,RIPR,False
25553439,25553438.0,5.0,5501.7,5256.4,1468.0,-1.0,3.0,1769618529.0,RIPL,False
v_25474453_1468,25474452.0,,3407.65,5108.6,1468.0,,,,RIPR,True
25474516,25474515.0,5.0,3333.15,5046.6,1468.0,-1.0,128.0,1762453836.0,RIPR,False
v_25480230_1468,25437095.0,,3399.9037500000004,3879.1075,1468.0,,,,RIPR,True
25436775,25436774.0,5.0,5400.15,5069.6,1468.0,-1.0,128.0,1760980292.0,RIPL,False
25553438,25436777.0,5.0,5481.75,5225.05,1469.0,-1.0,3.0,1769618526.0,RIPL,False
25474453,v_25474453_1468,5.0,3407.15,5109.6,1469.0,-1.0,128.0,1762453836.0,RIPR,False
25436776,25436775.0,5.0,5564.15,4975.6,1469.0,-1.0,128.0,1760980293.0,RIPL,False
25436777,25436775.0,5.0,5378.15,5139.6,1469.0,-1.0,128.0,1760980295.0,RIPL,False
25480230,v_25480230_1468,5.0,3398.155,3878.61,1469.0,-1.0,128.0,1762764251.0,RIPR,False
25474517,25474516.0,5.0,3337.15,5006.6,1469.0,-1.0,128.0,1762453836.0,RIPR,False
v_25474454_1470,25474453.0,,3407.15,5111.1,1470.0,,,,RIPR,True
25436778,25436776.0,5.0,5564.15,4979.6,1470.0,-1.0,128.0,1760980299.0,RIPL,False
25474518,25474517.0,5.0,3315.15,4958.6,1470.0,-1.0,128.0,1762453836.0,RIPR,False
25437096,25480230.0,5.0,3405.15,3870.6,1470.0,-1.0,128.0,1762764251.0,RIPR,False
25436805,25436777.0,5.0,5337.15,5167.6,1470.0,-1.0,128.0,1760980363.0,RIPL,False
25474519,25474518.0,5.0,3309.15,4992.6,1471.0,-1.0,128.0,1762453836.0,RIPR,False
25474454,v_25474454_1470,5.0,3407.15,5111.6,1471.0,-1.0,128.0,1762453836.0,RIPR,False
25436779,25436778.0,5.0,5562.15,4961.6,1471.0,-1.0,128.0,1760980300.0,RIPL,False
v_25437097_1471,25437096.0,,3399.15,3968.1,1471.0,,,,RIPR,True
25436806,25436805.0,5.0,5353.15,5161.6,1471.0,-1.0,128.0,1760980364.0,RIPL,False
v_25474455_1472,25474454.0,,3407.15,5114.6,1472.0,,,,RIPR,True
25474520,25474519.0,5.0,3293.15,5006.6,1472.0,-1.0,128.0,1762453836.0,RIPR,False
25436780,25436779.0,5.0,5562.15,4961.6,1472.0,-1.0,128.0,1760980301.0,RIPL,False
25436807,25436806.0,5.0,5365.15,5145.6,1472.0,-1.0,128.0,1760980365.0,RIPL,False
25437097,v_25437097_1471,5.0,3397.15,4000.6,1472.0,-1.0,128.0,1762453836.0,RIPR,False
25436781,25436780.0,5.0,5562.15,4961.6,1473.0,-1.0,128.0,1760980301.0,RIPL,False
25437098,25437097.0,5.0,3395.15,4048.6,1473.0,-1.0,128.0,1762453836.0,RIPR,False
25474455,v_25474455_1472,5.0,3407.15,5115.6,1473.0,-1.0,128.0,1762453836.0,RIPR,False
v_25436808_1473,25436807.0,,5366.65,5144.1,1473.0,,,,RIPL,True
25474522,25474520.0,5.0,3157.15,4582.6,1473.0,-1.0,128.0,1762453836.0,RIPR,False
25474521,25474520.0,5.0,3295.15,5040.6,1473.0,-1.0,128.0,1762453836.0,RIPR,False
25474523,25474521.0,5.0,3291.15,5066.6,1474.0,-1.0,128.0,1762453836.0,RIPR,False
25474553,25474522.0,5.0,3145.15,4528.6,1474.0,-1.0,128.0,1762453836.0,RIPR,False
25474456,25474455.0,5.0,3403.15,5131.6,1474.0,-1.0,128.0,1762453836.0,RIPR,False
25437099,25437098.0,5.0,3395.15,4068.6,1474.0,-1.0,128.0,1762453836.0,RIPR,False
25436782,25436781.0,5.0,5566.15,4969.6,1474.0,-1.0,128.0,1760980302.0,RIPL,False
25436808,v_25436808_1473,5.0,5367.15,5143.6,1474.0,-1.0,128.0,1760980366.0,RIPL,False
25474457,25474456.0,5.0,3395.15,5165.6,1475.0,-1.0,128.0,1762453836.0,RIPR,False
25474554,25474553.0,5.0,3133.15,4496.6,1475.0,-1.0,128.0,1762453836.0,RIPR,False
25474524,25474523.0,5.0,3265.15,5068.6,1475.0,-1.0,128.0,1762453836.0,RIPR,False
25554688,25437099.0,5.0,3392.15,4092.6,1475.0,-1.0,128.0,1769713194.0,RIPR,False
25436809,25436808.0,5.0,5373.15,5143.6,1475.0,-1.0,128.0,1760980367.0,RIPL,False
25436783,25436782.0,5.0,5568.15,4969.6,1475.0,-1.0,128.0,1760980303.0,RIPL,False
25437100,25554688.0,5.0,3389.15,4116.6,1476.0,-1.0,128.0,1769713194.0,RIPR,False
25474526,25474524.0,5.0,3315.15,5154.6,1476.0,-1.0,128.0,1762453836.0,RIPR,False
25474525,25474524.0,5.0,3245.15,5088.6,1476.0,-1.0,128.0,1762453836.0,RIPR,False
25474555,25474554.0,5.0,3151.15,4488.6,1476.0,-1.0,128.0,1762453836.0,RIPR,False
25474459,25474457.0,5.0,3403.15,5157.6,1476.0,-1.0,128.0,1762453836.0,RIPR,False
25474458,25474457.0,5.0,3253.15,5377.6,1476.0,-1.0,128.0,1762453836.0,RIPR,False
25436784,25436783.0,5.0,5590.15,4973.6,1476.0,-1.0,128.0,1760980304.0,RIPL,False
25436810,25436809.0,5.0,5391.15,5125.6,1476.0,-1.0,128.0,1760980369.0,RIPL,False
25436811,25436810.0,5.0,5361.15,5109.6,1477.0,-1.0,128.0,1760980370.0,RIPL,False
25476615,25476614.0,5.0,3118.15,3710.6,1477.0,-1.0,128.0,1762534898.0,RIPR,False
25474460,25474459.0,5.0,3409.15,5135.6,1477.0,-1.0,128.0,1762453836.0,RIPR,False
v_25437101_1477,25437100.0,,3389.15,4158.6,1477.0,,,,RIPR,True
25474548,25474525.0,5.0,3247.15,5038.6,1477.0,-1.0,128.0,1762453836.0,RIPR,False
25474556,25474555.0,5.0,3151.15,4482.6,1477.0,-1.0,128.0,1762453836.0,RIPR,False
25474509,25474458.0,5.0,3271.15,5352.6,1477.0,-1.0,128.0,1762453836.0,RIPR,False
25474527,25474526.0,5.0,3321.15,5160.6,1477.0,-1.0,128.0,1762453836.0,RIPR,False
25436785,25436784.0,5.0,5578.15,4997.6,1477.0,-1.0,128.0,1760980307.0,RIPL,False
25436812,25436811.0,5.0,5375.15,5097.6,1478.0,-1.0,128.0,1760980371.0,RIPL,False
25476614,25476613.0,5.0,3112.15,3702.6,1478.0,-1.0,128.0,1762534893.0,RIPR,False
25437101,v_25437101_1477,5.0,3389.15,4172.6,1478.0,-1.0,128.0,1762453836.0,RIPR,False
25474461,25474460.0,5.0,3415.15,5133.6,1478.0,-1.0,128.0,1762453836.0,RIPR,False
25436786,25436785.0,5.0,5586.15,5035.6,1478.0,-1.0,128.0,1760980312.0,RIPL,False
25474528,25474527.0,5.0,3309.15,5170.6,1478.0,-1.0,128.0,1762453836.0,RIPR,False
25474549,25474548.0,5.0,3251.15,4934.6,1478.0,-1.0,128.0,1762453836.0,RIPR,False
25474557,25474556.0,5.0,3155.15,4472.6,1478.0,-1.0,128.0,1762453836.0,RIPR,False
25436813,25436812.0,5.0,5383.15,5075.6,1479.0,-1.0,128.0,1760980372.0,RIPL,False
25436787,25436786.0,5.0,5588.15,5033.6,1479.0,-1.0,128.0,1760980313.0,RIPL,False
25474550,25474549.0,5.0,3241.15,4892.6,1479.0,-1.0,128.0,1762453836.0,RIPR,False
25474558,25474557.0,5.0,3153.15,4464.6,1479.0,-1.0,128.0,1762453836.0,RIPR,False
25474462,25474461.0,5.0,3453.15,5040.6,1479.0,-1.0,128.0,1762453836.0,RIPR,False
25476613,25476612.0,5.0,3120.15,3694.6,1479.0,-1.0,128.0,1762534892.0,RIPR,False
25474529,25474528.0,5.0,3315.15,5180.6,1479.0,-1.0,128.0,1762453836.0,RIPR,False
25474463,25474461.0,5.0,3359.15,5210.6,1479.0,-1.0,128.0,1762453836.0,RIPR,False
v_25437102_1479,25437101.0,,3381.65,4214.6,1479.0,,,,RIPR,True
25474530,25474463.0,5.0,3293.15,5226.6,1480.0,-1.0,128.0,1762453836.0,RIPR,False
25474502,25474462.0,5.0,3447.15,5022.6,1480.0,-1.0,128.0,1762453836.0,RIPR,False
25474559,25474558.0,5.0,3103.15,4416.6,1480.0,-1.0,128.0,1762453836.0,RIPR,False
25474551,25474550.0,5.0,3235.15,4870.6,1480.0,-1.0,128.0,1762453836.0,RIPR,False
25436788,25436787.0,5.0,5604.15,5051.6,1480.0,-1.0,128.0,1760980314.0,RIPL,False
25476612,25476611.0,5.0,3134.15,3686.6,1480.0,-1.0,128.0,1762534891.0,RIPR,False
25437102,v_25437102_1479,5.0,3379.15,4228.6,1480.0,-1.0,128.0,1762453836.0,RIPR,False
25474464,25474463.0,5.0,3325.15,5199.6,1480.0,-1.0,128.0,1762453836.0,RIPR,False
25436814,25436813.0,5.0,5385.15,5065.6,1480.0,-1.0,128.0,1760980373.0,RIPL,False
25436815,25436814.0,5.0,5389.15,5051.6,1481.0,-1.0,128.0,1760980375.0,RIPL,False
v_25437103_1481,25437102.0,,3369.625,4260.4,1481.0,,,,RIPR,True
25436789,25436788.0,5.0,5622.15,5069.6,1481.0,-1.0,128.0,1760980315.0,RIPL,False
25476611,25476610.0,5.0,3156.15,3702.6,1481.0,-1.0,128.0,1762534890.0,RIPR,False
25474552,25474551.0,5.0,3227.15,4800.6,1481.0,-1.0,128.0,1762453836.0,RIPR,False
25474560,25474559.0,5.0,3193.15,4550.6,1481.0,-1.0,128.0,1762453836.0,RIPR,False
25474465,25474464.0,5.0,3319.15,5193.6,1481.0,-1.0,128.0,1762453836.0,RIPR,False
25474503,25474502.0,5.0,3441.15,5012.6,1481.0,-1.0,128.0,1762453836.0,RIPR,False
25474531,25474530.0,5.0,3277.15,5222.6,1481.0,-1.0,128.0,1762453836.0,RIPR,False
25474466,25474465.0,5.0,3347.15,5195.6,1482.0,-1.0,128.0,1762453836.0,RIPR,False
25474504,25474503.0,5.0,3441.15,5000.6,1482.0,-1.0,128.0,1762453836.0,RIPR,False
25474532,25474531.0,5.0,3265.15,5216.6,1482.0,-1.0,128.0,1762453836.0,RIPR,False
25437103,v_25437103_1481,5.0,3366.45,4271.0,1482.0,-1.0,128.0,1762453836.0,RIPR,False
25476610,25476609.0,5.0,3158.15,3746.6,1482.0,-1.0,128.0,1762534889.0,RIPR,False
25436790,25436789.0,5.0,5636.15,5133.6,1482.0,-1.0,128.0,1760980317.0,RIPL,False
25474561,25474560.0,5.0,3243.15,4736.6,1482.0,-1.0,128.0,1762453836.0,RIPR,False
25436816,25436815.0,5.0,5389.15,5039.6,1482.0,-1.0,128.0,1760980376.0,RIPL,False
25436817,25436816.0,5.0,5397.15,5045.6,1483.0,-1.0,128.0,1760980377.0,RIPL,False
25436791,25436790.0,5.0,5636.15,5133.6,1483.0,-1.0,128.0,1760980318.0,RIPL,False
25476609,25476608.0,5.0,3174.15,3782.6,1483.0,-1.0,128.0,1762534888.0,RIPR,False
v_25437104_1483,25437103.0,,3371.475,4329.200000000001,1483.0,,,,RIPR,True
25474505,25474504.0,5.0,3439.15,4988.6,1483.0,-1.0,128.0,1762453836.0,RIPR,False
25474533,25474532.0,5.0,3243.15,5204.6,1483.0,-1.0,128.0,1762453836.0,RIPR,False
25474467,25474466.0,5.0,3361.15,5193.6,1483.0,-1.0,128.0,1762453836.0,RIPR,False
25474562,25474561.0,5.0,3239.15,4760.6,1483.0,-1.0,128.0,1762453836.0,RIPR,False
25476608,25476607.0,5.0,3226.15,3886.6,1484.0,-1.0,128.0,1762534886.0,RIPR,False
25437104,v_25437104_1483,5.0,3373.15,4348.6,1484.0,-1.0,128.0,1762453836.0,RIPR,False
25436792,25436791.0,5.0,5622.15,5103.6,1484.0,-1.0,128.0,1760980320.0,RIPL,False
25474506,25474505.0,5.0,3425.15,4974.6,1484.0,-1.0,128.0,1762453836.0,RIPR,False
25436818,25436817.0,5.0,5431.15,5047.6,1484.0,-1.0,128.0,1760980378.0,RIPL,False
25474534,25474533.0,5.0,3227.15,5190.6,1484.0,-1.0,128.0,1762453836.0,RIPR,False
v_25474563_1484,25474562.0,,3241.55,4704.200000000001,1484.0,,,,RIPR,True
25474468,25474467.0,5.0,3381.15,5197.6,1484.0,-1.0,128.0,1762453836.0,RIPR,False
v_25437105_1485,25437104.0,,3383.65,4431.1,1485.0,,,,RIPR,True
25436793,25436792.0,5.0,5576.15,4971.6,1485.0,-1.0,128.0,1760980323.0,RIPL,False
25476607,25476606.0,5.0,3242.15,3952.6,1485.0,-1.0,128.0,1762534883.0,RIPR,False
25474469,25474468.0,5.0,3389.15,5199.6,1485.0,-1.0,128.0,1762453836.0,RIPR,False
25436819,25436818.0,5.0,5513.15,5095.6,1485.0,-1.0,128.0,1760980381.0,RIPL,False
25474507,25474506.0,5.0,3419.15,4982.6,1485.0,-1.0,128.0,1762453836.0,RIPR,False
25474535,25474534.0,5.0,3193.15,5176.6,1485.0,-1.0,128.0,1762453836.0,RIPR,False
v_25474563_1485,v_25474563_1485,,3242.35,4685.400000000001,1485.0,,,,RIPR,True
25474563,v_25474563_1484,5.0,3243.15,4666.6,1486.0,-1.0,128.0,1762453836.0,RIPR,False
25436820,25436819.0,5.0,5563.15,5149.6,1486.0,-1.0,128.0,1760980384.0,RIPL,False
25436794,25436793.0,5.0,5572.15,4987.6,1486.0,-1.0,128.0,1760980324.0,RIPL,False
25474470,25474469.0,5.0,3393.15,5205.6,1486.0,-1.0,128.0,1762453836.0,RIPR,False
25476606,25476605.0,5.0,3240.15,3998.6,1486.0,-1.0,128.0,1762534882.0,RIPR,False
25437105,v_25437105_1485,5.0,3387.15,4458.6,1486.0,-1.0,128.0,1762453836.0,RIPR,False
25474508,25474507.0,5.0,3415.15,4990.6,1486.0,-1.0,128.0,1762453836.0,RIPR,False
25474536,25474535.0,5.0,3139.15,5154.6,1486.0,-1.0,128.0,1762453836.0,RIPR,False
25474537,25474536.0,5.0,3081.15,5158.6,1487.0,-1.0,128.0,1762453836.0,RIPR,False
25474564,25474563.0,5.0,3241.15,4632.6,1487.0,-1.0,128.0,1762453836.0,RIPR,False
25476605,25476604.0,5.0,3234.15,4036.6,1487.0,-1.0,128.0,1762534878.0,RIPR,False
25476604,25474564.0,5.0,3176.15,4268.6,1487.0,-1.0,128.0,1762534877.0,RIPR,False
25437106,25437105.0,5.0,3379.15,4486.6,1487.0,-1.0,128.0,1762453836.0,RIPR,False
25474471,25474470.0,5.0,3391.15,5229.6,1487.0,-1.0,128.0,1762453836.0,RIPR,False
25436795,25436794.0,5.0,5592.15,5019.6,1487.0,-1.0,128.0,1760980326.0,RIPL,False
25436821,25436820.0,5.0,5603.15,5205.6,1487.0,-1.0,128.0,1760980386.0,RIPL,False
25436796,25436795.0,5.0,5590.15,5037.6,1488.0,-1.0,128.0,1760980327.0,RIPL,False
25436822,25436821.0,5.0,5621.15,5209.6,1488.0,-1.0,128.0,1760980387.0,RIPL,False
v_25474472_1488,25474471.0,,3395.9500000000003,5283.6,1488.0,,,,RIPR,True
25474538,25474537.0,5.0,3049.15,5152.6,1488.0,-1.0,128.0,1762453836.0,RIPR,False
25437107,25437106.0,5.0,3363.15,4534.6,1488.0,-1.0,128.0,1762453836.0,RIPR,False
25474565,25474564.0,5.0,3233.15,4528.6,1488.0,-1.0,128.0,1762453836.0,RIPR,False
25474539,25474538.0,5.0,3019.15,5138.6,1489.0,-1.0,128.0,1762453836.0,RIPR,False
25436797,25436796.0,5.0,5580.15,5071.6,1489.0,-1.0,128.0,1760980328.0,RIPL,False
25436823,25436822.0,5.0,5621.15,5231.6,1489.0,-1.0,128.0,1760980388.0,RIPL,False
25437108,25437107.0,5.0,3367.15,4574.6,1489.0,-1.0,128.0,1762453836.0,RIPR,False
25474566,25474565.0,5.0,3251.15,4550.6,1489.0,-1.0,128.0,1762453836.0,RIPR,False
v_25474472_1489,v_25474472_1489,,3397.55,5301.6,1489.0,,,,RIPR,True
25437109,25437108.0,5.0,3359.15,4596.6,1490.0,-1.0,128.0,1762453836.0,RIPR,False
25530773,25475050.0,5.0,3198.025,4810.76,1490.0,-1.0,128.0,1767586751.0,RIPR,False
25436824,25436823.0,5.0,5621.15,5267.6,1490.0,-1.0,128.0,1760980389.0,RIPL,False
25474540,25474539.0,5.0,2991.15,5160.6,1490.0,-1.0,128.0,1762453836.0,RIPR,False
25474472,v_25474472_1488,5.0,3399.15,5319.6,1490.0,-1.0,128.0,1762453836.0,RIPR,False
25436798,25436797.0,5.0,5590.15,5075.6,1490.0,-1.0,128.0,1760980329.0,RIPL,False
25475050,25474566.0,5.0,3253.15,4468.6,1490.0,-1.0,128.0,1762453836.0,RIPR,False
25436799,25436798.0,5.0,5590.15,5075.6,1491.0,-1.0,128.0,1760980330.0,RIPL,False
25436825,25436824.0,5.0,5629.15,5267.6,1491.0,-1.0,128.0,1760980390.0,RIPL,False
25530772,25530773.0,5.0,3176.025,4910.76,1491.0,-1.0,128.0,1767586751.0,RIPR,False
25475051,25475050.0,5.0,3221.15,4356.6,1491.0,-1.0,128.0,1762453836.0,RIPR,False
25474473,25474472.0,5.0,3403.15,5349.6,1491.0,-1.0,128.0,1762453836.0,RIPR,False
25474541,25474540.0,5.0,2961.15,5160.6,1491.0,-1.0,128.0,1762453836.0,RIPR,False
25437110,25437109.0,5.0,3359.15,4610.6,1491.0,-1.0,128.0,1762453836.0,RIPR,False
v_25530771_1492,25530772.0,,3176.025,4952.76,1492.0,,,,RIPR,True
25436826,25436825.0,5.0,5639.15,5267.6,1492.0,-1.0,128.0,1760980390.0,RIPL,False
25437111,25437110.0,5.0,3353.15,4672.6,1492.0,-1.0,128.0,1762453836.0,RIPR,False
25436800,25436799.0,5.0,5590.15,5075.6,1492.0,-1.0,128.0,1760980331.0,RIPL,False
25474542,25474541.0,5.0,2889.15,5130.6,1492.0,-1.0,128.0,1762453836.0,RIPR,False
25437028,25437027.0,5.0,6181.15,5323.6,1492.0,-1.0,128.0,1760981228.0,RIPL,False
25474474,25474473.0,5.0,3397.15,5341.6,1492.0,-1.0,128.0,1762453836.0,RIPR,False
25475052,25475051.0,5.0,3227.15,4324.6,1492.0,-1.0,128.0,1762453836.0,RIPR,False
25437027,25437026.0,5.0,6113.15,5383.6,1493.0,-1.0,128.0,1760981219.0,RIPL,False
25436827,25436826.0,5.0,5643.15,5311.6,1493.0,-1.0,128.0,1760980394.0,RIPL,False
v_25530771_1493,v_25530771_1493,,3176.025,4966.76,1493.0,,,,RIPR,True
25436801,25436800.0,5.0,5576.15,5125.6,1493.0,-1.0,128.0,1760980333.0,RIPL,False
25474543,25474542.0,5.0,2831.15,5182.6,1493.0,-1.0,128.0,1762453836.0,RIPR,False
25475053,25475052.0,5.0,3215.15,4310.6,1493.0,-1.0,128.0,1762453836.0,RIPR,False
25533353,25437111.0,5.0,3327.95,4790.2,1493.0,-1.0,99.0,1767724729.0,RIPR,False
25474475,25474474.0,5.0,3383.15,5359.6,1493.0,-1.0,128.0,1762453836.0,RIPR,False
25530771,v_25530771_1492,5.0,3176.025,4980.76,1494.0,-1.0,128.0,1767586751.0,RIPR,False
25437026,25436829.0,5.0,6089.15,5401.6,1494.0,-1.0,128.0,1760981217.0,RIPL,False
25474476,25474475.0,5.0,3385.15,5351.6,1494.0,-1.0,128.0,1762453836.0,RIPR,False
25533359,25533353.0,5.0,3326.35,4828.6,1494.0,-1.0,99.0,1767724739.0,RIPR,False
25475054,25475053.0,5.0,3217.15,4296.6,1494.0,-1.0,128.0,1762453836.0,RIPR,False
25436828,25436827.0,5.0,5663.15,5345.6,1494.0,-1.0,128.0,1760980395.0,RIPL,False
25436802,25436801.0,5.0,5586.15,5145.6,1494.0,-1.0,128.0,1760980339.0,RIPL,False
25474544,25474543.0,5.0,2815.15,5228.6,1494.0,-1.0,128.0,1762453836.0,RIPR,False
25533360,25533359.0,5.0,3331.15,4863.8,1495.0,-1.0,99.0,1767724740.0,RIPR,False
v_25530770_1495,25530771.0,,3180.8250000000003,4981.96,1495.0,,,,RIPR,True
25436803,25436802.0,5.0,5592.15,5161.6,1495.0,-1.0,128.0,1760980342.0,RIPL,False
25475055,25475054.0,5.0,3211.15,4304.6,1495.0,-1.0,128.0,1762453836.0,RIPR,False
25436829,25436828.0,5.0,5855.15,5315.6,1495.0,-1.0,128.0,1760980410.0,RIPL,False
25474545,25474544.0,5.0,2783.15,5242.6,1495.0,-1.0,128.0,1762453836.0,RIPR,False
25474477,25474476.0,5.0,3395.15,5359.6,1495.0,-1.0,128.0,1762453836.0,RIPR,False
25475056,25475055.0,5.0,3211.15,4288.6,1496.0,-1.0,128.0,1762453836.0,RIPR,False
25533361,25533360.0,5.0,3332.75,4883.0,1496.0,-1.0,99.0,1767724742.0,RIPR,False
25474478,25474477.0,5.0,3401.15,5369.6,1496.0,-1.0,128.0,1762453836.0,RIPR,False
25474546,25474545.0,5.0,2777.15,5254.6,1496.0,-1.0,128.0,1762453836.0,RIPR,False
25436831,25436829.0,5.0,6055.15,5437.6,1496.0,-1.0,128.0,1760980422.0,RIPL,False
v_25530770_1496,v_25530770_1496,,3182.425,4982.360000000001,1496.0,,,,RIPR,True
25436830,25436829.0,5.0,5658.85,5420.75,1496.0,-1.0,128.0,1767596129.0,RIPL,False
25436804,25436803.0,5.0,5614.85,5164.7,1496.0,-1.0,128.0,1767596125.0,RIPL,False
25436833,25436831.0,5.0,6185.15,5591.6,1497.0,-1.0,128.0,1760980443.0,RIPL,False
25436832,25436831.0,5.0,6025.15,5399.6,1497.0,-1.0,128.0,1760980440.0,RIPL,False
v_25510590_1497,25436804.0,,5584.9625,5229.2375,1497.0,,,,RIPL,True
25474547,25474546.0,5.0,2799.0,5247.0,1497.0,-1.0,128.0,1769746301.0,RIPR,False
25474479,25474478.0,5.0,3409.15,5379.6,1497.0,-1.0,128.0,1762453836.0,RIPR,False
25533362,25533361.0,5.0,3351.95,4907.0,1497.0,-1.0,99.0,1767724742.0,RIPR,False
25530770,v_25530770_1495,5.0,3184.025,4982.76,1497.0,-1.0,128.0,1767586751.0,RIPR,False
25436857,25436830.0,5.0,5633.15,5475.6,1497.0,-1.0,128.0,1760980534.0,RIPL,False
25475057,25475056.0,5.0,3223.15,4272.6,1497.0,-1.0,128.0,1762453836.0,RIPR,False
25475058,25475057.0,5.0,3225.15,4262.6,1498.0,-1.0,128.0,1762453836.0,RIPR,False
25436834,25436833.0,5.0,6185.15,5655.6,1498.0,-1.0,128.0,1760980448.0,RIPL,False
25475070,25474547.0,5.0,2775.15,5309.6,1498.0,-1.0,128.0,1762453836.0,RIPR,False
25436866,25436832.0,5.0,6024.15,5401.6,1498.0,-1.0,128.0,1760980591.0,RIPL,False
25436858,25436857.0,5.0,5617.15,5521.6,1498.0,-1.0,128.0,1760980535.0,RIPL,False
25510590,v_25510590_1497,5.0,5575.0,5250.75,1498.0,-1.0,128.0,1764606312.0,RIPL,False
25530769,25530770.0,5.0,3128.025,4992.76,1498.0,-1.0,128.0,1767586751.0,RIPR,False
25554891,25474547.0,5.0,2948.0,5202.0,1498.0,-1.0,128.0,1769746303.0,RIPR,False
25533363,25533362.0,5.0,3361.55,4943.8,1498.0,-1.0,99.0,1767724744.0,RIPR,False
25474480,25474479.0,5.0,3407.15,5397.6,1498.0,-1.0,128.0,1762453836.0,RIPR,False
25436859,25436858.0,5.0,5607.15,5557.6,1499.0,-1.0,128.0,1760980540.0,RIPL,False
25436867,25436866.0,5.0,6004.15,5421.6,1499.0,-1.0,128.0,1760980592.0,RIPL,False
25474481,25474480.0,5.0,3407.15,5395.6,1499.0,-1.0,128.0,1762453836.0,RIPR,False
v_25475059_1499,25475058.0,,3243.15,4276.1,1499.0,,,,RIPR,True
25436835,25436834.0,5.0,6179.15,5707.6,1499.0,-1.0,128.0,1760980450.0,RIPL,False
25475071,25475070.0,5.0,2761.15,5317.6,1499.0,-1.0,128.0,1762453836.0,RIPR,False
v_25530768_1499,25530769.0,,3119.625,5003.554,1499.0,,,,RIPR,True
25554892,25554891.0,5.0,2979.0,5194.0,1499.0,-1.0,128.0,1769746304.0,RIPR,False
25533370,25533363.0,5.0,3372.75,5020.6,1499.0,-1.0,99.0,1767724759.0,RIPR,False
25510548,25510590.0,5.0,5569.0,5290.75,1499.0,-1.0,128.0,1764606312.0,RIPL,False
25554893,25554892.0,5.0,2989.0,5186.0,1500.0,-1.0,128.0,1769746305.0,RIPR,False
25533371,25533370.0,5.0,3355.15,5027.0,1500.0,-1.0,99.0,1767724760.0,RIPR,False
v_25530768_1500,v_25530768_1500,,3116.8250000000003,5007.152,1500.0,,,,RIPR,True
v_25474482_1500,25474481.0,,3416.15,5400.1,1500.0,,,,RIPR,True
v_25510549_1500,25510548.0,,5569.0,5298.25,1500.0,,,,RIPL,True
25436836,25436835.0,5.0,6167.15,5735.6,1500.0,-1.0,128.0,1760980451.0,RIPL,False
25436868,25436867.0,5.0,5990.15,5433.6,1500.0,-1.0,128.0,1760980594.0,RIPL,False
25475072,25475071.0,5.0,2729.15,5337.6,1500.0,-1.0,128.0,1762453836.0,RIPR,False
25475059,v_25475059_1499,5.0,3249.15,4280.6,1500.0,-1.0,128.0,1762453836.0,RIPR,False
25436860,25436859.0,5.0,5629.15,5585.6,1500.0,-1.0,128.0,1760980543.0,RIPL,False
25436837,25436836.0,5.0,6167.15,5749.6,1501.0,-1.0,128.0,1760980452.0,RIPL,False
25436861,25436860.0,5.0,5617.15,5605.6,1501.0,-1.0,128.0,1760980543.0,RIPL,False
25436869,25436868.0,5.0,5982.15,5425.6,1501.0,-1.0,128.0,1760980595.0,RIPL,False
25554894,25554893.0,5.0,3008.0,5181.0,1501.0,-1.0,128.0,1769746306.0,RIPR,False
25533372,25533371.0,5.0,3335.95,5044.6,1501.0,-1.0,99.0,1767724761.0,RIPR,False
25530768,v_25530768_1499,5.0,3114.025,5010.75,1501.0,-1.0,128.0,1767586751.0,RIPR,False
25474482,v_25474482_1500,5.0,3419.15,5401.6,1501.0,-1.0,128.0,1762453836.0,RIPR,False
25510549,v_25510549_1500,5.0,5569.0,5300.75,1501.0,-1.0,128.0,1764606312.0,RIPL,False
v_25475060_1501,25475059.0,,3252.75,4295.0,1501.0,,,,RIPR,True
v_25475060_1502,v_25475060_1502,,3253.9500000000003,4299.8,1502.0,,,,RIPR,True
v_25474483_1502,25474482.0,,3413.15,5418.1,1502.0,,,,RIPR,True
v_25530767_1502,25530768.0,,3115.525,5019.75,1502.0,,,,RIPR,True
25436870,25436869.0,5.0,5968.15,5441.6,1502.0,-1.0,128.0,1760980597.0,RIPL,False
25436862,25436861.0,5.0,5649.15,5605.6,1502.0,-1.0,128.0,1760980547.0,RIPL,False
25533373,25533372.0,5.0,3348.75,5047.8,1502.0,-1.0,99.0,1767724761.0,RIPR,False
v_25535720_1502,25510549.0,,5572.75,5320.5875,1502.0,,,,RIPL,True
25436838,25436837.0,5.0,6171.15,5777.6,1502.0,-1.0,128.0,1760980453.0,RIPL,False
25475060,v_25475060_1501,5.0,3255.15,4304.6,1503.0,-1.0,128.0,1762453836.0,RIPR,False
25436871,25436870.0,5.0,5958.15,5461.6,1503.0,-1.0,128.0,1760980599.0,RIPL,False
25474483,v_25474483_1502,5.0,3411.15,5423.6,1503.0,-1.0,128.0,1762453836.0,RIPR,False
25533375,25533373.0,5.0,3324.75,5035.0,1503.0,-1.0,99.0,1767724762.0,RIPR,False
25530767,v_25530767_1502,5.0,3116.025,5022.75,1503.0,-1.0,128.0,1767586751.0,RIPR,False
25436839,25436838.0,5.0,6171.15,5799.6,1503.0,-1.0,128.0,1760980454.0,RIPL,False
25535720,v_25535720_1502,5.0,5574.0,5327.2,1503.0,-1.0,128.0,1767938795.0,RIPL,False
25436863,25436862.0,5.0,5648.0,5599.2,1503.0,-1.0,128.0,1767938750.0,RIPL,False
25510550,25535720.0,5.0,5583.0,5334.75,1504.0,-1.0,128.0,1767938795.0,RIPL,False
25436864,25436863.0,5.0,5631.15,5587.6,1504.0,-1.0,128.0,1760980550.0,RIPL,False
25436872,25436871.0,5.0,5942.15,5487.6,1504.0,-1.0,128.0,1760980600.0,RIPL,False
v_25474484_1504,25474483.0,,3408.15,5431.1,1504.0,,,,RIPR,True
v_25530766_1504,25530767.0,,3111.525,5090.25,1504.0,,,,RIPR,True
25475061,25475060.0,5.0,3249.15,4318.6,1504.0,-1.0,128.0,1762453836.0,RIPR,False
25436840,25436839.0,5.0,6163.15,5813.6,1504.0,-1.0,128.0,1760980467.0,RIPL,False
25475062,25475061.0,5.0,3235.15,4334.6,1505.0,-1.0,128.0,1762453836.0,RIPR,False
25474484,v_25474484_1504,5.0,3407.15,5433.6,1505.0,-1.0,128.0,1762453836.0,RIPR,False
25436873,25436872.0,5.0,5944.15,5493.6,1505.0,-1.0,128.0,1760980638.0,RIPL,False
25510551,25510550.0,5.0,5583.0,5338.75,1505.0,-1.0,128.0,1764606312.0,RIPL,False
25530766,v_25530766_1504,5.0,3110.025,5112.75,1505.0,-1.0,128.0,1767586751.0,RIPR,False
25436865,25436864.0,5.0,5623.15,5533.6,1505.0,-1.0,128.0,1760980566.0,RIPL,False
v_25436841_1505,25436840.0,,6133.15,5848.1,1505.0,,,,RIPL,True
25436841,v_25436841_1505,5.0,6123.15,5859.6,1506.0,-1.0,128.0,1767379867.0,RIPL,False
25510552,25510551.0,5.0,5601.0,5412.75,1506.0,-1.0,128.0,1764606312.0,RIPL,False
25530765,25530766.0,5.0,3020.025,5292.75,1506.0,-1.0,128.0,1767586751.0,RIPR,False
25436874,25436873.0,5.0,5892.15,5635.6,1506.0,-1.0,128.0,1760980722.0,RIPL,False
25475063,25475062.0,5.0,3227.15,4340.6,1506.0,-1.0,128.0,1762453836.0,RIPR,False
v_25474485_1506,25474484.0,,3413.15,5436.6,1506.0,,,,RIPR,True
25436875,25436874.0,5.0,5896.15,5657.6,1507.0,-1.0,128.0,1760980725.0,RIPL,False
25475064,25475063.0,5.0,3219.15,4348.6,1507.0,-1.0,128.0,1762453836.0,RIPR,False
25436842,25436841.0,5.0,6103.15,5891.6,1507.0,-1.0,128.0,1760980475.0,RIPL,False
25474485,v_25474485_1506,5.0,3415.15,5437.6,1507.0,-1.0,128.0,1762453836.0,RIPR,False
25510553,25510552.0,5.0,5587.0,5422.75,1507.0,-1.0,128.0,1764606312.0,RIPL,False
25530764,25530765.0,5.0,3062.025,5290.75,1507.0,-1.0,128.0,1767586751.0,RIPR,False
25436843,25436842.0,5.0,6083.15,5897.6,1508.0,-1.0,128.0,1760980476.0,RIPL,False
25436876,25436875.0,5.0,5890.15,5661.6,1508.0,-1.0,128.0,1760980727.0,RIPL,False
25475066,25475064.0,5.0,3147.15,4504.6,1508.0,-1.0,128.0,1762453836.0,RIPR,False
25475065,25475064.0,5.0,3131.15,4266.6,1508.0,-1.0,128.0,1762453836.0,RIPR,False
25510554,25510553.0,5.0,5617.0,5470.75,1508.0,-1.0,128.0,1764606312.0,RIPL,False
25474486,25474485.0,5.0,3417.15,5439.6,1508.0,-1.0,128.0,1762453836.0,RIPR,False
v_25530763_1508,25530764.0,,3092.025,5373.25,1508.0,,,,RIPR,True
25474487,25474486.0,5.0,3423.15,5443.6,1509.0,-1.0,128.0,1762453836.0,RIPR,False
25436844,25436843.0,5.0,6083.15,5897.6,1509.0,-1.0,128.0,1760980477.0,RIPL,False
25436877,25436876.0,5.0,5870.15,5719.6,1509.0,-1.0,128.0,1760980728.0,RIPL,False
25475067,25475066.0,5.0,3125.15,4550.6,1509.0,-1.0,128.0,1762453836.0,RIPR,False
25510555,25510554.0,5.0,5619.0,5472.75,1509.0,-1.0,128.0,1764606312.0,RIPL,False
25530763,v_25530763_1508,5.0,3102.025,5400.75,1509.0,-1.0,128.0,1767586751.0,RIPR,False
v_25510556_1510,25510555.0,,5620.5,5493.75,1510.0,,,,RIPL,True
v_25475068_1510,25475067.0,,3063.65,4618.1,1510.0,,,,RIPR,True
25436878,25436877.0,5.0,5862.15,5763.6,1510.0,-1.0,128.0,1760980729.0,RIPL,False
v_25530762_1510,25530763.0,,3097.525,5441.25,1510.0,,,,RIPR,True
v_25474488_1510,25474487.0,,3429.15,5443.6,1510.0,,,,RIPR,True
25436845,25436844.0,5.0,6083.15,5897.6,1510.0,-1.0,128.0,1760980478.0,RIPL,False
25530762,v_25530762_1510,5.0,3096.025,5454.75,1511.0,-1.0,128.0,1767586751.0,RIPR,False
25474488,v_25474488_1510,5.0,3431.15,5443.6,1511.0,-1.0,128.0,1762453836.0,RIPR,False
25475068,v_25475068_1510,5.0,3043.15,4640.6,1511.0,-1.0,128.0,1762453836.0,RIPR,False
25436879,25436878.0,5.0,5874.15,5751.6,1511.0,-1.0,128.0,1760980732.0,RIPL,False
25510556,v_25510556_1510,5.0,5621.0,5500.75,1511.0,-1.0,128.0,1764606312.0,RIPL,False
25436846,25436845.0,5.0,6081.15,5919.6,1511.0,-1.0,128.0,1760980478.0,RIPL,False
25436847,25436846.0,5.0,6071.15,5937.6,1512.0,-1.0,128.0,1760980479.0,RIPL,False
25559721,25510556.0,5.0,5627.0,5514.75,1512.0,-1.0,128.0,1772747598.0,RIPL,False
v_25530761_1512,25530762.0,,3085.525,5513.25,1512.0,,,,RIPR,True
v_25474489_1512,25474488.0,,3440.15,5457.1,1512.0,,,,RIPR,True
25475069,25475068.0,5.0,3021.15,4748.6,1512.0,-1.0,128.0,1762453836.0,RIPR,False
25436880,25436879.0,5.0,5870.15,5765.6,1512.0,-1.0,128.0,1760980733.0,RIPL,False
25530761,v_25530761_1512,5.0,3082.025,5532.75,1513.0,-1.0,128.0,1767586751.0,RIPR,False
25474489,v_25474489_1512,5.0,3443.15,5461.6,1513.0,-1.0,128.0,1762453836.0,RIPR,False
25551793,25475069.0,5.0,2985.0,4632.0,1513.0,-1.0,128.0,1769099272.0,RIPR,False
25510557,25559721.0,5.0,5633.0,5528.75,1513.0,-1.0,128.0,1772747598.0,RIPL,False
25436848,25436847.0,5.0,6063.15,5957.6,1513.0,-1.0,128.0,1760980480.0,RIPL,False
25436881,25436880.0,5.0,5870.15,5763.6,1513.0,-1.0,128.0,1760980734.0,RIPL,False
v_25474490_1514,25474489.0,,3456.65,5461.6,1514.0,,,,RIPR,True
v_25510558_1514,25510557.0,,5636.6,5561.15,1514.0,,,,RIPL,True
25551794,25551793.0,5.0,2879.0,4590.0,1514.0,-1.0,128.0,1769099278.0,RIPR,False
25436882,25436881.0,5.0,5856.15,5773.6,1514.0,-1.0,128.0,1760980735.0,RIPL,False
25436849,25436848.0,5.0,6055.15,5979.6,1514.0,-1.0,128.0,1760980481.0,RIPL,False
v_25530760_1514,25530761.0,,3083.525,5570.25,1514.0,,,,RIPR,True
25474490,v_25474490_1514,5.0,3461.15,5461.6,1515.0,-1.0,128.0,1762453836.0,RIPR,False
25551795,25551794.0,5.0,2823.0,4574.0,1515.0,-1.0,128.0,1769099279.0,RIPR,False
25551801,25551798.0,5.0,2349.0,4484.0,1515.0,-1.0,128.0,1769099303.0,RIPR,False
v_25510558_1515,v_25510558_1515,,5637.8,5571.95,1515.0,,,,RIPL,True
25436883,25436882.0,5.0,5854.15,5785.6,1515.0,-1.0,128.0,1760980736.0,RIPL,False
25436850,25436849.0,5.0,6043.15,6015.6,1515.0,-1.0,128.0,1760980482.0,RIPL,False
25530760,v_25530760_1514,5.0,3084.025,5582.75,1515.0,-1.0,128.0,1767586751.0,RIPR,False
v_25474491_1516,25474490.0,,3488.15,5484.1,1516.0,,,,RIPR,True
25510558,v_25510558_1514,5.0,5639.0,5582.75,1516.0,-1.0,128.0,1764606312.0,RIPL,False
25436851,25436850.0,5.0,6035.15,6029.6,1516.0,-1.0,128.0,1760980483.0,RIPL,False
25551798,25551797.0,5.0,2449.0,4486.0,1516.0,-1.0,128.0,1769099284.0,RIPR,False
25551796,25551795.0,5.0,2845.0,4550.0,1516.0,-1.0,128.0,1769099280.0,RIPR,False
25530759,25530760.0,5.0,3104.025,5632.75,1516.0,-1.0,128.0,1767586751.0,RIPR,False
v_25436884_1516,25436883.0,,5854.15,5803.6,1516.0,,,,RIPL,True
v_25530758_1517,25530759.0,,3140.025,5683.75,1517.0,,,,RIPR,True
25436884,v_25436884_1516,5.0,5854.15,5809.6,1517.0,-1.0,128.0,1760980737.0,RIPL,False
25436852,25436851.0,5.0,6021.15,6053.6,1517.0,-1.0,128.0,1760980483.0,RIPL,False
v_25510559_1517,25510558.0,,5635.4,5625.95,1517.0,,,,RIPL,True
25474491,v_25474491_1516,5.0,3497.15,5491.6,1517.0,-1.0,128.0,1762453836.0,RIPR,False
25551797,25551796.0,5.0,2675.0,4522.0,1517.0,-1.0,128.0,1769099283.0,RIPR,False
25551799,25551797.0,5.0,2661.0,4544.0,1518.0,-1.0,128.0,1769099287.0,RIPR,False
v_25510559_1518,v_25510559_1518,,5634.2,5640.35,1518.0,,,,RIPL,True
25474492,25474491.0,5.0,3511.15,5505.6,1518.0,-1.0,128.0,1762453836.0,RIPR,False
25530758,v_25530758_1517,5.0,3152.025,5700.75,1518.0,-1.0,128.0,1767586751.0,RIPR,False
25436885,25436884.0,5.0,5850.15,5821.6,1518.0,-1.0,128.0,1760980738.0,RIPL,False
25436853,25436852.0,5.0,6009.15,6097.6,1518.0,-1.0,128.0,1760980484.0,RIPL,False
25474493,25474492.0,5.0,3513.15,5511.6,1519.0,-1.0,128.0,1762453836.0,RIPR,False
25510559,v_25510559_1517,5.0,5633.0,5654.75,1519.0,-1.0,128.0,1764606312.0,RIPL,False
25551800,25551799.0,5.0,2595.0,4540.0,1519.0,-1.0,128.0,1769099288.0,RIPR,False
25436854,25436853.0,5.0,5985.15,6149.6,1519.0,-1.0,128.0,1760980485.0,RIPL,False
25436886,25436885.0,5.0,5850.15,5821.6,1519.0,-1.0,128.0,1760980740.0,RIPL,False
v_25530757_1519,25530758.0,,3155.025,5753.25,1519.0,,,,RIPR,True
25530757,v_25530757_1519,5.0,3156.025,5770.75,1520.0,-1.0,128.0,1767586751.0,RIPR,False
25436855,25436854.0,5.0,5985.15,6151.6,1520.0,-1.0,128.0,1760980486.0,RIPL,False
25436887,25436886.0,5.0,5861.2,5831.7,1520.0,-1.0,128.0,1767726747.0,RIPL,False
v_25510560_1520,25510559.0,,5615.0,5695.25,1520.0,,,,RIPL,True
25474494,25474493.0,5.0,3521.15,5533.6,1520.0,-1.0,128.0,1762453836.0,RIPR,False
25510560,v_25510560_1520,5.0,5609.0,5708.75,1521.0,-1.0,128.0,1764606312.0,RIPL,False
25436856,25436855.0,5.0,5985.15,6171.6,1521.0,-1.0,128.0,1760980487.0,RIPL,False
25436888,25436887.0,5.0,5868.15,5827.6,1521.0,-1.0,128.0,1760980746.0,RIPL,False
25530756,25530757.0,5.0,3166.035,5820.75,1521.0,-1.0,128.0,1767586769.0,RIPR,False
25474495,25474494.0,5.0,3531.15,5543.6,1521.0,-1.0,128.0,1762453836.0,RIPR,False
25436889,25436856.0,5.0,5948.15,6249.6,1522.0,-1.0,128.0,1760980767.0,RIPL,False
25450692,25436888.0,5.0,5807.0,5867.75,1522.0,-1.0,128.0,1761240714.0,RIPL,False
25510561,25510560.0,5.0,5589.0,5790.75,1522.0,-1.0,128.0,1764606312.0,RIPL,False
25530774,25530756.0,5.0,3134.025,5900.75,1522.0,-1.0,128.0,1767586773.0,RIPR,False
25474496,25474495.0,5.0,3555.15,5585.6,1522.0,-1.0,128.0,1762453836.0,RIPR,False
25450694,25450692.0,5.0,5789.0,6017.75,1523.0,-1.0,128.0,1761240721.0,RIPL,False
25436890,25436889.0,5.0,5952.15,6283.6,1523.0,-1.0,128.0,1760980768.0,RIPL,False
25510562,25510561.0,5.0,5587.0,5822.75,1523.0,-1.0,128.0,1764606312.0,RIPL,False
25474497,25474496.0,5.0,3545.15,5617.6,1523.0,-1.0,128.0,1762453836.0,RIPR,False
25530775,25530774.0,5.0,3114.025,5910.75,1523.0,-1.0,128.0,1767586775.0,RIPR,False
v_25510563_1524,25510562.0,,5579.5,5849.75,1524.0,,,,RIPL,True
25474498,25474497.0,5.0,3570.15,5659.25,1524.0,-1.0,128.0,1767726643.0,RIPR,False
25436891,25436890.0,5.0,5936.15,6311.6,1524.0,-1.0,128.0,1760980770.0,RIPL,False
v_25530776_1524,25530775.0,,3117.025,5916.75,1524.0,,,,RIPR,True
25450695,25450694.0,5.0,5797.0,6029.75,1524.0,-1.0,128.0,1761240754.0,RIPL,False
25530776,v_25530776_1524,5.0,3118.025,5918.75,1525.0,-1.0,128.0,1767586776.0,RIPR,False
25474499,25474498.0,5.0,3595.15,5697.6,1525.0,-1.0,128.0,1762453836.0,RIPR,False
25450696,25450695.0,5.0,5797.0,6041.75,1525.0,-1.0,128.0,1761240755.0,RIPL,False
25436892,25436891.0,5.0,5910.15,6335.6,1525.0,-1.0,128.0,1760980771.0,RIPL,False
25510563,v_25510563_1524,5.0,5577.0,5858.75,1525.0,-1.0,128.0,1764606312.0,RIPL,False
25474500,25474499.0,5.0,3615.15,5707.6,1526.0,-1.0,128.0,1762453836.0,RIPR,False
v_25510564_1526,25510563.0,,5580.0,5885.75,1526.0,,,,RIPL,True
25436893,25436892.0,5.0,5904.0,6330.75,1526.0,-1.0,128.0,1767683594.0,RIPL,False
25530777,25530776.0,5.0,3164.035,6018.75,1526.0,-1.0,128.0,1767586786.0,RIPR,False
25450697,25450696.0,5.0,5789.0,6059.75,1526.0,-1.0,128.0,1761240761.0,RIPL,False
25510564,v_25510564_1526,5.0,5581.0,5894.75,1527.0,-1.0,128.0,1764606312.0,RIPL,False
25450698,25450697.0,5.0,5787.0,6089.75,1527.0,-1.0,128.0,1761240763.0,RIPL,False
v_25474501_1527,25474500.0,,3640.65,5737.6,1527.0,,,,RIPR,True
v_25436894_1527,25436893.0,,5893.612499999999,6353.887500000001,1527.0,,,,RIPL,True
25530778,25530777.0,5.0,3080.035,6078.75,1527.0,-1.0,128.0,1767586793.0,RIPR,False
25530779,25530777.0,5.0,3144.025,5960.75,1527.0,-1.0,128.0,1767586790.0,RIPR,False
25530780,25530779.0,5.0,3156.035,5964.75,1528.0,-1.0,128.0,1767586805.0,RIPR,False
25559482,25510564.0,5.0,5575.0,5886.45,1528.0,-1.0,128.0,1771966825.0,RIPL,False
25530781,25530778.0,5.0,3088.025,6092.75,1528.0,-1.0,128.0,1767586794.0,RIPR,False
25474501,v_25474501_1527,5.0,3649.15,5747.6,1528.0,-1.0,128.0,1762453836.0,RIPR,False
25436894,v_25436894_1527,5.0,5890.15,6361.6,1528.0,-1.0,128.0,1760980773.0,RIPL,False
v_25510565_1529,25559482.0,,5579.5,5889.675,1529.0,,,,RIPL,True
25530782,25530780.0,5.0,3168.025,5974.75,1529.0,-1.0,128.0,1767586806.0,RIPR,False
v_25436895_1529,25436894.0,,5886.549999999999,6376.0,1529.0,,,,RIPL,True
25510565,v_25510565_1529,5.0,5581.0,5890.75,1530.0,-1.0,128.0,1771966825.0,RIPL,False
v_25436895_1530,v_25436895_1530,,5885.349999999999,6380.8,1530.0,,,,RIPL,True
v_25510566_1531,25510565.0,,5581.0,5887.15,1531.0,,,,RIPL,True
25436895,v_25436895_1529,5.0,5884.15,6385.6,1531.0,-1.0,128.0,1760980775.0,RIPL,False
v_25436896_1532,25436895.0,,5870.95,6400.0,1532.0,,,,RIPL,True
v_25510566_1532,v_25510566_1532,,5581.0,5885.95,1532.0,,,,RIPL,True
v_25436896_1533,v_25436896_1533,,5866.549999999999,6404.8,1533.0,,,,RIPL,True
25510566,v_25510566_1531,5.0,5581.0,5884.75,1533.0,-1.0,128.0,1764606312.0,RIPL,False
25436896,v_25436896_1532,5.0,5862.15,6409.6,1534.0,-1.0,128.0,1760980776.0,RIPL,False
v_25510567_1534,25510566.0,,5581.0,5884.75,1534.0,,,,RIPL,True
v_25510567_1535,v_25510567_1537,,5581.0,5884.75,1535.0,,,,RIPL,True
v_25436897_1535,25436896.0,,5853.15,6424.6,1535.0,,,,RIPL,True
v_25510567_1536,v_25510567_1536,,5581.0,5884.75,1536.0,,,,RIPL,True
25436897,v_25436897_1535,5.0,5850.15,6429.6,1536.0,-1.0,128.0,1760980778.0,RIPL,False
v_25436898_1537,25436897.0,,5847.15,6443.1,1537.0,,,,RIPL,True
v_25510567_1537,v_25510567_1535,,5581.0,5884.75,1537.0,,,,RIPL,True
25510567,v_25510567_1534,5.0,5581.0,5884.75,1538.0,-1.0,128.0,1764606312.0,RIPL,False
25436898,v_25436898_1537,5.0,5846.15,6447.6,1538.0,-1.0,128.0,1760980779.0,RIPL,False
v_25436899_1539,25436898.0,,5844.95,6446.400000000001,1539.0,,,,RIPL,True
v_25510568_1539,25510567.0,,5565.4,5915.95,1539.0,,,,RIPL,True
v_25436899_1540,v_25436899_1540,,5844.549999999999,6446.0,1540.0,,,,RIPL,True
v_25510568_1540,v_25510568_1540,,5560.2,5926.35,1540.0,,,,RIPL,True
25436899,v_25436899_1539,5.0,5844.15,6445.6,1541.0,-1.0,128.0,1760980781.0,RIPL,False
25510568,v_25510568_1539,5.0,5555.0,5936.75,1541.0,-1.0,128.0,1764606312.0,RIPL,False
v_25510569_1542,25510568.0,,5549.0,5951.75,1542.0,,,,RIPL,True
v_25436900_1542,25436899.0,,5816.15,6452.6,1542.0,,,,RIPL,True
25510569,v_25510569_1542,5.0,5547.0,5956.75,1543.0,-1.0,128.0,1764606312.0,RIPL,False
v_25436900_1543,v_25436900_1544,,5806.816666666667,6454.933333333333,1543.0,,,,RIPL,True
v_25436900_1544,v_25436900_1543,,5797.483333333333,6457.266666666667,1544.0,,,,RIPL,True
25436900,v_25436900_1542,5.0,5788.15,6459.6,1545.0,-1.0,128.0,1760980783.0,RIPL,False
v_25436901_1546,25436900.0,,5764.15,6476.400000000001,1546.0,,,,RIPL,True
v_25436901_1547,v_25436901_1547,,5756.15,6482.0,1547.0,,,,RIPL,True
25436901,v_25436901_1546,5.0,5748.15,6487.6,1548.0,-1.0,128.0,1760980784.0,RIPL,False
25558126,25436901.0,5.0,5736.15,6510.6,1549.0,-1.0,128.0,1771428921.0,RIPL,False
25436902,25558126.0,5.0,5724.15,6533.6,1550.0,-1.0,128.0,1771428921.0,RIPL,False
25436904,25436902.0,5.0,5800.15,6483.6,1551.0,-1.0,128.0,1760980791.0,RIPL,False
25436903,25436902.0,5.0,5656.15,6513.6,1551.0,-1.0,128.0,1760980788.0,RIPL,False
25436907,25436904.0,5.0,5816.15,6423.6,1552.0,-1.0,128.0,1760980809.0,RIPL,False
25436905,25436903.0,5.0,5638.15,6505.6,1552.0,-1.0,128.0,1760980795.0,RIPL,False
25436906,25436905.0,5.0,5618.15,6485.6,1553.0,-1.0,128.0,1760980796.0,RIPL,False
25436908,25436907.0,5.0,5816.15,6423.6,1553.0,-1.0,128.0,1760980810.0,RIPL,False
25436909,25436908.0,5.0,5814.15,6421.6,1554.0,-1.0,128.0,1760980810.0,RIPL,False
25437029,25436906.0,5.0,5625.15,6497.6,1554.0,-1.0,128.0,1760981289.0,RIPL,False
25437030,25437029.0,5.0,5611.15,6487.6,1555.0,-1.0,128.0,1760981290.0,RIPL,False
25436910,25436909.0,5.0,5810.15,6391.6,1555.0,-1.0,128.0,1760980811.0,RIPL,False
25437031,25437030.0,5.0,5603.15,6473.6,1556.0,-1.0,128.0,1760981291.0,RIPL,False
25437032,25437031.0,5.0,5587.15,6477.6,1557.0,-1.0,128.0,1760981293.0,RIPL,False
25437033,25437032.0,5.0,5577.15,6501.6,1558.0,-1.0,128.0,1760981294.0,RIPL,False
25437034,25437033.0,5.0,5543.15,6549.6,1559.0,-1.0,128.0,1760981303.0,RIPL,False
