node_id,parent_id,confidence,x,y,z,radius,creator_id,edition_time,cell_name,is_vnode
25510142,25510139.0,5.0,5892.15,3011.29,1390.0,-1.0,128.0,1766515775.0,SIBDR,False
25510143,25510141.0,5.0,5972.15,3479.29,1390.0,-1.0,128.0,1766515775.0,SIBDR,False
25510141,25510138.0,5.0,5968.15,3479.29,1391.0,-1.0,128.0,1766515775.0,SIBDR,False
25510139,25510138.0,5.0,5900.15,3031.29,1391.0,-1.0,128.0,1766515775.0,SIBDR,False
25510140,25510138.0,5.0,5632.15,2915.29,1391.0,-1.0,128.0,1766515775.0,SIBDR,False
25510138,25510146.0,5.0,5972.15,3115.29,1392.0,-1.0,128.0,1766515775.0,SIBDR,False
25510146,25510148.0,5.0,5964.15,3467.29,1393.0,-1.0,128.0,1766515775.0,SIBDR,False
25530013,25525977.0,5.0,4930.16,2649.26,1393.0,-1.0,128.0,1771827044.0,SIBDR,False
25510145,25510138.0,5.0,5604.15,2951.29,1393.0,-1.0,128.0,1766515775.0,SIBDR,False
25510144,25510138.0,5.0,5928.15,3079.29,1393.0,-1.0,128.0,1766515775.0,SIBDR,False
25525978,25510145.0,5.0,5565.95,2894.55,1394.0,-1.0,128.0,1766515775.0,SIBDR,False
25525977,25525973.0,5.0,4945.95,2630.55,1394.0,-1.0,128.0,1766515775.0,SIBDR,False
25510147,25510144.0,5.0,5912.15,3059.29,1394.0,-1.0,128.0,1766515775.0,SIBDR,False
25510148,25510149.0,5.0,5924.15,3491.29,1394.0,-1.0,128.0,1766515775.0,SIBDR,False
25525973,25525978.0,5.0,5149.95,2706.55,1395.0,-1.0,128.0,1766515775.0,SIBDR,False
25510149,25510150.0,5.0,5932.15,3547.29,1395.0,-1.0,128.0,1766515775.0,SIBDR,False
25525974,25525973.0,5.0,5173.95,2710.55,1396.0,-1.0,128.0,1766515775.0,SIBDR,False
25510150,25510151.0,5.0,5904.15,3627.29,1396.0,-1.0,128.0,1766515775.0,SIBDR,False
25510151,25510152.0,5.0,5896.15,3655.29,1397.0,-1.0,128.0,1766515775.0,SIBDR,False
25525975,25525974.0,5.0,5009.95,2654.55,1397.0,-1.0,128.0,1766515775.0,SIBDR,False
25525976,25525975.0,5.0,4774.6,2614.75,1398.0,-1.0,128.0,1766526706.0,SIBDR,False
25510152,25513669.0,5.0,5869.15,3632.295,1398.0,-1.0,128.0,1766515775.0,SIBDR,False
25527341,25525976.0,5.0,4613.15,2824.29,1399.0,-1.0,128.0,1766515913.0,SIBDR,False
25451396,25451395.0,5.0,5427.0,3050.75,1399.0,-1.0,128.0,1761249597.0,SIBDL,False
25462148,25451396.0,2.0,4971.15,2987.6,1399.0,-1.0,128.0,1765483139.0,SIBDL,False
25513669,v_25513669_1400,5.0,5901.15,3700.295,1399.0,-1.0,128.0,1766515775.0,SIBDR,False
v_25462147_1400,25462148.0,,4941.15,2977.1,1400.0,,,,SIBDL,True
25451395,25451394.0,5.0,5511.0,3076.75,1400.0,-1.0,128.0,1761249592.0,SIBDL,False
25527340,25527341.0,5.0,4627.15,2864.25,1400.0,-1.0,128.0,1766515913.0,SIBDR,False
v_25513669_1400,v_25513669_1401,,5893.433333333333,3715.113333333333,1400.0,,,,SIBDR,True
25527339,25527340.0,5.0,4617.15,2850.25,1401.0,-1.0,128.0,1766515913.0,SIBDR,False
25451394,25451393.0,5.0,5535.0,3090.75,1401.0,-1.0,128.0,1761249590.0,SIBDL,False
25462147,v_25462147_1400,5.0,4931.15,2973.6,1401.0,-1.0,128.0,1765483138.0,SIBDL,False
v_25513669_1401,25513668.0,,5885.716666666666,3729.931666666667,1401.0,,,,SIBDR,True
25451393,25451392.0,5.0,5583.0,3100.75,1402.0,-1.0,128.0,1761249589.0,SIBDL,False
25462146,25462147.0,5.0,4897.15,2989.6,1402.0,-1.0,128.0,1765483138.0,SIBDL,False
25513668,v_25513668_1403,5.0,5878.0,3744.75,1402.0,-1.0,128.0,1766515775.0,SIBDR,False
25514638,25527339.0,5.0,4538.15,2847.25,1402.0,-1.0,128.0,1766515913.0,SIBDR,False
v_25513668_1403,25513667.0,,5880.0,3740.75,1403.0,,,,SIBDR,True
25451392,25451391.0,5.0,5687.0,3136.75,1403.0,-1.0,128.0,1761249588.0,SIBDL,False
25462145,25462146.0,5.0,4874.0,2949.0,1403.0,-1.0,128.0,1770062848.0,SIBDL,False
25514637,25514638.0,5.0,4522.15,2819.25,1403.0,-1.0,128.0,1766515913.0,SIBDR,False
25513667,25513666.0,5.0,5882.0,3736.75,1404.0,-1.0,128.0,1766515775.0,SIBDR,False
25514636,25514637.0,5.0,4450.15,2825.25,1404.0,-1.0,128.0,1766515913.0,SIBDR,False
25451391,25451390.0,5.0,5739.0,3142.75,1404.0,-1.0,128.0,1761249587.0,SIBDL,False
25555667,25462145.0,5.0,4908.0,2961.0,1404.0,-1.0,128.0,1770062852.0,SIBDL,False
25462143,25462145.0,5.0,4619.15,2823.6,1404.0,-1.0,128.0,1765483138.0,SIBDL,False
v_25514635_1405,25514636.0,,4366.15,2864.25,1405.0,,,,SIBDR,True
25451390,25451389.0,5.0,5785.0,3138.75,1405.0,-1.0,128.0,1761249586.0,SIBDL,False
25555668,25555667.0,5.0,4908.0,2961.0,1405.0,-1.0,128.0,1770062852.0,SIBDL,False
25513666,v_25513666_1406,5.0,5882.0,3754.75,1405.0,-1.0,128.0,1766515775.0,SIBDR,False
25462142,25462143.0,5.0,4557.15,2849.6,1405.0,-1.0,128.0,1765483138.0,SIBDL,False
25462149,25462141.0,5.0,3938.15,2889.6,1405.0,-1.0,128.0,1765483138.0,SIBDL,False
25514635,v_25514635_1405,5.0,4338.15,2877.25,1406.0,-1.0,128.0,1766515913.0,SIBDR,False
25462140,25462142.0,5.0,4527.15,2859.6,1406.0,-1.0,128.0,1765483138.0,SIBDL,False
25555669,25555668.0,5.0,4908.0,2961.0,1406.0,-1.0,128.0,1770062853.0,SIBDL,False
25462141,25462139.0,5.0,3981.15,2893.6,1406.0,-1.0,128.0,1765483138.0,SIBDL,False
v_25513666_1406,25513665.0,,5891.0,3747.75,1406.0,,,,SIBDR,True
25451389,v_25451389_1407,5.0,5899.0,3170.75,1406.0,-1.0,128.0,1761249584.0,SIBDL,False
25530023,25530022.0,5.0,3928.15,3038.26,1407.0,-1.0,128.0,1766515952.0,SIBDR,False
25462139,25462140.0,5.0,4137.15,2963.6,1407.0,-1.0,128.0,1765483138.0,SIBDL,False
25514634,25514635.0,5.0,4286.15,2895.25,1407.0,-1.0,128.0,1766515913.0,SIBDR,False
v_25451389_1407,25451388.0,,5946.0,3182.75,1407.0,,,,SIBDL,True
25513665,v_25513665_1408,5.0,5900.0,3740.75,1407.0,-1.0,128.0,1766515775.0,SIBDR,False
25555670,25555669.0,5.0,4908.0,2961.0,1407.0,-1.0,128.0,1770062854.0,SIBDL,False
25451388,25451387.0,5.0,5993.0,3194.75,1408.0,-1.0,128.0,1761249583.0,SIBDL,False
25514633,25514634.0,5.0,4216.15,2911.25,1408.0,-1.0,128.0,1766515913.0,SIBDR,False
25462138,25462139.0,5.0,4005.15,2957.6,1408.0,-1.0,128.0,1765483138.0,SIBDL,False
v_25513665_1408,25513664.0,,5885.0,3743.75,1408.0,,,,SIBDR,True
25530022,25514632.0,5.0,3942.15,3040.26,1408.0,-1.0,128.0,1766515951.0,SIBDR,False
25514631,25514633.0,5.0,4132.15,2939.25,1409.0,-1.0,128.0,1766515913.0,SIBDR,False
25514632,25514630.0,5.0,3924.15,3037.25,1409.0,-1.0,128.0,1766515913.0,SIBDR,False
25451387,25451386.0,5.0,6045.0,3194.75,1409.0,-1.0,128.0,1761249582.0,SIBDL,False
25462136,25462135.0,5.0,3293.15,2983.6,1409.0,-1.0,128.0,1765483138.0,SIBDL,False
25513664,v_25513664_1410,5.0,5870.0,3746.75,1409.0,-1.0,128.0,1766515775.0,SIBDR,False
25462137,25462138.0,5.0,3799.15,2859.6,1409.0,-1.0,128.0,1765483138.0,SIBDL,False
25462134,25462137.0,5.0,3707.15,2843.6,1410.0,-1.0,128.0,1765483138.0,SIBDL,False
25462135,25462133.0,5.0,3297.15,2977.6,1410.0,-1.0,128.0,1765483138.0,SIBDL,False
25451386,25451385.0,5.0,6103.0,3204.75,1410.0,-1.0,128.0,1761249581.0,SIBDL,False
v_25513664_1410,25513663.0,,5890.0,3742.75,1410.0,,,,SIBDR,True
25514630,25514631.0,5.0,3962.15,3027.25,1410.0,-1.0,128.0,1766515913.0,SIBDR,False
v_25514629_1411,25514630.0,,3861.65,3042.25,1411.0,,,,SIBDR,True
25513663,v_25513663_1412,5.0,5910.0,3738.75,1411.0,-1.0,128.0,1766515775.0,SIBDR,False
25451385,25451384.0,5.0,6227.0,3256.75,1411.0,-1.0,128.0,1761249578.0,SIBDL,False
25462133,25462134.0,5.0,3425.15,2919.6,1411.0,-1.0,128.0,1765483138.0,SIBDL,False
25451384,25451379.0,5.0,6319.0,3318.75,1412.0,-1.0,128.0,1761249576.0,SIBDL,False
25514629,v_25514629_1411,5.0,3828.15,3047.25,1412.0,-1.0,128.0,1766515913.0,SIBDR,False
25462132,25462133.0,5.0,3313.15,2977.6,1412.0,-1.0,128.0,1765483138.0,SIBDL,False
v_25513663_1412,25513662.0,,5910.0,3738.75,1412.0,,,,SIBDR,True
v_25514628_1413,25514629.0,,3795.15,3042.75,1413.0,,,,SIBDR,True
25451379,25451378.0,5.0,6439.0,3496.75,1413.0,-1.0,128.0,1761249546.0,SIBDL,False
25451376,v_25451376_1414,5.0,6081.0,4572.75,1413.0,-1.0,128.0,1761249512.0,SIBDL,False
25513662,25513582.0,5.0,5910.0,3738.75,1413.0,-1.0,128.0,1766515775.0,SIBDR,False
25462131,25462132.0,5.0,3223.15,3041.6,1413.0,-1.0,128.0,1765483138.0,SIBDL,False
25514628,v_25514628_1413,5.0,3784.15,3041.25,1414.0,-1.0,128.0,1766515913.0,SIBDR,False
v_25451376_1414,25451375.0,,6081.0,4572.75,1414.0,,,,SIBDL,True
25462129,25462131.0,5.0,3185.15,3097.6,1414.0,-1.0,128.0,1765483138.0,SIBDL,False
25513582,v_25513582_1415,5.0,5912.0,3730.75,1414.0,-1.0,128.0,1766515775.0,SIBDR,False
25451378,25451377.0,5.0,6443.0,3776.75,1414.0,-1.0,128.0,1761249532.0,SIBDL,False
25451380,25451379.0,5.0,6399.0,3476.75,1414.0,-1.0,128.0,1761249547.0,SIBDL,False
25451381,25451380.0,5.0,6405.0,3490.75,1415.0,-1.0,128.0,1761249552.0,SIBDL,False
25462130,25462129.0,5.0,3245.15,3027.6,1415.0,-1.0,128.0,1765483138.0,SIBDL,False
25514627,25514628.0,5.0,3652.15,3059.25,1415.0,-1.0,128.0,1766515913.0,SIBDR,False
25462128,25462129.0,5.0,2973.15,3217.6,1415.0,-1.0,128.0,1765483138.0,SIBDL,False
25451375,25451373.0,5.0,6081.0,4572.75,1415.0,-1.0,128.0,1761249511.0,SIBDL,False
25451377,25451374.0,5.0,6431.0,3854.75,1415.0,-1.0,128.0,1761249527.0,SIBDL,False
v_25513582_1415,25513583.0,,5912.0,3737.75,1415.0,,,,SIBDR,True
25514626,25514627.0,5.0,3570.15,3081.25,1416.0,-1.0,128.0,1766515913.0,SIBDR,False
25451382,25451381.0,5.0,6411.0,3508.75,1416.0,-1.0,128.0,1761249553.0,SIBDL,False
25462127,25462128.0,5.0,2843.15,3347.6,1416.0,-1.0,128.0,1765483138.0,SIBDL,False
25513583,v_25513583_1417,5.0,5912.0,3744.75,1416.0,-1.0,128.0,1766515775.0,SIBDR,False
25462150,25462130.0,5.0,3238.15,3027.6,1416.0,-1.0,128.0,1765483138.0,SIBDL,False
25451374,25451372.0,5.0,6389.0,3952.75,1416.0,-1.0,128.0,1761249502.0,SIBDL,False
25451373,25451372.0,5.0,6071.0,4592.75,1416.0,-1.0,128.0,1761249498.0,SIBDL,False
25451383,25451382.0,5.0,6415.0,3542.75,1417.0,-1.0,128.0,1761249554.0,SIBDL,False
25451372,25451371.0,5.0,6161.0,4296.75,1417.0,-1.0,128.0,1761249495.0,SIBDL,False
v_25514625_1417,25514626.0,,3472.9500000000003,3106.45,1417.0,,,,SIBDR,True
v_25513583_1417,v_25513583_1418,,5922.0,3747.4166666666665,1417.0,,,,SIBDR,True
25462126,25462127.0,5.0,2837.15,3373.6,1417.0,-1.0,128.0,1765483138.0,SIBDL,False
v_25462125_1418,25462126.0,,2807.15,3402.1,1418.0,,,,SIBDL,True
v_25514625_1418,v_25514625_1418,,3440.55,3114.85,1418.0,,,,SIBDR,True
v_25513583_1418,25513584.0,,5932.0,3750.0833333333335,1418.0,,,,SIBDR,True
25451371,25451370.0,5.0,6163.0,4330.75,1418.0,-1.0,128.0,1761249493.0,SIBDL,False
25514625,v_25514625_1417,5.0,3408.15,3123.25,1419.0,-1.0,128.0,1766515913.0,SIBDR,False
25451370,25451369.0,5.0,6135.0,4388.75,1419.0,-1.0,128.0,1761249488.0,SIBDL,False
25513584,v_25513584_1420,5.0,5942.0,3752.75,1419.0,-1.0,128.0,1766515775.0,SIBDR,False
25462125,v_25462125_1418,5.0,2797.15,3411.6,1419.0,-1.0,128.0,1765483138.0,SIBDL,False
25462123,25462125.0,5.0,2805.15,3517.6,1420.0,-1.0,128.0,1765483138.0,SIBDL,False
25451369,25451368.0,5.0,6117.0,4444.75,1420.0,-1.0,128.0,1761249485.0,SIBDL,False
v_25513584_1420,v_25513584_1421,,5939.333333333333,3748.0833333333335,1420.0,,,,SIBDR,True
v_25514624_1420,25514625.0,,3366.15,3140.05,1420.0,,,,SIBDR,True
v_25513584_1421,25513585.0,,5936.666666666667,3743.4166666666665,1421.0,,,,SIBDR,True
25462124,25462123.0,5.0,2801.15,3423.6,1421.0,-1.0,128.0,1765483138.0,SIBDL,False
25462122,25462123.0,5.0,2863.15,3695.6,1421.0,-1.0,128.0,1765483138.0,SIBDL,False
25451368,25451367.0,5.0,6069.0,4516.75,1421.0,-1.0,128.0,1761249481.0,SIBDL,False
v_25514624_1421,v_25514624_1421,,3352.15,3145.65,1421.0,,,,SIBDR,True
25514624,v_25514624_1420,5.0,3338.15,3151.25,1422.0,-1.0,128.0,1766515913.0,SIBDR,False
25513585,v_25513585_1423,5.0,5934.0,3738.75,1422.0,-1.0,128.0,1766515775.0,SIBDR,False
25451367,25451366.0,5.0,6041.0,4584.75,1422.0,-1.0,128.0,1761249479.0,SIBDL,False
v_25462121_1422,25462122.0,,2866.15,3728.6,1422.0,,,,SIBDL,True
v_25513585_1423,25513586.0,,5918.0,3730.75,1423.0,,,,SIBDR,True
v_25514623_1423,25514624.0,,3291.65,3160.25,1423.0,,,,SIBDR,True
25462121,v_25462121_1422,5.0,2867.15,3739.6,1423.0,-1.0,128.0,1765483138.0,SIBDL,False
25451338,25451336.0,5.0,5471.0,5326.75,1423.0,-1.0,128.0,1761249326.0,SIBDL,False
25451366,25451365.0,5.0,5991.0,4684.75,1423.0,-1.0,128.0,1761249472.0,SIBDL,False
25514623,v_25514623_1423,5.0,3276.15,3163.25,1424.0,-1.0,128.0,1766515913.0,SIBDR,False
25451336,25451335.0,5.0,5475.0,5322.75,1424.0,-1.0,128.0,1761249305.0,SIBDL,False
25451337,25451335.0,5.0,5737.0,4960.75,1424.0,-1.0,128.0,1761249314.0,SIBDL,False
25451365,25451364.0,5.0,5967.0,4718.75,1424.0,-1.0,128.0,1761249470.0,SIBDL,False
25462120,25462121.0,5.0,2867.15,3743.6,1424.0,-1.0,128.0,1765483138.0,SIBDL,False
25513586,v_25513586_1425,5.0,5902.0,3722.75,1424.0,-1.0,128.0,1766515775.0,SIBDR,False
v_25462119_1425,25462120.0,,2865.9500000000003,3768.8,1425.0,,,,SIBDL,True
25451335,25451333.0,5.0,5691.0,5206.75,1425.0,-1.0,128.0,1761249280.0,SIBDL,False
v_25513586_1425,25513587.0,,5907.0,3711.75,1425.0,,,,SIBDR,True
25451364,25451363.0,5.0,5927.0,4782.75,1425.0,-1.0,128.0,1761249467.0,SIBDL,False
v_25555577_1425,25514623.0,,3234.15,3174.24875,1425.0,,,,SIBDR,True
25451363,v_25451363_1427,5.0,5909.0,4852.75,1426.0,-1.0,128.0,1761249466.0,SIBDL,False
25451333,25451332.0,5.0,5675.0,5194.75,1426.0,-1.0,128.0,1761249259.0,SIBDL,False
25513587,v_25513587_1427,5.0,5912.0,3700.75,1426.0,-1.0,128.0,1766515775.0,SIBDR,False
25555577,v_25555577_1425,5.0,3220.15,3177.915,1426.0,-1.0,128.0,1769803267.0,SIBDR,False
v_25462119_1426,v_25462119_1426,,2865.55,3777.2,1426.0,,,,SIBDL,True
25451334,25451333.0,5.0,5649.0,4906.75,1427.0,-1.0,128.0,1761249274.0,SIBDL,False
v_25451363_1427,25451362.0,,5896.0,4880.75,1427.0,,,,SIBDL,True
25451332,25451331.0,5.0,5629.0,5236.75,1427.0,-1.0,128.0,1761249262.0,SIBDL,False
v_25513587_1427,25513588.0,,5922.0,3711.75,1427.0,,,,SIBDR,True
25462119,v_25462119_1425,5.0,2865.15,3785.6,1427.0,-1.0,128.0,1765483138.0,SIBDL,False
25510485,v_25510485_1428,5.0,3513.0,5686.75,1427.0,-1.0,128.0,1766515913.0,SIBDR,False
25514622,25555577.0,5.0,3192.15,3185.25,1427.0,-1.0,128.0,1769803267.0,SIBDR,False
v_25510485_1428,25510484.0,,3513.0,5686.75,1428.0,,,,SIBDR,True
25513588,25559171.0,5.0,5932.0,3722.75,1428.0,-1.0,128.0,1771817262.0,SIBDR,False
v_25514621_1428,25514622.0,,3115.65,3210.75,1428.0,,,,SIBDR,True
v_25462118_1428,25462119.0,,2861.55,3790.4,1428.0,,,,SIBDL,True
25451362,25451361.0,5.0,5883.0,4908.75,1428.0,-1.0,128.0,1761249464.0,SIBDL,False
25451331,25451330.0,5.0,5487.0,5382.75,1428.0,-1.0,128.0,1761249232.0,SIBDL,False
25559171,v_25559171_1430,5.0,5932.0,3714.75,1429.0,-1.0,128.0,1771817262.0,SIBDR,False
25514621,v_25514621_1428,5.0,3090.15,3219.25,1429.0,-1.0,128.0,1766515913.0,SIBDR,False
25451330,25451329.0,5.0,5493.0,5394.75,1429.0,-1.0,128.0,1761249231.0,SIBDL,False
25510484,v_25510484_1430,5.0,3513.0,5686.75,1429.0,-1.0,128.0,1766515913.0,SIBDR,False
v_25462118_1429,v_25462118_1429,,2860.35,3792.0,1429.0,,,,SIBDL,True
25451361,25451328.0,5.0,5833.0,4964.75,1429.0,-1.0,128.0,1761249463.0,SIBDL,False
v_25559171_1430,25513589.0,,5932.0,3706.75,1430.0,,,,SIBDR,True
v_25510484_1430,25510483.0,,3512.0,5688.75,1430.0,,,,SIBDR,True
25451329,25451327.0,5.0,5513.0,5398.75,1430.0,-1.0,128.0,1761249228.0,SIBDL,False
25451328,25451327.0,5.0,5835.0,5010.75,1430.0,-1.0,128.0,1761249222.0,SIBDL,False
25555580,25514621.0,5.0,3033.15,3214.25,1430.0,-1.0,128.0,1769803286.0,SIBDR,False
25462118,v_25462118_1428,5.0,2859.15,3793.6,1430.0,-1.0,128.0,1765483138.0,SIBDL,False
25513589,v_25513589_1432,5.0,5932.0,3698.75,1431.0,-1.0,128.0,1766515775.0,SIBDR,False
25514620,25555580.0,5.0,2976.15,3209.25,1431.0,-1.0,128.0,1769803286.0,SIBDR,False
25510483,v_25510483_1432,5.0,3511.0,5690.75,1431.0,-1.0,128.0,1766515913.0,SIBDR,False
25451327,25451326.0,5.0,5687.0,5178.75,1431.0,-1.0,128.0,1761249219.0,SIBDL,False
v_25462117_1431,25462118.0,,2856.15,3790.6,1431.0,,,,SIBDL,True
v_25513589_1432,25513590.0,,5932.0,3698.75,1432.0,,,,SIBDR,True
25510495,v_25510495_1433,5.0,3287.0,5564.75,1432.0,-1.0,128.0,1766515913.0,SIBDR,False
v_25514619_1432,25514620.0,,2956.9500000000003,3217.65,1432.0,,,,SIBDR,True
v_25510483_1432,25510482.0,,3511.0,5680.75,1432.0,,,,SIBDR,True
25462117,v_25462117_1431,5.0,2855.15,3789.6,1432.0,-1.0,128.0,1765483138.0,SIBDL,False
25451326,v_25451326_1433,5.0,5617.0,5226.75,1432.0,-1.0,128.0,1761249216.0,SIBDL,False
25510482,25510481.0,5.0,3511.0,5670.75,1433.0,-1.0,128.0,1766515913.0,SIBDR,False
25513590,v_25513590_1434,5.0,5932.0,3698.75,1433.0,-1.0,128.0,1766515775.0,SIBDR,False
v_25462116_1433,25462117.0,,2850.0071428571428,3791.3142857142857,1433.0,,,,SIBDL,True
v_25451326_1433,25451325.0,,5607.0,5233.75,1433.0,,,,SIBDL,True
v_25510495_1433,25510494.0,,3274.0,5522.75,1433.0,,,,SIBDR,True
v_25514619_1433,v_25514619_1433,,2950.55,3220.45,1433.0,,,,SIBDR,True
v_25513590_1434,v_25513590_1435,,5939.333333333333,3692.75,1434.0,,,,SIBDR,True
v_25462116_1434,v_25462116_1436,,2848.292857142857,3791.885714285714,1434.0,,,,SIBDL,True
25510481,v_25510481_1435,5.0,3517.0,5660.75,1434.0,-1.0,128.0,1766515913.0,SIBDR,False
25514619,v_25514619_1432,5.0,2944.15,3223.25,1434.0,-1.0,128.0,1766515913.0,SIBDR,False
25510494,25510493.0,5.0,3261.0,5480.75,1434.0,-1.0,128.0,1766515913.0,SIBDR,False
25451325,25451323.0,5.0,5597.0,5240.75,1434.0,-1.0,128.0,1761249214.0,SIBDL,False
25510493,25510492.0,5.0,3271.0,5512.75,1435.0,-1.0,128.0,1766515913.0,SIBDR,False
25451323,25451322.0,5.0,5599.0,5252.75,1435.0,-1.0,128.0,1761249213.0,SIBDL,False
v_25462116_1435,v_25462116_1435,,2846.578571428572,3792.457142857143,1435.0,,,,SIBDL,True
v_25513590_1435,25513591.0,,5946.666666666667,3686.75,1435.0,,,,SIBDR,True
v_25514618_1435,25514619.0,,2881.15,3241.25,1435.0,,,,SIBDR,True
25558577,v_25558577_1436,5.0,2716.15,4589.61,1435.0,-1.0,128.0,1771608768.0,SIBDR,False
v_25510481_1435,25510480.0,,3512.0,5652.75,1435.0,,,,SIBDR,True
25451324,25451323.0,5.0,5445.0,5486.75,1436.0,-1.0,128.0,1761249210.0,SIBDL,False
25513591,v_25513591_1437,5.0,5954.0,3680.75,1436.0,-1.0,128.0,1766515775.0,SIBDR,False
25451322,v_25451322_1437,5.0,5725.0,5092.75,1436.0,-1.0,128.0,1761249203.0,SIBDL,False
25514618,v_25514618_1435,5.0,2860.15,3247.25,1436.0,-1.0,128.0,1766515913.0,SIBDR,False
25510480,25510479.0,5.0,3507.0,5644.75,1436.0,-1.0,128.0,1766515913.0,SIBDR,False
v_25462116_1436,v_25462116_1434,,2844.864285714286,3793.028571428572,1436.0,,,,SIBDL,True
25510492,v_25510492_1437,5.0,3283.0,5450.75,1436.0,-1.0,128.0,1766515913.0,SIBDR,False
v_25558577_1436,25558576.0,,2740.15,4606.61,1436.0,,,,SIBDR,True
v_25451322_1437,25451321.0,,5742.0,5105.75,1437.0,,,,SIBDL,True
25558576,v_25558576_1438,5.0,2764.15,4623.61,1437.0,-1.0,128.0,1771608767.0,SIBDR,False
v_25510492_1437,25510491.0,,3292.0,5420.75,1437.0,,,,SIBDR,True
v_25513591_1437,v_25513591_1438,,5954.0,3684.0833333333335,1437.0,,,,SIBDR,True
25462116,v_25462116_1433,5.0,2843.15,3793.6,1437.0,-1.0,128.0,1765483138.0,SIBDL,False
25510479,25510478.0,5.0,3507.0,5644.75,1437.0,-1.0,128.0,1766515913.0,SIBDR,False
25514617,25514618.0,5.0,2806.15,3255.25,1437.0,-1.0,128.0,1766515913.0,SIBDR,False
25510506,25510505.0,5.0,2683.0,4416.75,1437.0,-1.0,128.0,1766515913.0,SIBDR,False
25451339,25451324.0,5.0,5427.0,5518.75,1437.0,-1.0,128.0,1761249365.0,SIBDL,False
25451321,v_25451321_1439,5.0,5759.0,5118.75,1438.0,-1.0,128.0,1761249202.0,SIBDL,False
25510505,25510504.0,5.0,2683.0,4448.75,1438.0,-1.0,128.0,1766515913.0,SIBDR,False
25510478,25510477.0,5.0,3507.0,5650.75,1438.0,-1.0,128.0,1766515913.0,SIBDR,False
v_25558576_1438,v_25558576_1439,,2774.8166666666666,4631.61,1438.0,,,,SIBDR,True
25510491,25510476.0,5.0,3301.0,5390.75,1438.0,-1.0,128.0,1766515913.0,SIBDR,False
25514616,25514617.0,5.0,2744.15,3277.25,1438.0,-1.0,128.0,1766515913.0,SIBDR,False
v_25513591_1438,25513592.0,,5954.0,3687.4166666666665,1438.0,,,,SIBDR,True
25535321,25462116.0,5.0,2848.0,3784.75,1438.0,-1.0,128.0,1767823767.0,SIBDL,False
25451340,25451339.0,5.0,5395.0,5564.75,1438.0,-1.0,128.0,1761249366.0,SIBDL,False
v_25451321_1439,25451320.0,,5770.0,5122.75,1439.0,,,,SIBDL,True
v_25558576_1439,25558575.0,,2785.4833333333336,4639.61,1439.0,,,,SIBDR,True
v_25514615_1439,25514616.0,,2679.65,3304.25,1439.0,,,,SIBDR,True
25510504,25510503.0,5.0,2675.0,4480.75,1439.0,-1.0,128.0,1766515913.0,SIBDR,False
25510477,25510475.0,5.0,3505.0,5642.75,1439.0,-1.0,128.0,1766515913.0,SIBDR,False
25510476,25510475.0,5.0,3293.0,5388.75,1439.0,-1.0,128.0,1766515913.0,SIBDR,False
25513592,v_25513592_1440,5.0,5954.0,3690.75,1439.0,-1.0,128.0,1766515775.0,SIBDR,False
25451341,25451340.0,5.0,5361.0,5584.75,1439.0,-1.0,128.0,1761249367.0,SIBDL,False
25462115,25535321.0,5.0,2853.15,3787.6,1439.0,-1.0,128.0,1767823767.0,SIBDL,False
v_25451342_1440,25451341.0,,5337.0,5602.75,1440.0,,,,SIBDL,True
v_25513592_1440,v_25513592_1441,,5952.666666666667,3695.4166666666665,1440.0,,,,SIBDR,True
25451320,25451319.0,5.0,5781.0,5126.75,1440.0,-1.0,128.0,1761249200.0,SIBDL,False
25514615,v_25514615_1439,5.0,2658.15,3313.25,1440.0,-1.0,128.0,1766515913.0,SIBDR,False
25510475,v_25510475_1441,5.0,3297.0,5552.75,1440.0,-1.0,128.0,1766515913.0,SIBDR,False
25529402,25462115.0,5.0,2828.95,3790.415,1440.0,-1.0,128.0,1766175846.0,SIBDL,False
25510486,25510476.0,5.0,3427.0,5364.75,1440.0,-1.0,128.0,1766515913.0,SIBDR,False
25510503,25510502.0,5.0,2647.0,4412.75,1440.0,-1.0,128.0,1766515913.0,SIBDR,False
25530020,25530019.0,5.0,2905.0,5511.75,1440.0,-1.0,128.0,1766515933.0,SIBDR,False
25558575,25558574.0,5.0,2796.15,4647.61,1440.0,-1.0,128.0,1771608766.0,SIBDR,False
25451319,v_25451319_1442,5.0,5767.0,5148.75,1441.0,-1.0,128.0,1761249198.0,SIBDL,False
25451342,v_25451342_1440,5.0,5329.0,5608.75,1441.0,-1.0,128.0,1761249369.0,SIBDL,False
v_25513592_1441,25513593.0,,5951.333333333333,3700.0833333333335,1441.0,,,,SIBDR,True
25510502,25510501.0,5.0,2587.0,4408.75,1441.0,-1.0,128.0,1766515913.0,SIBDR,False
25530019,25530018.0,5.0,2911.0,5523.75,1441.0,-1.0,128.0,1766515930.0,SIBDR,False
25558574,25558573.0,5.0,2826.15,4671.61,1441.0,-1.0,128.0,1771608765.0,SIBDR,False
25510487,25510486.0,5.0,3431.0,5364.75,1441.0,-1.0,128.0,1766515913.0,SIBDR,False
v_25510475_1441,25510474.0,,3288.0,5553.75,1441.0,,,,SIBDR,True
25462114,25529402.0,5.0,2853.15,3777.6,1441.0,-1.0,128.0,1766175692.0,SIBDL,False
v_25514614_1441,25514615.0,,2619.15,3367.25,1441.0,,,,SIBDR,True
25510501,25510499.0,5.0,2599.0,4384.75,1442.0,-1.0,128.0,1766515913.0,SIBDR,False
25510488,25510487.0,5.0,3461.0,5346.75,1442.0,-1.0,128.0,1766515913.0,SIBDR,False
v_25462113_1442,25462114.0,,2842.65,3788.1,1442.0,,,,SIBDL,True
25513593,25513594.0,5.0,5950.0,3704.75,1442.0,-1.0,128.0,1766515775.0,SIBDR,False
25510500,25514613.0,5.0,2375.0,3860.75,1442.0,-1.0,128.0,1766515913.0,SIBDR,False
25514613,25514612.0,5.0,2340.15,3595.25,1442.0,-1.0,128.0,1766515913.0,SIBDR,False
25514614,v_25514614_1441,5.0,2606.15,3385.25,1442.0,-1.0,128.0,1766515913.0,SIBDR,False
v_25451319_1442,25451318.0,,5762.0,5185.75,1442.0,,,,SIBDL,True
25530018,25530017.0,5.0,2931.0,5505.75,1442.0,-1.0,128.0,1766515928.0,SIBDR,False
25558573,25558572.0,5.0,2836.15,4683.61,1442.0,-1.0,128.0,1771608764.0,SIBDR,False
25510474,25510473.0,5.0,3279.0,5554.75,1442.0,-1.0,128.0,1766515913.0,SIBDR,False
v_25451343_1442,25451342.0,,5263.0,5637.25,1442.0,,,,SIBDL,True
25462113,v_25462113_1442,5.0,2839.15,3791.6,1443.0,-1.0,128.0,1765483138.0,SIBDL,False
25510473,25510471.0,5.0,3239.0,5498.75,1443.0,-1.0,128.0,1766515913.0,SIBDR,False
25513594,25513595.0,5.0,5964.0,3692.75,1443.0,-1.0,128.0,1766515775.0,SIBDR,False
25510489,25510488.0,5.0,3451.0,5316.75,1443.0,-1.0,128.0,1766515913.0,SIBDR,False
25510499,25510500.0,5.0,2519.0,4232.75,1443.0,-1.0,128.0,1766515913.0,SIBDR,False
25558572,25556206.0,5.0,2940.15,4839.61,1443.0,-1.0,128.0,1771608761.0,SIBDR,False
25530017,25510472.0,5.0,2927.0,5489.75,1443.0,-1.0,128.0,1766515926.0,SIBDR,False
25514612,25514614.0,5.0,2446.15,3489.25,1443.0,-1.0,128.0,1766515913.0,SIBDR,False
25451318,25451317.0,5.0,5757.0,5222.75,1443.0,-1.0,128.0,1761249197.0,SIBDL,False
25451343,v_25451343_1442,5.0,5241.0,5646.75,1443.0,-1.0,128.0,1761249370.0,SIBDL,False
25451344,25451343.0,5.0,5173.0,5634.75,1444.0,-1.0,128.0,1761249371.0,SIBDL,False
25451317,v_25451317_1445,5.0,5743.0,5244.75,1444.0,-1.0,128.0,1761249195.0,SIBDL,False
25514611,25514612.0,5.0,2408.15,3531.25,1444.0,-1.0,128.0,1766515913.0,SIBDR,False
25462112,25462113.0,5.0,2837.15,3799.6,1444.0,-1.0,128.0,1765483138.0,SIBDL,False
25510471,25510470.0,5.0,3203.0,5456.75,1444.0,-1.0,128.0,1766515913.0,SIBDR,False
25510472,25510470.0,5.0,2943.0,5478.75,1444.0,-1.0,128.0,1766515913.0,SIBDR,False
25510498,25510499.0,5.0,2605.0,4400.75,1444.0,-1.0,128.0,1766515913.0,SIBDR,False
25513595,25513596.0,5.0,5954.0,3698.75,1444.0,-1.0,128.0,1766515775.0,SIBDR,False
25556206,25510471.0,5.0,3076.0,5066.0,1444.0,-1.0,128.0,1770356591.0,SIBDR,False
25510490,25510489.0,5.0,3447.0,5314.75,1444.0,-1.0,128.0,1766515913.0,SIBDR,False
v_25451317_1445,25451316.0,,5748.0,5254.75,1445.0,,,,SIBDL,True
25510497,25510498.0,5.0,2655.0,4510.75,1445.0,-1.0,128.0,1766515913.0,SIBDR,False
25510470,25510469.0,5.0,3185.0,5476.75,1445.0,-1.0,128.0,1766515913.0,SIBDR,False
25513596,v_25513596_1446,5.0,5954.0,3698.75,1445.0,-1.0,128.0,1766515775.0,SIBDR,False
v_25462111_1445,25462112.0,,2837.15,3799.6,1445.0,,,,SIBDL,True
25514610,25514611.0,5.0,2416.03,3573.79,1445.0,-1.0,128.0,1766515913.0,SIBDR,False
25451345,25451344.0,5.0,5089.0,5666.75,1445.0,-1.0,128.0,1761249374.0,SIBDL,False
v_25513596_1446,25513597.0,,5952.0,3695.75,1446.0,,,,SIBDR,True
25510496,25510497.0,5.0,2761.0,4682.75,1446.0,-1.0,128.0,1766515913.0,SIBDR,False
25510469,25510467.0,5.0,3183.0,5462.75,1446.0,-1.0,128.0,1766515913.0,SIBDR,False
25526673,25514610.0,5.0,2344.0,3553.79,1446.0,-1.0,128.0,1766515913.0,SIBDR,False
25451316,v_25451316_1447,5.0,5753.0,5264.75,1446.0,-1.0,128.0,1761249193.0,SIBDL,False
25451346,25451345.0,5.0,5081.0,5666.75,1446.0,-1.0,128.0,1761249375.0,SIBDL,False
25462111,v_25462111_1445,5.0,2837.15,3799.6,1446.0,-1.0,128.0,1765483138.0,SIBDL,False
25526674,25526673.0,5.0,2348.0,3569.79,1447.0,-1.0,128.0,1766515913.0,SIBDR,False
25510467,25510465.0,5.0,3131.0,5338.75,1447.0,-1.0,128.0,1766515913.0,SIBDR,False
v_25451316_1447,25451315.0,,5754.0,5296.75,1447.0,,,,SIBDL,True
25513597,v_25513597_1448,5.0,5950.0,3692.75,1447.0,-1.0,128.0,1766515775.0,SIBDR,False
25510466,25510496.0,5.0,2819.0,4726.75,1447.0,-1.0,128.0,1766515913.0,SIBDR,False
v_25462110_1447,25462111.0,,2841.65,3793.6,1447.0,,,,SIBDL,True
25528279,25451346.0,5.0,5087.1,5657.75,1447.0,-1.0,128.0,1766090758.0,SIBDL,False
25510465,25510466.0,5.0,2847.0,4902.75,1448.0,-1.0,128.0,1766515913.0,SIBDR,False
v_25451347_1448,25528279.0,,5083.4400000000005,5663.15,1448.0,,,,SIBDL,True
25462110,v_25462110_1447,5.0,2843.15,3791.6,1448.0,-1.0,128.0,1765483138.0,SIBDL,False
25526675,25526674.0,5.0,2356.0,3565.79,1448.0,-1.0,128.0,1766515913.0,SIBDR,False
v_25513597_1448,v_25513597_1449,,5956.0,3692.0833333333335,1448.0,,,,SIBDR,True
25510468,25510467.0,5.0,3367.0,5670.75,1448.0,-1.0,128.0,1766515913.0,SIBDR,False
25451315,25451314.0,5.0,5755.0,5328.75,1448.0,-1.0,128.0,1761249192.0,SIBDL,False
v_25451347_1449,v_25451347_1449,,5082.22,5664.95,1449.0,,,,SIBDL,True
25530021,25526675.0,5.0,2346.0,3568.8,1449.0,-1.0,128.0,1766515944.0,SIBDR,False
v_25513597_1449,25513598.0,,5962.0,3691.4166666666665,1449.0,,,,SIBDR,True
25510464,25510465.0,5.0,2847.0,4902.75,1449.0,-1.0,128.0,1766515913.0,SIBDR,False
25510621,25510468.0,5.0,3397.0,5690.75,1449.0,-1.0,128.0,1766515913.0,SIBDR,False
25451314,v_25451314_1450,5.0,5745.0,5356.75,1449.0,-1.0,128.0,1761249191.0,SIBDL,False
v_25462109_1449,25462110.0,,2846.15,3779.6,1449.0,,,,SIBDL,True
v_25451314_1450,25451313.0,,5747.0,5367.75,1450.0,,,,SIBDL,True
25451347,v_25451347_1448,5.0,5081.0,5666.75,1450.0,-1.0,128.0,1766090757.0,SIBDL,False
25510463,25510464.0,5.0,2817.0,4868.75,1450.0,-1.0,128.0,1766515913.0,SIBDR,False
25513598,v_25513598_1451,5.0,5968.0,3690.75,1450.0,-1.0,128.0,1766515775.0,SIBDR,False
25462109,v_25462109_1449,5.0,2847.15,3775.6,1450.0,-1.0,128.0,1765483138.0,SIBDL,False
v_25510622_1450,25510621.0,,3425.5,5707.25,1450.0,,,,SIBDR,True
v_25510462_1451,25510463.0,,2800.2,4854.35,1451.0,,,,SIBDR,True
v_25513598_1451,v_25513598_1452,,5993.333333333333,3672.75,1451.0,,,,SIBDR,True
v_25451348_1451,25451347.0,,5043.8,5659.55,1451.0,,,,SIBDL,True
25451313,25451312.0,5.0,5749.0,5378.75,1451.0,-1.0,128.0,1761249189.0,SIBDL,False
25510622,v_25510622_1450,5.0,3435.0,5712.75,1451.0,-1.0,128.0,1766515913.0,SIBDR,False
v_25462108_1451,25462109.0,,2853.15,3778.6,1451.0,,,,SIBDL,True
v_25510462_1452,v_25510462_1452,,2794.6,4849.55,1452.0,,,,SIBDR,True
25451312,25451311.0,5.0,5749.0,5392.75,1452.0,-1.0,128.0,1761249188.0,SIBDL,False
v_25510623_1452,25510622.0,,3438.0,5733.75,1452.0,,,,SIBDR,True
v_25451348_1452,v_25451348_1452,,5031.4,5657.15,1452.0,,,,SIBDL,True
v_25513598_1452,25513599.0,,6018.666666666667,3654.75,1452.0,,,,SIBDR,True
25462108,v_25462108_1451,5.0,2855.15,3779.6,1452.0,-1.0,128.0,1765483138.0,SIBDL,False
25513599,v_25513599_1454,5.0,6044.0,3636.75,1453.0,-1.0,128.0,1766515775.0,SIBDR,False
25451311,v_25451311_1454,5.0,5749.0,5402.75,1453.0,-1.0,128.0,1761249187.0,SIBDL,False
25462107,25462108.0,5.0,2865.15,3779.6,1453.0,-1.0,128.0,1765483138.0,SIBDL,False
25510462,v_25510462_1451,5.0,2789.0,4844.75,1453.0,-1.0,128.0,1766515913.0,SIBDR,False
25451348,v_25451348_1451,5.0,5019.0,5654.75,1453.0,-1.0,128.0,1761249378.0,SIBDL,False
25510623,v_25510623_1452,5.0,3439.0,5740.75,1453.0,-1.0,128.0,1766515913.0,SIBDR,False
v_25451311_1454,25451310.0,,5744.0,5418.75,1454.0,,,,SIBDL,True
v_25510624_1454,25510623.0,,3413.5,5737.75,1454.0,,,,SIBDR,True
v_25513599_1454,25513600.0,,6057.0,3635.75,1454.0,,,,SIBDR,True
v_25451349_1454,25451348.0,,5005.8,5640.35,1454.0,,,,SIBDL,True
25510461,25510462.0,5.0,2804.95,4870.415,1454.0,-1.0,128.0,1766515913.0,SIBDR,False
v_25462106_1454,25462107.0,,2865.15,3772.1,1454.0,,,,SIBDL,True
v_25451349_1455,v_25451349_1455,,5001.4,5635.55,1455.0,,,,SIBDL,True
25510460,25510461.0,5.0,2839.0,4948.75,1455.0,-1.0,128.0,1766515913.0,SIBDR,False
25451310,25451309.0,5.0,5739.0,5434.75,1455.0,-1.0,128.0,1761249185.0,SIBDL,False
25462106,v_25462106_1454,5.0,2865.15,3769.6,1455.0,-1.0,128.0,1765483138.0,SIBDL,False
25513600,25513601.0,5.0,6070.0,3634.75,1455.0,-1.0,128.0,1766515775.0,SIBDR,False
25510624,v_25510624_1454,5.0,3405.0,5736.75,1455.0,-1.0,128.0,1766515913.0,SIBDR,False
25462105,25462106.0,5.0,2865.15,3769.6,1456.0,-1.0,128.0,1765483138.0,SIBDL,False
25551462,25510624.0,5.0,3409.0,5745.75,1456.0,-1.0,128.0,1768932327.0,SIBDR,False
25451309,v_25451309_1457,5.0,5717.0,5464.75,1456.0,-1.0,128.0,1761249184.0,SIBDL,False
25513601,25513602.0,5.0,6086.0,3648.75,1456.0,-1.0,128.0,1766515775.0,SIBDR,False
25451349,v_25451349_1454,5.0,4997.0,5630.75,1456.0,-1.0,128.0,1761249380.0,SIBDL,False
25510459,25510460.0,5.0,2889.0,5128.75,1456.0,-1.0,128.0,1766515913.0,SIBDR,False
25510458,25510459.0,5.0,2889.0,5134.75,1457.0,-1.0,128.0,1766515913.0,SIBDR,False
25513602,25513603.0,5.0,6100.0,3620.75,1457.0,-1.0,128.0,1766515775.0,SIBDR,False
v_25451309_1457,25451308.0,,5698.0,5486.75,1457.0,,,,SIBDL,True
25510625,25551462.0,5.0,3413.0,5754.75,1457.0,-1.0,128.0,1768932327.0,SIBDR,False
v_25451350_1457,25451349.0,,4998.2,5621.15,1457.0,,,,SIBDL,True
25462104,25462105.0,5.0,2883.15,3757.6,1457.0,-1.0,128.0,1765483138.0,SIBDL,False
v_25462103_1458,25462104.0,,2877.15,3766.6,1458.0,,,,SIBDL,True
25513603,25513604.0,5.0,6128.0,3618.75,1458.0,-1.0,128.0,1766515775.0,SIBDR,False
25451308,v_25451308_1459,5.0,5679.0,5508.75,1458.0,-1.0,128.0,1761249182.0,SIBDL,False
v_25510457_1458,25510458.0,,2895.0,5148.25,1458.0,,,,SIBDR,True
v_25510626_1458,25510625.0,,3449.0,5750.25,1458.0,,,,SIBDR,True
v_25451350_1458,v_25451350_1458,,4998.6,5617.95,1458.0,,,,SIBDL,True
25451350,v_25451350_1457,5.0,4999.0,5614.75,1459.0,-1.0,128.0,1761249381.0,SIBDL,False
25513604,25513605.0,5.0,6150.0,3616.75,1459.0,-1.0,128.0,1766515775.0,SIBDR,False
25510626,v_25510626_1458,5.0,3461.0,5748.75,1459.0,-1.0,128.0,1766515913.0,SIBDR,False
v_25451308_1459,25451307.0,,5668.0,5516.75,1459.0,,,,SIBDL,True
25462103,v_25462103_1458,5.0,2875.15,3769.6,1459.0,-1.0,128.0,1765483138.0,SIBDL,False
25510457,v_25510457_1458,5.0,2897.0,5152.75,1459.0,-1.0,128.0,1766515913.0,SIBDR,False
25510456,25510457.0,5.0,2917.0,5204.75,1460.0,-1.0,128.0,1766515913.0,SIBDR,False
25451352,25451350.0,5.0,5063.0,5592.75,1460.0,-1.0,128.0,1761249392.0,SIBDL,False
25451351,25451350.0,5.0,4877.0,5594.75,1460.0,-1.0,128.0,1761249389.0,SIBDL,False
25451307,25451306.0,5.0,5657.0,5524.75,1460.0,-1.0,128.0,1761249181.0,SIBDL,False
25513605,v_25513605_1461,5.0,6180.0,3586.75,1460.0,-1.0,128.0,1766515775.0,SIBDR,False
v_25510627_1460,25510626.0,,3461.0,5747.25,1460.0,,,,SIBDR,True
25462102,25462103.0,5.0,2873.15,3737.6,1460.0,-1.0,128.0,1765483138.0,SIBDL,False
25510627,v_25510627_1460,5.0,3461.0,5746.75,1461.0,-1.0,128.0,1766515913.0,SIBDR,False
v_25510455_1461,25510456.0,,2945.5,5252.75,1461.0,,,,SIBDR,True
v_25451353_1461,25451352.0,,5069.0,5574.75,1461.0,,,,SIBDL,True
25451357,25451351.0,5.0,4857.0,5556.75,1461.0,-1.0,128.0,1761249415.0,SIBDL,False
25451306,v_25451306_1462,5.0,5625.0,5538.75,1461.0,-1.0,128.0,1761249180.0,SIBDL,False
v_25513605_1461,25513606.0,,6209.0,3553.75,1461.0,,,,SIBDR,True
v_25462101_1461,25462102.0,,2873.15,3737.6,1461.0,,,,SIBDL,True
v_25451306_1462,25451305.0,,5613.0,5551.75,1462.0,,,,SIBDL,True
v_25510628_1462,25510627.0,,3480.2,5733.55,1462.0,,,,SIBDR,True
25513606,25513607.0,5.0,6238.0,3520.75,1462.0,-1.0,128.0,1766515775.0,SIBDR,False
25510455,v_25510455_1461,5.0,2955.0,5268.75,1462.0,-1.0,128.0,1766515913.0,SIBDR,False
25451353,v_25451353_1461,5.0,5071.0,5568.75,1462.0,-1.0,128.0,1761249399.0,SIBDL,False
25451358,25451357.0,5.0,4853.0,5536.75,1462.0,-1.0,128.0,1761249416.0,SIBDL,False
v_25462101_1462,v_25462101_1463,,2873.15,3737.6,1462.0,,,,SIBDL,True
v_25462101_1463,v_25462101_1462,,2873.15,3737.6,1463.0,,,,SIBDL,True
25510454,25510455.0,5.0,2981.0,5328.75,1463.0,-1.0,128.0,1766515913.0,SIBDR,False
25451359,25451358.0,5.0,4843.0,5494.75,1463.0,-1.0,128.0,1761249417.0,SIBDL,False
25451354,25451353.0,5.0,5059.0,5538.75,1463.0,-1.0,128.0,1761249402.0,SIBDL,False
25513607,25513608.0,5.0,6244.0,3504.75,1463.0,-1.0,128.0,1766515775.0,SIBDR,False
v_25510628_1463,v_25510628_1463,,3486.6,5729.15,1463.0,,,,SIBDR,True
25451305,v_25451305_1464,5.0,5601.0,5564.75,1463.0,-1.0,128.0,1761249179.0,SIBDL,False
25513608,v_25513608_1465,5.0,6242.0,3464.75,1464.0,-1.0,128.0,1766515775.0,SIBDR,False
25451355,25451354.0,5.0,5035.0,5516.75,1464.0,-1.0,128.0,1761249403.0,SIBDL,False
25451360,25451359.0,5.0,4825.0,5486.75,1464.0,-1.0,128.0,1761249419.0,SIBDL,False
25462101,v_25462101_1461,5.0,2873.15,3737.6,1464.0,-1.0,128.0,1765483138.0,SIBDL,False
25510628,v_25510628_1462,5.0,3493.0,5724.75,1464.0,-1.0,128.0,1766515913.0,SIBDR,False
v_25510453_1464,25510454.0,,3003.5,5342.25,1464.0,,,,SIBDR,True
v_25451305_1464,25451304.0,,5599.0,5581.75,1464.0,,,,SIBDL,True
25451304,25451303.0,5.0,5597.0,5598.75,1465.0,-1.0,128.0,1761249177.0,SIBDL,False
v_25513608_1465,25513609.0,,6237.0,3474.75,1465.0,,,,SIBDR,True
v_25462100_1465,25462101.0,,2870.15,3740.6,1465.0,,,,SIBDL,True
25510453,v_25510453_1464,5.0,3011.0,5346.75,1465.0,-1.0,128.0,1766515913.0,SIBDR,False
v_25510629_1465,25510628.0,,3515.5,5706.75,1465.0,,,,SIBDR,True
v_25451356_1465,25451355.0,,5029.0,5489.75,1465.0,,,,SIBDL,True
v_25510452_1466,25510453.0,,3000.5,5367.75,1466.0,,,,SIBDR,True
25451303,v_25451303_1467,5.0,5585.0,5616.75,1466.0,-1.0,128.0,1761249171.0,SIBDL,False
25510629,v_25510629_1465,5.0,3523.0,5700.75,1466.0,-1.0,128.0,1766515913.0,SIBDR,False
25451356,v_25451356_1465,5.0,5027.0,5480.75,1466.0,-1.0,128.0,1761249405.0,SIBDL,False
25513609,v_25513609_1467,5.0,6232.0,3484.75,1466.0,-1.0,128.0,1766515775.0,SIBDR,False
25462100,v_25462100_1465,5.0,2869.15,3741.6,1466.0,-1.0,128.0,1765483138.0,SIBDL,False
v_25513609_1467,25513610.0,,6261.0,3467.75,1467.0,,,,SIBDR,True
v_25510630_1467,25510629.0,,3521.5,5688.75,1467.0,,,,SIBDR,True
v_25451303_1467,v_25451303_1468,,5585.0,5626.75,1467.0,,,,SIBDL,True
25510452,v_25510452_1466,5.0,2997.0,5374.75,1467.0,-1.0,128.0,1766515913.0,SIBDR,False
v_25462099_1467,25462100.0,,2878.15,3720.6,1467.0,,,,SIBDL,True
25510630,v_25510630_1467,5.0,3521.0,5684.75,1468.0,-1.0,128.0,1766515913.0,SIBDR,False
25462099,v_25462099_1467,5.0,2881.15,3713.6,1468.0,-1.0,128.0,1765483138.0,SIBDL,False
v_25451303_1468,25451302.0,,5585.0,5636.75,1468.0,,,,SIBDL,True
25510451,25510452.0,5.0,3009.0,5386.75,1468.0,-1.0,128.0,1766515913.0,SIBDR,False
25513610,25513611.0,5.0,6290.0,3450.75,1468.0,-1.0,128.0,1766515775.0,SIBDR,False
v_25462098_1469,25462099.0,,2881.15,3716.6,1469.0,,,,SIBDL,True
25513611,25513612.0,5.0,6314.0,3432.75,1469.0,-1.0,128.0,1766515775.0,SIBDR,False
25451302,v_25451302_1470,5.0,5585.0,5646.75,1469.0,-1.0,128.0,1761249170.0,SIBDL,False
v_25510631_1469,25510630.0,,3548.0,5654.75,1469.0,,,,SIBDR,True
25510450,25510451.0,5.0,3045.0,5428.75,1469.0,-1.0,128.0,1766515913.0,SIBDR,False
25462098,v_25462098_1469,5.0,2881.15,3717.6,1470.0,-1.0,128.0,1765483138.0,SIBDL,False
25513612,25513613.0,5.0,6324.0,3400.75,1470.0,-1.0,128.0,1766515775.0,SIBDR,False
v_25510449_1470,25510450.0,,3067.5,5436.25,1470.0,,,,SIBDR,True
v_25451302_1470,v_25451302_1471,,5577.0,5649.416666666667,1470.0,,,,SIBDL,True
25510631,v_25510631_1469,5.0,3557.0,5644.75,1470.0,-1.0,128.0,1766515913.0,SIBDR,False
v_25510632_1471,25510631.0,,3573.5,5632.75,1471.0,,,,SIBDR,True
v_25451302_1471,25451301.0,,5569.0,5652.083333333333,1471.0,,,,SIBDL,True
25513613,25513614.0,5.0,6328.0,3384.75,1471.0,-1.0,128.0,1766515775.0,SIBDR,False
25510449,v_25510449_1470,5.0,3075.0,5438.75,1471.0,-1.0,128.0,1766515913.0,SIBDR,False
25462097,25462098.0,5.0,2881.15,3721.6,1471.0,-1.0,128.0,1765483138.0,SIBDL,False
25513614,25513615.0,5.0,6350.0,3376.75,1472.0,-1.0,128.0,1766515775.0,SIBDR,False
25451301,v_25451301_1473,5.0,5561.0,5654.75,1472.0,-1.0,128.0,1761249169.0,SIBDL,False
25462096,25462097.0,5.0,2903.15,3683.6,1472.0,-1.0,128.0,1765483138.0,SIBDL,False
25510632,v_25510632_1471,5.0,3579.0,5628.75,1472.0,-1.0,128.0,1766515913.0,SIBDR,False
25510448,25510449.0,5.0,3097.0,5464.75,1472.0,-1.0,128.0,1766515913.0,SIBDR,False
v_25451301_1473,v_25451301_1474,,5561.0,5654.75,1473.0,,,,SIBDL,True
v_25510447_1473,25510448.0,,3106.0,5491.75,1473.0,,,,SIBDR,True
v_25510633_1473,25510632.0,,3611.0,5611.75,1473.0,,,,SIBDR,True
v_25462095_1473,25462096.0,,2916.65,3673.1,1473.0,,,,SIBDL,True
25513615,25513616.0,5.0,6392.0,3390.75,1473.0,-1.0,128.0,1766515775.0,SIBDR,False
v_25451301_1474,25451300.0,,5561.0,5654.75,1474.0,,,,SIBDL,True
25462095,v_25462095_1473,5.0,2921.15,3669.6,1474.0,-1.0,128.0,1765483138.0,SIBDL,False
v_25510633_1474,v_25510633_1475,,3621.6666666666665,5606.083333333333,1474.0,,,,SIBDR,True
25513616,25513617.0,5.0,6416.0,3392.75,1474.0,-1.0,128.0,1766515775.0,SIBDR,False
25510447,v_25510447_1473,5.0,3109.0,5500.75,1474.0,-1.0,128.0,1766515913.0,SIBDR,False
25510446,25510447.0,5.0,3125.0,5540.75,1475.0,-1.0,128.0,1766515913.0,SIBDR,False
25462094,25462095.0,5.0,2925.15,3657.6,1475.0,-1.0,128.0,1765483138.0,SIBDL,False
25451300,v_25451300_1476,5.0,5561.0,5654.75,1475.0,-1.0,128.0,1761249167.0,SIBDL,False
25513617,25554944.0,5.0,6430.0,3382.75,1475.0,-1.0,128.0,1769748592.0,SIBDR,False
v_25510633_1475,v_25510633_1474,,3632.3333333333335,5600.416666666667,1475.0,,,,SIBDR,True
v_25451300_1476,25451299.0,,5537.0,5668.75,1476.0,,,,SIBDL,True
25554944,25513618.0,5.0,6449.0,3386.75,1476.0,-1.0,128.0,1769748592.0,SIBDR,False
v_25510445_1476,25510446.0,,3122.0,5567.75,1476.0,,,,SIBDR,True
25510633,v_25510633_1473,5.0,3643.0,5594.75,1476.0,-1.0,128.0,1766515913.0,SIBDR,False
25462093,25462094.0,5.0,2921.15,3655.6,1476.0,-1.0,128.0,1765483138.0,SIBDL,False
25451299,v_25451299_1478,5.0,5513.0,5682.75,1477.0,-1.0,128.0,1761249165.0,SIBDL,False
25510445,v_25510445_1476,5.0,3121.0,5576.75,1477.0,-1.0,128.0,1766515913.0,SIBDR,False
25513618,v_25513618_1478,5.0,6468.0,3390.75,1477.0,-1.0,128.0,1766515775.0,SIBDR,False
25462092,25462093.0,5.0,2903.15,3639.6,1477.0,-1.0,128.0,1765483138.0,SIBDL,False
25510444,25510445.0,5.0,3113.0,5582.75,1478.0,-1.0,128.0,1766515913.0,SIBDR,False
25462091,25462092.0,5.0,2897.15,3623.6,1478.0,-1.0,128.0,1765483138.0,SIBDL,False
v_25513618_1478,25513619.0,,6492.0,3393.75,1478.0,,,,SIBDR,True
v_25451299_1478,v_25451299_1479,,5513.0,5682.75,1478.0,,,,SIBDL,True
v_25462090_1479,25462091.0,,2891.15,3613.1,1479.0,,,,SIBDL,True
25513619,25513620.0,5.0,6516.0,3396.75,1479.0,-1.0,128.0,1766515775.0,SIBDR,False
v_25510443_1479,25510444.0,,3104.0,5588.75,1479.0,,,,SIBDR,True
v_25451299_1479,25451298.0,,5513.0,5682.75,1479.0,,,,SIBDL,True
25510443,v_25510443_1479,5.0,3101.0,5590.75,1480.0,-1.0,128.0,1766515913.0,SIBDR,False
25462090,v_25462090_1479,5.0,2889.15,3609.6,1480.0,-1.0,128.0,1765483138.0,SIBDL,False
25451298,v_25451298_1481,5.0,5513.0,5682.75,1480.0,-1.0,128.0,1761249163.0,SIBDL,False
25513620,v_25513620_1481,5.0,6526.0,3402.75,1480.0,-1.0,128.0,1766515775.0,SIBDR,False
v_25513620_1481,25513621.0,,6532.0,3401.75,1481.0,,,,SIBDR,True
25510442,25510443.0,5.0,3101.0,5578.75,1481.0,-1.0,128.0,1766515913.0,SIBDR,False
v_25451298_1481,v_25451298_1482,,5510.533333333334,5694.016666666666,1481.0,,,,SIBDL,True
v_25462089_1481,25462090.0,,2886.15,3596.1,1481.0,,,,SIBDL,True
v_25451298_1482,25451297.0,,5508.066666666667,5705.283333333334,1482.0,,,,SIBDL,True
25462089,v_25462089_1481,5.0,2885.15,3591.6,1482.0,-1.0,128.0,1765483138.0,SIBDL,False
25513621,v_25513621_1483,5.0,6538.0,3400.75,1482.0,-1.0,128.0,1766515775.0,SIBDR,False
25510441,25510442.0,5.0,3153.0,5572.75,1482.0,-1.0,128.0,1766515913.0,SIBDR,False
v_25510440_1483,25510441.0,,3225.0,5557.75,1483.0,,,,SIBDR,True
v_25462088_1483,25462089.0,,2879.15,3606.6,1483.0,,,,SIBDL,True
25530016,25403454.0,5.0,7257.8,2575.96,1483.0,-1.0,128.0,1766515885.0,SIBDR,False
25451297,v_25451297_1484,5.0,5505.6,5716.55,1483.0,-1.0,128.0,1767725509.0,SIBDL,False
v_25513621_1483,25513622.0,,6543.0,3410.75,1483.0,,,,SIBDR,True
v_25451297_1484,v_25451297_1485,,5507.400000000001,5723.95,1484.0,,,,SIBDL,True
25462088,v_25462088_1483,5.0,2877.15,3611.6,1484.0,-1.0,128.0,1765483138.0,SIBDL,False
25513622,v_25513622_1485,5.0,6548.0,3420.75,1484.0,-1.0,128.0,1766515775.0,SIBDR,False
25403454,25403453.0,5.0,7259.8,2590.95,1484.0,-1.0,128.0,1757388175.0,SIBDR,False
25510440,v_25510440_1483,5.0,3249.0,5552.75,1484.0,-1.0,128.0,1766515913.0,SIBDR,False
v_25510439_1485,25510440.0,,3265.5,5551.25,1485.0,,,,SIBDR,True
v_25513622_1485,25513623.0,,6563.0,3420.75,1485.0,,,,SIBDR,True
v_25451297_1485,25451296.0,,5509.2,5731.35,1485.0,,,,SIBDL,True
25403453,25403452.0,5.0,7247.8,2608.95,1485.0,-1.0,128.0,1757388155.0,SIBDR,False
25462087,25462088.0,5.0,2865.15,3597.6,1485.0,-1.0,128.0,1765483138.0,SIBDL,False
25510439,v_25510439_1485,5.0,3271.0,5550.75,1486.0,-1.0,128.0,1766515913.0,SIBDR,False
25462086,25462087.0,5.0,2867.15,3577.6,1486.0,-1.0,128.0,1765483138.0,SIBDL,False
25403452,25396799.0,5.0,7219.8,2556.95,1486.0,-1.0,128.0,1757388153.0,SIBDR,False
25451296,v_25451296_1487,5.0,5511.0,5738.75,1486.0,-1.0,128.0,1761249160.0,SIBDL,False
25513623,v_25513623_1487,5.0,6578.0,3420.75,1486.0,-1.0,128.0,1766515775.0,SIBDR,False
25396800,25396799.0,5.0,7275.8,2682.95,1487.0,-1.0,128.0,1757388108.0,SIBDR,False
25396799,25396798.0,5.0,7155.8,2444.95,1487.0,-1.0,128.0,1757388107.0,SIBDR,False
25510438,25510439.0,5.0,3309.0,5574.75,1487.0,-1.0,128.0,1766515913.0,SIBDR,False
v_25451296_1487,25451295.0,,5510.0,5750.75,1487.0,,,,SIBDL,True
25462151,25462086.0,5.0,2860.15,3579.6,1487.0,-1.0,128.0,1765483138.0,SIBDL,False
v_25513623_1487,v_25513623_1488,,6586.0,3425.4166666666665,1487.0,,,,SIBDR,True
25396803,25396801.0,5.0,7359.8,2958.95,1488.0,-1.0,128.0,1757140659.0,SIBDR,False
25462152,25462151.0,5.0,2860.15,3579.6,1488.0,-1.0,128.0,1765483138.0,SIBDL,False
25510437,25510438.0,5.0,3327.0,5590.75,1488.0,-1.0,128.0,1766515913.0,SIBDR,False
25451295,v_25451295_1489,5.0,5509.0,5762.75,1488.0,-1.0,128.0,1761249159.0,SIBDL,False
25396798,25396797.0,5.0,7095.8,2330.95,1488.0,-1.0,128.0,1757140590.0,SIBDR,False
25396801,25396800.0,5.0,7311.8,2758.95,1488.0,-1.0,128.0,1757140622.0,SIBDR,False
v_25513623_1488,25513624.0,,6594.0,3430.083333333333,1488.0,,,,SIBDR,True
v_25451295_1489,25451294.0,,5500.0,5782.75,1489.0,,,,SIBDL,True
25396805,25396803.0,5.0,7367.8,2978.95,1489.0,-1.0,128.0,1757140749.0,SIBDR,False
25396797,25396796.0,5.0,7067.8,2290.95,1489.0,-1.0,128.0,1757140588.0,SIBDR,False
25396802,25396801.0,5.0,7343.8,2846.95,1489.0,-1.0,128.0,1757140624.0,SIBDR,False
25513624,v_25513624_1490,5.0,6602.0,3434.75,1489.0,-1.0,128.0,1766515775.0,SIBDR,False
25462153,25462152.0,5.0,2872.15,3561.6,1489.0,-1.0,128.0,1765483138.0,SIBDL,False
25510436,25510437.0,5.0,3361.0,5610.75,1489.0,-1.0,128.0,1766515913.0,SIBDR,False
25510435,25510436.0,5.0,3363.0,5612.75,1490.0,-1.0,128.0,1766515913.0,SIBDR,False
25451294,v_25451294_1491,5.0,5491.0,5802.75,1490.0,-1.0,128.0,1761249157.0,SIBDL,False
25396804,25396802.0,5.0,7363.8,2882.95,1490.0,-1.0,128.0,1757140656.0,SIBDR,False
25462154,25462153.0,5.0,2858.15,3549.6,1490.0,-1.0,128.0,1765483138.0,SIBDL,False
25396806,25396805.0,5.0,7349.8,2998.95,1490.0,-1.0,128.0,1757140846.0,SIBDR,False
25396796,25396792.0,5.0,7043.8,2262.95,1490.0,-1.0,128.0,1757140587.0,SIBDR,False
v_25513624_1490,v_25513624_1491,,6600.0,3428.083333333333,1490.0,,,,SIBDR,True
v_25513624_1491,25513625.0,,6598.0,3421.4166666666665,1491.0,,,,SIBDR,True
25396792,,5.0,7015.8,2226.95,1491.0,-1.0,128.0,1757140087.0,SIBDR,False
v_25451294_1491,v_25451294_1492,,5473.666666666667,5826.083333333333,1491.0,,,,SIBDL,True
25462155,25462154.0,5.0,2848.15,3545.6,1491.0,-1.0,128.0,1765483138.0,SIBDL,False
v_25510434_1491,25510435.0,,3361.5,5648.75,1491.0,,,,SIBDR,True
25530006,25396806.0,5.0,7310.15,3012.3,1491.0,-1.0,128.0,1766515752.0,SIBDR,False
25513625,v_25513625_1493,5.0,6596.0,3414.75,1492.0,-1.0,128.0,1766515775.0,SIBDR,False
25462156,25462155.0,5.0,2848.15,3529.6,1492.0,-1.0,128.0,1765483138.0,SIBDL,False
v_25530007_1492,25530006.0,,7295.15,3024.3,1492.0,,,,SIBDR,True
25396807,25396792.0,5.0,6991.8,2186.95,1492.0,-1.0,128.0,1757140875.0,SIBDR,False
v_25451294_1492,25451293.0,,5456.333333333333,5849.416666666667,1492.0,,,,SIBDL,True
25510434,v_25510434_1491,5.0,3361.0,5660.75,1492.0,-1.0,128.0,1766515913.0,SIBDR,False
25530007,v_25530007_1492,5.0,7290.15,3028.3,1493.0,-1.0,128.0,1766515753.0,SIBDR,False
25451293,25451292.0,5.0,5439.0,5872.75,1493.0,-1.0,128.0,1761249156.0,SIBDL,False
25462157,25462156.0,5.0,2806.15,3533.6,1493.0,-1.0,128.0,1765483138.0,SIBDL,False
25396808,25396807.0,5.0,6931.8,2100.95,1493.0,-1.0,128.0,1757140877.0,SIBDR,False
v_25513625_1493,v_25513625_1494,,6596.0,3424.083333333333,1493.0,,,,SIBDR,True
v_25510433_1493,25510434.0,,3350.5,5674.25,1493.0,,,,SIBDR,True
25530009,25530007.0,5.0,7274.15,3034.31,1494.0,-1.0,128.0,1766515762.0,SIBDR,False
25451292,25451291.0,5.0,5409.0,5900.75,1494.0,-1.0,128.0,1761249154.0,SIBDL,False
25510433,v_25510433_1493,5.0,3347.0,5678.75,1494.0,-1.0,128.0,1766515913.0,SIBDR,False
v_25513625_1494,25513626.0,,6596.0,3433.4166666666665,1494.0,,,,SIBDR,True
25462158,25462157.0,5.0,2798.15,3525.6,1494.0,-1.0,128.0,1765483138.0,SIBDL,False
25396809,25396808.0,5.0,6911.8,2066.95,1494.0,-1.0,128.0,1757140882.0,SIBDR,False
25396810,25396809.0,5.0,6859.8,2024.95,1495.0,-1.0,128.0,1757140883.0,SIBDR,False
25462159,25462158.0,5.0,2764.15,3515.6,1495.0,-1.0,128.0,1765483138.0,SIBDL,False
25530008,25530009.0,5.0,7270.15,3040.31,1495.0,-1.0,128.0,1766515763.0,SIBDR,False
25513626,v_25513626_1496,5.0,6596.0,3442.75,1495.0,-1.0,128.0,1766515775.0,SIBDR,False
25451291,v_25451291_1496,5.0,5405.0,5896.75,1495.0,-1.0,128.0,1761249150.0,SIBDL,False
25510432,25510433.0,5.0,3347.0,5706.75,1495.0,-1.0,128.0,1766515913.0,SIBDR,False
v_25530010_1496,25530008.0,,7240.15,3055.3025,1496.0,,,,SIBDR,True
v_25513626_1496,25513627.0,,6604.0,3439.75,1496.0,,,,SIBDR,True
v_25462160_1496,25462159.0,,2741.65,3514.1,1496.0,,,,SIBDL,True
25396811,25396810.0,5.0,6847.8,2012.95,1496.0,-1.0,128.0,1757140885.0,SIBDR,False
v_25451291_1496,v_25451291_1497,,5399.0,5909.416666666667,1496.0,,,,SIBDL,True
25510431,25510432.0,5.0,3349.0,5756.75,1496.0,-1.0,128.0,1766515913.0,SIBDR,False
25462160,v_25462160_1496,5.0,2734.15,3513.6,1497.0,-1.0,128.0,1765483138.0,SIBDL,False
v_25451291_1497,25451290.0,,5393.0,5922.083333333333,1497.0,,,,SIBDL,True
25396812,25396811.0,5.0,6829.8,1994.95,1497.0,-1.0,128.0,1757140887.0,SIBDR,False
v_25510430_1497,25510431.0,,3346.0,5779.25,1497.0,,,,SIBDR,True
25513627,v_25513627_1498,5.0,6612.0,3436.75,1497.0,-1.0,128.0,1766515775.0,SIBDR,False
25530010,v_25530010_1496,5.0,7230.15,3060.3,1497.0,-1.0,128.0,1766515764.0,SIBDR,False
25510430,v_25510430_1497,5.0,3345.0,5786.75,1498.0,-1.0,128.0,1766515913.0,SIBDR,False
25451290,v_25451290_1499,5.0,5387.0,5934.75,1498.0,-1.0,128.0,1761249148.0,SIBDL,False
25462161,25462160.0,5.0,2698.15,3471.6,1498.0,-1.0,128.0,1765483138.0,SIBDL,False
v_25530011_1498,25530010.0,,7193.2875,3065.8875,1498.0,,,,SIBDR,True
v_25513627_1498,v_25513627_1499,,6624.0,3438.75,1498.0,,,,SIBDR,True
25396813,25396812.0,5.0,6803.8,1968.95,1498.0,-1.0,128.0,1757140888.0,SIBDR,False
v_25451290_1499,v_25451290_1500,,5381.0,5944.083333333333,1499.0,,,,SIBDL,True
25462162,25462161.0,5.0,2676.155,3441.63,1499.0,-1.0,128.0,1767375628.0,SIBDL,False
25530011,v_25530011_1498,5.0,7181.0,3067.75,1499.0,-1.0,128.0,1767984703.0,SIBDR,False
v_25510429_1499,25510430.0,,3342.0,5809.25,1499.0,,,,SIBDR,True
25530024,25462162.0,5.0,2552.15,3364.61,1499.0,-1.0,128.0,1767375636.0,SIBDL,False
v_25513627_1499,v_25513627_1500,,6636.0,3440.75,1499.0,,,,SIBDR,True
25396814,25396813.0,5.0,6787.8,1950.95,1499.0,-1.0,128.0,1757140890.0,SIBDR,False
25530025,25530024.0,5.0,2552.15,3354.61,1500.0,-1.0,128.0,1767375636.0,SIBDL,False
v_25451290_1500,25451289.0,,5375.0,5953.416666666667,1500.0,,,,SIBDL,True
25530012,25530011.0,5.0,7210.15,3060.3,1500.0,-1.0,128.0,1766515770.0,SIBDR,False
25510429,v_25510429_1499,5.0,3341.0,5816.75,1500.0,-1.0,128.0,1766515913.0,SIBDR,False
25396815,25396814.0,5.0,6781.8,1948.95,1500.0,-1.0,128.0,1757140891.0,SIBDR,False
v_25513627_1500,25513628.0,,6648.0,3442.75,1500.0,,,,SIBDR,True
25530026,25530025.0,5.0,2556.15,3360.61,1501.0,-1.0,128.0,1767375636.0,SIBDL,False
v_25396816_1501,25396815.0,,6762.5625,1937.2275,1501.0,,,,SIBDR,True
25510428,25510429.0,5.0,3345.0,5830.75,1501.0,-1.0,128.0,1766515913.0,SIBDR,False
25513628,v_25513628_1502,5.0,6660.0,3444.75,1501.0,-1.0,128.0,1766515775.0,SIBDR,False
25513649,25530012.0,5.0,7232.0,3004.75,1501.0,-1.0,128.0,1766515775.0,SIBDR,False
25451289,v_25451289_1502,5.0,5369.0,5962.75,1501.0,-1.0,128.0,1761249147.0,SIBDL,False
v_25513628_1502,v_25513628_1503,,6681.333333333333,3448.75,1502.0,,,,SIBDR,True
25396816,v_25396816_1501,5.0,6756.15,1933.32,1502.0,-1.0,128.0,1766515687.0,SIBDR,False
25513648,25513649.0,5.0,7204.15,3001.34,1502.0,-1.0,128.0,1766515775.0,SIBDR,False
25510427,25510428.0,5.0,3347.0,5822.75,1502.0,-1.0,128.0,1766515913.0,SIBDR,False
v_25451289_1502,v_25451289_1503,,5369.0,5972.75,1502.0,,,,SIBDL,True
25530027,25530026.0,5.0,2582.15,3306.61,1502.0,-1.0,128.0,1767375636.0,SIBDL,False
v_25451289_1503,25451288.0,,5369.0,5982.75,1503.0,,,,SIBDL,True
25396817,25396816.0,5.0,6753.8,1890.95,1503.0,-1.0,128.0,1757140894.0,SIBDR,False
v_25513628_1503,25513629.0,,6702.666666666667,3452.75,1503.0,,,,SIBDR,True
25510426,25510427.0,5.0,3385.0,5854.75,1503.0,-1.0,128.0,1766515913.0,SIBDR,False
25530028,25530027.0,5.0,2534.155,3286.62,1503.0,-1.0,128.0,1767375636.0,SIBDL,False
25513647,25513648.0,5.0,7222.0,3008.75,1503.0,-1.0,128.0,1766515775.0,SIBDR,False
25513646,25513647.0,5.0,7234.0,3014.75,1504.0,-1.0,128.0,1766515775.0,SIBDR,False
25510425,25510426.0,5.0,3405.0,5874.75,1504.0,-1.0,128.0,1766515913.0,SIBDR,False
25451288,25451287.0,5.0,5369.0,5992.75,1504.0,-1.0,128.0,1761249145.0,SIBDL,False
25396818,25396817.0,5.0,6737.8,1868.95,1504.0,-1.0,128.0,1757140895.0,SIBDR,False
25530029,25530028.0,5.0,2506.155,3273.635,1504.0,-1.0,128.0,1767376962.0,SIBDL,False
25530030,25530028.0,5.0,2586.15,3284.61,1504.0,-1.0,128.0,1767375636.0,SIBDL,False
25513629,v_25513629_1505,5.0,6724.0,3456.75,1504.0,-1.0,128.0,1766515775.0,SIBDR,False
25513645,25513646.0,5.0,7242.0,3022.75,1505.0,-1.0,128.0,1766515775.0,SIBDR,False
25510424,25510425.0,5.0,3435.0,5902.75,1505.0,-1.0,128.0,1766515913.0,SIBDR,False
v_25513629_1505,v_25513629_1506,,6746.666666666667,3444.083333333333,1505.0,,,,SIBDR,True
25451287,25451286.0,5.0,5361.0,6010.75,1505.0,-1.0,128.0,1761249144.0,SIBDL,False
25530031,25530030.0,5.0,2588.15,3288.61,1505.0,-1.0,128.0,1767375636.0,SIBDL,False
25530032,25530029.0,5.0,2498.15,3276.61,1505.0,-1.0,128.0,1767375636.0,SIBDL,False
25396819,25396818.0,5.0,6725.8,1860.95,1505.0,-1.0,128.0,1757140897.0,SIBDR,False
25510423,25510424.0,5.0,3511.0,5978.75,1506.0,-1.0,128.0,1766515913.0,SIBDR,False
25451286,v_25451286_1507,5.0,5297.0,6078.75,1506.0,-1.0,128.0,1761249130.0,SIBDL,False
v_25513629_1506,25513630.0,,6769.333333333333,3431.4166666666665,1506.0,,,,SIBDR,True
25513643,25513645.0,5.0,7216.0,3026.75,1506.0,-1.0,128.0,1766515775.0,SIBDR,False
25396820,25396819.0,5.0,6695.8,1824.95,1506.0,-1.0,128.0,1757140898.0,SIBDR,False
25530033,25530032.0,5.0,2486.15,3276.61,1506.0,-1.0,128.0,1767375636.0,SIBDL,False
25396821,25396820.0,5.0,6687.8,1814.95,1507.0,-1.0,128.0,1757140899.0,SIBDR,False
25530034,25530033.0,5.0,2476.15,3260.61,1507.0,-1.0,128.0,1767375636.0,SIBDL,False
25510422,25510423.0,5.0,3545.0,6014.75,1507.0,-1.0,128.0,1766515913.0,SIBDR,False
25513644,25513643.0,5.0,7340.0,3110.75,1507.0,-1.0,128.0,1766515775.0,SIBDR,False
25513642,25513643.0,5.0,7166.0,3076.75,1507.0,-1.0,128.0,1766515775.0,SIBDR,False
v_25513650_1507,25513643.0,,7228.0,3029.75,1507.0,,,,SIBDR,True
25513630,v_25513630_1508,5.0,6792.0,3418.75,1507.0,-1.0,128.0,1766515775.0,SIBDR,False
v_25451286_1507,25451285.0,,5297.0,6078.75,1507.0,,,,SIBDL,True
25530121,v_25530121_1509,5.0,1405.855,3207.71,1508.0,-1.0,128.0,1767977193.0,SIBDL,False
v_25513630_1508,25513631.0,,6810.0,3406.75,1508.0,,,,SIBDR,True
v_25510421_1508,25510422.0,,3563.0,6022.25,1508.0,,,,SIBDR,True
25513641,25513642.0,5.0,7198.0,3152.75,1508.0,-1.0,128.0,1766515775.0,SIBDR,False
25451285,v_25451285_1509,5.0,5297.0,6078.75,1508.0,-1.0,128.0,1761249129.0,SIBDL,False
25513653,25513644.0,5.0,7334.0,3096.75,1508.0,-1.0,128.0,1766515775.0,SIBDR,False
25513650,v_25513650_1507,5.0,7232.0,3030.75,1508.0,-1.0,128.0,1766515775.0,SIBDR,False
25396822,25396821.0,5.0,6681.8,1818.95,1508.0,-1.0,128.0,1757140900.0,SIBDR,False
v_25530035_1508,25530034.0,,2471.35,3263.01,1508.0,,,,SIBDL,True
25513654,25513653.0,5.0,7368.0,3114.75,1509.0,-1.0,128.0,1766515775.0,SIBDR,False
25513651,25513650.0,5.0,7210.0,3028.75,1509.0,-1.0,128.0,1766515775.0,SIBDR,False
25510421,v_25510421_1508,5.0,3569.0,6024.75,1509.0,-1.0,128.0,1766515913.0,SIBDR,False
v_25451285_1509,v_25451285_1510,,5297.0,6078.75,1509.0,,,,SIBDL,True
25513631,v_25513631_1510,5.0,6828.0,3394.75,1509.0,-1.0,128.0,1766515775.0,SIBDR,False
25513640,25513641.0,5.0,7188.0,3166.75,1509.0,-1.0,128.0,1766515775.0,SIBDR,False
25396823,25396822.0,5.0,6683.8,1820.95,1509.0,-1.0,128.0,1757140901.0,SIBDR,False
v_25530121_1509,v_25530121_1510,,1408.5216666666668,3211.043333333333,1509.0,,,,SIBDL,True
v_25530035_1509,v_25530035_1509,,2469.75,3263.81,1509.0,,,,SIBDL,True
25530035,v_25530035_1508,5.0,2468.15,3264.61,1510.0,-1.0,128.0,1767375636.0,SIBDL,False
25396824,25396823.0,5.0,6685.8,1820.95,1510.0,-1.0,128.0,1757140902.0,SIBDR,False
v_25510420_1510,25510421.0,,3584.0,6053.25,1510.0,,,,SIBDR,True
v_25513631_1510,25513632.0,,6857.0,3393.75,1510.0,,,,SIBDR,True
v_25451285_1510,25451284.0,,5297.0,6078.75,1510.0,,,,SIBDL,True
25513639,25513640.0,5.0,7180.0,3196.75,1510.0,-1.0,128.0,1766515775.0,SIBDR,False
v_25530121_1510,25530120.0,,1411.1883333333333,3214.3766666666666,1510.0,,,,SIBDL,True
25513652,25513651.0,5.0,7220.0,3046.75,1510.0,-1.0,128.0,1766515775.0,SIBDR,False
25513655,25513654.0,5.0,7382.0,3130.75,1510.0,-1.0,128.0,1766515775.0,SIBDR,False
25396825,25396824.0,5.0,6681.8,1818.95,1511.0,-1.0,128.0,1757140903.0,SIBDR,False
25530120,25530119.0,5.0,1413.855,3217.71,1511.0,-1.0,128.0,1767977193.0,SIBDL,False
25530383,25530035.0,5.0,2442.155,3283.635,1511.0,-1.0,128.0,1767376958.0,SIBDL,False
25513632,v_25513632_1512,5.0,6886.0,3392.75,1511.0,-1.0,128.0,1766515775.0,SIBDR,False
25451284,v_25451284_1512,5.0,5297.0,6078.75,1511.0,-1.0,128.0,1761249128.0,SIBDL,False
25513656,25513655.0,5.0,7392.0,3128.75,1511.0,-1.0,128.0,1766515775.0,SIBDR,False
25513638,25513639.0,5.0,7176.0,3214.75,1511.0,-1.0,128.0,1766515775.0,SIBDR,False
25510420,v_25510420_1510,5.0,3589.0,6062.75,1511.0,-1.0,128.0,1766515913.0,SIBDR,False
v_25451284_1512,v_25451284_1513,,5292.333333333333,6088.75,1512.0,,,,SIBDL,True
25510419,25510420.0,5.0,3609.0,6098.75,1512.0,-1.0,128.0,1766515913.0,SIBDR,False
25513657,25513656.0,5.0,7392.0,3152.75,1512.0,-1.0,128.0,1766515775.0,SIBDR,False
25513637,25513638.0,5.0,7154.0,3216.75,1512.0,-1.0,128.0,1766515775.0,SIBDR,False
25530119,v_25530119_1513,5.0,1429.855,3223.71,1512.0,-1.0,128.0,1767977193.0,SIBDL,False
v_25530036_1512,25530383.0,,2403.15125,3287.36625,1512.0,,,,SIBDL,True
25396826,25396825.0,5.0,6669.8,1806.95,1512.0,-1.0,128.0,1757140904.0,SIBDR,False
v_25513632_1512,v_25513632_1513,,6914.0,3384.75,1512.0,,,,SIBDR,True
25530036,v_25530036_1512,5.0,2390.15,3288.61,1513.0,-1.0,128.0,1767376958.0,SIBDL,False
25513636,25513637.0,5.0,7122.0,3232.75,1513.0,-1.0,128.0,1766515775.0,SIBDR,False
25513658,25513657.0,5.0,7380.0,3160.75,1513.0,-1.0,128.0,1766515775.0,SIBDR,False
v_25451284_1513,25451283.0,,5287.666666666667,6098.75,1513.0,,,,SIBDL,True
v_25530119_1513,v_25530119_1514,,1433.855,3227.043333333333,1513.0,,,,SIBDL,True
v_25510418_1513,25510419.0,,3622.5,6118.25,1513.0,,,,SIBDR,True
25396827,25396826.0,5.0,6663.8,1804.95,1513.0,-1.0,128.0,1757140904.0,SIBDR,False
v_25513632_1513,25513633.0,,6942.0,3376.75,1513.0,,,,SIBDR,True
v_25530037_1514,25530036.0,,2355.35,3303.01,1514.0,,,,SIBDL,True
v_25530119_1514,25530117.0,,1437.855,3230.3766666666666,1514.0,,,,SIBDL,True
25451283,v_25451283_1515,5.0,5283.0,6108.75,1514.0,-1.0,128.0,1761249126.0,SIBDL,False
25513659,25513658.0,5.0,7388.0,3186.75,1514.0,-1.0,128.0,1766515775.0,SIBDR,False
25513635,25513636.0,5.0,7092.0,3254.75,1514.0,-1.0,128.0,1766515775.0,SIBDR,False
25510418,v_25510418_1513,5.0,3627.0,6124.75,1514.0,-1.0,128.0,1766515913.0,SIBDR,False
25513633,25513634.0,5.0,6970.0,3368.75,1514.0,-1.0,128.0,1766515775.0,SIBDR,False
25396828,25396827.0,5.0,6655.0,1800.785,1514.0,-1.0,128.0,1766513235.0,SIBDR,False
25513660,25513659.0,5.0,7388.0,3186.75,1515.0,-1.0,128.0,1766515775.0,SIBDR,False
25530117,v_25530117_1516,5.0,1441.855,3233.71,1515.0,-1.0,128.0,1767977193.0,SIBDL,False
v_25510417_1515,25510418.0,,3660.0,6166.75,1515.0,,,,SIBDR,True
v_25451283_1515,25451282.0,,5261.0,6131.75,1515.0,,,,SIBDL,True
v_25530037_1515,v_25530037_1515,,2343.75,3307.81,1515.0,,,,SIBDL,True
25396829,25396828.0,5.0,6657.8,1802.95,1515.0,-1.0,128.0,1757140906.0,SIBDR,False
25513634,25513635.0,5.0,6990.0,3354.75,1515.0,-1.0,128.0,1766515775.0,SIBDR,False
25513661,25513660.0,5.0,7384.0,3176.75,1516.0,-1.0,128.0,1766515775.0,SIBDR,False
25530014,25513634.0,5.0,7036.0,3331.76,1516.0,-1.0,128.0,1766515872.0,SIBDR,False
25396830,25396829.0,5.0,6655.8,1796.95,1516.0,-1.0,128.0,1757140907.0,SIBDR,False
25451282,v_25451282_1517,5.0,5239.0,6154.75,1516.0,-1.0,128.0,1761249125.0,SIBDL,False
25530037,v_25530037_1514,5.0,2332.15,3312.61,1516.0,-1.0,128.0,1767375636.0,SIBDL,False
25510417,v_25510417_1515,5.0,3671.0,6180.75,1516.0,-1.0,128.0,1766515913.0,SIBDR,False
v_25530117_1516,25530115.0,,1430.855,3227.71,1516.0,,,,SIBDL,True
25530115,25530114.0,5.0,1419.855,3221.71,1517.0,-1.0,128.0,1767977193.0,SIBDL,False
25396831,25396830.0,5.0,6643.8,1792.95,1517.0,-1.0,128.0,1757140908.0,SIBDR,False
v_25530038_1517,25530037.0,,2314.15,3327.61,1517.0,,,,SIBDL,True
v_25451282_1517,25451281.0,,5232.0,6172.75,1517.0,,,,SIBDL,True
25530015,25530014.0,5.0,7072.0,3303.76,1517.0,-1.0,128.0,1766515873.0,SIBDR,False
v_25510416_1517,25510417.0,,3690.5,6173.25,1517.0,,,,SIBDR,True
25451281,v_25451281_1519,5.0,5225.0,6190.75,1518.0,-1.0,128.0,1761249123.0,SIBDL,False
25510416,v_25510416_1517,5.0,3697.0,6170.75,1518.0,-1.0,128.0,1766515913.0,SIBDR,False
25530114,25530113.0,5.0,1395.855,3229.71,1518.0,-1.0,128.0,1767977193.0,SIBDL,False
v_25530038_1518,v_25530038_1519,,2308.15,3332.61,1518.0,,,,SIBDL,True
25396832,25396831.0,5.0,6635.8,1788.95,1518.0,-1.0,128.0,1757140908.0,SIBDR,False
v_25510415_1519,25510416.0,,3710.5,6170.75,1519.0,,,,SIBDR,True
25396833,25396832.0,5.0,6635.8,1788.95,1519.0,-1.0,128.0,1757140909.0,SIBDR,False
25530113,v_25530113_1520,5.0,1417.855,3233.71,1519.0,-1.0,128.0,1767977193.0,SIBDL,False
v_25451281_1519,25451280.0,,5217.0,6198.75,1519.0,,,,SIBDL,True
v_25530038_1519,v_25530038_1518,,2302.15,3337.61,1519.0,,,,SIBDL,True
v_25530113_1520,25530110.0,,1439.855,3157.71,1520.0,,,,SIBDL,True
25530038,v_25530038_1517,5.0,2296.15,3342.61,1520.0,-1.0,128.0,1767375636.0,SIBDL,False
25396834,25396833.0,5.0,6635.8,1788.95,1520.0,-1.0,128.0,1757140910.0,SIBDR,False
25451280,25451279.0,5.0,5209.0,6206.75,1520.0,-1.0,128.0,1761249122.0,SIBDL,False
25510415,v_25510415_1519,5.0,3715.0,6170.75,1520.0,-1.0,128.0,1766515913.0,SIBDR,False
25530039,25530038.0,5.0,2270.15,3402.61,1521.0,-1.0,128.0,1767375636.0,SIBDL,False
25396835,25396834.0,5.0,6635.05,1818.815,1521.0,-1.0,128.0,1766512945.0,SIBDR,False
25530110,25535788.0,1.0,1461.855,3081.71,1521.0,-1.0,128.0,1767977193.0,SIBDL,False
25394394,25530110.0,5.0,1527.855,2896.7,1521.0,-1.0,128.0,1767977193.0,SIBDL,False
25451279,25451278.0,5.0,5183.0,6204.75,1521.0,-1.0,128.0,1761249121.0,SIBDL,False
25510413,25510415.0,5.0,3731.0,6170.75,1521.0,-1.0,128.0,1766515913.0,SIBDR,False
25530040,25530039.0,5.0,2272.155,3475.635,1522.0,-1.0,128.0,1767375672.0,SIBDL,False
25535788,25535789.0,5.0,1506.855,3172.71,1522.0,-1.0,128.0,1767977193.0,SIBDL,False
25396836,25396835.0,5.0,6635.8,1790.95,1522.0,-1.0,128.0,1757140911.0,SIBDR,False
25510414,25510413.0,5.0,3847.0,6210.75,1522.0,-1.0,128.0,1766515913.0,SIBDR,False
25451278,v_25451278_1523,5.0,5135.0,6256.75,1522.0,-1.0,128.0,1761249102.0,SIBDL,False
25394393,25394394.0,5.0,1641.155,2684.645,1522.0,-1.0,128.0,1776046545.0,SIBDL,False
v_25451278_1523,25451277.0,,5139.0,6255.75,1523.0,,,,SIBDL,True
25535789,25535790.0,5.0,1502.855,3170.71,1523.0,-1.0,128.0,1767977193.0,SIBDL,False
25510412,25510414.0,5.0,3867.0,6232.75,1523.0,-1.0,128.0,1766515913.0,SIBDR,False
25530041,25530040.0,5.0,2240.15,3468.61,1523.0,-1.0,128.0,1767375636.0,SIBDL,False
25394392,25394393.0,5.0,1679.855,2584.7,1523.0,-1.0,128.0,1767977193.0,SIBDL,False
25396837,25396836.0,5.0,6627.8,1798.95,1523.0,-1.0,128.0,1757140912.0,SIBDR,False
25530042,25530041.0,5.0,2212.15,3466.61,1524.0,-1.0,128.0,1767375636.0,SIBDL,False
25394391,25394392.0,5.0,1719.855,2492.7,1524.0,-1.0,128.0,1767977193.0,SIBDL,False
25451277,v_25451277_1525,5.0,5143.0,6254.75,1524.0,-1.0,128.0,1761249100.0,SIBDL,False
25396838,25396837.0,5.0,6647.8,1802.95,1524.0,-1.0,128.0,1757140912.0,SIBDR,False
25535790,25535791.0,5.0,1502.855,3194.71,1524.0,-1.0,128.0,1767977193.0,SIBDL,False
v_25510411_1524,25510412.0,,3892.5,6294.25,1524.0,,,,SIBDR,True
25530043,25530042.0,5.0,2098.15,3456.61,1525.0,-1.0,128.0,1767375636.0,SIBDL,False
v_25529431_1525,25394391.0,,1749.105,2458.2,1525.0,,,,SIBDL,True
v_25451277_1525,25451276.0,,5125.0,6280.75,1525.0,,,,SIBDL,True
25396839,25396838.0,5.0,6653.8,1818.95,1525.0,-1.0,128.0,1757140913.0,SIBDR,False
25535791,25535792.0,5.0,1488.855,3178.71,1525.0,-1.0,128.0,1767977193.0,SIBDL,False
25510411,v_25510411_1524,5.0,3901.0,6314.75,1525.0,-1.0,128.0,1766515913.0,SIBDR,False
25510410,25510411.0,5.0,3929.0,6390.75,1526.0,-1.0,128.0,1766515913.0,SIBDR,False
25559343,25396839.0,5.0,6644.8,1819.95,1526.0,-1.0,128.0,1771828169.0,SIBDR,False
25451276,v_25451276_1527,5.0,5107.0,6306.75,1526.0,-1.0,128.0,1761249099.0,SIBDL,False
25529431,v_25529431_1525,5.0,1758.855,2446.7,1526.0,-1.0,128.0,1767977193.0,SIBDL,False
25530044,25530043.0,5.0,1956.15,3452.61,1526.0,-1.0,128.0,1767375636.0,SIBDL,False
25535792,25535793.0,5.0,1496.855,3212.71,1526.0,-1.0,128.0,1767977193.0,SIBDL,False
25535793,25535794.0,5.0,1506.855,3222.71,1527.0,-1.0,128.0,1767977193.0,SIBDL,False
25396840,25559343.0,5.0,6635.8,1820.95,1527.0,-1.0,128.0,1771828169.0,SIBDR,False
25394390,25529431.0,5.0,1771.855,2424.7,1527.0,-1.0,128.0,1767977193.0,SIBDL,False
v_25451276_1527,25451275.0,,5104.0,6315.75,1527.0,,,,SIBDL,True
25530045,25530044.0,5.0,1872.15,3458.61,1527.0,-1.0,128.0,1767375636.0,SIBDL,False
v_25510409_1527,25510410.0,,3931.4,6430.35,1527.0,,,,SIBDR,True
25451275,v_25451275_1529,5.0,5101.0,6324.75,1528.0,-1.0,128.0,1761249098.0,SIBDL,False
v_25510409_1528,v_25510409_1528,,3932.2,6443.55,1528.0,,,,SIBDR,True
25535794,25535795.0,5.0,1500.855,3236.71,1528.0,-1.0,128.0,1767977193.0,SIBDL,False
25530046,25530045.0,5.0,1836.15,3462.61,1528.0,-1.0,128.0,1767375636.0,SIBDL,False
25394389,25394390.0,5.0,1769.855,2396.7,1528.0,-1.0,128.0,1767977193.0,SIBDL,False
v_25396841_1528,25396840.0,,6620.8,1813.45,1528.0,,,,SIBDR,True
25396841,v_25396841_1528,5.0,6615.8,1810.95,1529.0,-1.0,128.0,1757140915.0,SIBDR,False
v_25451275_1529,25451274.0,,5077.0,6333.75,1529.0,,,,SIBDL,True
25510409,v_25510409_1527,5.0,3933.0,6456.75,1529.0,-1.0,128.0,1766515913.0,SIBDR,False
25530047,25530046.0,5.0,1704.15,3486.61,1529.0,-1.0,128.0,1767375636.0,SIBDL,False
25391276,25394389.0,5.0,1794.855,2386.7,1529.0,-1.0,128.0,1767977193.0,SIBDL,False
25535795,25535796.0,5.0,1490.855,3272.71,1529.0,-1.0,128.0,1767977193.0,SIBDL,False
v_25396842_1530,25396841.0,,6618.8,1803.45,1530.0,,,,SIBDR,True
v_25510408_1530,25510409.0,,3941.4,6473.55,1530.0,,,,SIBDR,True
25451274,v_25451274_1531,5.0,5053.0,6342.75,1530.0,-1.0,128.0,1761249096.0,SIBDL,False
25392904,25391276.0,5.0,1811.855,2355.7,1530.0,-1.0,128.0,1767977193.0,SIBDL,False
25530104,25530047.0,5.0,1606.15,3507.62,1530.0,-1.0,128.0,1767375691.0,SIBDL,False
25535796,25535797.0,5.0,1528.855,3258.71,1530.0,-1.0,128.0,1767977193.0,SIBDL,False
v_25392905_1531,25392904.0,,1851.455,2306.5,1531.0,,,,SIBDL,True
25535797,25535798.0,5.0,1530.855,3280.71,1531.0,-1.0,128.0,1767977193.0,SIBDL,False
25530105,25530104.0,5.0,1600.15,3497.62,1531.0,-1.0,128.0,1767375693.0,SIBDL,False
v_25451274_1531,25451273.0,,5042.0,6350.75,1531.0,,,,SIBDL,True
25396842,v_25396842_1530,5.0,6619.8,1800.95,1531.0,-1.0,128.0,1757140917.0,SIBDR,False
v_25510408_1531,v_25510408_1531,,3944.2,6479.15,1531.0,,,,SIBDR,True
v_25396843_1532,25396842.0,,6609.0,1798.55,1532.0,,,,SIBDR,True
v_25392905_1532,v_25392905_1532,,1864.655,2290.1,1532.0,,,,SIBDL,True
25510408,v_25510408_1530,5.0,3947.0,6484.75,1532.0,-1.0,128.0,1766515913.0,SIBDR,False
v_25530106_1532,25530105.0,,1610.95,3489.22,1532.0,,,,SIBDL,True
25535798,25535799.0,5.0,1526.855,3304.71,1532.0,-1.0,128.0,1767977193.0,SIBDL,False
25451273,v_25451273_1533,5.0,5031.0,6358.75,1532.0,-1.0,128.0,1761249095.0,SIBDL,False
v_25530106_1533,v_25530106_1533,,1614.5500000000002,3486.42,1533.0,,,,SIBDL,True
25514556,25514555.0,5.0,3454.15,7873.25,1533.0,-1.0,128.0,1766515913.0,SIBDR,False
v_25510407_1533,25510408.0,,3947.0,6487.15,1533.0,,,,SIBDR,True
25392905,v_25392905_1531,5.0,1877.855,2273.7,1533.0,-1.0,128.0,1767977193.0,SIBDL,False
v_25451273_1533,25451272.0,,5020.0,6360.75,1533.0,,,,SIBDL,True
v_25396843_1533,v_25396843_1533,,6605.400000000001,1797.75,1533.0,,,,SIBDR,True
25535799,25535800.0,5.0,1526.855,3318.71,1533.0,-1.0,128.0,1767977193.0,SIBDL,False
25535800,25535786.0,2.0,1538.855,3332.71,1534.0,-1.0,128.0,1767977194.0,SIBDL,False
v_25392906_1534,25392905.0,,1892.855,2242.2,1534.0,,,,SIBDL,True
25530106,v_25530106_1532,5.0,1618.15,3483.62,1534.0,-1.0,128.0,1767375695.0,SIBDL,False
25396843,v_25396843_1532,5.0,6601.8,1796.95,1534.0,-1.0,128.0,1757140918.0,SIBDR,False
v_25510407_1534,v_25510407_1534,,3947.0,6487.95,1534.0,,,,SIBDR,True
25514555,v_25514555_1535,5.0,3430.15,7885.25,1534.0,-1.0,128.0,1766515913.0,SIBDR,False
25451272,v_25451272_1535,5.0,5009.0,6362.75,1534.0,-1.0,128.0,1761249094.0,SIBDL,False
25530107,25530106.0,5.0,1632.15,3473.62,1535.0,-1.0,128.0,1767375703.0,SIBDL,False
v_25514555_1535,25514554.0,,3387.15,7881.25,1535.0,,,,SIBDR,True
25392906,v_25392906_1534,5.0,1897.855,2231.7,1535.0,-1.0,128.0,1767977193.0,SIBDL,False
25535786,25535785.0,5.0,1542.855,3348.71,1535.0,-1.0,128.0,1767977121.0,SIBDL,False
v_25396844_1535,25396843.0,,6600.3,1795.45,1535.0,,,,SIBDR,True
v_25451272_1535,25451271.0,,4999.0,6376.75,1535.0,,,,SIBDL,True
25510407,v_25510407_1533,5.0,3947.0,6488.75,1535.0,-1.0,128.0,1766515913.0,SIBDR,False
25396844,v_25396844_1535,5.0,6599.8,1794.95,1536.0,-1.0,128.0,1757140919.0,SIBDR,False
v_25392907_1536,25392906.0,,1927.855,2194.2,1536.0,,,,SIBDL,True
25535785,25535784.0,5.0,1564.855,3346.71,1536.0,-1.0,128.0,1767977119.0,SIBDL,False
25451271,v_25451271_1537,5.0,4989.0,6390.75,1536.0,-1.0,128.0,1761249092.0,SIBDL,False
25514554,25514553.0,5.0,3344.15,7877.25,1536.0,-1.0,128.0,1766515913.0,SIBDR,False
v_25510406_1536,25510407.0,,3961.4,6501.95,1536.0,,,,SIBDR,True
v_25530108_1536,25530107.0,,1659.15,3482.62,1536.0,,,,SIBDL,True
25514553,25514552.0,5.0,3308.15,7881.25,1537.0,-1.0,128.0,1766515913.0,SIBDR,False
v_25451271_1537,25451270.0,,4981.0,6396.75,1537.0,,,,SIBDL,True
25535784,25535783.0,5.0,1548.855,3396.71,1537.0,-1.0,128.0,1767977118.0,SIBDL,False
v_25396845_1537,25396844.0,,6596.8,1787.45,1537.0,,,,SIBDR,True
25392907,v_25392907_1536,5.0,1937.855,2181.7,1537.0,-1.0,128.0,1767977193.0,SIBDL,False
25530108,v_25530108_1536,5.0,1668.15,3485.62,1537.0,-1.0,128.0,1767375708.0,SIBDL,False
v_25510406_1537,v_25510406_1537,,3966.2,6506.35,1537.0,,,,SIBDR,True
25514552,25514551.0,5.0,3272.15,7863.25,1538.0,-1.0,128.0,1766515913.0,SIBDR,False
25451270,v_25451270_1539,5.0,4973.0,6402.75,1538.0,-1.0,128.0,1761249091.0,SIBDL,False
25510406,v_25510406_1536,5.0,3971.0,6510.75,1538.0,-1.0,128.0,1766515913.0,SIBDR,False
25535783,25535774.0,5.0,1572.855,3426.71,1538.0,-1.0,128.0,1767977117.0,SIBDL,False
25396845,v_25396845_1537,5.0,6595.8,1784.95,1538.0,-1.0,128.0,1757140920.0,SIBDR,False
25530109,25530108.0,5.0,1682.855,3504.71,1538.0,-1.0,128.0,1767977103.0,SIBDL,False
v_25392908_1538,25392907.0,,1946.855,2150.2,1538.0,,,,SIBDL,True
25514551,v_25514551_1540,5.0,3232.15,7845.25,1539.0,-1.0,128.0,1766515913.0,SIBDR,False
v_25510405_1539,25510406.0,,3996.2,6523.95,1539.0,,,,SIBDR,True
v_25451270_1539,25451269.0,,4958.0,6408.75,1539.0,,,,SIBDL,True
25535774,25530109.0,5.0,1606.855,3470.71,1539.0,-1.0,128.0,1767977106.0,SIBDL,False
25392908,v_25392908_1538,5.0,1949.855,2139.7,1539.0,-1.0,128.0,1767977193.0,SIBDL,False
v_25396846_1539,25396845.0,,6604.8,1789.45,1539.0,,,,SIBDR,True
v_25514551_1540,25514550.0,,3221.15,7843.25,1540.0,,,,SIBDR,True
25396846,v_25396846_1539,5.0,6607.8,1790.95,1540.0,-1.0,128.0,1757140921.0,SIBDR,False
v_25510405_1540,v_25510405_1540,,4004.6,6528.35,1540.0,,,,SIBDR,True
25451269,v_25451269_1541,5.0,4943.0,6414.75,1540.0,-1.0,128.0,1761249090.0,SIBDL,False
25392909,25392908.0,5.0,1963.855,2133.7,1540.0,-1.0,128.0,1767977193.0,SIBDL,False
25535775,25535774.0,5.0,1576.855,3434.71,1540.0,-1.0,128.0,1767977107.0,SIBDL,False
v_25451269_1541,25451268.0,,4938.0,6427.75,1541.0,,,,SIBDL,True
v_25392910_1541,25392909.0,,1966.855,2114.2,1541.0,,,,SIBDL,True
25510405,v_25510405_1539,5.0,4013.0,6532.75,1541.0,-1.0,128.0,1766515913.0,SIBDR,False
25535776,25535775.0,5.0,1580.855,3416.71,1541.0,-1.0,128.0,1767977107.0,SIBDL,False
25514550,25514548.0,5.0,3210.15,7841.25,1541.0,-1.0,128.0,1766515913.0,SIBDR,False
v_25396847_1541,25396846.0,,6600.3,1787.95,1541.0,,,,SIBDR,True
25392910,v_25392910_1541,5.0,1967.855,2107.7,1542.0,-1.0,128.0,1767977193.0,SIBDL,False
25451268,v_25451268_1543,5.0,4933.0,6440.75,1542.0,-1.0,128.0,1761249088.0,SIBDL,False
25535777,25535776.0,5.0,1588.855,3414.71,1542.0,-1.0,128.0,1767977108.0,SIBDL,False
v_25510404_1542,25510405.0,,4016.6,6557.95,1542.0,,,,SIBDR,True
25396847,v_25396847_1541,5.0,6597.8,1786.95,1542.0,-1.0,128.0,1757140922.0,SIBDR,False
25514548,v_25514548_1543,5.0,3252.15,7861.25,1542.0,-1.0,128.0,1766515913.0,SIBDR,False
v_25396848_1543,25396847.0,,6602.3,1780.95,1543.0,,,,SIBDR,True
v_25392911_1543,25392910.0,,1982.855,2089.7,1543.0,,,,SIBDL,True
v_25514549_1543,25514548.0,,3142.65,7814.75,1543.0,,,,SIBDR,True
v_25514548_1543,25514547.0,,3328.15,7876.75,1543.0,,,,SIBDR,True
v_25510404_1543,v_25510404_1543,,4017.8,6566.35,1543.0,,,,SIBDR,True
25514546,25514547.0,5.0,3366.15,7881.25,1543.0,-1.0,128.0,1766515913.0,SIBDR,False
25535778,25535777.0,5.0,1620.855,3430.71,1543.0,-1.0,128.0,1767977108.0,SIBDL,False
v_25451268_1543,25451267.0,,4928.0,6452.75,1543.0,,,,SIBDL,True
25451267,v_25451267_1545,5.0,4923.0,6464.75,1544.0,-1.0,128.0,1761249087.0,SIBDL,False
25510404,v_25510404_1542,5.0,4019.0,6574.75,1544.0,-1.0,128.0,1766515913.0,SIBDR,False
25392911,v_25392911_1543,5.0,1987.855,2083.7,1544.0,-1.0,128.0,1767977193.0,SIBDL,False
25535779,25535778.0,5.0,1638.855,3424.71,1544.0,-1.0,128.0,1767977109.0,SIBDL,False
25396848,v_25396848_1543,5.0,6603.8,1778.95,1544.0,-1.0,128.0,1757140923.0,SIBDR,False
25514547,25514545.0,5.0,3404.15,7892.25,1544.0,-1.0,128.0,1766515913.0,SIBDR,False
25514549,v_25514549_1543,5.0,3106.15,7799.25,1544.0,-1.0,128.0,1766515913.0,SIBDR,False
25423380,25423379.0,5.0,6009.15,4889.6,1545.0,-1.0,128.0,1761250204.0,SIBDL,False
v_25392912_1545,25392911.0,,1996.855,2071.7,1545.0,,,,SIBDL,True
v_25451267_1545,25451266.0,,4920.0,6478.75,1545.0,,,,SIBDL,True
v_25510403_1545,25510404.0,,4025.0,6580.75,1545.0,,,,SIBDR,True
25514545,25514544.0,5.0,3442.15,7903.25,1545.0,-1.0,128.0,1766515913.0,SIBDR,False
25535780,25535779.0,5.0,1664.855,3456.71,1545.0,-1.0,128.0,1767977109.0,SIBDL,False
25514557,25514549.0,5.0,2930.15,7753.25,1545.0,-1.0,128.0,1766515913.0,SIBDR,False
v_25396849_1545,25396848.0,,6603.8,1780.45,1545.0,,,,SIBDR,True
25510403,v_25510403_1545,5.0,4027.0,6582.75,1546.0,-1.0,128.0,1766515913.0,SIBDR,False
25535781,25535780.0,5.0,1682.855,3442.71,1546.0,-1.0,128.0,1767977110.0,SIBDL,False
25423379,25423378.0,5.0,5977.15,4873.6,1546.0,-1.0,128.0,1761250204.0,SIBDL,False
25451266,v_25451266_1547,5.0,4917.0,6492.75,1546.0,-1.0,128.0,1761249086.0,SIBDL,False
25514558,25514557.0,5.0,2838.15,7689.25,1546.0,-1.0,128.0,1766515913.0,SIBDR,False
25514544,v_25514544_1547,5.0,3498.15,7917.25,1546.0,-1.0,128.0,1766515913.0,SIBDR,False
25392912,v_25392912_1545,5.0,1999.855,2067.7,1546.0,-1.0,128.0,1767977193.0,SIBDL,False
25396849,v_25396849_1545,5.0,6603.8,1780.95,1546.0,-1.0,128.0,1757140924.0,SIBDR,False
25514559,25514558.0,5.0,2764.15,7663.25,1547.0,-1.0,128.0,1766515913.0,SIBDR,False
v_25396850_1547,25396849.0,,6611.0,1768.95,1547.0,,,,SIBDR,True
v_25514544_1547,25514543.0,,3536.15,7922.25,1547.0,,,,SIBDR,True
25535782,25535781.0,5.0,1690.855,3426.71,1547.0,-1.0,128.0,1767977111.0,SIBDL,False
25423378,25423377.0,5.0,5981.15,4865.6,1547.0,-1.0,128.0,1761250204.0,SIBDL,False
v_25392913_1547,25392912.0,,2014.855,2046.7,1547.0,,,,SIBDL,True
25514609,25510403.0,5.0,4036.15,6581.25,1547.0,-1.0,128.0,1766515913.0,SIBDR,False
v_25451266_1547,25451265.0,,4914.0,6502.75,1547.0,,,,SIBDL,True
25392913,v_25392913_1547,5.0,2019.855,2039.7,1548.0,-1.0,128.0,1767977193.0,SIBDL,False
25514543,v_25514543_1549,5.0,3574.15,7927.25,1548.0,-1.0,128.0,1766515913.0,SIBDR,False
25510402,25514609.0,5.0,4029.0,6586.75,1548.0,-1.0,128.0,1766515913.0,SIBDR,False
v_25396850_1548,v_25396850_1548,,6613.400000000001,1764.95,1548.0,,,,SIBDR,True
25514560,25514559.0,5.0,2688.15,7627.25,1548.0,-1.0,128.0,1766515913.0,SIBDR,False
25451265,25451264.0,5.0,4911.0,6512.75,1548.0,-1.0,128.0,1761249084.0,SIBDL,False
25423377,v_25423377_1549,5.0,5987.15,4843.6,1548.0,-1.0,128.0,1761250204.0,SIBDL,False
25396850,v_25396850_1547,5.0,6615.8,1760.95,1549.0,-1.0,128.0,1757140925.0,SIBDR,False
25451264,25451263.0,5.0,4899.0,6556.75,1549.0,-1.0,128.0,1761249083.0,SIBDL,False
v_25423377_1549,25423376.0,,5991.15,4843.6,1549.0,,,,SIBDL,True
25510401,25510402.0,5.0,4099.0,6646.75,1549.0,-1.0,128.0,1766515913.0,SIBDR,False
v_25514543_1549,25514542.0,,3680.15,7949.25,1549.0,,,,SIBDR,True
25514561,25514560.0,5.0,2570.15,7505.25,1549.0,-1.0,128.0,1766515913.0,SIBDR,False
25392914,25392913.0,5.0,2057.855,1997.7,1549.0,-1.0,128.0,1767977193.0,SIBDL,False
v_25396851_1550,25396850.0,,6618.8,1763.95,1550.0,,,,SIBDR,True
25514542,v_25514542_1551,5.0,3786.15,7971.25,1550.0,-1.0,128.0,1766515913.0,SIBDR,False
25514562,25514561.0,5.0,2556.15,7483.25,1550.0,-1.0,128.0,1766515913.0,SIBDR,False
25423376,25423375.0,5.0,5995.15,4843.6,1550.0,-1.0,128.0,1761250204.0,SIBDL,False
v_25510400_1550,25510401.0,,4118.5,6654.25,1550.0,,,,SIBDR,True
25451263,v_25451263_1551,5.0,4885.0,6558.75,1550.0,-1.0,128.0,1761249081.0,SIBDL,False
25392915,25392914.0,5.0,2063.855,1991.7,1550.0,-1.0,128.0,1767977193.0,SIBDL,False
v_25392916_1551,25392915.0,,2086.355,1966.2,1551.0,,,,SIBDL,True
v_25451263_1551,25451262.0,,4886.0,6562.75,1551.0,,,,SIBDL,True
v_25514542_1551,v_25514542_1552,,3810.8166666666666,7973.25,1551.0,,,,SIBDR,True
v_25514563_1551,25514562.0,,2502.15,7451.75,1551.0,,,,SIBDR,True
25510400,v_25510400_1550,5.0,4125.0,6656.75,1551.0,-1.0,128.0,1766515913.0,SIBDR,False
25396851,v_25396851_1550,5.0,6619.8,1764.95,1551.0,-1.0,128.0,1757140926.0,SIBDR,False
25423375,25423374.0,5.0,6013.15,4851.6,1551.0,-1.0,128.0,1761250204.0,SIBDL,False
25423370,25423369.0,5.0,6535.15,5125.6,1551.0,-1.0,128.0,1761250204.0,SIBDL,False
v_25514542_1552,25514541.0,,3835.4833333333336,7975.25,1552.0,,,,SIBDR,True
v_25396852_1552,25396851.0,,6626.925,1758.9575,1552.0,,,,SIBDR,True
25514563,v_25514563_1551,5.0,2484.15,7441.25,1552.0,-1.0,128.0,1766515913.0,SIBDR,False
25423369,25423368.0,5.0,6537.15,5123.6,1552.0,-1.0,128.0,1761250204.0,SIBDL,False
25423374,25423373.0,5.0,6021.15,4863.6,1552.0,-1.0,128.0,1761250204.0,SIBDL,False
25451262,v_25451262_1553,5.0,4887.0,6566.75,1552.0,-1.0,128.0,1761249079.0,SIBDL,False
25510380,25510400.0,5.0,4131.0,6676.75,1552.0,-1.0,128.0,1766515913.0,SIBDR,False
25392916,v_25392916_1551,5.0,2093.855,1957.7,1552.0,-1.0,128.0,1767977193.0,SIBDL,False
25423368,25423367.0,5.0,6507.15,5109.6,1553.0,-1.0,128.0,1761250204.0,SIBDL,False
25423373,25423372.0,5.0,5999.15,4839.6,1553.0,-1.0,128.0,1761250204.0,SIBDL,False
25514541,25514540.0,5.0,3860.15,7977.25,1553.0,-1.0,128.0,1766515913.0,SIBDR,False
v_25451262_1553,25451261.0,,4888.0,6575.75,1553.0,,,,SIBDL,True
v_25392917_1553,25392916.0,,2105.855,1938.2,1553.0,,,,SIBDL,True
25396852,v_25396852_1552,5.0,6629.3,1756.96,1553.0,-1.0,128.0,1771828143.0,SIBDR,False
25510381,25510380.0,5.0,4163.0,6702.75,1553.0,-1.0,128.0,1766515913.0,SIBDR,False
v_25514564_1553,25514563.0,,2428.65,7405.25,1553.0,,,,SIBDR,True
25451261,25451260.0,5.0,4889.0,6584.75,1554.0,-1.0,128.0,1761249078.0,SIBDL,False
25396853,25396852.0,5.0,6625.8,1756.95,1554.0,-1.0,128.0,1757140928.0,SIBDR,False
25514540,25514539.0,5.0,3938.15,7981.25,1554.0,-1.0,128.0,1766515913.0,SIBDR,False
25514564,v_25514564_1553,5.0,2410.15,7393.25,1554.0,-1.0,128.0,1766515913.0,SIBDR,False
25392917,v_25392917_1553,5.0,2109.855,1931.7,1554.0,-1.0,128.0,1767977193.0,SIBDL,False
25510382,25510381.0,5.0,4199.0,6750.75,1554.0,-1.0,128.0,1766515913.0,SIBDR,False
25423383,25423382.0,5.0,6537.15,4721.6,1554.0,-1.0,128.0,1761250204.0,SIBDL,False
25423372,25423371.0,5.0,5999.15,4817.6,1554.0,-1.0,128.0,1761250204.0,SIBDL,False
25423367,25423366.0,5.0,6457.15,5099.6,1554.0,-1.0,128.0,1761250204.0,SIBDL,False
25392918,25392917.0,5.0,2117.855,1931.7,1555.0,-1.0,128.0,1767977193.0,SIBDL,False
25510383,25510382.0,5.0,4199.0,6752.75,1555.0,-1.0,128.0,1766515913.0,SIBDR,False
v_25514565_1555,25514564.0,,2374.15,7353.65,1555.0,,,,SIBDR,True
25514539,25514538.0,5.0,3942.15,7987.25,1555.0,-1.0,128.0,1766515913.0,SIBDR,False
25423366,25423365.0,5.0,6441.15,5089.6,1555.0,-1.0,128.0,1761250204.0,SIBDL,False
25423371,25423364.0,5.0,5995.15,4825.6,1555.0,-1.0,128.0,1761250204.0,SIBDL,False
25423382,25423381.0,5.0,6539.15,4731.6,1555.0,-1.0,128.0,1761250204.0,SIBDL,False
v_25396854_1555,25396853.0,,6627.3,1758.45,1555.0,,,,SIBDR,True
25451260,25451259.0,5.0,4889.0,6598.75,1555.0,-1.0,128.0,1761249077.0,SIBDL,False
v_25510384_1556,25510383.0,,4223.0,6803.75,1556.0,,,,SIBDR,True
v_25514565_1556,v_25514565_1556,,2362.15,7340.45,1556.0,,,,SIBDR,True
v_25392919_1556,25392918.0,,2122.355,1916.7,1556.0,,,,SIBDL,True
25423381,25423363.0,5.0,6471.15,4759.6,1556.0,-1.0,128.0,1761250204.0,SIBDL,False
25423364,25423363.0,5.0,6043.15,4829.6,1556.0,-1.0,128.0,1761250204.0,SIBDL,False
25423365,25423363.0,5.0,6407.15,5051.6,1556.0,-1.0,128.0,1761250204.0,SIBDL,False
25514538,25514537.0,5.0,4032.15,7981.25,1556.0,-1.0,128.0,1766515913.0,SIBDR,False
25451259,25451258.0,5.0,4891.0,6608.75,1556.0,-1.0,128.0,1761249076.0,SIBDL,False
25396854,v_25396854_1555,5.0,6627.8,1758.95,1556.0,-1.0,128.0,1757140929.0,SIBDR,False
25514537,25514536.0,5.0,4032.15,7965.25,1557.0,-1.0,128.0,1766515913.0,SIBDR,False
25514565,v_25514565_1555,5.0,2350.15,7327.25,1557.0,-1.0,128.0,1766515913.0,SIBDR,False
25510384,v_25510384_1556,5.0,4231.0,6820.75,1557.0,-1.0,128.0,1766515913.0,SIBDR,False
25392919,v_25392919_1556,5.0,2123.855,1911.7,1557.0,-1.0,128.0,1767977193.0,SIBDL,False
25423363,25423362.0,5.0,6371.15,4971.6,1557.0,-1.0,128.0,1761250204.0,SIBDL,False
25396855,25396854.0,5.0,6627.8,1758.95,1557.0,-1.0,128.0,1757140930.0,SIBDR,False
25451258,25451257.0,5.0,4893.0,6634.75,1557.0,-1.0,128.0,1761249075.0,SIBDL,False
25451257,25451256.0,5.0,4893.0,6636.75,1558.0,-1.0,128.0,1761249073.0,SIBDL,False
25510385,25510384.0,5.0,4251.0,6876.75,1558.0,-1.0,128.0,1766515913.0,SIBDR,False
25392920,25392919.0,5.0,2127.855,1905.7,1558.0,-1.0,128.0,1767977193.0,SIBDL,False
25514566,25514565.0,5.0,2284.15,7295.25,1558.0,-1.0,128.0,1766515913.0,SIBDR,False
25514536,25514535.0,5.0,4048.15,7965.25,1558.0,-1.0,128.0,1766515913.0,SIBDR,False
v_25396856_1558,25396855.0,,6627.8,1758.95,1558.0,,,,SIBDR,True
25423362,25423361.0,5.0,6353.15,4936.6,1558.0,-1.0,128.0,1761250204.0,SIBDL,False
25423361,25423360.0,5.0,6353.15,4920.6,1559.0,-1.0,128.0,1761250204.0,SIBDL,False
25510386,25510385.0,5.0,4271.0,6930.75,1559.0,-1.0,128.0,1766515913.0,SIBDR,False
25451256,v_25451256_1560,5.0,4869.0,6662.75,1559.0,-1.0,128.0,1761249069.0,SIBDL,False
25396856,v_25396856_1558,5.0,6627.8,1758.95,1559.0,-1.0,128.0,1757140930.0,SIBDR,False
25514535,v_25514535_1560,5.0,4192.15,7881.25,1559.0,-1.0,128.0,1766515913.0,SIBDR,False
25514567,25514566.0,5.0,2216.15,7223.25,1559.0,-1.0,128.0,1766515913.0,SIBDR,False
v_25392921_1559,25392920.0,,2141.355,1889.2,1559.0,,,,SIBDL,True
v_25396857_1560,25396856.0,,6627.8,1757.45,1560.0,,,,SIBDR,True
25392921,v_25392921_1559,5.0,2145.855,1883.7,1560.0,-1.0,128.0,1767977193.0,SIBDL,False
v_25510387_1560,25510386.0,,4275.5,6932.25,1560.0,,,,SIBDR,True
25514568,25514567.0,5.0,2174.15,7185.25,1560.0,-1.0,128.0,1766515913.0,SIBDR,False
v_25514535_1560,25514534.0,,4219.15,7861.25,1560.0,,,,SIBDR,True
v_25451256_1560,25451255.0,,4866.0,6667.75,1560.0,,,,SIBDL,True
25423360,v_25423360_1561,5.0,6357.15,4920.6,1560.0,-1.0,128.0,1761250204.0,SIBDL,False
v_25514569_1561,25514568.0,,2118.65,7132.75,1561.0,,,,SIBDR,True
v_25392922_1561,25392921.0,,2153.355,1882.2,1561.0,,,,SIBDL,True
25451255,25451254.0,5.0,4863.0,6672.75,1561.0,-1.0,128.0,1761249067.0,SIBDL,False
v_25423360_1561,25423359.0,,6347.15,4888.6,1561.0,,,,SIBDL,True
25510387,v_25510387_1560,5.0,4277.0,6932.75,1561.0,-1.0,128.0,1766515913.0,SIBDR,False
25396857,v_25396857_1560,5.0,6627.8,1756.95,1561.0,-1.0,128.0,1757140931.0,SIBDR,False
25514534,v_25514534_1562,5.0,4246.15,7841.25,1561.0,-1.0,128.0,1766515913.0,SIBDR,False
25451254,25451253.0,5.0,4877.0,6692.75,1562.0,-1.0,128.0,1761249066.0,SIBDL,False
25514569,v_25514569_1561,5.0,2100.15,7115.25,1562.0,-1.0,128.0,1766515913.0,SIBDR,False
25392922,v_25392922_1561,5.0,2155.855,1881.7,1562.0,-1.0,128.0,1767977193.0,SIBDL,False
25396858,25396857.0,5.0,6627.8,1756.95,1562.0,-1.0,128.0,1757140932.0,SIBDR,False
v_25514534_1562,25514533.0,,4261.15,7833.25,1562.0,,,,SIBDR,True
v_25510388_1562,25510387.0,,4278.5,6941.75,1562.0,,,,SIBDR,True
25423359,v_25423359_1563,5.0,6337.15,4856.6,1562.0,-1.0,128.0,1761250204.0,SIBDL,False
25451253,25451252.0,5.0,4891.0,6716.75,1563.0,-1.0,128.0,1761249063.0,SIBDL,False
25514533,v_25514533_1564,5.0,4276.15,7825.25,1563.0,-1.0,128.0,1766515913.0,SIBDR,False
v_25423359_1563,v_25423359_1564,,6345.15,4853.933333333333,1563.0,,,,SIBDL,True
v_25514570_1563,25514569.0,,2064.15,7059.75,1563.0,,,,SIBDR,True
25510388,v_25510388_1562,5.0,4279.0,6944.75,1563.0,-1.0,128.0,1766515913.0,SIBDR,False
v_25396859_1563,25396858.0,,6627.8,1756.95,1563.0,,,,SIBDR,True
v_25392923_1563,25392922.0,,2163.355,1878.7,1563.0,,,,SIBDL,True
25451252,25451251.0,5.0,4909.0,6730.75,1564.0,-1.0,128.0,1761249062.0,SIBDL,False
25396859,v_25396859_1563,5.0,6627.8,1756.95,1564.0,-1.0,128.0,1757140933.0,SIBDR,False
25392923,v_25392923_1563,5.0,2165.855,1877.7,1564.0,-1.0,128.0,1767977193.0,SIBDL,False
25514570,v_25514570_1563,5.0,2052.15,7041.25,1564.0,-1.0,128.0,1766515913.0,SIBDR,False
v_25510389_1564,25510388.0,,4260.0,6942.75,1564.0,,,,SIBDR,True
v_25423359_1564,25423358.0,,6353.15,4851.266666666667,1564.0,,,,SIBDL,True
v_25514533_1564,25514532.0,,4285.15,7816.25,1564.0,,,,SIBDR,True
25451251,25451250.0,5.0,4931.0,6766.75,1565.0,-1.0,128.0,1761249061.0,SIBDL,False
v_25392924_1565,25392923.0,,2173.055,1871.7,1565.0,,,,SIBDL,True
25396860,25396859.0,5.0,6627.8,1754.95,1565.0,-1.0,128.0,1757140934.0,SIBDR,False
25423358,v_25423358_1566,5.0,6361.15,4848.6,1565.0,-1.0,128.0,1761250204.0,SIBDL,False
v_25510389_1565,v_25510389_1566,,4253.666666666667,6942.083333333333,1565.0,,,,SIBDR,True
v_25514571_1565,25514570.0,,2017.65,6996.25,1565.0,,,,SIBDR,True
25514532,v_25514532_1566,5.0,4294.15,7807.25,1565.0,-1.0,128.0,1766515913.0,SIBDR,False
25514607,25514606.0,5.0,4406.15,7385.25,1566.0,-1.0,128.0,1766515913.0,SIBDR,False
25514571,v_25514571_1565,5.0,2006.15,6981.25,1566.0,-1.0,128.0,1766515913.0,SIBDR,False
v_25392924_1566,v_25392924_1566,,2175.455,1869.7,1566.0,,,,SIBDL,True
v_25396861_1566,25396860.0,,6635.3,1744.45,1566.0,,,,SIBDR,True
v_25514532_1566,25514531.0,,4307.15,7798.25,1566.0,,,,SIBDR,True
v_25510389_1566,v_25510389_1565,,4247.333333333333,6941.416666666667,1566.0,,,,SIBDR,True
v_25423358_1566,25423357.0,,6359.15,4834.6,1566.0,,,,SIBDL,True
25451250,25451249.0,5.0,4933.0,6774.75,1566.0,-1.0,128.0,1761249059.0,SIBDL,False
v_25514572_1567,25514571.0,,1958.15,6934.75,1567.0,,,,SIBDR,True
25423357,25526584.0,5.0,6357.15,4820.6,1567.0,-1.0,128.0,1765477661.0,SIBDL,False
25510389,v_25510389_1564,5.0,4241.0,6940.75,1567.0,-1.0,128.0,1766515913.0,SIBDR,False
25514531,25514577.0,5.0,4320.15,7789.25,1567.0,-1.0,128.0,1766515913.0,SIBDR,False
25392924,v_25392924_1565,5.0,2177.855,1867.7,1567.0,-1.0,128.0,1767977193.0,SIBDL,False
25451249,25451248.0,5.0,4901.0,6776.75,1567.0,-1.0,128.0,1761249058.0,SIBDL,False
25514606,25514605.0,5.0,4398.15,7391.25,1567.0,-1.0,128.0,1766515913.0,SIBDR,False
25396861,v_25396861_1566,5.0,6637.8,1740.95,1567.0,-1.0,128.0,1757140935.0,SIBDR,False
25451248,25451247.0,5.0,4901.0,6780.75,1568.0,-1.0,128.0,1761249057.0,SIBDL,False
25396862,25396861.0,5.0,6643.8,1738.95,1568.0,-1.0,128.0,1757140935.0,SIBDR,False
v_25510390_1568,25510389.0,,4248.2,6953.95,1568.0,,,,SIBDR,True
25526584,25423356.0,5.0,6335.25,4838.6,1568.0,-1.0,128.0,1765477777.0,SIBDL,False
25514605,25514604.0,5.0,4394.15,7385.25,1568.0,-1.0,128.0,1766515913.0,SIBDR,False
v_25392925_1568,25392924.0,,2177.855,1867.7,1568.0,,,,SIBDL,True
25514572,v_25514572_1567,5.0,1942.15,6919.25,1568.0,-1.0,128.0,1766515913.0,SIBDR,False
25514577,25514578.0,5.0,4316.15,7765.25,1568.0,-1.0,128.0,1766515913.0,SIBDR,False
v_25396863_1569,25396862.0,,6643.8,1738.95,1569.0,,,,SIBDR,True
25514578,25514579.0,5.0,4330.15,7765.25,1569.0,-1.0,128.0,1766515913.0,SIBDR,False
v_25392925_1569,v_25392925_1569,,2177.855,1867.7,1569.0,,,,SIBDL,True
25514604,25514603.0,5.0,4372.15,7395.25,1569.0,-1.0,128.0,1766515913.0,SIBDR,False
25423356,v_25423356_1570,5.0,6357.15,4820.6,1569.0,-1.0,128.0,1761250204.0,SIBDL,False
v_25510390_1569,v_25510390_1569,,4250.6,6958.35,1569.0,,,,SIBDR,True
v_25514573_1569,25514572.0,,1876.15,6850.25,1569.0,,,,SIBDR,True
25451247,25451246.0,5.0,4897.0,6802.75,1569.0,-1.0,128.0,1761249056.0,SIBDL,False
25451246,v_25451246_1571,5.0,4905.0,6800.75,1570.0,-1.0,128.0,1761249052.0,SIBDL,False
25396863,v_25396863_1569,5.0,6643.8,1738.95,1570.0,-1.0,128.0,1757140936.0,SIBDR,False
25514603,25514602.0,5.0,4362.15,7401.25,1570.0,-1.0,128.0,1766515913.0,SIBDR,False
25510390,v_25510390_1568,5.0,4253.0,6962.75,1570.0,-1.0,128.0,1766515913.0,SIBDR,False
25514579,25514580.0,5.0,4334.15,7761.25,1570.0,-1.0,128.0,1766515913.0,SIBDR,False
25392925,v_25392925_1568,5.0,2177.855,1867.7,1570.0,-1.0,128.0,1767977193.0,SIBDL,False
25514573,v_25514573_1569,5.0,1854.15,6827.25,1570.0,-1.0,128.0,1766515913.0,SIBDR,False
v_25423356_1570,25423355.0,,6349.15,4796.6,1570.0,,,,SIBDL,True
v_25392926_1571,25392925.0,,2185.355,1860.2,1571.0,,,,SIBDL,True
v_25396864_1571,25396863.0,,6643.8,1738.95,1571.0,,,,SIBDR,True
25514580,25514581.0,5.0,4306.15,7735.25,1571.0,-1.0,128.0,1766515913.0,SIBDR,False
v_25451246_1571,25451245.0,,4911.0,6822.75,1571.0,,,,SIBDL,True
v_25514574_1571,25514573.0,,1791.15,6752.25,1571.0,,,,SIBDR,True
v_25510391_1571,25510390.0,,4250.0,6992.75,1571.0,,,,SIBDR,True
25423355,v_25423355_1572,5.0,6341.15,4772.6,1571.0,-1.0,128.0,1761250204.0,SIBDL,False
25514602,25514601.0,5.0,4340.15,7425.25,1571.0,-1.0,128.0,1766515913.0,SIBDR,False
25510391,v_25510391_1571,5.0,4249.0,7002.75,1572.0,-1.0,128.0,1766515913.0,SIBDR,False
25514601,25514599.0,5.0,4320.15,7421.25,1572.0,-1.0,128.0,1766515913.0,SIBDR,False
25433178,25433175.0,5.0,5778.6,7668.75,1572.0,-1.0,128.0,1761250204.0,SIBDL,False
25433177,25433176.0,5.0,6164.6,7484.75,1572.0,-1.0,128.0,1761250204.0,SIBDL,False
25392926,v_25392926_1571,5.0,2187.855,1857.7,1572.0,-1.0,128.0,1767977193.0,SIBDL,False
25514581,25514582.0,5.0,4318.15,7725.25,1572.0,-1.0,128.0,1766515913.0,SIBDR,False
v_25423355_1572,25423354.0,,6327.15,4762.6,1572.0,,,,SIBDL,True
25451245,25451244.0,5.0,4917.0,6844.75,1572.0,-1.0,128.0,1761249050.0,SIBDL,False
25396864,v_25396864_1571,5.0,6643.8,1738.95,1572.0,-1.0,128.0,1757140937.0,SIBDR,False
25514574,v_25514574_1571,5.0,1770.15,6727.25,1572.0,-1.0,128.0,1766515913.0,SIBDR,False
v_25514575_1573,25514574.0,,1720.65,6643.25,1573.0,,,,SIBDR,True
v_25510392_1573,25510391.0,,4285.0,7032.75,1573.0,,,,SIBDR,True
v_25433179_1573,25433178.0,,5926.6,7575.75,1573.0,,,,SIBDL,True
25423354,v_25423354_1574,5.0,6313.15,4752.6,1573.0,-1.0,128.0,1761250204.0,SIBDL,False
v_25392927_1573,25392926.0,,2207.355,1836.7,1573.0,,,,SIBDL,True
25514582,25514583.0,5.0,4304.15,7709.25,1573.0,-1.0,128.0,1766515913.0,SIBDR,False
v_25396865_1573,25396864.0,,6643.8,1738.95,1573.0,,,,SIBDR,True
25514599,25514598.0,5.0,4286.15,7397.25,1573.0,-1.0,128.0,1766515913.0,SIBDR,False
25433176,25433174.0,5.0,6174.6,7472.75,1573.0,-1.0,128.0,1761250204.0,SIBDL,False
25433175,25433174.0,5.0,5810.6,7636.75,1573.0,-1.0,128.0,1761250204.0,SIBDL,False
25451244,25451243.0,5.0,4937.0,6878.75,1573.0,-1.0,128.0,1761249044.0,SIBDL,False
v_25423354_1574,v_25423354_1575,,6319.816666666667,4741.933333333333,1574.0,,,,SIBDL,True
25392927,v_25392927_1573,5.0,2213.855,1829.7,1574.0,-1.0,128.0,1767977193.0,SIBDL,False
25514583,25514584.0,5.0,4314.15,7685.25,1574.0,-1.0,128.0,1766515913.0,SIBDR,False
25510392,v_25510392_1573,5.0,4297.0,7042.75,1574.0,-1.0,128.0,1766515913.0,SIBDR,False
25514575,v_25514575_1573,5.0,1704.15,6615.25,1574.0,-1.0,128.0,1766515913.0,SIBDR,False
25514598,25514597.0,5.0,4276.15,7403.25,1574.0,-1.0,128.0,1766515913.0,SIBDR,False
v_25433179_1574,v_25433179_1575,,5975.933333333333,7544.75,1574.0,,,,SIBDL,True
25451243,25451242.0,5.0,4935.0,6890.75,1574.0,-1.0,128.0,1761249043.0,SIBDL,False
25396865,v_25396865_1573,5.0,6643.8,1738.95,1574.0,-1.0,128.0,1757140938.0,SIBDR,False
25433174,25433170.0,5.0,6092.6,7502.75,1574.0,-1.0,128.0,1761250204.0,SIBDL,False
25510393,25510392.0,5.0,4303.0,7084.75,1575.0,-1.0,128.0,1766515913.0,SIBDR,False
25433170,25451420.0,5.0,6318.6,7358.75,1575.0,-1.0,128.0,1761250204.0,SIBDL,False
25451242,v_25451242_1576,5.0,4925.0,6936.75,1575.0,-1.0,128.0,1761249040.0,SIBDL,False
25514576,25514575.0,5.0,1696.15,6601.25,1575.0,-1.0,128.0,1766515913.0,SIBDR,False
25514600,25510393.0,5.0,4242.15,7239.25,1575.0,-1.0,128.0,1766515913.0,SIBDR,False
v_25392928_1575,25392927.0,,2213.855,1825.2,1575.0,,,,SIBDL,True
v_25433179_1575,v_25433179_1574,,6025.266666666667,7513.75,1575.0,,,,SIBDL,True
25514597,25514600.0,5.0,4278.15,7433.25,1575.0,-1.0,128.0,1766515913.0,SIBDR,False
v_25423354_1575,25423329.0,,6326.483333333333,4731.266666666667,1575.0,,,,SIBDL,True
v_25396866_1575,25396865.0,,6631.8,1720.95,1575.0,,,,SIBDR,True
25514584,25514585.0,5.0,4294.15,7653.25,1575.0,-1.0,128.0,1766515913.0,SIBDR,False
25514585,25514586.0,5.0,4292.15,7621.25,1576.0,-1.0,128.0,1766515913.0,SIBDR,False
25514596,25514597.0,5.0,4292.15,7443.25,1576.0,-1.0,128.0,1766515913.0,SIBDR,False
v_25433169_1576,25433170.0,,6542.1,7150.25,1576.0,,,,SIBDL,True
v_25510394_1576,25510393.0,,4312.0,7122.25,1576.0,,,,SIBDR,True
v_25433171_1576,25433170.0,,6135.6,7450.25,1576.0,,,,SIBDL,True
25514639,25514576.0,5.0,1670.15,6539.25,1576.0,-1.0,128.0,1766515913.0,SIBDR,False
25433179,v_25433179_1573,5.0,6074.6,7482.75,1576.0,-1.0,128.0,1761250204.0,SIBDL,False
25451420,25451404.0,5.0,5281.0,7890.75,1576.0,-1.0,128.0,1761250074.0,SIBDL,False
25423329,v_25423329_1577,5.0,6333.15,4720.6,1576.0,-1.0,128.0,1761250204.0,SIBDL,False
25396866,v_25396866_1575,5.0,6627.8,1714.95,1576.0,-1.0,128.0,1757140938.0,SIBDR,False
v_25451242_1576,25451241.0,,4914.0,6949.75,1576.0,,,,SIBDL,True
25392928,v_25392928_1575,5.0,2213.855,1823.7,1576.0,-1.0,128.0,1767977193.0,SIBDL,False
25514640,25514639.0,5.0,1636.15,6515.25,1577.0,-1.0,128.0,1766515913.0,SIBDR,False
v_25392929_1577,25392928.0,,2221.355,1817.7,1577.0,,,,SIBDL,True
25451404,25451403.0,5.0,5262.0,7890.75,1577.0,-1.0,128.0,1761249793.0,SIBDL,False
25451241,25451240.0,5.0,4903.0,6962.75,1577.0,-1.0,128.0,1761249032.0,SIBDL,False
25433171,v_25433171_1576,5.0,6074.6,7480.75,1577.0,-1.0,128.0,1761250204.0,SIBDL,False
25510394,v_25510394_1576,5.0,4315.0,7134.75,1577.0,-1.0,128.0,1766515913.0,SIBDR,False
25433169,v_25433169_1576,5.0,6616.6,7080.75,1577.0,-1.0,128.0,1761250204.0,SIBDL,False
25514586,25514587.0,5.0,4296.15,7607.25,1577.0,-1.0,128.0,1766515913.0,SIBDR,False
v_25396867_1577,25396866.0,,6629.3,1714.95,1577.0,,,,SIBDR,True
v_25423329_1577,25423328.0,,6313.15,4689.6,1577.0,,,,SIBDL,True
25514588,25514596.0,5.0,4270.15,7489.25,1577.0,-1.0,128.0,1766515913.0,SIBDR,False
25451403,25451402.0,5.0,5116.0,7914.75,1578.0,-1.0,128.0,1761249787.0,SIBDL,False
25433168,25433169.0,5.0,6718.6,6976.75,1578.0,-1.0,128.0,1761250204.0,SIBDL,False
25510395,25510394.0,5.0,4339.0,7078.75,1578.0,-1.0,128.0,1766515913.0,SIBDR,False
25514587,25514588.0,5.0,4280.15,7513.25,1578.0,-1.0,128.0,1766515913.0,SIBDR,False
v_25514641_1578,25514640.0,,1622.65,6482.25,1578.0,,,,SIBDR,True
25392929,v_25392929_1577,5.0,2223.855,1815.7,1578.0,-1.0,128.0,1767977193.0,SIBDL,False
25423328,v_25423328_1579,5.0,6293.15,4658.6,1578.0,-1.0,128.0,1761250204.0,SIBDL,False
25396867,v_25396867_1577,5.0,6629.8,1714.95,1578.0,-1.0,128.0,1757140939.0,SIBDR,False
25451240,25451239.0,5.0,4913.0,6990.75,1578.0,-1.0,128.0,1761249031.0,SIBDL,False
25433167,25433168.0,5.0,6794.4,6846.9,1579.0,-1.0,128.0,1766106223.0,SIBDL,False
25514589,25514587.0,5.0,4280.15,7511.25,1579.0,-1.0,128.0,1766515913.0,SIBDR,False
v_25423328_1579,v_25423328_1580,,6287.15,4646.6,1579.0,,,,SIBDL,True
v_25510396_1579,25510395.0,,4351.0,7039.75,1579.0,,,,SIBDR,True
25451239,25451238.0,5.0,4913.0,6998.75,1579.0,-1.0,128.0,1761249030.0,SIBDL,False
25396868,25396867.0,5.0,6629.8,1714.95,1579.0,-1.0,128.0,1757140940.0,SIBDR,False
25514641,v_25514641_1578,5.0,1618.15,6471.25,1579.0,-1.0,128.0,1766515913.0,SIBDR,False
25451402,25451401.0,5.0,5014.0,7932.75,1579.0,-1.0,128.0,1761249783.0,SIBDL,False
v_25392930_1579,25392929.0,,2229.855,1806.7,1579.0,,,,SIBDL,True
25433166,25433167.0,5.0,6854.6,6762.75,1580.0,-1.0,128.0,1761250204.0,SIBDL,False
25510396,v_25510396_1579,5.0,4355.0,7026.75,1580.0,-1.0,128.0,1766515913.0,SIBDR,False
v_25514642_1580,25514641.0,,1585.15,6408.25,1580.0,,,,SIBDR,True
25559335,25396868.0,5.0,6630.8,1714.95,1580.0,-1.0,128.0,1771828127.0,SIBDR,False
25451238,v_25451238_1581,5.0,4909.0,7012.75,1580.0,-1.0,128.0,1761249027.0,SIBDL,False
25451236,v_25451236_1581,5.0,4793.0,7332.75,1580.0,-1.0,128.0,1761248995.0,SIBDL,False
25392930,v_25392930_1579,5.0,2231.855,1803.7,1580.0,-1.0,128.0,1767977193.0,SIBDL,False
v_25514590_1580,25514589.0,,4269.65,7508.25,1580.0,,,,SIBDR,True
25451401,v_25451401_1581,5.0,4934.0,7922.75,1580.0,-1.0,128.0,1761249774.0,SIBDL,False
v_25423328_1580,v_25423328_1581,,6281.15,4634.6,1580.0,,,,SIBDL,True
v_25392931_1581,25392930.0,,2241.455,1794.1,1581.0,,,,SIBDL,True
25510397,25510396.0,5.0,4349.0,7004.75,1581.0,-1.0,128.0,1766515913.0,SIBDR,False
25396869,25559335.0,5.0,6631.8,1714.95,1581.0,-1.0,128.0,1771828127.0,SIBDR,False
v_25451401_1581,25451400.0,,4839.0,7871.75,1581.0,,,,SIBDL,True
25514642,v_25514642_1580,5.0,1574.15,6387.25,1581.0,-1.0,128.0,1766515913.0,SIBDR,False
v_25451236_1581,25451235.0,,4790.0,7305.75,1581.0,,,,SIBDL,True
v_25451238_1581,25451235.0,,4848.0,7145.75,1581.0,,,,SIBDL,True
25433165,25433166.0,5.0,6924.6,6712.75,1581.0,-1.0,128.0,1761250204.0,SIBDL,False
25514590,v_25514590_1580,5.0,4266.15,7507.25,1581.0,-1.0,128.0,1766515913.0,SIBDR,False
v_25423328_1581,25423327.0,,6275.15,4622.6,1581.0,,,,SIBDL,True
25514591,25514590.0,5.0,4260.15,7507.25,1582.0,-1.0,128.0,1766515913.0,SIBDR,False
v_25433164_1582,25433165.0,,7025.1,6553.75,1582.0,,,,SIBDL,True
v_25510398_1582,25510397.0,,4359.5,6989.75,1582.0,,,,SIBDR,True
25451235,25451234.0,5.0,4787.0,7278.75,1582.0,-1.0,128.0,1761249021.0,SIBDL,False
v_25514643_1582,25514642.0,,1562.15,6361.75,1582.0,,,,SIBDR,True
25423327,v_25423327_1583,5.0,6269.15,4610.6,1582.0,-1.0,128.0,1761250204.0,SIBDL,False
25451400,25451399.0,5.0,4744.0,7820.75,1582.0,-1.0,128.0,1761249757.0,SIBDL,False
v_25392931_1582,v_25392931_1582,,2244.655,1790.9,1582.0,,,,SIBDL,True
25396870,25396869.0,5.0,6633.8,1716.95,1582.0,-1.0,128.0,1757140941.0,SIBDR,False
25451399,v_25451399_1584,5.0,4718.0,7794.75,1583.0,-1.0,128.0,1761249755.0,SIBDL,False
v_25423327_1583,v_25423327_1584,,6263.816666666667,4599.933333333333,1583.0,,,,SIBDL,True
25433164,v_25433164_1582,5.0,7058.6,6500.75,1583.0,-1.0,128.0,1761250204.0,SIBDL,False
25514643,v_25514643_1582,5.0,1558.15,6353.25,1583.0,-1.0,128.0,1766515913.0,SIBDR,False
25451234,25451233.0,5.0,4765.0,7354.75,1583.0,-1.0,128.0,1761248981.0,SIBDL,False
25510398,v_25510398_1582,5.0,4363.0,6984.75,1583.0,-1.0,128.0,1766515913.0,SIBDR,False
v_25396871_1583,25396870.0,,6635.3,1716.95,1583.0,,,,SIBDR,True
25392931,v_25392931_1581,5.0,2247.855,1787.7,1583.0,-1.0,128.0,1767977193.0,SIBDL,False
25514592,25514591.0,5.0,4244.15,7509.25,1583.0,-1.0,128.0,1766515913.0,SIBDR,False
v_25514644_1584,25514643.0,,1544.15,6257.25,1584.0,,,,SIBDR,True
v_25423327_1584,25423319.0,,6258.483333333333,4589.266666666667,1584.0,,,,SIBDL,True
25396871,v_25396871_1583,5.0,6635.8,1716.95,1584.0,-1.0,128.0,1757140942.0,SIBDR,False
25514593,25514592.0,5.0,4230.15,7509.25,1584.0,-1.0,128.0,1766515913.0,SIBDR,False
25433163,25433164.0,5.0,7118.6,6402.75,1584.0,-1.0,128.0,1761250204.0,SIBDL,False
v_25510399_1584,25510398.0,,4369.0,6968.25,1584.0,,,,SIBDR,True
25451233,25451232.0,5.0,4765.0,7354.75,1584.0,-1.0,128.0,1761248980.0,SIBDL,False
v_25392932_1584,25392931.0,,2250.855,1783.2,1584.0,,,,SIBDL,True
v_25451399_1584,25451398.0,,4700.0,7775.75,1584.0,,,,SIBDL,True
25451398,25451397.0,5.0,4682.0,7756.75,1585.0,-1.0,128.0,1761249754.0,SIBDL,False
25451232,25451231.0,5.0,4765.0,7354.75,1585.0,-1.0,128.0,1761248979.0,SIBDL,False
v_25396872_1585,25396871.0,,6640.3,1718.45,1585.0,,,,SIBDR,True
v_25514644_1585,v_25514644_1586,,1539.4833333333331,6225.25,1585.0,,,,SIBDR,True
25433162,25433163.0,5.0,7174.6,6318.75,1585.0,-1.0,128.0,1761250204.0,SIBDL,False
25510399,v_25510399_1584,5.0,4371.0,6962.75,1585.0,-1.0,128.0,1766515913.0,SIBDR,False
25423319,25423320.0,5.0,6253.15,4578.6,1585.0,828.0,128.0,1761250204.0,SIBDL,False
25514594,25514593.0,5.0,4232.15,7497.25,1585.0,-1.0,128.0,1766515913.0,SIBDR,False
25392932,v_25392932_1584,5.0,2251.855,1781.7,1585.0,-1.0,128.0,1767977193.0,SIBDL,False
25451231,25451230.0,5.0,4765.0,7354.75,1586.0,-1.0,128.0,1761248978.0,SIBDL,False
v_25514644_1586,v_25514644_1585,,1534.8166666666668,6193.25,1586.0,,,,SIBDR,True
25396872,v_25396872_1585,5.0,6641.8,1718.95,1586.0,-1.0,128.0,1757140943.0,SIBDR,False
25514595,25514594.0,5.0,4246.15,7511.25,1586.0,-1.0,128.0,1766515913.0,SIBDR,False
v_25392933_1586,25392932.0,,2251.855,1781.7,1586.0,,,,SIBDL,True
25423320,25423321.0,5.0,6253.15,4578.6,1586.0,828.0,128.0,1761250204.0,SIBDL,False
v_25433161_1586,25433162.0,,7206.1,6236.25,1586.0,,,,SIBDL,True
25451397,25451229.0,5.0,4674.0,7752.75,1586.0,-1.0,128.0,1761249753.0,SIBDL,False
25451229,25451228.0,5.0,4669.0,7726.75,1587.0,-1.0,128.0,1761248970.0,SIBDL,False
25451230,25451228.0,5.0,4773.0,7370.75,1587.0,-1.0,128.0,1761248974.0,SIBDL,False
25514644,v_25514644_1584,5.0,1530.15,6161.25,1587.0,-1.0,128.0,1766515913.0,SIBDR,False
25433161,v_25433161_1586,5.0,7216.6,6208.75,1587.0,-1.0,128.0,1761250204.0,SIBDL,False
v_25396873_1587,25396872.0,,6647.8,1720.45,1587.0,,,,SIBDR,True
25392933,v_25392933_1586,5.0,2251.855,1781.7,1587.0,-1.0,128.0,1767977193.0,SIBDL,False
25423321,v_25423321_1588,5.0,6269.15,4570.6,1587.0,828.0,128.0,1761250204.0,SIBDL,False
v_25423321_1588,25423322.0,,6273.15,4538.6,1588.0,,,,SIBDL,True
v_25392934_1588,25392933.0,,2250.355,1786.2,1588.0,,,,SIBDL,True
25514645,25514644.0,5.0,1524.15,6109.25,1588.0,-1.0,128.0,1766515913.0,SIBDR,False
25451228,,5.0,4645.0,7590.75,1588.0,-1.0,128.0,1761248945.0,SIBDL,False
25396873,v_25396873_1587,5.0,6649.8,1720.95,1588.0,-1.0,128.0,1757140944.0,SIBDR,False
25433160,25433161.0,5.0,7274.6,6142.75,1588.0,-1.0,128.0,1761250204.0,SIBDL,False
25451237,25451228.0,5.0,4677.0,7500.75,1589.0,-1.0,128.0,1761249005.0,SIBDL,False
25514646,25514645.0,5.0,1536.15,6081.25,1589.0,-1.0,128.0,1766515913.0,SIBDR,False
v_25396874_1589,25396873.0,,6657.3,1728.45,1589.0,,,,SIBDR,True
v_25433159_1589,25433160.0,,7316.6,6037.15,1589.0,,,,SIBDL,True
25392934,v_25392934_1588,5.0,2249.855,1787.7,1589.0,-1.0,128.0,1767977193.0,SIBDL,False
25423322,v_25423322_1590,5.0,6277.15,4506.6,1589.0,828.0,128.0,1761250204.0,SIBDL,False
v_25423322_1590,25423323.0,,6273.15,4502.6,1590.0,,,,SIBDL,True
v_25392935_1590,25392934.0,,2248.355,1790.7,1590.0,,,,SIBDL,True
v_25514647_1590,25514646.0,,1536.15,6049.75,1590.0,,,,SIBDR,True
25396874,v_25396874_1589,5.0,6659.8,1730.95,1590.0,-1.0,128.0,1757140945.0,SIBDR,False
v_25433159_1590,v_25433159_1590,,7330.6,6001.95,1590.0,,,,SIBDL,True
25433159,v_25433159_1589,5.0,7344.6,5966.75,1591.0,-1.0,128.0,1761250204.0,SIBDL,False
25396875,25396874.0,5.0,6647.8,1722.95,1591.0,-1.0,128.0,1757140945.0,SIBDR,False
25392935,v_25392935_1590,5.0,2247.855,1791.7,1591.0,-1.0,128.0,1767977193.0,SIBDL,False
25423323,25423330.0,5.0,6269.15,4498.6,1591.0,828.0,128.0,1761250204.0,SIBDL,False
25514647,v_25514647_1590,5.0,1536.15,6039.25,1591.0,-1.0,128.0,1766515913.0,SIBDR,False
25423330,25423324.0,5.0,6281.15,4494.6,1592.0,828.0,128.0,1761250204.0,SIBDL,False
v_25396876_1592,25396875.0,,6652.3,1724.45,1592.0,,,,SIBDR,True
v_25392936_1592,25392935.0,,2252.355,1787.2,1592.0,,,,SIBDL,True
v_25514648_1592,25514647.0,,1536.15,6027.25,1592.0,,,,SIBDR,True
25432452,25433159.0,5.0,7343.15,5947.6,1592.0,-1.0,128.0,1761250204.0,SIBDL,False
25432451,25432452.0,5.0,7345.15,5921.6,1593.0,-1.0,128.0,1761250204.0,SIBDL,False
25423324,v_25423324_1594,5.0,6293.15,4490.6,1593.0,-1.0,128.0,1761250204.0,SIBDL,False
25392936,v_25392936_1592,5.0,2253.855,1785.7,1593.0,-1.0,128.0,1767977193.0,SIBDL,False
25422433,25422432.0,5.0,2609.625,4816.75,1593.0,-1.0,128.0,1766515913.0,SIBDR,False
25514648,v_25514648_1592,5.0,1536.15,6023.25,1593.0,-1.0,128.0,1766515913.0,SIBDR,False
25396876,v_25396876_1592,5.0,6653.8,1724.95,1593.0,-1.0,128.0,1757140946.0,SIBDR,False
v_25514649_1594,25514648.0,,1550.5500000000002,5994.45,1594.0,,,,SIBDR,True
v_25423324_1594,v_25423324_1595,,6292.7,4479.933333333333,1594.0,,,,SIBDL,True
v_25392937_1594,25392936.0,,2255.355,1785.7,1594.0,,,,SIBDL,True
v_25432450_1594,25432451.0,,7345.15,5892.8,1594.0,,,,SIBDL,True
25396877,25396876.0,5.0,6643.8,1696.95,1594.0,-1.0,128.0,1757140947.0,SIBDR,False
25422432,25422431.0,5.0,2605.625,4824.75,1594.0,-1.0,128.0,1766515913.0,SIBDR,False
v_25514649_1595,v_25514649_1595,,1555.35,5984.85,1595.0,,,,SIBDR,True
v_25432450_1595,v_25432450_1595,,7345.15,5883.200000000001,1595.0,,,,SIBDL,True
v_25423324_1595,25423325.0,,6292.25,4469.266666666667,1595.0,,,,SIBDL,True
25392937,v_25392937_1594,5.0,2255.855,1785.7,1595.0,-1.0,128.0,1767977193.0,SIBDL,False
v_25396878_1595,25396877.0,,6646.8,1699.95,1595.0,,,,SIBDR,True
25422431,25422430.0,5.0,2629.625,4868.75,1595.0,-1.0,128.0,1766515913.0,SIBDR,False
25514649,v_25514649_1594,5.0,1560.15,5975.25,1596.0,-1.0,128.0,1766515913.0,SIBDR,False
25422430,25422429.0,5.0,2605.625,4848.75,1596.0,-1.0,128.0,1766515913.0,SIBDR,False
25396878,v_25396878_1595,5.0,6647.8,1700.95,1596.0,-1.0,128.0,1757140948.0,SIBDR,False
25432450,v_25432450_1594,5.0,7345.15,5873.6,1596.0,-1.0,128.0,1761250204.0,SIBDL,False
v_25392938_1596,25392937.0,,2260.355,1773.7,1596.0,,,,SIBDL,True
25423325,v_25423325_1597,5.0,6291.8,4458.6,1596.0,-1.0,128.0,1765482315.0,SIBDL,False
25392938,v_25392938_1596,5.0,2261.855,1769.7,1597.0,-1.0,128.0,1767977193.0,SIBDL,False
v_25423325_1597,25423326.0,,6286.475,4458.6,1597.0,,,,SIBDL,True
25527335,25514649.0,5.0,1594.0,5903.5,1597.0,-1.0,128.0,1766515913.0,SIBDR,False
25422429,25422428.0,5.0,2629.625,4824.75,1597.0,-1.0,128.0,1766515913.0,SIBDR,False
25432449,25432450.0,5.0,7375.15,5759.6,1597.0,-1.0,128.0,1761250204.0,SIBDL,False
v_25396879_1597,25396878.0,,6662.8,1691.95,1597.0,,,,SIBDR,True
25423326,25423331.0,5.0,6281.15,4458.6,1598.0,-1.0,128.0,1761250204.0,SIBDL,False
25432448,25432449.0,5.0,7385.15,5705.6,1598.0,-1.0,128.0,1761250204.0,SIBDL,False
25422428,25422427.0,5.0,2605.625,4796.75,1598.0,-1.0,128.0,1766515913.0,SIBDR,False
25527334,25527335.0,5.0,1576.0,5899.5,1598.0,-1.0,128.0,1766515913.0,SIBDR,False
v_25392939_1598,25392938.0,,2279.855,1754.7,1598.0,,,,SIBDL,True
25396879,v_25396879_1597,5.0,6667.8,1688.95,1598.0,-1.0,128.0,1757140950.0,SIBDR,False
25392939,v_25392939_1598,5.0,2285.855,1749.7,1599.0,-1.0,128.0,1767977193.0,SIBDL,False
25432447,25432448.0,5.0,7413.15,5673.6,1599.0,-1.0,128.0,1761250204.0,SIBDL,False
25422427,25422426.0,5.0,2605.625,4796.75,1599.0,-1.0,128.0,1766515913.0,SIBDR,False
25527333,25527334.0,5.0,1568.0,5899.5,1599.0,-1.0,128.0,1766515913.0,SIBDR,False
25396880,25396879.0,5.0,6657.8,1688.95,1599.0,-1.0,128.0,1757140951.0,SIBDR,False
25423331,25423332.0,5.0,6273.15,4448.6,1599.0,-1.0,128.0,1761250204.0,SIBDL,False
25396881,25396880.0,5.0,6659.8,1692.95,1600.0,-1.0,128.0,1757140952.0,SIBDR,False
25422426,25422425.0,5.0,2601.625,4784.75,1600.0,-1.0,128.0,1766515913.0,SIBDR,False
25527332,25527333.0,5.0,1570.0,5877.5,1600.0,-1.0,128.0,1766515913.0,SIBDR,False
25423332,25432368.0,5.0,6333.15,4548.6,1600.0,-1.0,128.0,1761250204.0,SIBDL,False
25432446,25432447.0,5.0,7425.15,5645.6,1600.0,-1.0,128.0,1761250204.0,SIBDL,False
v_25392940_1600,25392939.0,,2290.355,1740.7,1600.0,,,,SIBDL,True
v_25396882_1601,25396881.0,,6659.8,1692.95,1601.0,,,,SIBDR,True
25432445,25432446.0,5.0,7425.15,5617.6,1601.0,-1.0,128.0,1761250204.0,SIBDL,False
25422425,25422424.0,5.0,2601.625,4784.75,1601.0,-1.0,128.0,1766515913.0,SIBDR,False
25527331,25527332.0,5.0,1546.0,5849.5,1601.0,-1.0,128.0,1766515913.0,SIBDR,False
25432368,25432366.0,5.0,6736.6,4684.75,1601.0,-1.0,128.0,1761250204.0,SIBDL,False
25423333,25423332.0,5.0,6197.15,4368.6,1601.0,-1.0,128.0,1761250204.0,SIBDL,False
25423334,25423332.0,5.0,6369.15,4800.6,1601.0,-1.0,128.0,1761250204.0,SIBDL,False
25392940,v_25392940_1600,5.0,2291.855,1737.7,1601.0,-1.0,128.0,1767977193.0,SIBDL,False
25423348,25423333.0,5.0,6077.15,4352.6,1602.0,-1.0,128.0,1761250204.0,SIBDL,False
25423335,25423334.0,5.0,6453.15,4924.6,1602.0,-1.0,128.0,1761250204.0,SIBDL,False
v_25392941_1602,25392940.0,,2314.355,1707.7,1602.0,,,,SIBDL,True
25432366,25432363.0,5.0,6760.6,4720.75,1602.0,-1.0,128.0,1761250204.0,SIBDL,False
25432444,25432445.0,5.0,7405.15,5541.6,1602.0,-1.0,128.0,1761250204.0,SIBDL,False
25422424,25422423.0,5.0,2593.625,4744.75,1602.0,-1.0,128.0,1766515913.0,SIBDR,False
25527330,25527331.0,5.0,1546.0,5849.5,1602.0,-1.0,128.0,1766515913.0,SIBDR,False
25396882,v_25396882_1601,5.0,6659.8,1692.95,1602.0,-1.0,128.0,1757140953.0,SIBDR,False
25392941,v_25392941_1602,5.0,2321.855,1697.7,1603.0,-1.0,128.0,1767977193.0,SIBDL,False
25396883,25396882.0,5.0,6681.8,1686.95,1603.0,-1.0,128.0,1757140954.0,SIBDR,False
25450301,25527330.0,5.0,1557.0,5808.5,1603.0,-1.0,128.0,1766515913.0,SIBDR,False
25432363,25432362.0,5.0,6712.6,4720.75,1603.0,-1.0,128.0,1761250204.0,SIBDL,False
25431732,25432444.0,5.0,7404.6,5480.75,1603.0,-1.0,128.0,1761250204.0,SIBDL,False
25422423,25422422.0,5.0,2597.625,4732.75,1603.0,-1.0,128.0,1766515913.0,SIBDR,False
25423336,25423335.0,5.0,6301.15,4932.6,1603.0,-1.0,128.0,1761250204.0,SIBDL,False
25423349,25423348.0,5.0,5969.15,4108.6,1603.0,-1.0,128.0,1761250204.0,SIBDL,False
25432362,25432360.0,5.0,6708.6,4740.75,1604.0,-1.0,128.0,1761250204.0,SIBDL,False
25423337,25423336.0,5.0,6349.15,5000.6,1604.0,-1.0,128.0,1761250204.0,SIBDL,False
25396884,25396883.0,5.0,6687.8,1692.95,1604.0,-1.0,128.0,1757140955.0,SIBDR,False
v_25431733_1604,25431732.0,,7399.35,5455.25,1604.0,,,,SIBDL,True
25422422,25422421.0,5.0,2609.625,4720.75,1604.0,-1.0,128.0,1766515913.0,SIBDR,False
25450300,25450301.0,5.0,1605.0,5686.5,1604.0,-1.0,128.0,1766515913.0,SIBDR,False
v_25392942_1604,25392941.0,,2320.355,1699.2,1604.0,,,,SIBDL,True
25423350,25423349.0,5.0,5953.15,4032.6,1604.0,-1.0,128.0,1761250204.0,SIBDL,False
25392942,v_25392942_1604,5.0,2319.855,1699.7,1605.0,-1.0,128.0,1767977193.0,SIBDL,False
25396885,25396884.0,5.0,6689.8,1686.95,1605.0,-1.0,128.0,1757140979.0,SIBDR,False
25423351,25423350.0,5.0,5953.15,4024.6,1605.0,-1.0,128.0,1761250204.0,SIBDL,False
25423338,25423337.0,5.0,6409.15,5048.6,1605.0,-1.0,128.0,1761250204.0,SIBDL,False
25432360,v_25432360_1606,5.0,6836.6,4756.75,1605.0,-1.0,128.0,1761250204.0,SIBDL,False
25422421,v_25422421_1606,5.0,2617.625,4728.75,1605.0,-1.0,128.0,1766515913.0,SIBDR,False
25431733,v_25431733_1604,5.0,7397.6,5446.75,1605.0,-1.0,128.0,1761250204.0,SIBDL,False
25450299,25450300.0,5.0,1634.95,5632.55,1605.0,-1.0,128.0,1766515913.0,SIBDR,False
25423352,25423351.0,5.0,5937.15,4024.6,1606.0,-1.0,128.0,1761250204.0,SIBDL,False
v_25396886_1606,25396885.0,,6691.3,1694.45,1606.0,,,,SIBDR,True
v_25432360_1606,25432338.0,,6894.6,4748.75,1606.0,,,,SIBDL,True
25423339,25423338.0,5.0,6413.15,5048.6,1606.0,-1.0,128.0,1761250204.0,SIBDL,False
v_25431734_1606,25431733.0,,7404.200000000001,5434.75,1606.0,,,,SIBDL,True
25450298,25450299.0,5.0,1671.0,5598.5,1606.0,-1.0,128.0,1766515913.0,SIBDR,False
v_25392943_1606,25392942.0,,2319.855,1699.7,1606.0,,,,SIBDL,True
v_25422421_1606,v_25422421_1607,,2616.2916666666665,4726.75,1606.0,,,,SIBDR,True
25450297,25450298.0,5.0,1697.0,5580.5,1607.0,-1.0,128.0,1766515913.0,SIBDR,False
v_25431734_1607,v_25431734_1607,,7406.400000000001,5430.75,1607.0,,,,SIBDL,True
25432338,25432335.0,5.0,6952.6,4740.75,1607.0,-1.0,128.0,1761250204.0,SIBDL,False
v_25422421_1607,25422376.0,,2614.958333333333,4724.75,1607.0,,,,SIBDR,True
25396886,v_25396886_1606,5.0,6691.8,1696.95,1607.0,-1.0,128.0,1757140980.0,SIBDR,False
25423353,25423352.0,5.0,5921.15,3996.6,1607.0,-1.0,128.0,1761250204.0,SIBDL,False
25423340,25423339.0,5.0,6433.15,5044.6,1607.0,-1.0,128.0,1761250204.0,SIBDL,False
25392943,v_25392943_1606,5.0,2319.855,1699.7,1607.0,-1.0,128.0,1767977193.0,SIBDL,False
25423341,25423340.0,5.0,6473.15,5040.6,1608.0,-1.0,128.0,1761250204.0,SIBDL,False
25431734,v_25431734_1606,5.0,7408.6,5426.75,1608.0,-1.0,128.0,1761250204.0,SIBDL,False
25450296,25450297.0,5.0,1697.0,5580.5,1608.0,-1.0,128.0,1766515913.0,SIBDR,False
25432335,25432334.0,5.0,7052.6,4760.75,1608.0,-1.0,128.0,1761250204.0,SIBDL,False
v_25396887_1608,25396886.0,,6685.8,1696.95,1608.0,,,,SIBDR,True
25422376,v_25422376_1609,5.0,2613.625,4722.75,1608.0,-1.0,128.0,1766515913.0,SIBDR,False
v_25392944_1608,25392943.0,,2322.855,1687.7,1608.0,,,,SIBDL,True
25432334,25432333.0,5.0,7112.6,4772.75,1609.0,-1.0,128.0,1761250204.0,SIBDL,False
v_25431735_1609,25431734.0,,7397.8,5407.55,1609.0,,,,SIBDL,True
25450295,25450296.0,5.0,1695.0,5578.5,1609.0,-1.0,128.0,1766515913.0,SIBDR,False
25423342,25423341.0,5.0,6541.15,5008.6,1609.0,-1.0,128.0,1761250204.0,SIBDL,False
v_25422376_1609,v_25422376_1610,,2613.625,4720.75,1609.0,,,,SIBDR,True
25392944,v_25392944_1608,5.0,2323.855,1683.7,1609.0,-1.0,128.0,1767977193.0,SIBDL,False
25396887,v_25396887_1608,5.0,6683.8,1696.95,1609.0,-1.0,128.0,1757140981.0,SIBDR,False
v_25422376_1610,v_25422376_1611,,2613.625,4718.75,1610.0,,,,SIBDR,True
v_25396888_1610,25396887.0,,6680.8,1693.95,1610.0,,,,SIBDR,True
25450294,25450295.0,5.0,1691.0,5560.5,1610.0,-1.0,128.0,1766515913.0,SIBDR,False
v_25392945_1610,25392944.0,,2326.855,1682.2,1610.0,,,,SIBDL,True
v_25431735_1610,v_25431735_1610,,7394.200000000001,5401.15,1610.0,,,,SIBDL,True
25432333,25432332.0,5.0,7120.6,4772.75,1610.0,-1.0,128.0,1761250204.0,SIBDL,False
25423343,25423342.0,5.0,6565.15,4980.6,1610.0,-1.0,128.0,1761250204.0,SIBDL,False
25423344,25423343.0,5.0,6557.15,5000.6,1611.0,-1.0,128.0,1761250204.0,SIBDL,False
25392945,v_25392945_1610,5.0,2327.855,1681.7,1611.0,-1.0,128.0,1767977193.0,SIBDL,False
25450293,25450294.0,5.0,1711.0,5566.5,1611.0,-1.0,128.0,1766515913.0,SIBDR,False
v_25422376_1611,25422375.0,,2613.625,4716.75,1611.0,,,,SIBDR,True
25396888,v_25396888_1610,5.0,6679.8,1692.95,1611.0,-1.0,128.0,1757140982.0,SIBDR,False
25431735,v_25431735_1609,5.0,7390.6,5394.75,1611.0,-1.0,128.0,1761250204.0,SIBDL,False
25432332,25432324.0,5.0,7156.6,4780.75,1611.0,-1.0,128.0,1761250204.0,SIBDL,False
25432304,25431735.0,5.0,7396.6,5356.75,1612.0,-1.0,128.0,1761250204.0,SIBDL,False
25432324,25432316.0,5.0,7204.6,4812.75,1612.0,-1.0,128.0,1761250204.0,SIBDL,False
25423345,25423344.0,5.0,6553.15,4988.6,1612.0,-1.0,128.0,1761250204.0,SIBDL,False
25422375,v_25422375_1613,5.0,2613.625,4714.75,1612.0,-1.0,128.0,1766515913.0,SIBDR,False
25450292,25450293.0,5.0,1737.0,5564.5,1612.0,-1.0,128.0,1766515913.0,SIBDR,False
v_25396889_1612,25396888.0,,6682.8,1685.45,1612.0,,,,SIBDR,True
v_25392946_1612,25392945.0,,2330.855,1680.2,1612.0,,,,SIBDL,True
25392946,v_25392946_1612,5.0,2331.855,1679.7,1613.0,-1.0,128.0,1767977193.0,SIBDL,False
25396889,v_25396889_1612,5.0,6683.8,1682.95,1613.0,-1.0,128.0,1757140983.0,SIBDR,False
25432316,25432304.0,5.0,7412.6,5116.75,1613.0,-1.0,128.0,1761250204.0,SIBDL,False
25450291,25450292.0,5.0,1745.0,5566.5,1613.0,-1.0,128.0,1766515913.0,SIBDR,False
v_25423346_1613,25423345.0,,6550.15,4982.6,1613.0,,,,SIBDL,True
v_25422375_1613,v_25422375_1614,,2610.958333333333,4714.75,1613.0,,,,SIBDR,True
v_25422375_1614,25422364.0,,2608.2916666666665,4714.75,1614.0,,,,SIBDR,True
v_25396890_1614,25396889.0,,6691.3,1679.95,1614.0,,,,SIBDR,True
25423346,v_25423346_1613,5.0,6549.15,4980.6,1614.0,-1.0,128.0,1761250204.0,SIBDL,False
25450290,25450291.0,5.0,1747.0,5522.5,1614.0,-1.0,128.0,1766515913.0,SIBDR,False
25432437,25432316.0,5.0,7397.15,5101.6,1614.0,-1.0,128.0,1761250204.0,SIBDL,False
v_25392947_1614,25392946.0,,2331.855,1679.7,1614.0,,,,SIBDL,True
25392947,v_25392947_1614,5.0,2331.855,1679.7,1615.0,-1.0,128.0,1767977193.0,SIBDL,False
25422364,25422366.0,5.0,2605.625,4714.75,1615.0,-1.0,128.0,1766515913.0,SIBDR,False
25432438,25432437.0,5.0,7397.15,5145.6,1615.0,-1.0,128.0,1761250204.0,SIBDL,False
25450289,25450290.0,5.0,1757.0,5514.5,1615.0,-1.0,128.0,1766515913.0,SIBDR,False
25423347,25423346.0,5.0,6545.15,4976.6,1615.0,-1.0,128.0,1761250204.0,SIBDL,False
25396890,v_25396890_1614,5.0,6693.8,1678.95,1615.0,-1.0,128.0,1757140984.0,SIBDR,False
25432439,25432438.0,5.0,7389.15,5149.6,1616.0,-1.0,128.0,1761250204.0,SIBDL,False
25422366,25450280.0,5.0,2621.625,4714.75,1616.0,900.0,128.0,1766515913.0,SIBDR,False
25450281,25450289.0,5.0,1823.0,5424.5,1616.0,-1.0,128.0,1766515913.0,SIBDR,False
v_25396891_1616,25396890.0,,6695.3,1683.45,1616.0,,,,SIBDR,True
v_25392948_1616,25392947.0,,2330.355,1679.7,1616.0,,,,SIBDL,True
25450280,25450281.0,5.0,2525.0,4824.5,1617.0,900.0,128.0,1766515913.0,SIBDR,False
25396891,v_25396891_1616,5.0,6695.8,1684.95,1617.0,-1.0,128.0,1757140985.0,SIBDR,False
25392948,v_25392948_1616,5.0,2329.855,1679.7,1617.0,-1.0,128.0,1767977193.0,SIBDL,False
25432440,25432439.0,5.0,7381.15,5137.6,1617.0,-1.0,128.0,1761250204.0,SIBDL,False
25450282,25450281.0,5.0,1779.0,5458.5,1617.0,-1.0,128.0,1766515913.0,SIBDR,False
25432442,25432440.0,5.0,7393.15,5189.6,1618.0,-1.0,128.0,1761250204.0,SIBDL,False
v_25392949_1618,25392948.0,,2329.855,1679.7,1618.0,,,,SIBDL,True
25450283,25450282.0,5.0,1823.0,5438.5,1618.0,-1.0,128.0,1766515913.0,SIBDR,False
25422367,25450280.0,5.0,2569.0,4808.5,1618.0,900.0,128.0,1766515913.0,SIBDR,False
v_25396892_1618,25396891.0,,6694.3,1681.95,1618.0,,,,SIBDR,True
25450285,25450283.0,5.0,1929.0,5312.5,1619.0,-1.0,128.0,1766515913.0,SIBDR,False
25450284,25450283.0,5.0,1701.0,5678.5,1619.0,-1.0,128.0,1766515913.0,SIBDR,False
25396892,v_25396892_1618,5.0,6693.8,1680.95,1619.0,-1.0,128.0,1757140986.0,SIBDR,False
v_25422368_1619,25422367.0,,2619.775,4771.45,1619.0,,,,SIBDR,True
25392949,v_25392949_1618,5.0,2329.855,1679.7,1619.0,-1.0,128.0,1767977193.0,SIBDL,False
v_25392950_1620,25392949.0,,2337.355,1669.2,1620.0,,,,SIBDL,True
v_25396893_1620,25396892.0,,6693.8,1682.45,1620.0,,,,SIBDR,True
25450286,25450284.0,5.0,1703.0,5664.5,1620.0,-1.0,128.0,1766515913.0,SIBDR,False
v_25422368_1620,v_25422368_1620,,2636.7,4759.1,1620.0,,,,SIBDR,True
25396893,v_25396893_1620,5.0,6693.8,1682.95,1621.0,-1.0,128.0,1757140986.0,SIBDR,False
25450287,25450286.0,5.0,1719.0,5638.5,1621.0,-1.0,128.0,1766515913.0,SIBDR,False
25422368,v_25422368_1619,5.0,2653.625,4746.75,1621.0,900.0,128.0,1766515913.0,SIBDR,False
25392950,v_25392950_1620,5.0,2339.855,1665.7,1621.0,-1.0,128.0,1767977193.0,SIBDL,False
v_25396894_1622,25396893.0,,6693.8,1682.95,1622.0,,,,SIBDR,True
v_25422369_1622,25422368.0,,2659.625,4746.75,1622.0,,,,SIBDR,True
v_25392951_1622,25392950.0,,2339.855,1665.7,1622.0,,,,SIBDL,True
25450288,25450287.0,5.0,1739.0,5664.5,1622.0,-1.0,128.0,1766515913.0,SIBDR,False
25396894,v_25396894_1622,5.0,6693.8,1682.95,1623.0,-1.0,128.0,1757140988.0,SIBDR,False
v_25392951_1623,v_25392951_1623,,2339.855,1665.7,1623.0,,,,SIBDL,True
25422369,v_25422369_1622,5.0,2661.625,4746.75,1623.0,900.0,128.0,1766515913.0,SIBDR,False
25422377,25422369.0,5.0,2653.625,4718.75,1624.0,900.0,128.0,1766515913.0,SIBDR,False
v_25396895_1624,25396894.0,,6695.3,1678.45,1624.0,,,,SIBDR,True
25392951,v_25392951_1622,5.0,2339.855,1665.7,1624.0,-1.0,128.0,1767977193.0,SIBDL,False
25396895,v_25396895_1624,5.0,6695.8,1676.95,1625.0,-1.0,128.0,1757140989.0,SIBDR,False
v_25392952_1625,25392951.0,,2348.855,1652.2,1625.0,,,,SIBDL,True
25422370,25422377.0,5.0,2645.625,4690.75,1625.0,-1.0,128.0,1766515913.0,SIBDR,False
v_25396896_1626,25396895.0,,6694.3,1670.95,1626.0,,,,SIBDR,True
v_25422371_1626,25422370.0,,2650.425,4700.35,1626.0,,,,SIBDR,True
25392952,v_25392952_1625,5.0,2351.855,1647.7,1626.0,-1.0,128.0,1767977193.0,SIBDL,False
v_25392953_1627,25392952.0,,2357.855,1645.3,1627.0,,,,SIBDL,True
25396896,v_25396896_1626,5.0,6693.8,1668.95,1627.0,-1.0,128.0,1757140990.0,SIBDR,False
v_25422371_1627,v_25422371_1627,,2652.025,4703.55,1627.0,,,,SIBDR,True
25422371,v_25422371_1626,5.0,2653.625,4706.75,1628.0,-1.0,128.0,1766515913.0,SIBDR,False
v_25392953_1628,v_25392953_1628,,2359.855,1644.5,1628.0,,,,SIBDL,True
v_25396897_1628,25396896.0,,6693.8,1668.95,1628.0,,,,SIBDR,True
