node_id,parent_id,confidence,x,y,z,radius,creator_id,edition_time,cell_name,is_vnode
25455048,25455047.0,5.0,5775.0,3662.5,1329.0,-1.0,128.0,1764697899.0,RIMR,False
25455047,v_25455047_1331,5.0,5777.0,3662.5,1330.0,-1.0,128.0,1764697899.0,RIMR,False
v_25455047_1331,25455046.0,,5795.575,3640.4275,1331.0,,,,RIMR,True
25455046,v_25455046_1333,5.0,5814.15,3618.355,1332.0,-1.0,128.0,1764697899.0,RIMR,False
v_25455046_1333,25455045.0,,5816.575,3627.4275,1333.0,,,,RIMR,True
25455045,25455044.0,5.0,5819.0,3636.5,1334.0,-1.0,128.0,1764697899.0,RIMR,False
25455044,25455043.0,5.0,5819.0,3636.5,1335.0,-1.0,128.0,1764697899.0,RIMR,False
25455043,25455042.0,5.0,5831.0,3642.5,1336.0,-1.0,128.0,1764697899.0,RIMR,False
25455042,25455041.0,5.0,5817.0,3646.5,1337.0,-1.0,128.0,1764697899.0,RIMR,False
25455041,25455040.0,5.0,5807.0,3636.5,1338.0,-1.0,128.0,1764697899.0,RIMR,False
25455040,25455039.0,5.0,5805.0,3626.5,1339.0,-1.0,128.0,1764697899.0,RIMR,False
25455039,25455038.0,5.0,5795.0,3644.5,1340.0,-1.0,128.0,1764697899.0,RIMR,False
25455038,v_25455038_1342,5.0,5795.0,3622.5,1341.0,-1.0,128.0,1764697899.0,RIMR,False
v_25455038_1342,25455037.0,,5815.0,3612.5,1342.0,,,,RIMR,True
25455037,25455036.0,5.0,5835.0,3602.5,1343.0,-1.0,128.0,1764697899.0,RIMR,False
25455036,25455035.0,5.0,5881.0,3588.5,1344.0,-1.0,128.0,1764697899.0,RIMR,False
25455035,25455034.0,5.0,5901.0,3564.5,1345.0,-1.0,128.0,1764697899.0,RIMR,False
25455034,25455033.0,5.0,5933.0,3518.5,1346.0,-1.0,128.0,1764697899.0,RIMR,False
25455077,25455076.0,5.0,5314.0,2468.5,1346.0,-1.0,128.0,1764697899.0,RIMR,False
25455076,v_25455076_1348,5.0,5194.0,2488.5,1347.0,-1.0,128.0,1764697899.0,RIMR,False
25455033,25455032.0,5.0,5941.0,3492.5,1347.0,-1.0,128.0,1764697899.0,RIMR,False
25455032,v_25455032_1349,5.0,5919.0,3498.5,1348.0,-1.0,128.0,1764697899.0,RIMR,False
v_25455076_1348,25455075.0,,5184.0,2472.5,1348.0,,,,RIMR,True
25455075,v_25455075_1350,5.0,5174.0,2456.5,1349.0,-1.0,128.0,1764697899.0,RIMR,False
v_25455032_1349,25455031.0,,5946.0,3473.5,1349.0,,,,RIMR,True
25455031,25455030.0,5.0,5973.0,3448.5,1350.0,-1.0,128.0,1764697899.0,RIMR,False
v_25455075_1350,25455074.0,,5174.0,2456.5,1350.0,,,,RIMR,True
25455074,25455073.0,5.0,5174.0,2456.5,1351.0,-1.0,128.0,1764697899.0,RIMR,False
25455030,25455029.0,5.0,5969.0,3460.5,1351.0,-1.0,128.0,1764697899.0,RIMR,False
25455073,25455072.0,5.0,5174.0,2460.5,1352.0,-1.0,128.0,1764697899.0,RIMR,False
25455029,v_25455029_1353,5.0,5969.0,3484.5,1352.0,-1.0,128.0,1764697899.0,RIMR,False
25455072,25455071.0,5.0,5202.0,2460.5,1353.0,-1.0,128.0,1764697899.0,RIMR,False
25455080,25455079.0,5.0,4650.0,2560.5,1353.0,-1.0,128.0,1764697899.0,RIMR,False
v_25455029_1353,25455028.0,,5959.0,3468.5,1353.0,,,,RIMR,True
25455071,25455070.0,5.0,5174.0,2472.5,1354.0,-1.0,128.0,1764697899.0,RIMR,False
25455028,25557251.0,5.0,5949.0,3452.5,1354.0,-1.0,128.0,1771012583.0,RIMR,False
25455079,25455078.0,5.0,4654.0,2576.5,1354.0,-1.0,128.0,1764697899.0,RIMR,False
25456501,25456500.0,5.0,4366.15,2603.6,1354.0,-1.0,128.0,1765566032.0,RIML,False
25455078,25455068.0,5.0,4714.0,2588.5,1355.0,-1.0,128.0,1764697899.0,RIMR,False
25455070,25455069.0,5.0,5146.0,2488.5,1355.0,-1.0,128.0,1764697899.0,RIMR,False
25557251,25455027.0,5.0,5927.0,3457.5,1355.0,-1.0,128.0,1771012583.0,RIMR,False
25456500,25456499.0,5.0,4374.15,2587.6,1355.0,-1.0,128.0,1765566032.0,RIML,False
25455069,25455067.0,5.0,5118.0,2492.5,1356.0,-1.0,128.0,1764697899.0,RIMR,False
25455027,25455026.0,5.0,5905.0,3462.5,1356.0,-1.0,128.0,1764697899.0,RIMR,False
25455068,25455067.0,5.0,4670.0,2584.5,1356.0,-1.0,128.0,1764697899.0,RIMR,False
25456495,25456494.0,5.0,3917.15,2337.6,1356.0,-1.0,128.0,1765566032.0,RIML,False
25456499,25456498.0,5.0,4361.15,2577.6,1356.0,-1.0,128.0,1765566032.0,RIML,False
25455026,25455025.0,5.0,5906.0,3472.5,1357.0,-1.0,128.0,1764697899.0,RIMR,False
25456498,25456497.0,5.0,4365.15,2577.6,1357.0,-1.0,128.0,1765566032.0,RIML,False
25456494,25456493.0,5.0,3929.15,2361.6,1357.0,-1.0,128.0,1765566032.0,RIML,False
25455067,25455066.0,5.0,5098.0,2496.5,1357.0,-1.0,128.0,1764697899.0,RIMR,False
25455066,25455065.0,5.0,5078.0,2520.5,1358.0,-1.0,128.0,1764697899.0,RIMR,False
25455025,25455024.0,5.0,5906.0,3472.5,1358.0,-1.0,128.0,1764697899.0,RIMR,False
25456493,25456492.0,5.0,3901.15,2389.6,1358.0,-1.0,128.0,1765566032.0,RIML,False
25456497,25456496.0,5.0,4337.15,2573.6,1358.0,-1.0,128.0,1765566032.0,RIML,False
25455024,25455023.0,5.0,5902.0,3472.5,1359.0,-1.0,128.0,1764697899.0,RIMR,False
25456496,25456491.0,5.0,4301.15,2589.6,1359.0,-1.0,128.0,1765566032.0,RIML,False
25456492,25456490.0,5.0,3957.15,2441.6,1359.0,-1.0,128.0,1765566032.0,RIML,False
25455065,25455064.0,5.0,5118.0,2532.5,1359.0,-1.0,128.0,1764697899.0,RIMR,False
25456490,25456489.0,5.0,3981.16,2479.62,1360.0,-1.0,128.0,1770355031.0,RIML,False
25456491,25456489.0,5.0,4313.165,2555.62,1360.0,-1.0,128.0,1770355017.0,RIML,False
25455064,25455063.0,5.0,5158.0,2560.5,1360.0,-1.0,128.0,1764697899.0,RIMR,False
25455050,25455049.0,5.0,5957.0,3824.5,1360.0,-1.0,128.0,1764697899.0,RIMR,False
25455023,25455022.0,5.0,5902.0,3476.5,1360.0,-1.0,128.0,1764697899.0,RIMR,False
25455022,25455020.0,5.0,5870.0,3488.5,1361.0,-1.0,128.0,1764697899.0,RIMR,False
25455063,25455062.0,5.0,5246.0,2608.5,1361.0,-1.0,128.0,1764697899.0,RIMR,False
25455049,25455021.0,5.0,5957.0,3808.5,1361.0,-1.0,128.0,1764697899.0,RIMR,False
25456489,25456488.0,5.0,4153.15,2481.6,1361.0,-1.0,128.0,1765566032.0,RIML,False
25455021,25455017.0,5.0,5946.0,3776.5,1362.0,-1.0,128.0,1764697899.0,RIMR,False
25455020,25455017.0,5.0,5874.0,3456.5,1362.0,-1.0,128.0,1764697899.0,RIMR,False
25455019,25455018.0,5.0,6222.0,4120.5,1362.0,-1.0,128.0,1764697899.0,RIMR,False
25455062,25455061.0,5.0,5282.0,2628.5,1362.0,-1.0,128.0,1764697899.0,RIMR,False
25456488,v_25456488_1363,5.0,4133.16,2543.62,1362.0,-1.0,128.0,1770355156.0,RIML,False
25455018,25455016.0,5.0,6198.0,4132.5,1363.0,-1.0,128.0,1764697899.0,RIMR,False
25455017,25455016.0,5.0,5942.0,3740.5,1363.0,-1.0,128.0,1764697899.0,RIMR,False
v_25456488_1363,25456487.0,,4127.155,2552.61,1363.0,,,,RIML,True
25455061,25455060.0,5.0,5282.0,2628.5,1363.0,-1.0,128.0,1764697899.0,RIMR,False
25455060,25455059.0,5.0,5314.0,2624.5,1364.0,-1.0,128.0,1764697899.0,RIMR,False
25455016,25455015.0,5.0,6006.0,3896.5,1364.0,-1.0,128.0,1764697899.0,RIMR,False
25456487,v_25456487_1365,5.0,4121.15,2561.6,1364.0,-1.0,128.0,1765566032.0,RIML,False
v_25456487_1365,25456486.0,,4121.15,2561.6,1365.0,,,,RIML,True
25455059,25455057.0,5.0,5278.0,2604.5,1365.0,-1.0,128.0,1764697899.0,RIMR,False
25455015,25455014.0,5.0,6018.0,3900.5,1365.0,-1.0,128.0,1764697899.0,RIMR,False
25455014,25455013.0,5.0,6038.0,3896.5,1366.0,-1.0,128.0,1764697899.0,RIMR,False
25455057,25455058.0,5.0,5386.0,2640.5,1366.0,-1.0,128.0,1764697899.0,RIMR,False
25456486,v_25456486_1367,5.0,4121.15,2561.6,1366.0,-1.0,128.0,1765566032.0,RIML,False
25455013,25455012.0,5.0,6038.0,3880.5,1367.0,-1.0,128.0,1764697899.0,RIMR,False
25455056,25455057.0,5.0,5755.0,2886.5,1367.0,-1.0,128.0,1764697899.0,RIMR,False
25455058,25455198.0,5.0,4806.0,2484.5,1367.0,-1.0,128.0,1764697899.0,RIMR,False
v_25456486_1367,25456485.0,,4121.15,2561.6,1367.0,,,,RIML,True
25455198,25455199.0,5.0,4777.0,2506.5,1368.0,-1.0,128.0,1764697899.0,RIMR,False
25455055,25455056.0,5.0,5855.0,2956.5,1368.0,-1.0,128.0,1764697899.0,RIMR,False
25456485,v_25456485_1369,5.0,4121.15,2561.6,1368.0,-1.0,128.0,1765566032.0,RIML,False
25455012,25455011.0,5.0,6041.0,3866.52,1368.0,-1.0,128.0,1770347662.0,RIMR,False
25455054,25455055.0,5.0,5901.0,3012.5,1369.0,-1.0,128.0,1764697899.0,RIMR,False
25455011,25455010.0,5.0,6042.0,3868.5,1369.0,-1.0,128.0,1764697899.0,RIMR,False
25455199,25552617.0,5.0,4769.0,2506.5,1369.0,-1.0,128.0,1769311896.0,RIMR,False
v_25456485_1369,25456484.0,,4121.15,2561.6,1369.0,,,,RIML,True
25552612,25552611.0,5.0,5243.15,2492.61,1370.0,-1.0,128.0,1769311714.0,RIML,False
25455010,25455009.0,5.0,6038.0,3816.5,1370.0,-1.0,128.0,1764697899.0,RIMR,False
25552617,25455200.0,5.0,4721.0,2502.5,1370.0,-1.0,128.0,1769311896.0,RIMR,False
25455053,25455054.0,5.0,5927.0,3056.5,1370.0,-1.0,128.0,1764697899.0,RIMR,False
25456484,25456483.0,5.0,4121.15,2561.6,1370.0,-1.0,128.0,1765566032.0,RIML,False
v_25455052_1371,25455053.0,,5948.0,3065.5,1371.0,,,,RIMR,True
25456483,25456482.0,5.0,4101.15,2533.6,1371.0,-1.0,128.0,1765566032.0,RIML,False
25552611,25552610.0,5.0,5259.15,2490.61,1371.0,-1.0,128.0,1769311713.0,RIML,False
25455009,25556079.0,5.0,6037.0,3782.52,1371.0,-1.0,128.0,1770347683.0,RIMR,False
25455200,25455201.0,5.0,4673.0,2498.5,1371.0,-1.0,128.0,1764697899.0,RIMR,False
25556079,25455008.0,5.0,6034.0,3770.5,1372.0,-1.0,128.0,1770347678.0,RIMR,False
25455201,25455202.0,5.0,4681.0,2498.5,1372.0,-1.0,128.0,1764697899.0,RIMR,False
25552610,25451113.0,5.0,5249.15,2488.61,1372.0,-1.0,128.0,1769311711.0,RIML,False
25456482,25456480.0,5.0,4101.15,2533.6,1372.0,-1.0,128.0,1765566032.0,RIML,False
25455052,v_25455052_1371,5.0,5955.0,3068.5,1372.0,-1.0,128.0,1764697899.0,RIMR,False
25456480,25456481.0,5.0,4145.15,2521.6,1373.0,-1.0,128.0,1765566032.0,RIML,False
25451113,25451112.0,5.0,5203.0,2445.75,1373.0,-1.0,128.0,1761242693.0,RIML,False
25455051,25455052.0,5.0,5999.0,3106.5,1373.0,-1.0,128.0,1764697899.0,RIMR,False
25455202,v_25455202_1374,5.0,4681.0,2498.5,1373.0,-1.0,128.0,1764697899.0,RIMR,False
25455008,25455007.0,5.0,6030.0,3752.5,1373.0,-1.0,128.0,1764697899.0,RIMR,False
25455007,25556057.0,5.0,6022.0,3720.5,1374.0,-1.0,128.0,1770347225.0,RIMR,False
v_25455202_1374,25455203.0,,4657.0,2504.5,1374.0,,,,RIMR,True
25455006,25455051.0,5.0,6006.0,3136.5,1374.0,-1.0,128.0,1764697899.0,RIMR,False
25456479,25456480.0,5.0,3853.15,2593.6,1374.0,-1.0,128.0,1765566032.0,RIML,False
25451112,25451111.0,5.0,5303.0,2509.75,1374.0,-1.0,128.0,1761242687.0,RIML,False
25456481,25456502.0,5.0,4429.15,2457.6,1374.0,-1.0,128.0,1765566032.0,RIML,False
25456478,25456479.0,5.0,3809.15,2597.6,1375.0,-1.0,128.0,1765566032.0,RIML,False
25456502,25456503.0,5.0,4476.15,2463.6,1375.0,-1.0,128.0,1765566032.0,RIML,False
25455203,25455204.0,5.0,4633.0,2510.5,1375.0,-1.0,128.0,1764697899.0,RIMR,False
25556055,25455006.0,5.0,6107.0,3296.52,1375.0,-1.0,128.0,1770347215.0,RIMR,False
25556057,25455005.0,5.0,6058.0,3632.5,1375.0,-1.0,128.0,1770347225.0,RIMR,False
25451111,25451110.0,5.0,5319.0,2549.75,1375.0,-1.0,128.0,1761242686.0,RIML,False
25451110,25451109.0,5.0,5359.0,2553.75,1376.0,-1.0,128.0,1761242684.0,RIML,False
25455005,25556055.0,5.0,6094.0,3544.5,1376.0,-1.0,128.0,1770347215.0,RIMR,False
25455204,v_25455204_1377,5.0,4615.0,2528.5,1376.0,-1.0,128.0,1764697899.0,RIMR,False
25456503,25456504.0,5.0,4508.15,2435.6,1376.0,-1.0,128.0,1765566032.0,RIML,False
25456477,25456478.0,5.0,3725.15,2601.6,1376.0,-1.0,128.0,1765566032.0,RIML,False
v_25455204_1377,25455205.0,,4584.0,2527.5,1377.0,,,,RIMR,True
25455004,25455005.0,5.0,6070.0,3588.5,1377.0,-1.0,128.0,1764697899.0,RIMR,False
25456476,25456477.0,5.0,3709.15,2617.6,1377.0,-1.0,128.0,1765566032.0,RIML,False
25456504,25456505.0,5.0,4542.15,2429.6,1377.0,-1.0,128.0,1765566032.0,RIML,False
25451109,25451108.0,5.0,5375.0,2561.75,1377.0,-1.0,128.0,1761242683.0,RIML,False
25456505,25456506.0,5.0,4572.15,2407.6,1378.0,-1.0,128.0,1765566032.0,RIML,False
25456475,25456476.0,5.0,3645.15,2601.6,1378.0,-1.0,128.0,1765566032.0,RIML,False
25451114,25451106.0,5.0,5927.0,2913.75,1378.0,-1.0,128.0,1761242708.0,RIML,False
25451108,25451107.0,5.0,5371.0,2609.75,1378.0,-1.0,128.0,1761242679.0,RIML,False
25455003,25455004.0,5.0,6078.0,3572.5,1378.0,-1.0,128.0,1764697899.0,RIMR,False
25455205,25455206.0,5.0,4553.0,2526.5,1378.0,-1.0,128.0,1764697899.0,RIMR,False
25455206,25455207.0,5.0,4549.0,2520.5,1379.0,-1.0,128.0,1764697899.0,RIMR,False
25456474,25456475.0,5.0,3633.15,2613.6,1379.0,-1.0,128.0,1765566032.0,RIML,False
25451107,25451105.0,5.0,5411.0,2617.75,1379.0,-1.0,128.0,1761242674.0,RIML,False
25451106,25451105.0,5.0,5923.0,2913.75,1379.0,-1.0,128.0,1761242670.0,RIML,False
25456506,25456507.0,5.0,4612.15,2419.6,1379.0,-1.0,128.0,1765566032.0,RIML,False
25455002,25455003.0,5.0,6074.0,3580.5,1379.0,-1.0,128.0,1764697899.0,RIMR,False
25456473,25456474.0,5.0,3585.15,2665.6,1380.0,-1.0,128.0,1765566032.0,RIML,False
25455207,25512139.0,5.0,4549.0,2516.5,1380.0,-1.0,128.0,1764697899.0,RIMR,False
25456507,25451104.0,5.0,4638.15,2419.6,1380.0,-1.0,128.0,1765566032.0,RIML,False
25454999,25455002.0,5.0,6070.0,3584.5,1380.0,-1.0,128.0,1764697899.0,RIMR,False
25451105,25451104.0,5.0,5531.0,2737.75,1380.0,-1.0,128.0,1761242595.0,RIML,False
25456609,25456608.0,5.0,2467.15,3977.6,1381.0,-1.0,128.0,1765566032.0,RIML,False
25455000,25454999.0,5.0,6066.0,3628.5,1381.0,-1.0,128.0,1764697899.0,RIMR,False
25456472,25456473.0,5.0,3353.15,2765.6,1381.0,-1.0,128.0,1765566032.0,RIML,False
25451104,25451102.0,5.0,5551.0,2845.75,1381.0,-1.0,128.0,1761242581.0,RIML,False
25456512,25456511.0,5.0,2780.15,3291.6,1381.0,-1.0,128.0,1765566032.0,RIML,False
25512139,25512140.0,5.0,4465.915,2562.02,1381.0,-1.0,128.0,1764697899.0,RIMR,False
25455001,25455000.0,5.0,6066.0,3588.5,1382.0,-1.0,128.0,1764697899.0,RIMR,False
25451102,25451101.0,5.0,5551.0,2801.75,1382.0,-1.0,128.0,1761242557.0,RIML,False
25456608,25456607.0,5.0,2455.15,3977.6,1382.0,-1.0,128.0,1765566032.0,RIML,False
25456511,25456510.0,5.0,2776.15,3277.6,1382.0,-1.0,128.0,1765566032.0,RIML,False
25456471,25456472.0,5.0,3276.85,2746.4,1382.0,-1.0,128.0,1766166363.0,RIML,False
25512140,25512141.0,5.0,4431.915,2506.02,1382.0,-1.0,128.0,1764697899.0,RIMR,False
25456470,25456471.0,5.0,3213.15,2781.6,1383.0,-1.0,128.0,1765566032.0,RIML,False
25456606,25456605.0,5.0,2671.15,3597.6,1383.0,-1.0,128.0,1765566032.0,RIML,False
25456607,25456605.0,5.0,2463.15,3957.6,1383.0,-1.0,128.0,1765566032.0,RIML,False
25451101,25451100.0,5.0,6183.0,3123.75,1383.0,-1.0,128.0,1761242546.0,RIML,False
25451103,25451102.0,5.0,5155.0,2637.75,1383.0,-1.0,128.0,1761242563.0,RIML,False
25456510,25456509.0,5.0,2790.15,3277.6,1383.0,-1.0,128.0,1765566032.0,RIML,False
25512141,v_25512141_1384,5.0,4455.915,2458.02,1383.0,-1.0,128.0,1764697899.0,RIMR,False
25455081,25455001.0,5.0,6080.0,3544.5,1383.0,-1.0,128.0,1764697899.0,RIMR,False
v_25512141_1384,25512142.0,,4458.915,2454.02,1384.0,,,,RIMR,True
25456509,25456508.0,5.0,2806.15,3263.6,1384.0,-1.0,128.0,1765566032.0,RIML,False
25456605,25456604.0,5.0,2503.15,3757.6,1384.0,-1.0,128.0,1765566032.0,RIML,False
25455082,25455081.0,5.0,6080.0,3548.5,1384.0,-1.0,128.0,1764697899.0,RIMR,False
25451100,v_25451100_1385,5.0,6213.0,3135.75,1384.0,-1.0,128.0,1761242541.0,RIML,False
25456469,25456470.0,5.0,3141.15,2809.6,1384.0,-1.0,128.0,1765566032.0,RIML,False
25451115,25451103.0,5.0,5155.0,2637.75,1384.0,-1.0,128.0,1761242725.0,RIML,False
v_25451100_1385,25451099.0,,6222.0,3144.75,1385.0,,,,RIML,True
25451116,25451115.0,5.0,5155.0,2613.75,1385.0,-1.0,128.0,1761242726.0,RIML,False
25456468,25456469.0,5.0,3033.15,2845.6,1385.0,-1.0,128.0,1765566032.0,RIML,False
25456508,25456466.0,5.0,2806.15,3249.6,1385.0,-1.0,128.0,1765566032.0,RIML,False
25456604,25456603.0,5.0,2543.15,3709.6,1385.0,-1.0,128.0,1765566032.0,RIML,False
25455083,25455082.0,5.0,6116.0,3584.5,1385.0,-1.0,128.0,1764697899.0,RIMR,False
25512142,25469915.0,5.0,4461.915,2450.02,1385.0,-1.0,128.0,1764697899.0,RIMR,False
25456466,25456465.0,5.0,2789.15,3245.6,1386.0,-1.0,128.0,1765566032.0,RIML,False
25451117,25451116.0,5.0,5155.0,2605.75,1386.0,-1.0,128.0,1761242727.0,RIML,False
25456467,25456468.0,5.0,2933.15,2921.6,1386.0,-1.0,128.0,1765566032.0,RIML,False
25456603,25456602.0,5.0,2551.15,3685.6,1386.0,-1.0,128.0,1765566032.0,RIML,False
25455084,25455083.0,5.0,6100.0,3552.5,1386.0,-1.0,128.0,1764697899.0,RIMR,False
25451099,25552621.0,5.0,6231.0,3153.75,1386.0,-1.0,128.0,1769312060.0,RIML,False
25469915,25469914.0,5.0,4407.0,2368.0,1386.0,-1.0,128.0,1762283322.0,RIMR,False
25469914,25469913.0,5.0,4337.0,2404.0,1387.0,-1.0,128.0,1762283318.0,RIMR,False
25455085,25455084.0,5.0,6116.0,3540.5,1387.0,-1.0,128.0,1764697899.0,RIMR,False
25552621,25451098.0,5.0,6233.0,3156.75,1387.0,-1.0,128.0,1769312060.0,RIML,False
25456602,25456464.0,5.0,2595.15,3709.6,1387.0,-1.0,128.0,1765566032.0,RIML,False
25456465,25456467.0,5.0,2777.15,3097.6,1387.0,-1.0,128.0,1765566032.0,RIML,False
25451118,25451117.0,5.0,5123.0,2633.75,1387.0,-1.0,128.0,1761242729.0,RIML,False
25451119,25451118.0,5.0,5115.0,2637.75,1388.0,-1.0,128.0,1761242731.0,RIML,False
25456463,25456465.0,5.0,2789.15,3121.6,1388.0,-1.0,128.0,1765566032.0,RIML,False
25456464,25456462.0,5.0,2593.15,3693.6,1388.0,-1.0,128.0,1765566032.0,RIML,False
25451098,25451097.0,5.0,6235.0,3159.75,1388.0,-1.0,128.0,1761242539.0,RIML,False
25455086,25455085.0,5.0,6140.0,3544.5,1388.0,-1.0,128.0,1764697899.0,RIMR,False
25469913,25469912.0,5.0,4283.0,2450.0,1388.0,-1.0,128.0,1762283314.0,RIMR,False
25469912,25469911.0,5.0,4249.0,2502.0,1389.0,-1.0,128.0,1762283306.0,RIMR,False
25455087,25455086.0,5.0,6188.0,3592.5,1389.0,-1.0,128.0,1764697899.0,RIMR,False
25456462,25456463.0,5.0,2709.15,3469.6,1389.0,-1.0,128.0,1765566032.0,RIML,False
25451097,25451096.0,5.0,6237.0,3167.75,1389.0,-1.0,128.0,1761242538.0,RIML,False
25451121,25451119.0,5.0,5011.0,2589.75,1389.0,-1.0,128.0,1761242746.0,RIML,False
25451120,25451119.0,5.0,5627.0,2869.75,1389.0,-1.0,128.0,1761242738.0,RIML,False
25455088,25455087.0,5.0,6364.0,3712.5,1390.0,-1.0,128.0,1764697899.0,RIMR,False
25469911,25469910.0,5.0,4173.0,2528.0,1390.0,-1.0,128.0,1762283304.0,RIMR,False
25451096,25451095.0,5.0,6263.0,3191.75,1390.0,-1.0,128.0,1761242537.0,RIML,False
25456461,25456462.0,5.0,2697.15,3477.6,1390.0,-1.0,128.0,1765566032.0,RIML,False
25451126,25451120.0,5.0,5627.0,2857.75,1390.0,-1.0,128.0,1761242781.0,RIML,False
25451122,25451121.0,5.0,5059.0,2617.75,1390.0,-1.0,128.0,1761242755.0,RIML,False
25455089,25455088.0,5.0,6392.0,3752.5,1391.0,-1.0,128.0,1764697899.0,RIMR,False
25469910,25469909.0,5.0,4156.005,2548.02,1391.0,-1.0,128.0,1770347320.0,RIMR,False
25451095,25451094.0,5.0,6327.0,3279.75,1391.0,-1.0,128.0,1761242535.0,RIML,False
25451123,25451122.0,5.0,4851.0,2545.75,1391.0,-1.0,128.0,1761242761.0,RIML,False
25451124,25451122.0,5.0,5275.0,2697.75,1391.0,-1.0,128.0,1761242766.0,RIML,False
25456460,25456461.0,5.0,2677.15,3525.6,1391.0,-1.0,128.0,1765566032.0,RIML,False
25456459,25456460.0,5.0,2677.15,3525.6,1392.0,-1.0,128.0,1765566032.0,RIML,False
25451127,25451123.0,5.0,4879.0,2613.75,1392.0,-1.0,128.0,1761242801.0,RIML,False
25469909,25469908.0,5.0,4157.0,2560.0,1392.0,-1.0,128.0,1762283301.0,RIMR,False
25451094,25451093.0,5.0,6353.0,3327.75,1392.0,-1.0,128.0,1761242534.0,RIML,False
25455090,25455089.0,5.0,6432.0,3800.5,1392.0,-1.0,128.0,1764697899.0,RIMR,False
25451088,25451087.0,5.0,6897.0,4225.75,1392.0,-1.0,128.0,1761242514.0,RIML,False
25451125,25451124.0,5.0,5275.0,2709.75,1392.0,-1.0,128.0,1761242768.0,RIML,False
25451087,25451086.0,5.0,6913.0,4179.75,1393.0,-1.0,128.0,1761242507.0,RIML,False
25456514,25456459.0,5.0,2688.15,3499.6,1393.0,-1.0,128.0,1765566032.0,RIML,False
25451093,25451092.0,5.0,6369.0,3375.75,1393.0,-1.0,128.0,1761242533.0,RIML,False
25451128,25451127.0,5.0,4847.0,2521.75,1393.0,-1.0,128.0,1761242805.0,RIML,False
25469908,25469907.0,5.0,4194.0,2570.0,1393.0,-1.0,128.0,1762283566.0,RIMR,False
25455091,25455090.0,5.0,6492.0,3824.5,1393.0,-1.0,128.0,1764697899.0,RIMR,False
25469944,25469908.0,5.0,4528.0,2232.0,1394.0,-1.0,128.0,1762283568.0,RIMR,False
25469907,25469906.0,5.0,4170.0,2586.0,1394.0,-1.0,128.0,1762283557.0,RIMR,False
25455092,25455091.0,5.0,6572.0,3876.5,1394.0,-1.0,128.0,1764697899.0,RIMR,False
25451092,25451090.0,5.0,6369.0,3391.75,1394.0,-1.0,128.0,1761242532.0,RIML,False
25451086,25451085.0,5.0,6923.0,4187.75,1394.0,-1.0,128.0,1761242505.0,RIML,False
v_25456515_1394,25456514.0,,2674.65,3514.6,1394.0,,,,RIML,True
25469906,25469904.0,5.0,4037.0,2604.0,1395.0,-1.0,128.0,1762283295.0,RIMR,False
25469945,25469944.0,5.0,4526.0,2194.0,1395.0,-1.0,128.0,1762283576.0,RIMR,False
25455093,25455092.0,5.0,6608.0,3980.5,1395.0,-1.0,128.0,1764697899.0,RIMR,False
25451090,25451089.0,5.0,6419.0,3447.75,1395.0,-1.0,128.0,1761242527.0,RIML,False
25451085,25451084.0,5.0,6899.0,4113.75,1395.0,-1.0,128.0,1761242504.0,RIML,False
25456515,v_25456515_1394,5.0,2670.15,3519.6,1395.0,-1.0,128.0,1765566032.0,RIML,False
25469904,25469903.0,5.0,3921.0,2592.0,1396.0,-1.0,128.0,1762283270.0,RIMR,False
25556137,25456515.0,5.0,2672.815,3524.935,1396.0,-1.0,128.0,1770353844.0,RIML,False
25469946,25469945.0,5.0,4526.0,2174.0,1396.0,-1.0,128.0,1762283577.0,RIMR,False
25455094,25455093.0,5.0,6604.0,4012.5,1396.0,-1.0,128.0,1764697899.0,RIMR,False
25451089,25451082.0,5.0,6537.0,3635.75,1396.0,-1.0,128.0,1761242524.0,RIML,False
25451091,25451090.0,5.0,6289.0,3409.75,1396.0,-1.0,128.0,1761242528.0,RIML,False
25451084,25451083.0,5.0,6901.0,4069.75,1396.0,-1.0,128.0,1761242502.0,RIML,False
25455095,25455094.0,5.0,6580.0,4108.5,1397.0,-1.0,128.0,1764697899.0,RIMR,False
25469903,25469902.0,5.0,3563.15,2672.6,1397.0,-1.0,128.0,1766091437.0,RIMR,False
25469905,25469904.0,5.0,4097.0,2634.0,1397.0,-1.0,128.0,1762283289.0,RIMR,False
25556134,25556137.0,5.0,2675.485,3530.265,1397.0,-1.0,128.0,1770353844.0,RIML,False
25451083,25451081.0,5.0,6907.0,4097.75,1397.0,-1.0,128.0,1761242496.0,RIML,False
25451082,25451081.0,5.0,6585.0,3693.75,1397.0,-1.0,128.0,1761242489.0,RIML,False
25451129,25451091.0,5.0,6273.0,3437.75,1397.0,-1.0,128.0,1761242847.0,RIML,False
25469902,25469901.0,5.0,3563.0,2686.0,1398.0,-1.0,128.0,1762283262.0,RIMR,False
25455096,25455095.0,5.0,6568.0,4160.5,1398.0,-1.0,128.0,1764697899.0,RIMR,False
25469949,25469905.0,5.0,4080.0,2494.0,1398.0,-1.0,128.0,1762283636.0,RIMR,False
25451081,25451080.0,5.0,6853.0,4011.75,1398.0,-1.0,128.0,1761242485.0,RIML,False
25456516,25556134.0,5.0,2678.15,3535.6,1398.0,-1.0,128.0,1770353831.0,RIML,False
25451080,v_25451080_1400,5.0,6989.0,4271.75,1399.0,-1.0,128.0,1761242471.0,RIML,False
25456517,25456516.0,5.0,2670.16,3549.62,1399.0,-1.0,128.0,1770353819.0,RIML,False
25469901,v_25469901_1400,5.0,3455.0,2830.0,1399.0,-1.0,128.0,1762283253.0,RIMR,False
25455097,25455096.0,5.0,6568.0,4244.5,1399.0,-1.0,128.0,1764697899.0,RIMR,False
v_25456518_1400,25456517.0,,2662.8475,3568.5575,1400.0,,,,RIML,True
v_25451080_1400,25451079.0,,6999.0,4290.75,1400.0,,,,RIML,True
v_25469901_1400,25469900.0,,3455.0,2830.0,1400.0,,,,RIMR,True
25455098,25455097.0,5.0,6576.0,4272.5,1400.0,-1.0,128.0,1764697899.0,RIMR,False
25451079,25451078.0,5.0,7009.0,4309.75,1401.0,-1.0,128.0,1761242469.0,RIML,False
25456518,v_25456518_1400,5.0,2660.41,3574.87,1401.0,-1.0,128.0,1770353797.0,RIML,False
25455099,25455098.0,5.0,6576.0,4272.5,1401.0,-1.0,128.0,1764697899.0,RIMR,False
25469900,25469899.0,5.0,3455.0,2830.0,1401.0,-1.0,128.0,1762283252.0,RIMR,False
v_25456519_1402,25456518.0,,2672.254,3570.508,1402.0,,,,RIML,True
25451078,25558976.0,5.0,6999.0,4355.75,1402.0,-1.0,128.0,1771722917.0,RIML,False
25469899,25469897.0,5.0,3449.0,2856.0,1402.0,-1.0,128.0,1762283251.0,RIMR,False
25455100,25455099.0,5.0,6560.0,4272.5,1402.0,-1.0,128.0,1764697899.0,RIMR,False
25469897,25469887.0,5.0,3431.0,2894.0,1403.0,-1.0,128.0,1762283250.0,RIMR,False
25455101,25455100.0,5.0,6556.0,4300.5,1403.0,-1.0,128.0,1764697899.0,RIMR,False
25455197,25455196.0,5.0,5973.0,5590.5,1403.0,-1.0,128.0,1764697899.0,RIMR,False
25558976,25451077.0,5.0,7003.0,4377.75,1403.0,-1.0,128.0,1771722917.0,RIML,False
v_25456519_1403,v_25456519_1403,,2676.202,3569.054,1403.0,,,,RIML,True
25469898,25469897.0,5.0,3531.0,2588.0,1404.0,-1.0,128.0,1762283245.0,RIMR,False
25469887,25469885.0,5.0,3373.0,2926.0,1404.0,-1.0,128.0,1762283169.0,RIMR,False
25455102,25455101.0,5.0,6556.0,4356.5,1404.0,-1.0,128.0,1764697899.0,RIMR,False
25455196,v_25455196_1405,5.0,5955.0,5618.5,1404.0,-1.0,128.0,1764697899.0,RIMR,False
25451077,25451076.0,5.0,7007.0,4399.75,1404.0,-1.0,128.0,1761242467.0,RIML,False
25456519,v_25456519_1402,5.0,2680.15,3567.6,1404.0,-1.0,128.0,1765566032.0,RIML,False
v_25456520_1405,25456519.0,,2680.15,3551.1,1405.0,,,,RIML,True
v_25455196_1405,25455195.0,,5946.0,5627.5,1405.0,,,,RIMR,True
25455103,25455102.0,5.0,6536.0,4424.5,1405.0,-1.0,128.0,1764697899.0,RIMR,False
25469920,25469898.0,5.0,3518.0,2582.0,1405.0,-1.0,128.0,1762283404.0,RIMR,False
25469890,25469887.0,5.0,3507.0,2846.0,1405.0,-1.0,128.0,1762283176.0,RIMR,False
25469885,25469884.0,5.0,3051.0,3022.0,1405.0,-1.0,128.0,1762283104.0,RIMR,False
25451076,v_25451076_1406,5.0,7007.0,4417.75,1405.0,-1.0,128.0,1761242465.0,RIML,False
25469892,25469890.0,5.0,3533.0,2842.0,1406.0,-1.0,128.0,1762283207.0,RIMR,False
25469884,25469883.0,5.0,2859.0,3062.0,1406.0,-1.0,128.0,1762283099.0,RIMR,False
25469891,25469885.0,5.0,3187.0,2996.0,1406.0,-1.0,128.0,1762283193.0,RIMR,False
v_25451076_1406,25451075.0,,7007.0,4429.75,1406.0,,,,RIML,True
25455104,25455103.0,5.0,6540.0,4440.5,1406.0,-1.0,128.0,1764697899.0,RIMR,False
25456628,25456627.0,5.0,2560.15,5341.6,1406.0,-1.0,128.0,1765566032.0,RIML,False
25455195,v_25455195_1407,5.0,5937.0,5636.5,1406.0,-1.0,128.0,1764697899.0,RIMR,False
25456520,v_25456520_1405,5.0,2680.15,3545.6,1406.0,-1.0,128.0,1765566032.0,RIML,False
v_25455195_1407,25455194.0,,5934.0,5636.5,1407.0,,,,RIMR,True
25451075,v_25451075_1408,5.0,7007.0,4441.75,1407.0,-1.0,128.0,1761242464.0,RIML,False
25456627,v_25456627_1408,5.0,2572.15,5337.6,1407.0,-1.0,128.0,1765566032.0,RIML,False
v_25456521_1407,25456520.0,,2680.15,3545.6,1407.0,,,,RIML,True
25469883,25469882.0,5.0,2853.0,3098.0,1407.0,-1.0,128.0,1762283097.0,RIMR,False
25455105,25455104.0,5.0,6536.0,4528.5,1407.0,-1.0,128.0,1764697899.0,RIMR,False
25469893,25469892.0,5.0,3539.0,2856.0,1407.0,-1.0,128.0,1762283210.0,RIMR,False
25469916,25469891.0,5.0,3220.0,2988.0,1407.0,-1.0,128.0,1762283379.0,RIMR,False
25455106,25455105.0,5.0,6536.0,4540.5,1408.0,-1.0,128.0,1764697899.0,RIMR,False
25469917,25469916.0,5.0,3188.0,3010.0,1408.0,-1.0,128.0,1762283381.0,RIMR,False
25469894,25469893.0,5.0,3559.0,2848.0,1408.0,-1.0,128.0,1762283216.0,RIMR,False
25469882,v_25469882_1409,5.0,2787.0,3102.0,1408.0,-1.0,128.0,1762283096.0,RIMR,False
25455194,v_25455194_1409,5.0,5931.0,5636.5,1408.0,-1.0,128.0,1764697899.0,RIMR,False
25455192,25455191.0,5.0,5761.0,6072.5,1408.0,-1.0,128.0,1764697899.0,RIMR,False
v_25451075_1408,25451074.0,,6995.0,4462.75,1408.0,,,,RIML,True
v_25456627_1408,25456626.0,,2572.15,5337.6,1408.0,,,,RIML,True
25456521,v_25456521_1407,5.0,2680.15,3545.6,1408.0,-1.0,128.0,1765566032.0,RIML,False
25455191,25455190.0,5.0,5761.0,6072.5,1409.0,-1.0,128.0,1764697899.0,RIMR,False
v_25469882_1409,25469881.0,,2757.0,3114.0,1409.0,,,,RIMR,True
25469918,25469917.0,5.0,3146.0,3012.0,1409.0,-1.0,128.0,1762283386.0,RIMR,False
25469895,25469894.0,5.0,3601.0,2838.0,1409.0,-1.0,128.0,1762283223.0,RIMR,False
25456626,v_25456626_1410,5.0,2572.15,5337.6,1409.0,-1.0,128.0,1765566032.0,RIML,False
v_25455107_1409,25455106.0,,6506.0,4585.5,1409.0,,,,RIMR,True
v_25455194_1409,25455193.0,,5930.0,5636.5,1409.0,,,,RIMR,True
25451074,25556148.0,5.0,6983.0,4483.75,1409.0,-1.0,128.0,1770354025.0,RIML,False
v_25456522_1409,25456521.0,,2672.65,3544.1,1409.0,,,,RIML,True
v_25456626_1410,25456625.0,,2572.15,5337.6,1410.0,,,,RIML,True
25455107,v_25455107_1409,5.0,6496.0,4600.5,1410.0,-1.0,128.0,1764697899.0,RIMR,False
25456522,v_25456522_1409,5.0,2670.15,3543.6,1410.0,-1.0,128.0,1765566032.0,RIML,False
25556148,25451073.0,5.0,6977.0,4511.75,1410.0,-1.0,128.0,1770354026.0,RIML,False
25455193,25455189.0,5.0,5929.0,5636.5,1410.0,-1.0,128.0,1764697899.0,RIMR,False
25455190,25455188.0,5.0,5755.0,6072.5,1410.0,-1.0,128.0,1764697899.0,RIMR,False
25469881,25469880.0,5.0,2727.0,3126.0,1410.0,-1.0,128.0,1762283094.0,RIMR,False
25469896,25469895.0,5.0,3601.0,2814.0,1410.0,-1.0,128.0,1762283227.0,RIMR,False
25469919,25469918.0,5.0,3148.0,3012.0,1410.0,-1.0,128.0,1762283387.0,RIMR,False
25455189,25455187.0,5.0,5925.0,5664.5,1411.0,-1.0,128.0,1764697899.0,RIMR,False
25455188,25455187.0,5.0,5763.0,6052.5,1411.0,-1.0,128.0,1764697899.0,RIMR,False
25455108,25455107.0,5.0,6480.0,4680.5,1411.0,-1.0,128.0,1764697899.0,RIMR,False
25469880,25469879.0,5.0,2709.0,3140.0,1411.0,-1.0,128.0,1762283093.0,RIMR,False
25456625,v_25456625_1412,5.0,2572.15,5337.6,1411.0,-1.0,128.0,1765566032.0,RIML,False
25451073,v_25451073_1412,5.0,6971.0,4539.75,1411.0,-1.0,128.0,1761242461.0,RIML,False
v_25456523_1411,25456522.0,,2574.15,3558.6,1411.0,,,,RIML,True
v_25456625_1412,25456624.0,,2572.15,5337.6,1412.0,,,,RIML,True
25455109,25455108.0,5.0,6484.0,4756.5,1412.0,-1.0,128.0,1764697899.0,RIMR,False
v_25451073_1412,25451072.0,,6980.0,4554.75,1412.0,,,,RIML,True
25456523,v_25456523_1411,5.0,2542.15,3563.6,1412.0,-1.0,128.0,1765566032.0,RIML,False
25455187,25556091.0,5.0,5915.0,5686.5,1412.0,-1.0,128.0,1770347971.0,RIMR,False
25469879,25469878.0,5.0,2639.0,3170.0,1412.0,-1.0,128.0,1762283084.0,RIMR,False
25456624,v_25456624_1414,5.0,2572.15,5337.6,1413.0,-1.0,128.0,1765566032.0,RIML,False
25451072,25451071.0,5.0,6989.0,4569.75,1413.0,-1.0,128.0,1761242460.0,RIML,False
25469878,25469877.0,5.0,2599.0,3232.0,1413.0,-1.0,128.0,1762283083.0,RIMR,False
25556091,25556089.0,5.0,5918.35,5672.5,1413.0,-1.0,128.0,1770347971.0,RIMR,False
25456524,25456523.0,5.0,2388.15,3651.6,1413.0,-1.0,128.0,1765566032.0,RIML,False
25456525,25456523.0,5.0,2740.15,3523.6,1413.0,-1.0,128.0,1765566032.0,RIML,False
25455110,25455109.0,5.0,6472.0,4804.5,1413.0,-1.0,128.0,1764697899.0,RIMR,False
25451071,v_25451071_1415,5.0,6973.0,4599.75,1414.0,-1.0,128.0,1761242456.0,RIML,False
25455111,25455110.0,5.0,6448.0,4852.5,1414.0,-1.0,128.0,1764697899.0,RIMR,False
25556089,25455186.0,5.0,5921.65,5658.5,1414.0,-1.0,128.0,1770347907.0,RIMR,False
25469877,25469876.0,5.0,2565.0,3264.0,1414.0,-1.0,128.0,1762283081.0,RIMR,False
25456610,25456525.0,5.0,2742.15,3527.6,1414.0,-1.0,128.0,1765566032.0,RIML,False
25456526,25456524.0,5.0,2344.15,3723.6,1414.0,-1.0,128.0,1765566032.0,RIML,False
v_25456624_1414,v_25456624_1415,,2577.4833333333336,5340.266666666667,1414.0,,,,RIML,True
25455112,25455111.0,5.0,6424.0,4928.5,1415.0,-1.0,128.0,1764697899.0,RIMR,False
v_25451071_1415,25451070.0,,6973.0,4599.75,1415.0,,,,RIML,True
v_25456527_1415,25456526.0,,2327.65,3759.6,1415.0,,,,RIML,True
v_25456624_1415,25456623.0,,2582.8166666666666,5342.933333333333,1415.0,,,,RIML,True
25469876,25469875.0,5.0,2573.0,3286.0,1415.0,-1.0,128.0,1762283080.0,RIMR,False
25455186,25556093.0,5.0,5925.0,5644.5,1415.0,-1.0,128.0,1770347986.0,RIMR,False
25455113,25455112.0,5.0,6404.0,4964.5,1416.0,-1.0,128.0,1764697899.0,RIMR,False
25469875,25469874.0,5.0,2573.0,3286.0,1416.0,-1.0,128.0,1762283079.0,RIMR,False
25556093,v_25556093_1417,5.0,5932.35,5642.5,1416.0,-1.0,128.0,1770347986.0,RIMR,False
25456527,v_25456527_1415,5.0,2322.15,3771.6,1416.0,-1.0,128.0,1765566032.0,RIML,False
25456623,v_25456623_1417,5.0,2588.15,5345.6,1416.0,-1.0,128.0,1765566032.0,RIML,False
25451070,v_25451070_1417,5.0,6973.0,4599.75,1416.0,-1.0,128.0,1761242455.0,RIML,False
v_25556093_1417,25455185.0,,5939.675,5640.5,1417.0,,,,RIMR,True
v_25456623_1417,25456622.0,,2594.15,5347.6,1417.0,,,,RIML,True
v_25456528_1417,25456527.0,,2311.65,3800.1,1417.0,,,,RIML,True
v_25451070_1417,25451069.0,,6969.0,4616.75,1417.0,,,,RIML,True
25455114,25455113.0,5.0,6384.0,5004.5,1417.0,-1.0,128.0,1764697899.0,RIMR,False
25469874,v_25469874_1418,5.0,2573.0,3286.0,1417.0,-1.0,128.0,1762283078.0,RIMR,False
25456528,v_25456528_1417,5.0,2308.15,3809.6,1418.0,-1.0,128.0,1765566032.0,RIML,False
25451069,25451059.0,5.0,6965.0,4633.75,1418.0,-1.0,128.0,1761242453.0,RIML,False
25456622,v_25456622_1419,5.0,2600.15,5349.6,1418.0,-1.0,128.0,1765566032.0,RIML,False
25455115,25455114.0,5.0,6368.0,5152.5,1418.0,-1.0,128.0,1764697899.0,RIMR,False
25455185,25455118.0,5.0,5947.0,5638.5,1418.0,-1.0,128.0,1764697899.0,RIMR,False
v_25469874_1418,25469873.0,,2575.0,3295.0,1418.0,,,,RIMR,True
25469873,25469872.0,5.0,2577.0,3304.0,1419.0,-1.0,128.0,1762283073.0,RIMR,False
25455116,25455115.0,5.0,6352.0,5212.5,1419.0,-1.0,128.0,1764697899.0,RIMR,False
25455118,25455117.0,5.0,5948.0,5616.5,1419.0,-1.0,128.0,1764697899.0,RIMR,False
v_25456529_1419,25456528.0,,2281.75,3863.6,1419.0,,,,RIML,True
v_25456622_1419,25456621.0,,2598.15,5355.6,1419.0,,,,RIML,True
25451059,25451058.0,5.0,6983.0,4635.75,1419.0,-1.0,128.0,1761242408.0,RIML,False
25455117,25455116.0,5.0,6024.0,5528.5,1420.0,-1.0,128.0,1764697899.0,RIMR,False
25451058,25451057.0,5.0,6529.0,5007.75,1420.0,-1.0,128.0,1761242399.0,RIML,False
25469872,25469871.0,5.0,2577.0,3314.0,1420.0,-1.0,128.0,1762283072.0,RIMR,False
v_25456529_1420,v_25456529_1420,,2272.9500000000003,3881.6,1420.0,,,,RIML,True
25456621,v_25456621_1421,5.0,2596.15,5361.6,1420.0,-1.0,128.0,1765566032.0,RIML,False
25451060,25451059.0,5.0,7037.0,4491.77,1420.0,-1.0,128.0,1770355321.0,RIML,False
25456529,v_25456529_1419,5.0,2264.15,3899.6,1421.0,-1.0,128.0,1765566032.0,RIML,False
25469871,25469870.0,5.0,2597.0,3322.0,1421.0,-1.0,128.0,1762283071.0,RIMR,False
25451061,25451060.0,5.0,7051.0,4543.75,1421.0,-1.0,128.0,1761242420.0,RIML,False
v_25456621_1421,25456620.0,,2596.15,5361.6,1421.0,,,,RIML,True
25455119,25455117.0,5.0,6028.0,5532.5,1421.0,-1.0,128.0,1764697899.0,RIMR,False
25451057,25451056.0,5.0,6483.0,5021.75,1421.0,-1.0,128.0,1761242398.0,RIML,False
25456530,25456529.0,5.0,2260.15,3931.6,1422.0,-1.0,128.0,1765566032.0,RIML,False
25451056,25552593.0,5.0,6457.0,5051.75,1422.0,-1.0,128.0,1769311247.0,RIML,False
25469870,v_25469870_1423,5.0,2585.0,3368.0,1422.0,-1.0,128.0,1762283070.0,RIMR,False
25451062,25451061.0,5.0,7051.0,4543.75,1422.0,-1.0,128.0,1761242422.0,RIML,False
25556049,25455119.0,5.0,6016.0,5538.5,1422.0,-1.0,128.0,1770347090.0,RIMR,False
25456620,25456619.0,5.0,2596.15,5361.6,1422.0,-1.0,128.0,1765566032.0,RIML,False
25451063,25451062.0,5.0,7055.0,4547.75,1423.0,-1.0,128.0,1761242423.0,RIML,False
25456619,v_25456619_1424,5.0,2620.15,5341.6,1423.0,-1.0,128.0,1765566032.0,RIML,False
25552593,25451055.0,5.0,6432.0,5073.75,1423.0,-1.0,128.0,1769311247.0,RIML,False
25455120,25556049.0,5.0,6004.0,5544.5,1423.0,-1.0,128.0,1770347090.0,RIMR,False
v_25456531_1423,25456530.0,,2215.15,3976.6,1423.0,,,,RIML,True
v_25469870_1423,25469869.0,,2571.0,3396.0,1423.0,,,,RIMR,True
25451055,v_25451055_1425,5.0,6407.0,5095.75,1424.0,-1.0,128.0,1761242395.0,RIML,False
25451064,25451063.0,5.0,7073.0,4557.75,1424.0,-1.0,128.0,1761242424.0,RIML,False
v_25455121_1424,25455120.0,,5965.0,5586.5,1424.0,,,,RIMR,True
v_25456619_1424,25456618.0,,2616.15,5341.6,1424.0,,,,RIML,True
25469943,25469942.0,5.0,1824.0,4186.0,1424.0,-1.0,128.0,1762283492.0,RIMR,False
25469869,25469868.0,5.0,2557.0,3424.0,1424.0,-1.0,128.0,1762283069.0,RIMR,False
25456531,v_25456531_1423,5.0,2200.15,3991.6,1424.0,-1.0,128.0,1765566032.0,RIML,False
25451065,25451064.0,5.0,7067.0,4449.75,1425.0,-1.0,128.0,1761242432.0,RIML,False
25455121,v_25455121_1424,5.0,5952.0,5600.5,1425.0,-1.0,128.0,1764697899.0,RIMR,False
25469868,25469867.0,5.0,2491.0,3496.0,1425.0,-1.0,128.0,1762283068.0,RIMR,False
25469942,v_25469942_1426,5.0,1826.0,4224.0,1425.0,-1.0,128.0,1762283490.0,RIMR,False
25456532,25456531.0,5.0,2174.15,4067.6,1425.0,-1.0,128.0,1765566032.0,RIML,False
25456618,25556172.0,5.0,2612.15,5341.6,1425.0,-1.0,128.0,1770354861.0,RIML,False
v_25451055_1425,25451054.0,,6368.0,5128.75,1425.0,,,,RIML,True
25469867,25469866.0,5.0,2461.0,3540.0,1426.0,-1.0,128.0,1762283067.0,RIMR,False
v_25455122_1426,25455121.0,,5931.0,5621.5,1426.0,,,,RIMR,True
25556172,25456617.0,5.0,2624.15,5351.6,1426.0,-1.0,128.0,1770354861.0,RIML,False
25451066,25451065.0,5.0,7055.0,4359.75,1426.0,-1.0,128.0,1761242433.0,RIML,False
25451054,25451053.0,5.0,6329.0,5161.75,1426.0,-1.0,128.0,1761242393.0,RIML,False
v_25469942_1426,25469941.0,,1822.0,4236.0,1426.0,,,,RIMR,True
25456533,25456532.0,5.0,2138.15,4117.6,1426.0,-1.0,128.0,1765566032.0,RIML,False
25456534,25456533.0,5.0,2124.15,4203.6,1427.0,-1.0,128.0,1765566032.0,RIML,False
25451067,25451066.0,5.0,7034.0,4375.78,1427.0,-1.0,128.0,1767380665.0,RIML,False
25456617,25556213.0,5.0,2636.15,5361.6,1427.0,-1.0,128.0,1770356684.0,RIML,False
25469866,25469865.0,5.0,2397.0,3612.0,1427.0,-1.0,128.0,1762283066.0,RIMR,False
25469941,25469940.0,5.0,1818.0,4248.0,1427.0,-1.0,128.0,1762283488.0,RIMR,False
25455122,v_25455122_1426,5.0,5924.0,5628.5,1427.0,-1.0,128.0,1764697899.0,RIMR,False
25451053,v_25451053_1428,5.0,6299.0,5179.75,1427.0,-1.0,128.0,1761242392.0,RIML,False
v_25455123_1428,25455122.0,,5873.0,5652.5,1428.0,,,,RIMR,True
25451068,25451067.0,5.0,7057.0,4397.75,1428.0,-1.0,128.0,1761242437.0,RIML,False
25456535,25456534.0,5.0,2162.15,4301.6,1428.0,-1.0,128.0,1765566032.0,RIML,False
25556213,25456616.0,5.0,2636.15,5365.6,1428.0,-1.0,128.0,1770356684.0,RIML,False
v_25451053_1428,25451052.0,,6292.0,5187.75,1428.0,,,,RIML,True
25469865,25469863.0,5.0,2379.0,3680.0,1428.0,-1.0,128.0,1762283064.0,RIMR,False
25469940,25469864.0,5.0,1828.0,4248.0,1428.0,-1.0,128.0,1762283487.0,RIMR,False
25451052,25451051.0,5.0,6285.0,5195.75,1429.0,-1.0,128.0,1761242391.0,RIML,False
25456616,25456615.0,5.0,2636.15,5369.6,1429.0,-1.0,128.0,1765566032.0,RIML,False
25456536,25456535.0,5.0,2168.16,4333.62,1429.0,-1.0,128.0,1770353737.0,RIML,False
25455123,v_25455123_1428,5.0,5856.0,5660.5,1429.0,-1.0,128.0,1764697899.0,RIMR,False
25469864,25469862.0,5.0,1825.0,4222.0,1429.0,-1.0,128.0,1762283056.0,RIMR,False
25469863,25469862.0,5.0,2319.0,3812.0,1429.0,-1.0,128.0,1762283054.0,RIMR,False
25451051,25552583.0,5.0,6273.0,5201.75,1430.0,-1.0,128.0,1769311139.0,RIML,False
25456615,25556209.0,5.0,2620.15,5397.6,1430.0,-1.0,128.0,1770356630.0,RIML,False
v_25456537_1430,25456536.0,,2174.1525,4407.1050000000005,1430.0,,,,RIML,True
25469862,25469861.0,5.0,2023.0,4068.0,1430.0,-1.0,128.0,1762283051.0,RIMR,False
25455124,25455123.0,5.0,5835.5,5677.5,1430.0,-1.0,128.0,1770347060.0,RIMR,False
25456537,v_25456537_1430,5.0,2176.15,4431.6,1431.0,-1.0,128.0,1765566032.0,RIML,False
25556209,v_25556209_1432,5.0,2613.485,5408.25,1431.0,-1.0,128.0,1770356630.0,RIML,False
25552583,25451050.0,5.0,6236.0,5222.75,1431.0,-1.0,128.0,1769311139.0,RIML,False
25469861,25469860.0,5.0,1887.0,4096.0,1431.0,-1.0,128.0,1762283036.0,RIMR,False
25455125,25455124.0,5.0,5796.0,5684.5,1431.0,-1.0,128.0,1764697899.0,RIMR,False
v_25556209_1432,25456614.0,,2606.8175,5418.925,1432.0,,,,RIML,True
25469860,25469859.0,5.0,1861.0,4170.0,1432.0,-1.0,128.0,1762283035.0,RIMR,False
v_25455126_1432,25455125.0,,5784.0,5681.5,1432.0,,,,RIMR,True
25451050,25451049.0,5.0,6199.0,5243.75,1432.0,-1.0,128.0,1761242387.0,RIML,False
v_25456538_1432,25456537.0,,2201.65,4505.1,1432.0,,,,RIML,True
25469859,25469858.0,5.0,1871.0,4192.0,1433.0,-1.0,128.0,1762283028.0,RIMR,False
25451049,25451048.0,5.0,6169.0,5251.75,1433.0,-1.0,128.0,1761242386.0,RIML,False
25455126,v_25455126_1432,5.0,5780.0,5680.5,1433.0,-1.0,128.0,1764697899.0,RIMR,False
25456611,25456541.0,5.0,2284.15,5195.6,1433.0,-1.0,128.0,1765566032.0,RIML,False
25456614,v_25456614_1434,5.0,2600.15,5429.6,1433.0,-1.0,128.0,1765566032.0,RIML,False
25456538,v_25456538_1432,5.0,2210.15,4529.6,1433.0,-1.0,128.0,1765566032.0,RIML,False
25455127,25455126.0,5.0,5772.0,5684.5,1434.0,-1.0,128.0,1764697899.0,RIMR,False
25451048,25451047.0,5.0,6139.0,5273.75,1434.0,-1.0,128.0,1761242386.0,RIML,False
v_25456614_1434,25456613.0,,2602.15,5427.6,1434.0,,,,RIML,True
25469858,25469857.0,5.0,1833.0,4224.0,1434.0,-1.0,128.0,1762283026.0,RIMR,False
25456541,25456540.0,5.0,2290.15,5191.6,1434.0,-1.0,128.0,1765566032.0,RIML,False
25456539,25456538.0,5.0,2220.15,4603.6,1434.0,-1.0,128.0,1765566032.0,RIML,False
25456540,25456539.0,5.0,2228.15,4801.6,1435.0,-1.0,128.0,1765566032.0,RIML,False
25456613,25456612.0,5.0,2604.15,5425.6,1435.0,-1.0,128.0,1765566032.0,RIML,False
25455128,25455127.0,5.0,5800.0,5712.5,1435.0,-1.0,128.0,1764697899.0,RIMR,False
25469857,v_25469857_1436,5.0,1831.0,4274.0,1435.0,-1.0,128.0,1762283018.0,RIMR,False
25451047,25451046.0,5.0,6187.65,5284.6,1435.0,-1.0,128.0,1769311101.0,RIML,False
v_25469857_1436,25469856.0,,1835.975,4286.2075,1436.0,,,,RIMR,True
25455184,v_25455184_1437,5.0,4787.0,6670.5,1436.0,-1.0,128.0,1764697899.0,RIMR,False
25451046,25451045.0,5.0,6143.0,5297.75,1436.0,-1.0,128.0,1761242383.0,RIML,False
25455129,25455128.0,5.0,5820.0,5720.5,1436.0,-1.0,128.0,1764697899.0,RIMR,False
25456612,25456545.0,5.0,2604.15,5425.6,1436.0,-1.0,128.0,1765566032.0,RIML,False
25456542,25456540.0,5.0,2270.15,4925.6,1436.0,-1.0,128.0,1765566032.0,RIML,False
25451045,25451044.0,5.0,6121.0,5353.75,1437.0,-1.0,128.0,1770354111.0,RIML,False
25456543,25456542.0,5.0,2298.15,4967.6,1437.0,-1.0,128.0,1765566032.0,RIML,False
25456545,25456544.0,5.0,2594.15,5397.6,1437.0,-1.0,128.0,1765566032.0,RIML,False
25469856,v_25469856_1438,5.0,1840.95,4298.415,1437.0,-1.0,128.0,1766175988.0,RIMR,False
v_25455184_1437,25455183.0,,4770.0,6665.5,1437.0,,,,RIMR,True
25455130,25455129.0,5.0,5808.0,5736.5,1437.0,-1.0,128.0,1764697899.0,RIMR,False
25455183,25455182.0,5.0,4753.0,6660.5,1438.0,-1.0,128.0,1764697899.0,RIMR,False
v_25469856_1438,25469855.0,,1852.975,4325.2075,1438.0,,,,RIMR,True
25456544,25456543.0,5.0,2415.16,5293.6,1438.0,-1.0,128.0,1770353696.0,RIML,False
25455131,25455130.0,5.0,5800.0,5748.5,1438.0,-1.0,128.0,1764697899.0,RIMR,False
25451044,25451043.0,5.0,6113.0,5365.75,1438.0,-1.0,128.0,1761242382.0,RIML,False
25451043,25451042.0,5.0,6099.0,5371.75,1439.0,-1.0,128.0,1761242381.0,RIML,False
25455132,25455131.0,5.0,5800.0,5748.5,1439.0,-1.0,128.0,1764697899.0,RIMR,False
25455182,25455181.0,5.0,4713.0,6658.5,1439.0,-1.0,128.0,1764697899.0,RIMR,False
25469855,25469853.0,5.0,1865.0,4352.0,1439.0,-1.0,128.0,1762283015.0,RIMR,False
25456546,25456544.0,5.0,2471.15,5251.6,1439.0,-1.0,128.0,1765566032.0,RIML,False
25455133,25455132.0,5.0,5788.0,5768.5,1440.0,-1.0,128.0,1764697899.0,RIMR,False
25469853,25469852.0,5.0,1907.0,4418.0,1440.0,-1.0,128.0,1762283005.0,RIMR,False
25455181,25455180.0,5.0,4681.0,6644.5,1440.0,-1.0,128.0,1764697899.0,RIMR,False
25451042,25451041.0,5.0,6061.0,5405.75,1440.0,-1.0,128.0,1761242375.0,RIML,False
25456547,25456546.0,5.0,2743.15,5547.6,1440.0,-1.0,128.0,1765566032.0,RIML,False
25451041,25451040.0,5.0,6055.0,5429.75,1441.0,-1.0,128.0,1761242374.0,RIML,False
25455134,25455133.0,5.0,5788.0,5768.5,1441.0,-1.0,128.0,1764697899.0,RIMR,False
25456550,25456547.0,5.0,2947.15,5619.6,1441.0,-1.0,128.0,1765566032.0,RIML,False
25455180,25455179.0,5.0,4657.0,6638.5,1441.0,-1.0,128.0,1764697899.0,RIMR,False
25456549,25456547.0,5.0,2605.16,5301.6,1441.0,-1.0,128.0,1770353658.0,RIML,False
25469852,25469851.0,5.0,2105.0,4750.0,1441.0,-1.0,128.0,1762282983.0,RIMR,False
25469854,25469853.0,5.0,1921.0,4282.0,1441.0,-1.0,128.0,1762283006.0,RIMR,False
25456551,25456549.0,5.0,2667.15,5423.6,1442.0,-1.0,128.0,1765566032.0,RIML,False
25451040,v_25451040_1443,5.0,5959.0,5543.75,1442.0,-1.0,128.0,1761242360.0,RIML,False
25456629,25456550.0,5.0,2957.15,5615.6,1442.0,-1.0,128.0,1765566032.0,RIML,False
25455179,25455178.0,5.0,4619.0,6604.5,1442.0,-1.0,128.0,1764697899.0,RIMR,False
25469954,25469854.0,5.0,1916.0,4314.0,1442.0,-1.0,128.0,1762283704.0,RIMR,False
25469851,25469850.0,5.0,2157.0,4794.0,1442.0,-1.0,128.0,1762282981.0,RIMR,False
v_25455135_1442,25455134.0,,5752.0,5801.5,1442.0,,,,RIMR,True
25456630,25456629.0,5.0,2969.15,5599.6,1443.0,-1.0,128.0,1765566032.0,RIML,False
v_25451040_1443,25451039.0,,5926.0,5565.75,1443.0,,,,RIML,True
25456552,25456551.0,5.0,2671.15,5427.6,1443.0,-1.0,128.0,1765566032.0,RIML,False
25469850,25469849.0,5.0,2167.0,4848.0,1443.0,-1.0,128.0,1762282976.0,RIMR,False
25455135,v_25455135_1442,5.0,5740.0,5812.5,1443.0,-1.0,128.0,1764697899.0,RIMR,False
25455178,25455177.0,5.0,4627.0,6568.5,1443.0,-1.0,128.0,1764697899.0,RIMR,False
25469955,25469954.0,5.0,1938.0,4274.0,1443.0,-1.0,128.0,1762283705.0,RIMR,False
v_25456553_1444,25456552.0,,2680.15,5427.6,1444.0,,,,RIML,True
v_25469956_1444,25469955.0,,1939.5,4260.5,1444.0,,,,RIMR,True
25451039,25451038.0,5.0,5893.0,5587.75,1444.0,-1.0,128.0,1761242358.0,RIML,False
25455136,25455135.0,5.0,5668.0,5892.5,1444.0,-1.0,128.0,1764697899.0,RIMR,False
25469849,v_25469849_1445,5.0,2199.0,4888.0,1444.0,-1.0,128.0,1762282975.0,RIMR,False
25455177,25455176.0,5.0,4611.0,6562.5,1444.0,-1.0,128.0,1764697899.0,RIMR,False
25456631,25456630.0,5.0,2977.15,5643.6,1444.0,-1.0,128.0,1765566032.0,RIML,False
25469956,v_25469956_1444,5.0,1940.0,4256.0,1445.0,-1.0,128.0,1762283706.0,RIMR,False
v_25469849_1445,25469848.0,,2220.0,4916.0,1445.0,,,,RIMR,True
25451038,v_25451038_1446,5.0,5869.0,5587.75,1445.0,-1.0,128.0,1761242355.0,RIML,False
25456553,v_25456553_1444,5.0,2683.15,5427.6,1445.0,-1.0,128.0,1765566032.0,RIML,False
25455137,25455136.0,5.0,5632.0,5952.5,1445.0,-1.0,128.0,1764697899.0,RIMR,False
25455176,25455175.0,5.0,4611.0,6552.5,1445.0,-1.0,128.0,1764697899.0,RIMR,False
25455175,25455174.0,5.0,4629.0,6544.5,1446.0,-1.0,128.0,1764697899.0,RIMR,False
25469957,25469956.0,5.0,1912.0,4258.0,1446.0,-1.0,128.0,1762283709.0,RIMR,False
25455138,25455137.0,5.0,5620.0,5972.5,1446.0,-1.0,128.0,1764697899.0,RIMR,False
25469848,25559024.0,5.0,2241.0,4944.0,1446.0,-1.0,128.0,1771728761.0,RIMR,False
v_25451038_1446,25451037.0,,5833.0,5604.75,1446.0,,,,RIML,True
v_25456554_1446,25456553.0,,2713.15,5451.6,1446.0,,,,RIML,True
25456554,v_25456554_1446,5.0,2723.15,5459.6,1447.0,-1.0,128.0,1765566032.0,RIML,False
25559024,25469847.0,5.0,2256.0,4945.0,1447.0,-1.0,128.0,1771728761.0,RIMR,False
25455139,25455138.0,5.0,5564.0,6008.5,1447.0,-1.0,128.0,1764697899.0,RIMR,False
25455174,v_25455174_1448,5.0,4653.0,6526.5,1447.0,-1.0,128.0,1764697899.0,RIMR,False
25469958,25469957.0,5.0,1912.0,4266.0,1447.0,-1.0,128.0,1762283710.0,RIMR,False
25451037,25451036.0,5.0,5797.0,5621.75,1447.0,-1.0,128.0,1761242354.0,RIML,False
25455140,25455139.0,5.0,5556.0,6056.5,1448.0,-1.0,128.0,1764697899.0,RIMR,False
25469959,25469958.0,5.0,1902.0,4268.0,1448.0,-1.0,128.0,1762283711.0,RIMR,False
v_25455174_1448,25455173.0,,4667.0,6522.5,1448.0,,,,RIMR,True
25451036,25451035.0,5.0,5775.0,5653.75,1448.0,-1.0,128.0,1761242352.0,RIML,False
25456555,25456554.0,5.0,2735.15,5519.6,1448.0,-1.0,128.0,1765566032.0,RIML,False
25469847,25559022.0,5.0,2271.0,4946.0,1448.0,-1.0,128.0,1771728754.0,RIMR,False
25456556,25456555.0,5.0,2739.15,5547.6,1449.0,-1.0,128.0,1765566032.0,RIML,False
25451035,v_25451035_1450,5.0,5735.0,5651.75,1449.0,-1.0,128.0,1761242350.0,RIML,False
25559022,25469846.0,5.0,2320.0,4963.0,1449.0,-1.0,128.0,1771728754.0,RIMR,False
25469960,25469959.0,5.0,1916.0,4252.0,1449.0,-1.0,128.0,1762283713.0,RIMR,False
25455173,25455172.0,5.0,4681.0,6518.5,1449.0,-1.0,128.0,1764697899.0,RIMR,False
25455141,25455140.0,5.0,5536.0,6052.5,1449.0,-1.0,128.0,1764697899.0,RIMR,False
25455172,25455171.0,5.0,4689.0,6520.5,1450.0,-1.0,128.0,1764697899.0,RIMR,False
25469961,25469960.0,5.0,1906.0,4244.0,1450.0,-1.0,128.0,1762283714.0,RIMR,False
25469846,25469845.0,5.0,2369.0,4980.0,1450.0,-1.0,128.0,1762282971.0,RIMR,False
v_25456557_1450,25456556.0,,2769.15,5565.6,1450.0,,,,RIML,True
25455142,25455141.0,5.0,5488.0,6056.5,1450.0,-1.0,128.0,1764697899.0,RIMR,False
v_25451035_1450,25451034.0,,5727.0,5669.75,1450.0,,,,RIML,True
25455143,25455142.0,5.0,5452.0,6104.5,1451.0,-1.0,128.0,1764697899.0,RIMR,False
25451034,25451033.0,5.0,5719.0,5687.75,1451.0,-1.0,128.0,1761242348.0,RIML,False
25469845,25469844.0,5.0,2397.0,5052.0,1451.0,-1.0,128.0,1762282969.0,RIMR,False
25456557,v_25456557_1450,5.0,2779.15,5571.6,1451.0,-1.0,128.0,1765566032.0,RIML,False
v_25469962_1451,25469961.0,,1883.5,4245.5,1451.0,,,,RIMR,True
25455171,25455170.0,5.0,4705.0,6526.5,1451.0,-1.0,128.0,1764697899.0,RIMR,False
25469844,25469843.0,5.0,2423.0,5082.0,1452.0,-1.0,128.0,1762282968.0,RIMR,False
25455170,25455169.0,5.0,4729.0,6538.5,1452.0,-1.0,128.0,1764697899.0,RIMR,False
25451033,25451032.0,5.0,5713.0,5719.75,1452.0,-1.0,128.0,1761242347.0,RIML,False
25469962,v_25469962_1451,5.0,1876.0,4246.0,1452.0,-1.0,128.0,1762283715.0,RIMR,False
v_25455144_1452,25455143.0,,5410.0,6119.5,1452.0,,,,RIMR,True
25456558,25456557.0,5.0,2783.15,5583.6,1452.0,-1.0,128.0,1765566032.0,RIML,False
25455144,v_25455144_1452,5.0,5396.0,6124.5,1453.0,-1.0,128.0,1764697899.0,RIMR,False
25455169,25455168.0,5.0,4725.0,6546.5,1453.0,-1.0,128.0,1764697899.0,RIMR,False
25451032,25451031.0,5.0,5699.0,5741.75,1453.0,-1.0,128.0,1761242346.0,RIML,False
25469843,25469842.0,5.0,2477.0,5080.0,1453.0,-1.0,128.0,1762282966.0,RIMR,False
25552699,25469962.0,5.0,1876.0,4262.665,1453.0,-1.0,128.0,1769316514.0,RIMR,False
25456559,25456558.0,5.0,2791.15,5611.6,1453.0,-1.0,128.0,1765566032.0,RIML,False
25469842,25469841.0,5.0,2505.0,5186.0,1454.0,-1.0,128.0,1762282964.0,RIMR,False
25451031,25451030.0,5.0,5637.0,5763.75,1454.0,-1.0,128.0,1761242343.0,RIML,False
v_25469963_1454,25552699.0,,1876.0,4287.66625,1454.0,,,,RIMR,True
25455168,25455167.0,5.0,4739.0,6558.5,1454.0,-1.0,128.0,1764697899.0,RIMR,False
25456560,25456559.0,5.0,2807.15,5663.6,1454.0,-1.0,128.0,1765566032.0,RIML,False
25552577,25455144.0,5.0,5362.65,6147.6,1454.0,-1.0,128.0,1769310899.0,RIMR,False
25456561,25456560.0,5.0,2847.15,5747.6,1455.0,-1.0,128.0,1765566032.0,RIML,False
25456563,25456562.0,5.0,3071.15,6131.6,1455.0,-1.0,128.0,1765566032.0,RIML,False
25455145,25552577.0,5.0,5332.0,6172.5,1455.0,-1.0,128.0,1769310884.0,RIMR,False
25469841,25552702.0,5.0,2529.0,5284.0,1455.0,-1.0,128.0,1769316556.0,RIMR,False
25469963,v_25469963_1454,5.0,1876.0,4296.0,1455.0,-1.0,128.0,1769316514.0,RIMR,False
25455167,25455166.0,5.0,4739.0,6558.5,1455.0,-1.0,128.0,1764697899.0,RIMR,False
25451030,25451029.0,5.0,5633.0,5767.75,1455.0,-1.0,128.0,1761242342.0,RIML,False
v_25455146_1456,25455145.0,,5266.0,6220.5,1456.0,,,,RIMR,True
v_25469964_1456,25469963.0,,1876.0,4321.5,1456.0,,,,RIMR,True
25552702,25469840.0,5.0,2551.0,5307.0,1456.0,-1.0,128.0,1769316556.0,RIMR,False
25456562,25456561.0,5.0,2963.15,6011.6,1456.0,-1.0,128.0,1765566032.0,RIML,False
25451029,v_25451029_1457,5.0,5583.0,5791.75,1456.0,-1.0,128.0,1761242340.0,RIML,False
25455166,25455148.0,5.0,4739.0,6558.5,1456.0,-1.0,128.0,1764697899.0,RIMR,False
v_25451029_1457,25451028.0,,5561.0,5798.75,1457.0,,,,RIML,True
25469840,25469839.0,5.0,2573.0,5330.0,1457.0,-1.0,128.0,1762282961.0,RIMR,False
25469964,v_25469964_1456,5.0,1876.0,4330.0,1457.0,-1.0,128.0,1762283718.0,RIMR,False
25456564,25456562.0,5.0,3003.15,6071.6,1457.0,-1.0,128.0,1765566032.0,RIML,False
25455146,v_25455146_1456,5.0,5244.0,6236.5,1457.0,-1.0,128.0,1764697899.0,RIMR,False
25455148,25455147.0,5.0,4792.0,6508.5,1457.0,-1.0,128.0,1764697899.0,RIMR,False
25456584,25456583.0,5.0,4007.15,6435.6,1457.0,-1.0,128.0,1765566032.0,RIML,False
25451028,v_25451028_1459,5.0,5539.0,5805.75,1458.0,-1.0,128.0,1761242339.0,RIML,False
v_25469965_1458,25469964.0,,1876.0,4342.0,1458.0,,,,RIMR,True
25455147,25455146.0,5.0,5024.0,6412.5,1458.0,-1.0,128.0,1764697899.0,RIMR,False
25456583,25456582.0,5.0,3999.155,6435.6,1458.0,-1.0,128.0,1770355381.0,RIML,False
25456565,25456564.0,5.0,3043.15,6127.6,1458.0,-1.0,128.0,1765566032.0,RIML,False
25469839,v_25469839_1459,5.0,2593.0,5388.0,1458.0,-1.0,128.0,1762282960.0,RIMR,False
25456582,25456579.0,5.0,4003.15,6443.6,1459.0,-1.0,128.0,1765566032.0,RIML,False
25456581,25456580.0,5.0,3999.15,6619.6,1459.0,-1.0,128.0,1765566032.0,RIML,False
25456566,25456565.0,5.0,3047.15,6143.6,1459.0,-1.0,128.0,1765566032.0,RIML,False
25455149,25455147.0,5.0,4920.0,6448.5,1459.0,-1.0,128.0,1764697899.0,RIMR,False
v_25451028_1459,25451027.0,,5522.0,5816.75,1459.0,,,,RIML,True
25469965,v_25469965_1458,5.0,1876.0,4346.0,1459.0,-1.0,128.0,1762283719.0,RIMR,False
v_25469839_1459,25469838.0,,2609.0,5407.0,1459.0,,,,RIMR,True
v_25455150_1460,25455149.0,,4864.8,6448.5,1460.0,,,,RIMR,True
25451027,v_25451027_1461,5.0,5505.0,5827.75,1460.0,-1.0,128.0,1761242338.0,RIML,False
25456567,25456566.0,5.0,3083.15,6147.6,1460.0,-1.0,128.0,1765566032.0,RIML,False
25456580,25456578.0,5.0,4035.15,6611.6,1460.0,-1.0,128.0,1765566032.0,RIML,False
25456579,25456578.0,5.0,4039.15,6467.6,1460.0,-1.0,128.0,1765566032.0,RIML,False
v_25469966_1460,25469965.0,,1867.0,4356.5,1460.0,,,,RIMR,True
25469838,25469837.0,5.0,2625.0,5426.0,1460.0,-1.0,128.0,1762282959.0,RIMR,False
25469827,25469826.0,5.0,2631.0,6114.0,1461.0,-1.0,128.0,1762282922.0,RIMR,False
v_25455150_1461,v_25455150_1461,,4846.4,6448.5,1461.0,,,,RIMR,True
25456568,25456567.0,5.0,3199.15,6255.6,1461.0,-1.0,128.0,1765566032.0,RIML,False
v_25451027_1461,25451026.0,,5495.0,5836.75,1461.0,,,,RIML,True
25469966,v_25469966_1460,5.0,1864.0,4360.0,1461.0,-1.0,128.0,1762283720.0,RIMR,False
25456578,25456577.0,5.0,4011.15,6507.6,1461.0,-1.0,128.0,1765566032.0,RIML,False
25469837,25469836.0,5.0,2653.0,5424.0,1461.0,-1.0,128.0,1762282958.0,RIMR,False
25469826,25469825.0,5.0,2643.0,6104.0,1462.0,-1.0,128.0,1762282920.0,RIMR,False
25456577,25556191.0,5.0,4039.15,6491.6,1462.0,-1.0,128.0,1770355394.0,RIML,False
25455150,v_25455150_1460,5.0,4828.0,6448.5,1462.0,-1.0,128.0,1764697899.0,RIMR,False
25456569,25456568.0,5.0,3271.15,6299.6,1462.0,-1.0,128.0,1765566032.0,RIML,False
v_25469967_1462,25469966.0,,1870.0,4397.5,1462.0,,,,RIMR,True
25451026,25451025.0,5.0,5485.0,5845.75,1462.0,-1.0,128.0,1761242337.0,RIML,False
25469836,25469835.0,5.0,2687.0,5446.0,1462.0,-1.0,128.0,1762282956.0,RIMR,False
25456570,25456569.0,5.0,3283.15,6311.6,1463.0,-1.0,128.0,1765566032.0,RIML,False
25469967,v_25469967_1462,5.0,1872.0,4410.0,1463.0,-1.0,128.0,1762283721.0,RIMR,False
25556191,25456576.0,5.0,4037.15,6489.6,1463.0,-1.0,128.0,1770355394.0,RIML,False
25469835,25469834.0,5.0,2691.0,5504.0,1463.0,-1.0,128.0,1762282955.0,RIMR,False
25469825,v_25469825_1464,5.0,2661.0,6044.0,1463.0,-1.0,128.0,1762282917.0,RIMR,False
25451025,25451024.0,5.0,5459.0,5877.75,1463.0,-1.0,128.0,1761242336.0,RIML,False
v_25455151_1463,25455150.0,,4744.0,6460.5,1463.0,,,,RIMR,True
25451024,25451023.0,5.0,5447.0,5889.75,1464.0,-1.0,128.0,1761242331.0,RIML,False
v_25469825_1464,v_25469825_1465,,2662.333333333333,6038.0,1464.0,,,,RIMR,True
v_25469968_1464,25469967.0,,1875.0,4434.0,1464.0,,,,RIMR,True
25456576,25456575.0,5.0,4035.15,6487.6,1464.0,-1.0,128.0,1765566032.0,RIML,False
25455151,v_25455151_1463,5.0,4716.0,6464.5,1464.0,-1.0,128.0,1764697899.0,RIMR,False
25456571,25456570.0,5.0,3351.15,6307.6,1464.0,-1.0,128.0,1765566032.0,RIML,False
25469834,25469833.0,5.0,2761.0,5546.0,1464.0,-1.0,128.0,1762282954.0,RIMR,False
25469968,v_25469968_1464,5.0,1876.0,4442.0,1465.0,-1.0,128.0,1762283722.0,RIMR,False
25451023,25451022.0,5.0,5437.0,5915.75,1465.0,-1.0,128.0,1761242329.0,RIML,False
25469833,25469832.0,5.0,2809.0,5560.0,1465.0,-1.0,128.0,1762282953.0,RIMR,False
25456575,25456574.0,5.0,4019.15,6483.6,1465.0,-1.0,128.0,1765566032.0,RIML,False
25456573,25456571.0,5.0,3551.15,6407.6,1465.0,-1.0,128.0,1765566032.0,RIML,False
25456572,25456571.0,5.0,3167.15,6155.6,1465.0,-1.0,128.0,1765566032.0,RIML,False
25552574,25455151.0,5.0,4722.0,6474.5,1465.0,-1.0,128.0,1769310829.0,RIMR,False
v_25469825_1465,25469824.0,,2663.6666666666665,6032.0,1465.0,,,,RIMR,True
25469832,25469831.0,5.0,2849.0,5606.0,1466.0,-1.0,128.0,1762282951.0,RIMR,False
25456574,25456573.0,5.0,3775.15,6427.6,1466.0,-1.0,128.0,1765566032.0,RIML,False
25456632,25456572.0,5.0,3141.15,6135.6,1466.0,-1.0,128.0,1765566032.0,RIML,False
25469824,v_25469824_1467,5.0,2665.0,6026.0,1466.0,-1.0,128.0,1770348065.0,RIMR,False
25451022,25451021.0,5.0,5437.0,5967.75,1466.0,-1.0,128.0,1761242328.0,RIML,False
25455152,25552574.0,5.0,4728.0,6484.5,1466.0,-1.0,128.0,1769310829.0,RIMR,False
25469969,25469968.0,5.0,1868.0,4446.0,1466.0,-1.0,128.0,1762283724.0,RIMR,False
25451021,v_25451021_1468,5.0,5459.0,6061.75,1467.0,-1.0,128.0,1761242322.0,RIML,False
25456585,25456574.0,5.0,3847.15,6439.6,1467.0,-1.0,128.0,1765566032.0,RIML,False
25469970,25469969.0,5.0,1866.0,4446.0,1467.0,-1.0,128.0,1762283725.0,RIMR,False
25469831,25469830.0,5.0,2881.0,5654.0,1467.0,-1.0,128.0,1762282950.0,RIMR,False
v_25469824_1467,25530632.0,,2675.08,6008.8,1467.0,,,,RIMR,True
v_25455153_1467,25455152.0,,4713.0,6490.5,1467.0,,,,RIMR,True
25469971,25469970.0,5.0,1880.0,4470.0,1468.0,-1.0,128.0,1762283726.0,RIMR,False
25530632,25469823.0,5.0,2685.16,5991.6,1468.0,-1.0,128.0,1770571851.0,RIMR,False
v_25451021_1468,25451020.0,,5460.0,6061.75,1468.0,,,,RIML,True
25455153,v_25455153_1467,5.0,4708.0,6492.5,1468.0,-1.0,128.0,1764697899.0,RIMR,False
25456586,25456585.0,5.0,3925.0,6442.5,1468.0,-1.0,128.0,1766179131.0,RIML,False
25469830,25469829.0,5.0,2945.0,5740.0,1468.0,-1.0,128.0,1762282948.0,RIMR,False
25469823,v_25469823_1470,5.0,2683.0,5996.0,1469.0,-1.0,128.0,1762282915.0,RIMR,False
v_25455154_1469,25455153.0,,4708.0,6492.5,1469.0,,,,RIMR,True
25456587,25456586.0,5.0,3919.15,6431.6,1469.0,-1.0,128.0,1765566032.0,RIML,False
25469829,25469828.0,5.0,3005.0,5820.0,1469.0,-1.0,128.0,1762282945.0,RIMR,False
25469972,25469971.0,5.0,1890.0,4488.0,1469.0,-1.0,128.0,1762283727.0,RIMR,False
25451020,25451019.0,5.0,5461.0,6061.75,1469.0,-1.0,128.0,1761242321.0,RIML,False
25469973,25469972.0,5.0,1900.0,4512.0,1470.0,-1.0,128.0,1762283728.0,RIMR,False
25456588,25456587.0,5.0,3939.15,6427.6,1470.0,-1.0,128.0,1765566032.0,RIML,False
25451019,25551101.0,5.0,5415.0,6061.75,1470.0,-1.0,128.0,1768850918.0,RIML,False
25469828,25469822.0,5.0,3017.0,5828.0,1470.0,-1.0,128.0,1762282943.0,RIMR,False
v_25469823_1470,25469821.0,,2691.0,5994.0,1470.0,,,,RIMR,True
v_25455154_1470,v_25455154_1470,,4708.0,6492.5,1470.0,,,,RIMR,True
25551101,25451018.0,5.0,5407.65,6074.6,1471.0,-1.0,128.0,1769310798.0,RIML,False
v_25456589_1471,25456588.0,,3957.15,6433.6,1471.0,,,,RIML,True
25469822,25469820.0,5.0,3083.0,5866.0,1471.0,-1.0,128.0,1762282909.0,RIMR,False
25469821,25469820.0,5.0,2699.0,5992.0,1471.0,-1.0,128.0,1762282903.0,RIMR,False
25455154,v_25455154_1469,5.0,4708.0,6492.5,1471.0,-1.0,128.0,1764697899.0,RIMR,False
v_25469974_1471,25469973.0,,1915.0,4548.0,1471.0,,,,RIMR,True
25451018,v_25451018_1473,5.0,5397.0,6087.75,1472.0,-1.0,128.0,1761242304.0,RIML,False
25469820,25469819.0,5.0,2929.0,5884.0,1472.0,-1.0,128.0,1762282902.0,RIMR,False
v_25455155_1472,25455154.0,,4708.0,6492.5,1472.0,,,,RIMR,True
25469974,v_25469974_1471,5.0,1920.0,4560.0,1472.0,-1.0,128.0,1762283730.0,RIMR,False
25456589,v_25456589_1471,5.0,3963.15,6435.6,1472.0,-1.0,128.0,1765566032.0,RIML,False
25469819,25469817.0,5.0,3007.0,5864.0,1473.0,-1.0,128.0,1762282895.0,RIMR,False
25469975,25469974.0,5.0,1914.0,4604.0,1473.0,-1.0,128.0,1762283731.0,RIMR,False
v_25456590_1473,25456589.0,,3951.15,6435.6,1473.0,,,,RIML,True
25455155,v_25455155_1472,5.0,4708.0,6492.5,1473.0,-1.0,128.0,1764697899.0,RIMR,False
v_25451018_1473,v_25451018_1474,,5397.0,6088.416666666667,1473.0,,,,RIML,True
v_25455156_1474,25455155.0,,4657.0,6480.5,1474.0,,,,RIMR,True
v_25469976_1474,25469975.0,,1914.0,4658.0,1474.0,,,,RIMR,True
v_25451018_1474,25451017.0,,5397.0,6089.083333333333,1474.0,,,,RIML,True
25469817,25469816.0,5.0,3029.0,5870.0,1474.0,-1.0,128.0,1762282886.0,RIMR,False
25456590,v_25456590_1473,5.0,3947.15,6435.6,1474.0,-1.0,128.0,1765566032.0,RIML,False
v_25456591_1475,25456590.0,,3953.15,6429.6,1475.0,,,,RIML,True
25455156,v_25455156_1474,5.0,4640.0,6476.5,1475.0,-1.0,128.0,1764697899.0,RIMR,False
25469816,v_25469816_1476,5.0,3265.0,6062.0,1475.0,-1.0,128.0,1762282881.0,RIMR,False
25469818,25469817.0,5.0,2609.0,6050.0,1475.0,-1.0,128.0,1762282888.0,RIMR,False
25469976,v_25469976_1474,5.0,1914.0,4676.0,1475.0,-1.0,128.0,1762283733.0,RIMR,False
25516100,25469817.0,5.0,3016.95,5982.55,1475.0,-1.0,128.0,1764798228.0,RIMR,False
25451017,25552917.0,5.0,5397.0,6089.75,1475.0,-1.0,128.0,1769456705.0,RIML,False
v_25469816_1476,25469815.0,,3316.0,6095.0,1476.0,,,,RIMR,True
v_25469977_1476,25469976.0,,1926.0,4692.5,1476.0,,,,RIMR,True
25455160,25455156.0,5.0,4607.0,6458.5,1476.0,-1.0,128.0,1764697899.0,RIMR,False
25456591,v_25456591_1475,5.0,3955.15,6427.6,1476.0,-1.0,128.0,1765566032.0,RIML,False
25552917,25451016.0,5.0,5386.0,6089.75,1476.0,-1.0,128.0,1769456705.0,RIML,False
25516101,25516100.0,5.0,3018.95,6006.55,1476.0,-1.0,128.0,1764798229.0,RIMR,False
25469815,v_25469815_1478,5.0,3367.0,6128.0,1477.0,-1.0,128.0,1762282877.0,RIMR,False
25455161,25455160.0,5.0,4617.0,6436.5,1477.0,-1.0,128.0,1764697899.0,RIMR,False
25451016,v_25451016_1478,5.0,5375.0,6089.75,1477.0,-1.0,128.0,1761242302.0,RIML,False
25556115,25516101.0,5.0,3001.95,6000.55,1477.0,-1.0,128.0,1770348608.0,RIMR,False
25469977,v_25469977_1476,5.0,1930.0,4698.0,1477.0,-1.0,128.0,1762283735.0,RIMR,False
v_25456592_1477,25456591.0,,3955.15,6427.6,1477.0,,,,RIML,True
v_25451016_1478,v_25451016_1479,,5367.666666666667,6089.75,1478.0,,,,RIML,True
25456592,v_25456592_1477,5.0,3955.15,6427.6,1478.0,-1.0,128.0,1765566032.0,RIML,False
25469978,25469977.0,5.0,1894.0,4712.0,1478.0,-1.0,128.0,1762283737.0,RIMR,False
25455162,25455161.0,5.0,4619.0,6446.5,1478.0,-1.0,128.0,1764697899.0,RIMR,False
v_25469815_1478,25469814.0,,3413.0,6159.0,1478.0,,,,RIMR,True
25556118,25456592.0,5.0,3963.15,6427.6,1479.0,-1.0,128.0,1770353529.0,RIML,False
25469979,25469978.0,5.0,1874.0,4768.0,1479.0,-1.0,128.0,1762283739.0,RIMR,False
v_25451016_1479,25451015.0,,5360.333333333333,6089.75,1479.0,,,,RIML,True
25455163,25455162.0,5.0,4619.0,6434.5,1479.0,-1.0,128.0,1764697899.0,RIMR,False
25469814,v_25469814_1480,5.0,3459.0,6190.0,1479.0,-1.0,128.0,1762282875.0,RIMR,False
25456593,25556118.0,5.0,3971.15,6427.6,1480.0,-1.0,128.0,1770353529.0,RIML,False
25451015,25552875.0,5.0,5353.0,6089.75,1480.0,-1.0,128.0,1769455863.0,RIML,False
v_25469814_1480,25469813.0,,3491.0,6190.0,1480.0,,,,RIMR,True
v_25455164_1480,25455163.0,,4658.0,6404.5,1480.0,,,,RIMR,True
25552875,25451014.0,5.0,5329.0,6094.75,1481.0,-1.0,128.0,1769455863.0,RIML,False
25455164,v_25455164_1480,5.0,4671.0,6394.5,1481.0,-1.0,128.0,1764697899.0,RIMR,False
25469813,25556067.0,5.0,3523.0,6190.0,1481.0,-1.0,128.0,1770347500.0,RIMR,False
v_25456594_1481,25456593.0,,3992.15,6439.6,1481.0,,,,RIML,True
25456594,v_25456594_1481,5.0,3999.15,6443.6,1482.0,-1.0,128.0,1765566032.0,RIML,False
25556067,25469812.0,5.0,3533.0,6197.0,1482.0,-1.0,128.0,1770347500.0,RIMR,False
25455165,25455164.0,5.0,4675.0,6352.5,1482.0,-1.0,128.0,1764697899.0,RIMR,False
25451014,v_25451014_1483,5.0,5305.0,6099.75,1482.0,-1.0,128.0,1761242299.0,RIML,False
v_25451014_1483,v_25451014_1484,,5295.0,6099.75,1483.0,,,,RIML,True
v_25456595_1483,25456594.0,,4014.15,6461.6,1483.0,,,,RIML,True
25469812,v_25469812_1484,5.0,3543.0,6204.0,1483.0,-1.0,128.0,1762282872.0,RIMR,False
v_25469812_1484,25469811.0,,3549.0,6203.0,1484.0,,,,RIMR,True
25456595,v_25456595_1483,5.0,4019.15,6467.6,1484.0,-1.0,128.0,1765566032.0,RIML,False
v_25451014_1484,25451013.0,,5285.0,6099.75,1484.0,,,,RIML,True
25469811,25552709.0,5.0,3555.0,6202.0,1485.0,-1.0,128.0,1769316658.0,RIMR,False
25451013,v_25451013_1486,5.0,5275.0,6099.75,1485.0,-1.0,128.0,1770354166.0,RIML,False
25456596,25456595.0,5.0,4055.15,6467.6,1485.0,-1.0,128.0,1765566032.0,RIML,False
v_25451013_1486,25556156.0,,5262.225,6100.025,1486.0,,,,RIML,True
25557247,25456596.0,5.0,4067.15,6459.6,1486.0,-1.0,128.0,1771011304.0,RIML,False
25552709,25469810.0,5.0,3570.0,6195.0,1486.0,-1.0,128.0,1769316658.0,RIMR,False
25469810,v_25469810_1488,5.0,3585.0,6188.0,1487.0,-1.0,128.0,1762282868.0,RIMR,False
25556156,25451012.0,5.0,5249.45,6100.3,1487.0,-1.0,128.0,1770354167.0,RIML,False
25456597,25557247.0,5.0,4079.15,6451.6,1487.0,-1.0,128.0,1771011304.0,RIML,False
25456598,25456597.0,5.0,4099.15,6447.6,1488.0,-1.0,128.0,1765566032.0,RIML,False
v_25469810_1488,25469809.0,,3592.0,6190.0,1488.0,,,,RIMR,True
25451012,v_25451012_1489,5.0,5236.65,6100.6,1488.0,-1.0,128.0,1769310766.0,RIML,False
25469809,25552711.0,5.0,3599.0,6192.0,1489.0,-1.0,128.0,1769316681.0,RIMR,False
25450988,25450987.0,5.0,5913.0,5849.75,1489.0,-1.0,128.0,1761242254.0,RIML,False
v_25451012_1489,25451011.0,,5218.825,6116.175,1489.0,,,,RIML,True
v_25456599_1489,25456598.0,,4135.15,6420.6,1489.0,,,,RIML,True
25456599,v_25456599_1489,5.0,4147.15,6411.6,1490.0,-1.0,128.0,1765566032.0,RIML,False
25552711,25469808.0,5.0,3609.0,6199.0,1490.0,-1.0,128.0,1769316681.0,RIMR,False
25451011,v_25451011_1491,5.0,5201.0,6131.75,1490.0,-1.0,128.0,1761242296.0,RIML,False
25450987,25450986.0,5.0,5907.0,5849.75,1490.0,-1.0,128.0,1761242251.0,RIML,False
25456600,25456599.0,5.0,4155.15,6399.6,1491.0,-1.0,128.0,1765566032.0,RIML,False
25450986,25450985.0,5.0,5907.0,5849.75,1491.0,-1.0,128.0,1761242250.0,RIML,False
25469808,v_25469808_1492,5.0,3619.0,6206.0,1491.0,-1.0,128.0,1762282866.0,RIMR,False
v_25451011_1491,25451010.0,,5183.0,6139.75,1491.0,,,,RIML,True
25451010,25552884.0,5.0,5165.0,6147.75,1492.0,-1.0,128.0,1769455968.0,RIML,False
25456601,25456600.0,5.0,4167.15,6391.6,1492.0,-1.0,128.0,1765566032.0,RIML,False
v_25469808_1492,25469807.0,,3619.0,6222.0,1492.0,,,,RIMR,True
25450985,25450984.0,5.0,5895.0,5841.75,1492.0,-1.0,128.0,1761242249.0,RIML,False
25552884,v_25552884_1494,5.0,5152.35,6157.1,1493.0,-1.0,128.0,1769455968.0,RIML,False
25450984,v_25450984_1494,5.0,5807.0,5985.75,1493.0,-1.0,128.0,1761242243.0,RIML,False
25469807,25553005.0,5.0,3619.0,6238.0,1493.0,-1.0,128.0,1769484481.0,RIMR,False
v_25450984_1494,25450983.0,,5801.0,5995.75,1494.0,,,,RIML,True
v_25552884_1494,25451009.0,,5139.675,6166.425,1494.0,,,,RIML,True
25553005,25552713.0,5.0,3633.0,6238.0,1494.0,-1.0,128.0,1769484481.0,RIMR,False
25552713,25469806.0,5.0,3647.0,6238.0,1495.0,-1.0,128.0,1769316701.0,RIMR,False
25450983,v_25450983_1496,5.0,5795.0,6005.75,1495.0,-1.0,128.0,1761242241.0,RIML,False
25451009,v_25451009_1496,5.0,5127.0,6175.75,1495.0,-1.0,128.0,1761242293.0,RIML,False
v_25450983_1496,v_25450983_1497,,5785.666666666667,6029.75,1496.0,,,,RIML,True
v_25451009_1496,25451008.0,,5108.0,6187.75,1496.0,,,,RIML,True
25469806,v_25469806_1497,5.0,3661.0,6238.0,1496.0,-1.0,128.0,1762282863.0,RIMR,False
25451008,v_25451008_1498,5.0,5089.0,6199.75,1497.0,-1.0,128.0,1761242292.0,RIML,False
v_25450983_1497,25450982.0,,5776.333333333333,6053.75,1497.0,,,,RIML,True
v_25469806_1497,v_25469806_1498,,3665.0,6237.333333333333,1497.0,,,,RIMR,True
25450982,v_25450982_1499,5.0,5767.0,6077.75,1498.0,-1.0,128.0,1761242240.0,RIML,False
v_25451008_1498,v_25451008_1499,,5083.0,6197.083333333333,1498.0,,,,RIML,True
v_25469806_1498,25469805.0,,3669.0,6236.666666666667,1498.0,,,,RIMR,True
v_25450982_1499,25450981.0,,5761.0,6104.75,1499.0,,,,RIML,True
v_25451008_1499,v_25451008_1500,,5077.0,6194.416666666667,1499.0,,,,RIML,True
25469805,v_25469805_1500,5.0,3673.0,6236.0,1499.0,-1.0,128.0,1762282862.0,RIMR,False
v_25469805_1500,25469804.0,,3682.0,6236.0,1500.0,,,,RIMR,True
25450981,v_25450981_1501,5.0,5755.0,6131.75,1500.0,-1.0,128.0,1761242239.0,RIML,False
v_25451008_1500,v_25451008_1501,,5071.0,6191.75,1500.0,,,,RIML,True
25469804,v_25469804_1502,5.0,3691.0,6236.0,1501.0,-1.0,128.0,1762282861.0,RIMR,False
v_25450981_1501,25450980.0,,5762.0,6150.75,1501.0,,,,RIML,True
v_25451008_1501,v_25451008_1502,,5065.0,6189.083333333333,1501.0,,,,RIML,True
v_25469804_1502,25469803.0,,3712.0,6229.0,1502.0,,,,RIMR,True
25450980,25450979.0,5.0,5769.0,6169.75,1502.0,-1.0,128.0,1761242237.0,RIML,False
v_25451008_1502,25451007.0,,5059.0,6186.416666666667,1502.0,,,,RIML,True
25451007,25552892.0,5.0,5053.0,6183.75,1503.0,-1.0,128.0,1769456040.0,RIML,False
25469803,v_25469803_1504,5.0,3733.0,6222.0,1503.0,-1.0,128.0,1762282859.0,RIMR,False
25450979,v_25450979_1504,5.0,5781.0,6185.75,1503.0,-1.0,128.0,1761242236.0,RIML,False
v_25450979_1504,25450978.0,,5765.0,6199.75,1504.0,,,,RIML,True
v_25469803_1504,25469802.0,,3737.0,6220.0,1504.0,,,,RIMR,True
25552892,v_25552892_1505,5.0,5033.0,6181.1,1504.0,-1.0,128.0,1769456040.0,RIML,False
25469802,v_25469802_1506,5.0,3741.0,6218.0,1505.0,-1.0,128.0,1762282858.0,RIMR,False
25450978,25450977.0,5.0,5749.0,6213.75,1505.0,-1.0,128.0,1761242228.0,RIML,False
v_25552892_1505,25451006.0,,5013.0,6178.425,1505.0,,,,RIML,True
25451006,v_25451006_1507,5.0,4993.0,6175.75,1506.0,-1.0,128.0,1769456580.0,RIML,False
25450977,25450976.0,5.0,5645.0,6255.75,1506.0,-1.0,128.0,1761242190.0,RIML,False
v_25469802_1506,25469801.0,,3770.0,6205.0,1506.0,,,,RIMR,True
25450976,v_25450976_1508,5.0,5651.0,6265.75,1507.0,-1.0,128.0,1761242188.0,RIML,False
v_25451006_1507,25552910.0,,4993.0,6175.75,1507.0,,,,RIML,True
25469801,25553031.0,5.0,3799.0,6192.0,1507.0,-1.0,128.0,1769485229.0,RIMR,False
25553031,25469800.0,5.0,3806.0,6192.0,1508.0,-1.0,128.0,1769485229.0,RIMR,False
25552910,25451005.0,5.0,4993.0,6175.75,1508.0,-1.0,128.0,1769456580.0,RIML,False
v_25450976_1508,25450975.0,,5651.0,6263.75,1508.0,,,,RIML,True
25451005,v_25451005_1510,5.0,4993.0,6175.75,1509.0,-1.0,128.0,1761242287.0,RIML,False
25450975,25450974.0,5.0,5651.0,6261.75,1509.0,-1.0,128.0,1761242187.0,RIML,False
25469800,v_25469800_1510,5.0,3813.0,6192.0,1509.0,-1.0,128.0,1762282854.0,RIMR,False
v_25451005_1510,25451004.0,,4976.0,6155.75,1510.0,,,,RIML,True
v_25469800_1510,25469799.0,,3832.0,6178.0,1510.0,,,,RIMR,True
25450974,25450973.0,5.0,5643.0,6299.75,1510.0,-1.0,128.0,1761242186.0,RIML,False
25469939,25469938.0,5.0,2939.0,6352.0,1510.0,-1.0,128.0,1762283464.0,RIMR,False
25451004,v_25451004_1512,5.0,4959.0,6135.75,1511.0,-1.0,128.0,1770354207.0,RIML,False
25469938,25469937.0,5.0,3001.0,6394.0,1511.0,-1.0,128.0,1762283460.0,RIMR,False
25450973,25450972.0,5.0,5643.0,6303.75,1511.0,-1.0,128.0,1761242184.0,RIML,False
25469799,25552717.0,5.0,3851.0,6164.0,1511.0,-1.0,128.0,1769316780.0,RIMR,False
25450972,25450971.0,5.0,5631.0,6305.75,1512.0,-1.0,128.0,1761242183.0,RIML,False
v_25451004_1512,25556161.0,,4941.0,6135.75,1512.0,,,,RIML,True
25469937,25469936.0,5.0,3073.0,6362.0,1512.0,-1.0,128.0,1762283457.0,RIMR,False
25552717,25469798.0,5.0,3861.0,6156.0,1512.0,-1.0,128.0,1769316780.0,RIMR,False
25556161,25451003.0,5.0,4923.0,6135.75,1513.0,-1.0,128.0,1770354208.0,RIML,False
25450971,v_25450971_1514,5.0,5631.5,6346.25,1513.0,-1.0,128.0,1770354457.0,RIML,False
25469936,v_25469936_1514,5.0,3065.0,6338.0,1513.0,-1.0,128.0,1762283451.0,RIMR,False
25469798,v_25469798_1514,5.0,3871.0,6148.0,1513.0,-1.0,128.0,1762282852.0,RIMR,False
v_25469936_1514,25469935.0,,3069.0,6339.0,1514.0,,,,RIMR,True
v_25469798_1514,25469797.0,,3871.0,6148.0,1514.0,,,,RIMR,True
v_25450971_1514,25450970.0,,5622.25,6355.0,1514.0,,,,RIML,True
25451003,v_25451003_1515,5.0,4905.0,6135.75,1514.0,-1.0,128.0,1761242284.0,RIML,False
25450970,v_25450970_1516,5.0,5613.0,6363.75,1515.0,-1.0,128.0,1761242179.0,RIML,False
25469797,25469796.0,5.0,3871.0,6148.0,1515.0,-1.0,128.0,1762282851.0,RIMR,False
v_25451003_1515,25451002.0,,4896.0,6129.75,1515.0,,,,RIML,True
25469935,25469934.0,5.0,3073.0,6340.0,1515.0,-1.0,128.0,1762283449.0,RIMR,False
25469796,25469795.0,5.0,3947.0,6140.0,1516.0,-1.0,128.0,1762282850.0,RIMR,False
25469934,v_25469934_1517,5.0,3129.0,6350.0,1516.0,-1.0,128.0,1762283448.0,RIMR,False
25451002,v_25451002_1517,5.0,4887.0,6123.75,1516.0,-1.0,128.0,1761242283.0,RIML,False
v_25450970_1516,25450969.0,,5592.0,6386.75,1516.0,,,,RIML,True
25450951,25450950.0,5.0,5569.0,5735.75,1517.0,-1.0,128.0,1761242107.0,RIML,False
v_25469934_1517,25469933.0,,3140.0,6351.0,1517.0,,,,RIMR,True
v_25451002_1517,25451001.0,,4881.0,6113.75,1517.0,,,,RIML,True
25469795,25552660.0,5.0,4009.0,6122.0,1517.0,-1.0,128.0,1769315479.0,RIMR,False
25450969,v_25450969_1518,5.0,5571.0,6409.75,1517.0,-1.0,128.0,1761242178.0,RIML,False
v_25450969_1518,25450968.0,,5555.0,6427.75,1518.0,,,,RIML,True
25451001,25559001.0,5.0,4875.0,6103.75,1518.0,-1.0,128.0,1771723184.0,RIML,False
25552660,25469794.0,5.0,4013.0,6123.0,1518.0,-1.0,128.0,1769315479.0,RIMR,False
25450950,25450949.0,5.0,5579.0,5733.75,1518.0,-1.0,128.0,1761242106.0,RIML,False
25469933,v_25469933_1519,5.0,3151.0,6352.0,1518.0,-1.0,128.0,1762283447.0,RIMR,False
25469794,25469793.0,5.0,4017.0,6124.0,1519.0,-1.0,128.0,1762282847.0,RIMR,False
25559001,25451000.0,5.0,4875.0,6100.75,1519.0,-1.0,128.0,1771723184.0,RIML,False
v_25469933_1519,25469932.0,,3166.0,6345.0,1519.0,,,,RIMR,True
25450968,25450967.0,5.0,5539.0,6445.75,1519.0,-1.0,128.0,1761242177.0,RIML,False
25450949,25450948.0,5.0,5583.0,5761.75,1519.0,-1.0,128.0,1761242105.0,RIML,False
25450948,25450947.0,5.0,5575.0,5785.75,1520.0,-1.0,128.0,1761242104.0,RIML,False
25469932,25469931.0,5.0,3181.0,6338.0,1520.0,-1.0,128.0,1762283446.0,RIMR,False
25451000,25450999.0,5.0,4875.0,6097.75,1520.0,-1.0,128.0,1761242281.0,RIML,False
25450967,25450966.0,5.0,5511.0,6463.75,1520.0,-1.0,128.0,1761242172.0,RIML,False
25469793,v_25469793_1521,5.0,4047.0,6118.0,1520.0,-1.0,128.0,1762282844.0,RIMR,False
v_25469793_1521,v_25469793_1522,,4057.6666666666665,6118.0,1521.0,,,,RIMR,True
25469931,25469930.0,5.0,3227.0,6354.0,1521.0,-1.0,128.0,1762283445.0,RIMR,False
25450947,25450946.0,5.0,5565.0,5823.75,1521.0,-1.0,128.0,1761242103.0,RIML,False
25450966,v_25450966_1522,5.0,5493.0,6471.75,1521.0,-1.0,128.0,1761242166.0,RIML,False
25450999,25450998.0,5.0,4865.0,6077.75,1521.0,-1.0,128.0,1761242279.0,RIML,False
25450998,25450997.0,5.0,4863.0,6083.75,1522.0,-1.0,128.0,1761242278.0,RIML,False
25450946,25450945.0,5.0,5537.0,5879.75,1522.0,-1.0,128.0,1761242101.0,RIML,False
25469930,25469929.0,5.0,3261.0,6398.0,1522.0,-1.0,128.0,1762283444.0,RIMR,False
v_25469793_1522,25469792.0,,4068.3333333333335,6118.0,1522.0,,,,RIMR,True
v_25450966_1522,25450965.0,,5443.0,6514.75,1522.0,,,,RIML,True
25469929,25469928.0,5.0,3275.0,6402.0,1523.0,-1.0,128.0,1762283442.0,RIMR,False
25450945,25450944.0,5.0,5545.0,5895.75,1523.0,-1.0,128.0,1761242100.0,RIML,False
25469792,25469714.0,5.0,4079.0,6118.0,1523.0,-1.0,128.0,1762282843.0,RIMR,False
25450965,25450964.0,5.0,5393.0,6557.75,1523.0,-1.0,128.0,1761242161.0,RIML,False
25450997,25450996.0,5.0,4847.0,6067.75,1523.0,-1.0,128.0,1761242277.0,RIML,False
25450964,25450963.0,5.0,5367.0,6533.75,1524.0,-1.0,128.0,1761242156.0,RIML,False
25469714,,5.0,4075.65,6112.0,1524.0,-1.0,128.0,1762318995.0,RIMR,False
25450996,25450995.0,5.0,4873.0,6125.75,1524.0,-1.0,128.0,1761242276.0,RIML,False
25469928,v_25469928_1525,5.0,3277.0,6416.0,1524.0,-1.0,128.0,1762283441.0,RIMR,False
25450944,25450943.0,5.0,5529.0,5915.75,1524.0,-1.0,128.0,1761242098.0,RIML,False
25555947,25469714.0,5.0,4069.1,6120.0,1525.0,-1.0,128.0,1770320806.0,RIMR,False
v_25469928_1525,25469927.0,,3310.0,6419.0,1525.0,,,,RIMR,True
25450943,25450942.0,5.0,5495.0,5945.75,1525.0,-1.0,128.0,1761242097.0,RIML,False
25450963,25450962.0,5.0,5355.0,6569.75,1525.0,-1.0,128.0,1761242153.0,RIML,False
25450995,25450994.0,5.0,4877.0,6137.75,1525.0,-1.0,128.0,1761242274.0,RIML,False
25559004,25555947.0,5.0,4062.55,6128.0,1526.0,-1.0,128.0,1771727025.0,RIMR,False
25450962,25450961.0,5.0,5329.0,6567.75,1526.0,-1.0,128.0,1761242152.0,RIML,False
25469927,v_25469927_1527,5.0,3343.0,6422.0,1526.0,-1.0,128.0,1762283436.0,RIMR,False
25450942,25450941.0,5.0,5493.0,5965.75,1526.0,-1.0,128.0,1761242096.0,RIML,False
25450994,25450993.0,5.0,4877.0,6137.75,1526.0,-1.0,128.0,1761242273.0,RIML,False
25469715,25559004.0,5.0,4056.0,6136.0,1527.0,-1.0,128.0,1771727025.0,RIMR,False
25450941,25450940.0,5.0,5493.0,5985.75,1527.0,-1.0,128.0,1761242095.0,RIML,False
25450993,25450992.0,5.0,4877.0,6141.75,1527.0,-1.0,128.0,1761242272.0,RIML,False
25450961,25450960.0,5.0,5293.0,6513.75,1527.0,-1.0,128.0,1761242145.0,RIML,False
v_25469927_1527,25469926.0,,3354.0,6435.0,1527.0,,,,RIMR,True
25469926,v_25469926_1529,5.0,3365.0,6448.0,1528.0,-1.0,128.0,1762283434.0,RIMR,False
25450960,v_25450960_1529,5.0,5269.0,6507.75,1528.0,-1.0,128.0,1761242144.0,RIML,False
v_25469716_1528,25469715.0,,4050.0,6185.2,1528.0,,,,RIMR,True
25450992,25450991.0,5.0,4936.655,6167.6,1528.0,-1.0,128.0,1769310641.0,RIML,False
25450940,25450939.0,5.0,5485.0,5989.75,1528.0,-1.0,128.0,1761242094.0,RIML,False
v_25469926_1529,25469925.0,,3396.0,6457.0,1529.0,,,,RIMR,True
v_25469716_1529,v_25469716_1529,,4048.0,6201.6,1529.0,,,,RIMR,True
25450939,v_25450939_1530,5.0,5485.0,5997.75,1529.0,-1.0,128.0,1761242093.0,RIML,False
v_25450960_1529,25450959.0,,5257.0,6506.75,1529.0,,,,RIML,True
25450991,25450990.0,5.0,4965.0,6189.75,1529.0,-1.0,128.0,1761242270.0,RIML,False
25450990,25450989.0,5.0,4973.0,6207.75,1530.0,-1.0,128.0,1761242269.0,RIML,False
25450959,25450958.0,5.0,5245.0,6505.75,1530.0,-1.0,128.0,1761242143.0,RIML,False
v_25450939_1530,25450938.0,,5486.0,6013.75,1530.0,,,,RIML,True
25469925,v_25469925_1531,5.0,3427.0,6466.0,1530.0,-1.0,128.0,1767593704.0,RIMR,False
25469716,v_25469716_1528,5.0,4046.0,6218.0,1530.0,-1.0,128.0,1762282468.0,RIMR,False
25450958,25450957.0,5.0,5245.0,6523.75,1531.0,-1.0,128.0,1761242142.0,RIML,False
25450938,25450937.0,5.0,5487.0,6029.75,1531.0,-1.0,128.0,1761242091.0,RIML,False
25450989,25450956.0,5.0,5023.0,6215.75,1531.0,-1.0,128.0,1761242268.0,RIML,False
25469717,25469716.0,5.0,4008.0,6236.0,1531.0,-1.0,128.0,1762282469.0,RIMR,False
v_25469925_1531,25469924.0,,3450.0,6463.0,1531.0,,,,RIMR,True
25469924,25469923.0,5.0,3473.0,6460.0,1532.0,-1.0,128.0,1762283428.0,RIMR,False
25450957,25450955.0,5.0,5237.0,6499.75,1532.0,-1.0,128.0,1761242140.0,RIML,False
25450956,25450955.0,5.0,5051.0,6241.75,1532.0,-1.0,128.0,1761242136.0,RIML,False
25450937,25450936.0,5.0,5487.0,6029.75,1532.0,-1.0,128.0,1761242090.0,RIML,False
25469718,25469717.0,5.0,3932.0,6286.0,1532.0,-1.0,128.0,1762282480.0,RIMR,False
v_25469719_1533,25469718.0,,3915.5,6328.0,1533.0,,,,RIMR,True
25450936,25450935.0,5.0,5459.0,6067.75,1533.0,-1.0,128.0,1761242089.0,RIML,False
25450955,25450954.0,5.0,5115.0,6313.75,1533.0,-1.0,128.0,1761242134.0,RIML,False
25469923,25469922.0,5.0,3487.0,6444.0,1533.0,-1.0,128.0,1762283427.0,RIMR,False
25469922,25469921.0,5.0,3507.0,6440.0,1534.0,-1.0,128.0,1762283426.0,RIMR,False
25450935,25450934.0,5.0,5455.0,6069.75,1534.0,-1.0,128.0,1761242087.0,RIML,False
25450954,25450953.0,5.0,5111.0,6311.75,1534.0,-1.0,128.0,1761242132.0,RIML,False
25469719,v_25469719_1533,5.0,3910.0,6342.0,1534.0,-1.0,128.0,1762282481.0,RIMR,False
25469921,25469722.0,5.0,3547.0,6446.0,1535.0,-1.0,128.0,1762283423.0,RIMR,False
v_25469720_1535,25469719.0,,3883.0,6385.5,1535.0,,,,RIMR,True
25450934,25450933.0,5.0,5447.0,6083.75,1535.0,-1.0,128.0,1761242087.0,RIML,False
25450953,25450952.0,5.0,5091.0,6329.75,1535.0,-1.0,128.0,1761242131.0,RIML,False
25469722,25469721.0,5.0,3606.0,6544.0,1536.0,-1.0,128.0,1762282490.0,RIMR,False
25469720,v_25469720_1535,5.0,3874.0,6400.0,1536.0,-1.0,128.0,1762282483.0,RIMR,False
25450933,25450930.0,5.0,5423.0,6119.75,1536.0,-1.0,128.0,1761242086.0,RIML,False
25450952,25450931.0,5.0,5085.0,6321.75,1536.0,-1.0,128.0,1761242129.0,RIML,False
25450930,25450929.0,5.0,5425.0,6125.75,1537.0,-1.0,128.0,1761242069.0,RIML,False
25450931,25450929.0,5.0,5055.0,6291.75,1537.0,-1.0,128.0,1761242073.0,RIML,False
25469721,25469720.0,5.0,3758.0,6656.0,1537.0,-1.0,128.0,1762282493.0,RIMR,False
25450929,25450928.0,5.0,5225.0,6447.75,1538.0,-1.0,128.0,1761242066.0,RIML,False
25469723,25469721.0,5.0,3758.0,6658.0,1538.0,-1.0,128.0,1762282494.0,RIMR,False
25450928,25450927.0,5.0,5223.0,6439.75,1539.0,-1.0,128.0,1761242065.0,RIML,False
25469724,25469723.0,5.0,3772.0,6628.0,1539.0,-1.0,128.0,1762282495.0,RIMR,False
25469725,25469724.0,5.0,3774.0,6620.0,1540.0,-1.0,128.0,1762282496.0,RIMR,False
25450927,25450926.0,5.0,5193.0,6417.75,1540.0,-1.0,128.0,1761242064.0,RIML,False
25469726,25469725.0,5.0,3774.0,6620.0,1541.0,-1.0,128.0,1762282497.0,RIMR,False
25450926,25450925.0,5.0,5175.0,6419.75,1541.0,-1.0,128.0,1761242063.0,RIML,False
25450925,25450924.0,5.0,5171.0,6419.75,1542.0,-1.0,128.0,1761242062.0,RIML,False
25469727,25469726.0,5.0,3774.0,6588.0,1542.0,-1.0,128.0,1762282498.0,RIMR,False
25450924,25450923.0,5.0,5167.0,6419.75,1543.0,-1.0,128.0,1761242061.0,RIML,False
25469728,25469727.0,5.0,3776.0,6588.0,1543.0,-1.0,128.0,1762282499.0,RIMR,False
25450923,25450921.0,5.0,5155.0,6419.75,1544.0,-1.0,128.0,1761242060.0,RIML,False
25469729,25469728.0,5.0,3776.0,6588.0,1544.0,-1.0,128.0,1762282500.0,RIMR,False
25533269,25469729.0,5.0,3712.45,6758.45,1545.0,-1.0,128.0,1767724197.0,RIMR,False
25469730,25469729.0,5.0,3784.0,6588.0,1545.0,-1.0,128.0,1762282503.0,RIMR,False
25450921,25450920.0,5.0,5153.0,6413.75,1545.0,-1.0,128.0,1761242052.0,RIML,False
25533270,25533269.0,5.0,3674.45,6746.45,1546.0,-1.0,128.0,1767724199.0,RIMR,False
25469731,25469730.0,5.0,3784.0,6574.0,1546.0,-1.0,128.0,1762282503.0,RIMR,False
25450922,25450921.0,5.0,4817.0,6001.75,1546.0,-1.0,128.0,1761242053.0,RIML,False
25450920,25450919.0,5.0,5205.0,6473.75,1546.0,-1.0,128.0,1761242046.0,RIML,False
25450919,25450918.0,5.0,5205.0,6501.75,1547.0,-1.0,128.0,1761242045.0,RIML,False
v_25469732_1547,25469731.0,,3863.5,6490.0,1547.0,,,,RIMR,True
25533272,25533270.0,5.0,3674.45,6734.45,1547.0,-1.0,128.0,1767724200.0,RIMR,False
25451130,25450922.0,5.0,4805.0,6005.75,1547.0,-1.0,128.0,1761248382.0,RIML,False
25450918,25450917.0,5.0,5193.0,6561.75,1548.0,-1.0,128.0,1761242044.0,RIML,False
25469732,v_25469732_1547,5.0,3890.0,6462.0,1548.0,-1.0,128.0,1762282529.0,RIMR,False
25451131,25451130.0,5.0,4805.0,6005.75,1548.0,-1.0,128.0,1761248383.0,RIML,False
25533274,25533272.0,5.0,3672.45,6722.45,1548.0,-1.0,128.0,1767724202.0,RIMR,False
25469734,25469732.0,5.0,4248.0,6086.0,1549.0,-1.0,128.0,1762282542.0,RIMR,False
25450917,,5.0,5221.0,6619.75,1549.0,-1.0,128.0,1761242019.0,RIML,False
25533275,25533274.0,5.0,3668.45,6700.45,1549.0,-1.0,128.0,1767724203.0,RIMR,False
25469733,25469732.0,5.0,3830.0,6584.0,1549.0,-1.0,128.0,1762282518.0,RIMR,False
25469950,25469734.0,5.0,4277.0,6040.0,1550.0,-1.0,128.0,1762283672.0,RIMR,False
v_25469735_1550,25469733.0,,3852.5,6572.0,1550.0,,,,RIMR,True
25451132,25450917.0,5.0,5205.0,6637.75,1550.0,-1.0,128.0,1761248397.0,RIML,False
25469735,v_25469735_1550,5.0,3860.0,6568.0,1551.0,-1.0,128.0,1762282553.0,RIMR,False
25469951,25469950.0,5.0,4277.0,6036.0,1551.0,-1.0,128.0,1762283675.0,RIMR,False
25451133,25451132.0,5.0,5199.0,6643.75,1551.0,-1.0,128.0,1761248398.0,RIML,False
25469736,25469735.0,5.0,3892.0,6566.0,1552.0,-1.0,128.0,1762282555.0,RIMR,False
25451134,25451133.0,5.0,5199.0,6647.75,1552.0,-1.0,128.0,1761248399.0,RIML,False
25469737,25469736.0,5.0,3894.0,6574.0,1553.0,-1.0,128.0,1762282557.0,RIMR,False
25451135,25451134.0,5.0,5199.0,6647.75,1553.0,-1.0,128.0,1761248400.0,RIML,False
25470003,25470002.0,5.0,3428.0,7888.0,1553.0,-1.0,128.0,1762285634.0,RIMR,False
25470002,25470001.0,5.0,3400.0,7894.0,1554.0,-1.0,128.0,1762285632.0,RIMR,False
25469738,25469737.0,5.0,3914.0,6620.0,1554.0,-1.0,128.0,1762282558.0,RIMR,False
v_25451136_1554,25451135.0,,5199.0,6647.75,1554.0,,,,RIML,True
25470001,25470000.0,5.0,3362.0,7894.0,1555.0,-1.0,128.0,1762285630.0,RIMR,False
25469739,25469738.0,5.0,3914.0,6620.0,1555.0,-1.0,128.0,1762282558.0,RIMR,False
25451136,v_25451136_1554,5.0,5199.0,6647.75,1555.0,-1.0,128.0,1761248401.0,RIML,False
25554771,25451136.0,5.0,5199.0,6647.75,1556.0,-1.0,128.0,1769724035.0,RIML,False
25469740,25469739.0,5.0,3940.0,6648.0,1556.0,-1.0,128.0,1762282560.0,RIMR,False
25470000,v_25470000_1557,5.0,3358.0,7892.0,1556.0,-1.0,128.0,1762285627.0,RIMR,False
25451137,25554771.0,5.0,5199.0,6647.75,1557.0,-1.0,128.0,1769724035.0,RIML,False
v_25470000_1557,25469998.0,,3379.0,7894.0,1557.0,,,,RIMR,True
v_25469741_1557,25469740.0,,3941.2,6652.8,1557.0,,,,RIMR,True
v_25469741_1558,v_25469741_1558,,3941.6,6654.4,1558.0,,,,RIMR,True
25451138,25451137.0,5.0,5171.0,6679.75,1558.0,-1.0,128.0,1761248404.0,RIML,False
25469998,25469997.0,5.0,3400.0,7896.0,1558.0,-1.0,128.0,1762285622.0,RIMR,False
25469997,25469996.0,5.0,3698.0,7968.0,1559.0,-1.0,128.0,1762285614.0,RIMR,False
25469999,25469998.0,5.0,3122.0,7840.0,1559.0,-1.0,128.0,1762285623.0,RIMR,False
25469741,v_25469741_1557,5.0,3942.0,6656.0,1559.0,-1.0,128.0,1762282561.0,RIMR,False
25451139,25451138.0,5.0,5093.0,6615.75,1559.0,-1.0,128.0,1761248406.0,RIML,False
25469996,25469995.0,5.0,3756.0,7972.0,1560.0,-1.0,128.0,1762285611.0,RIMR,False
25470004,25469999.0,5.0,3037.5,7812.0,1560.0,-1.0,128.0,1762285703.0,RIMR,False
25451217,25451216.0,5.0,4576.0,7423.75,1560.0,-1.0,128.0,1761248825.0,RIML,False
25469742,25469741.0,5.0,4002.0,6770.0,1560.0,-1.0,128.0,1762282562.0,RIMR,False
25451140,25451139.0,5.0,5085.0,6613.75,1560.0,-1.0,128.0,1761248409.0,RIML,False
v_25451141_1561,25451140.0,,5071.5,6613.75,1561.0,,,,RIML,True
25451216,v_25451216_1562,5.0,4558.0,7428.75,1561.0,-1.0,128.0,1761248821.0,RIML,False
25469995,25469994.0,5.0,3802.0,7974.0,1561.0,-1.0,128.0,1762285610.0,RIMR,False
25470005,25470004.0,5.0,2809.0,7706.0,1561.0,-1.0,128.0,1762285713.0,RIMR,False
25469743,25469742.0,5.0,4006.0,6758.0,1561.0,-1.0,128.0,1762282567.0,RIMR,False
25470006,25470005.0,5.0,2707.0,7642.0,1562.0,-1.0,128.0,1762285729.0,RIMR,False
25451141,v_25451141_1561,5.0,5067.0,6613.75,1562.0,-1.0,128.0,1761248410.0,RIML,False
25469994,25469993.0,5.0,3862.0,7966.0,1562.0,-1.0,128.0,1762285607.0,RIMR,False
v_25451216_1562,v_25451216_1563,,4556.0,7427.416666666667,1562.0,,,,RIML,True
25469744,25469743.0,5.0,4006.0,6756.0,1562.0,-1.0,128.0,1762282572.0,RIMR,False
25469993,25469992.0,5.0,3944.0,7970.0,1563.0,-1.0,128.0,1762285585.0,RIMR,False
25470007,25470006.0,5.0,2633.0,7598.0,1563.0,-1.0,128.0,1762285730.0,RIMR,False
v_25451216_1563,25451215.0,,4554.0,7426.083333333333,1563.0,,,,RIML,True
25469745,25469744.0,5.0,4006.0,6756.0,1563.0,-1.0,128.0,1762282573.0,RIMR,False
25451143,25451141.0,5.0,5099.0,6763.75,1563.0,-1.0,128.0,1761248425.0,RIML,False
25451142,25451143.0,5.0,5065.0,6513.75,1564.0,-1.0,128.0,1770354382.0,RIML,False
25451145,25451143.0,5.0,5181.0,6793.75,1564.0,-1.0,128.0,1761248429.0,RIML,False
25451144,25451143.0,5.0,4931.0,6183.75,1564.0,-1.0,128.0,1761248421.0,RIML,False
25469746,25469745.0,5.0,4038.0,6742.0,1564.0,-1.0,128.0,1762282574.0,RIMR,False
25451215,25451214.0,5.0,4552.0,7424.75,1564.0,-1.0,128.0,1761248820.0,RIML,False
25469992,25469991.0,5.0,3998.0,7978.0,1564.0,-1.0,128.0,1762285573.0,RIMR,False
25470008,25470007.0,5.0,2529.0,7514.0,1564.0,-1.0,128.0,1762285732.0,RIMR,False
25469991,25469990.0,5.0,4034.0,7992.0,1565.0,-1.0,128.0,1762285570.0,RIMR,False
25469747,25469746.0,5.0,3860.5,6749.0,1565.0,-1.0,128.0,1762282597.0,RIMR,False
25469748,25469746.0,5.0,4068.5,6671.0,1565.0,-1.0,128.0,1762282615.0,RIMR,False
25470009,25470008.0,5.0,2435.0,7430.0,1565.0,-1.0,128.0,1762285733.0,RIMR,False
25451148,25451144.0,5.0,4913.0,6181.75,1565.0,-1.0,128.0,1761248445.0,RIML,False
25451147,25451142.0,5.0,5043.0,6551.75,1565.0,-1.0,128.0,1761248436.0,RIML,False
25451146,25451145.0,5.0,5179.0,6835.75,1565.0,-1.0,128.0,1761248432.0,RIML,False
25451214,v_25451214_1566,5.0,4547.0,7421.75,1565.0,-1.0,128.0,1761248803.0,RIML,False
25451149,25451148.0,5.0,4913.0,6181.75,1566.0,-1.0,128.0,1761248446.0,RIML,False
25451157,25451146.0,5.0,5211.0,6865.75,1566.0,-1.0,128.0,1761248469.0,RIML,False
25451190,25451147.0,5.0,5059.0,6544.75,1566.0,-1.0,128.0,1761248716.0,RIML,False
v_25451214_1566,25451213.0,,4554.0,7412.25,1566.0,,,,RIML,True
25469751,25469747.0,5.0,3856.5,6747.0,1566.0,-1.0,128.0,1762282633.0,RIMR,False
25470010,25470009.0,5.0,2403.0,7410.0,1566.0,-1.0,128.0,1762285735.0,RIMR,False
25469750,25469748.0,5.0,4097.5,6756.0,1566.0,-1.0,128.0,1762282617.0,RIMR,False
25469749,25469748.0,5.0,4150.5,6416.0,1566.0,-1.0,128.0,1762282612.0,RIMR,False
25469990,v_25469990_1567,5.0,4082.0,7984.0,1566.0,-1.0,128.0,1762285503.0,RIMR,False
25451213,v_25451213_1568,5.0,4561.0,7402.75,1567.0,-1.0,128.0,1761248802.0,RIML,False
25470011,25470010.0,5.0,2371.15,7357.6,1567.0,-1.0,128.0,1766435405.0,RIMR,False
25469752,25469751.0,5.0,3854.5,6744.0,1567.0,-1.0,128.0,1762282634.0,RIMR,False
25451150,25451149.0,5.0,4913.0,6181.75,1567.0,-1.0,128.0,1761248447.0,RIML,False
25451158,25451157.0,5.0,5211.0,6865.75,1567.0,-1.0,128.0,1761248470.0,RIML,False
25469791,25469790.0,5.0,4421.0,7346.0,1567.0,-1.0,128.0,1762282811.0,RIMR,False
25469952,25469749.0,5.0,4141.5,6412.0,1567.0,-1.0,128.0,1762283684.0,RIMR,False
v_25469990_1567,25469989.0,,4110.0,7975.0,1567.0,,,,RIMR,True
25469764,25469750.0,5.0,4109.5,6779.0,1567.0,-1.0,128.0,1762282666.0,RIMR,False
25451191,25451190.0,5.0,5043.0,6524.75,1567.0,-1.0,128.0,1761248723.0,RIML,False
25451151,25451150.0,5.0,4913.0,6181.75,1568.0,-1.0,128.0,1761248448.0,RIML,False
25451159,25451158.0,5.0,5193.0,6853.75,1568.0,-1.0,128.0,1761248476.0,RIML,False
v_25469753_1568,25469752.0,,3871.75,6779.25,1568.0,,,,RIMR,True
25469790,v_25469790_1569,5.0,4425.0,7346.0,1568.0,-1.0,128.0,1762282810.0,RIMR,False
25469765,25469764.0,5.0,4130.5,6796.0,1568.0,-1.0,128.0,1762282667.0,RIMR,False
v_25451213_1568,v_25451213_1569,,4564.666666666667,7400.083333333333,1568.0,,,,RIML,True
25469953,25469952.0,5.0,4153.5,6414.0,1568.0,-1.0,128.0,1762283686.0,RIMR,False
25470012,25470011.0,5.0,2341.0,7334.0,1568.0,-1.0,128.0,1762285736.0,RIMR,False
25469989,v_25469989_1569,5.0,4138.0,7966.0,1568.0,-1.0,128.0,1762285501.0,RIMR,False
25451152,25451151.0,5.0,4913.0,6179.75,1569.0,-1.0,128.0,1761248449.0,RIML,False
25451160,25451159.0,5.0,5199.0,6947.75,1569.0,-1.0,128.0,1761248485.0,RIML,False
25451161,25451159.0,5.0,5261.0,6539.75,1569.0,-1.0,128.0,1761248479.0,RIML,False
v_25451213_1569,25451212.0,,4568.333333333333,7397.416666666667,1569.0,,,,RIML,True
25556112,25469765.0,5.0,4152.5,6822.5,1569.0,-1.0,128.0,1770348511.0,RIMR,False
25470013,25470012.0,5.0,2299.0,7282.0,1569.0,-1.0,128.0,1762285737.0,RIMR,False
v_25469989_1569,25469988.0,,4153.0,7945.0,1569.0,,,,RIMR,True
25469753,v_25469753_1568,5.0,3877.5,6791.0,1569.0,-1.0,128.0,1762282636.0,RIMR,False
v_25469790_1569,25469789.0,,4424.0,7362.0,1569.0,,,,RIMR,True
25451212,v_25451212_1571,5.0,4572.0,7394.75,1570.0,-1.0,128.0,1761248800.0,RIML,False
v_25469754_1570,25469753.0,,3887.25,6803.75,1570.0,,,,RIMR,True
25469789,25469788.0,5.0,4423.0,7378.0,1570.0,-1.0,128.0,1762282805.0,RIMR,False
25451192,25451161.0,5.0,5247.0,6549.75,1570.0,-1.0,128.0,1761248740.0,RIML,False
25451153,25451152.0,5.0,4929.0,6181.75,1570.0,-1.0,128.0,1761248449.0,RIML,False
25470014,25470013.0,5.0,2251.0,7260.0,1570.0,-1.0,128.0,1762285738.0,RIMR,False
25469988,25469987.0,5.0,4168.0,7924.0,1570.0,-1.0,128.0,1762285485.0,RIMR,False
25451162,25451160.0,5.0,5207.0,6975.75,1570.0,-1.0,128.0,1761248486.0,RIML,False
25469766,25556112.0,5.0,4174.5,6849.0,1570.0,-1.0,128.0,1770348511.0,RIMR,False
25469987,25469986.0,5.0,4186.0,7924.0,1571.0,-1.0,128.0,1762285483.0,RIMR,False
v_25451212_1571,25451211.0,,4574.0,7389.75,1571.0,,,,RIML,True
25469754,v_25469754_1570,5.0,3890.5,6808.0,1571.0,-1.0,128.0,1762282637.0,RIMR,False
25451163,25451162.0,5.0,5197.0,6999.75,1571.0,-1.0,128.0,1761248488.0,RIML,False
25470015,25470014.0,5.0,2193.0,7194.0,1571.0,-1.0,128.0,1762285740.0,RIMR,False
25469788,25469787.0,5.0,4415.0,7372.0,1571.0,-1.0,128.0,1762282804.0,RIMR,False
25451154,25451153.0,5.0,4965.0,6183.75,1571.0,-1.0,128.0,1761248451.0,RIML,False
v_25469767_1571,25469766.0,,4195.5,6868.5,1571.0,,,,RIMR,True
25451193,25451192.0,5.0,5231.0,6571.75,1571.0,-1.0,128.0,1761248741.0,RIML,False
25451194,25451193.0,5.0,5233.0,6567.75,1572.0,-1.0,128.0,1761248742.0,RIML,False
v_25469755_1572,25469754.0,,3915.25,6832.75,1572.0,,,,RIMR,True
25469767,v_25469767_1571,5.0,4202.5,6875.0,1572.0,-1.0,128.0,1762282670.0,RIMR,False
25451164,25451163.0,5.0,5185.0,7011.75,1572.0,-1.0,128.0,1761248488.0,RIML,False
25469787,25469786.0,5.0,4409.0,7372.0,1572.0,-1.0,128.0,1762282803.0,RIMR,False
25451155,25451154.0,5.0,4983.0,6185.75,1572.0,-1.0,128.0,1761248452.0,RIML,False
25469986,25469985.0,5.0,4196.0,7908.0,1572.0,-1.0,128.0,1762285467.0,RIMR,False
25451211,v_25451211_1573,5.0,4576.0,7384.75,1572.0,-1.0,128.0,1761248799.0,RIML,False
25470016,25470015.0,5.0,2165.0,7146.0,1572.0,-1.0,128.0,1762285742.0,RIMR,False
25451156,25451155.0,5.0,4993.0,6191.75,1573.0,-1.0,128.0,1761248453.0,RIML,False
v_25469768_1573,25469767.0,,4207.75,6893.75,1573.0,,,,RIMR,True
v_25470017_1573,25470016.0,,2115.5,7087.5,1573.0,,,,RIMR,True
v_25451211_1573,25451210.0,,4578.5,7384.25,1573.0,,,,RIML,True
25555326,25451164.0,5.0,5170.35,7019.75,1573.0,-1.0,128.0,1769772628.0,RIML,False
25469985,25469984.0,5.0,4214.0,7888.0,1573.0,-1.0,128.0,1762285466.0,RIMR,False
25451195,25451194.0,5.0,5222.0,6570.75,1573.0,-1.0,128.0,1761248743.0,RIML,False
25469755,v_25469755_1572,5.0,3923.5,6841.0,1573.0,-1.0,128.0,1762282638.0,RIMR,False
25469786,25469785.0,5.0,4395.0,7350.0,1573.0,-1.0,128.0,1762282802.0,RIMR,False
25470017,v_25470017_1573,5.0,2099.0,7068.0,1574.0,-1.0,128.0,1762285743.0,RIMR,False
v_25451165_1574,25555326.0,,5148.3375,7031.75,1574.0,,,,RIML,True
25469984,25469983.0,5.0,4212.0,7854.0,1574.0,-1.0,128.0,1762285465.0,RIMR,False
v_25451196_1574,25451195.0,,5217.5,6581.25,1574.0,,,,RIML,True
25469768,v_25469768_1573,5.0,4209.5,6900.0,1574.0,-1.0,128.0,1762282671.0,RIMR,False
25451210,25451209.0,5.0,4581.0,7383.75,1574.0,-1.0,128.0,1761248798.0,RIML,False
v_25469756_1574,25469755.0,,3946.75,6880.75,1574.0,,,,RIMR,True
25469785,25469784.0,5.0,4387.0,7350.0,1574.0,-1.0,128.0,1762282801.0,RIMR,False
25451165,v_25451165_1574,5.0,5141.0,7035.75,1575.0,-1.0,128.0,1769772628.0,RIML,False
25451209,v_25451209_1576,5.0,4588.0,7387.75,1575.0,-1.0,128.0,1761248796.0,RIML,False
25451196,v_25451196_1574,5.0,5216.0,6584.75,1575.0,-1.0,128.0,1761248745.0,RIML,False
25469756,v_25469756_1574,5.0,3954.5,6894.0,1575.0,-1.0,128.0,1762282639.0,RIMR,False
25469784,25469783.0,5.0,4371.0,7342.0,1575.0,-1.0,128.0,1762282800.0,RIMR,False
25470018,25470017.0,5.0,2061.0,7024.0,1575.0,-1.0,128.0,1762285745.0,RIMR,False
v_25469769_1575,25469768.0,,4229.0,6928.5,1575.0,,,,RIMR,True
25469983,25469982.0,5.0,4208.0,7846.0,1575.0,-1.0,128.0,1762285464.0,RIMR,False
v_25470019_1576,25470018.0,,2031.0,6995.5,1576.0,,,,RIMR,True
v_25469757_1576,25469756.0,,4006.25,6916.5,1576.0,,,,RIMR,True
25451166,25451165.0,5.0,5141.0,7035.75,1576.0,-1.0,128.0,1761248493.0,RIML,False
25469769,v_25469769_1575,5.0,4235.5,6938.0,1576.0,-1.0,128.0,1762282672.0,RIMR,False
25469783,25469772.0,5.0,4357.0,7336.0,1576.0,-1.0,128.0,1762282799.0,RIMR,False
v_25451197_1576,25451196.0,,5205.5,6596.0,1576.0,,,,RIML,True
v_25451209_1576,25451208.0,,4581.5,7391.25,1576.0,,,,RIML,True
25469982,25469981.0,5.0,4204.0,7836.0,1576.0,-1.0,128.0,1762285462.0,RIMR,False
25469981,25469980.0,5.0,4228.0,7816.0,1577.0,-1.0,128.0,1762285460.0,RIMR,False
25469757,v_25469757_1576,5.0,4023.5,6924.0,1577.0,-1.0,128.0,1762282640.0,RIMR,False
25451197,v_25451197_1576,5.0,5202.0,6599.75,1577.0,-1.0,128.0,1761248746.0,RIML,False
25451167,25451166.0,5.0,5119.0,7041.75,1577.0,-1.0,128.0,1761248494.0,RIML,False
25469770,25469769.0,5.0,4238.5,6989.0,1577.0,-1.0,128.0,1762282683.0,RIMR,False
25469772,25469771.0,5.0,4339.5,7302.0,1577.0,-1.0,128.0,1762282686.0,RIMR,False
25470019,v_25470019_1576,5.0,2021.0,6986.0,1577.0,-1.0,128.0,1762285746.0,RIMR,False
25451208,25451207.0,5.0,4575.0,7394.75,1577.0,-1.0,128.0,1761248795.0,RIML,False
25469980,25469773.0,5.0,4220.0,7808.0,1578.0,-1.0,128.0,1762285450.0,RIMR,False
25469771,25469770.0,5.0,4276.0,7158.0,1578.0,-1.0,128.0,1762285418.0,RIMR,False
v_25451198_1578,25451197.0,,5196.75,6605.0,1578.0,,,,RIML,True
25451207,v_25451207_1579,5.0,4587.0,7383.75,1578.0,-1.0,128.0,1761248794.0,RIML,False
25470020,25470019.0,5.0,1997.0,6944.0,1578.0,-1.0,128.0,1762285747.0,RIMR,False
25451408,25451407.0,5.0,5853.0,7606.75,1578.0,-1.0,128.0,1761249843.0,RIML,False
25451168,25451167.0,5.0,5119.0,7041.75,1578.0,-1.0,128.0,1761248495.0,RIML,False
25469758,25469757.0,5.0,4043.5,6933.0,1578.0,-1.0,128.0,1762282642.0,RIMR,False
v_25469759_1579,25469758.0,,4063.0,6952.5,1579.0,,,,RIMR,True
25470021,25470020.0,5.0,1931.0,6914.0,1579.0,-1.0,128.0,1762285749.0,RIMR,False
25469773,25469771.0,5.0,4348.0,7286.0,1579.0,-1.0,128.0,1762285442.0,RIMR,False
v_25451207_1579,25451206.0,,4587.0,7381.75,1579.0,,,,RIML,True
25451407,25451405.0,5.0,5853.0,7606.75,1579.0,-1.0,128.0,1761249839.0,RIML,False
25451169,25451168.0,5.0,5135.0,7035.75,1579.0,-1.0,128.0,1761248496.0,RIML,False
25451198,v_25451198_1578,5.0,5195.0,6606.75,1579.0,-1.0,128.0,1761248748.0,RIML,False
25451206,v_25451206_1581,5.0,4587.0,7379.75,1580.0,-1.0,128.0,1761248792.0,RIML,False
25451405,v_25451405_1581,5.0,5841.0,7604.75,1580.0,-1.0,128.0,1761249828.0,RIML,False
25451170,25451169.0,5.0,5137.0,7029.75,1580.0,-1.0,128.0,1761248497.0,RIML,False
25469759,v_25469759_1579,5.0,4069.5,6959.0,1580.0,-1.0,128.0,1762282643.0,RIMR,False
v_25451199_1580,25451198.0,,5166.8,6630.75,1580.0,,,,RIML,True
25470022,25470021.0,5.0,1901.0,6876.0,1580.0,-1.0,128.0,1762285750.0,RIMR,False
25469774,25469773.0,5.0,4337.0,7268.0,1580.0,-1.0,128.0,1762282717.0,RIMR,False
v_25469760_1581,25469759.0,,4068.75,6964.25,1581.0,,,,RIMR,True
v_25470023_1581,25470022.0,,1854.5,6817.5,1581.0,,,,RIMR,True
25469775,25469774.0,5.0,4319.0,7274.0,1581.0,-1.0,128.0,1762282720.0,RIMR,False
v_25451405_1581,25451227.0,,5565.0,7751.75,1581.0,,,,RIML,True
v_25451206_1581,25451205.0,,4583.5,7372.25,1581.0,,,,RIML,True
v_25451406_1581,25451405.0,,6178.5,7411.25,1581.0,,,,RIML,True
25451172,25451170.0,5.0,5103.0,7027.75,1581.0,-1.0,128.0,1761248526.0,RIML,False
v_25451199_1581,v_25451199_1581,,5157.4,6638.75,1581.0,,,,RIML,True
v_25451173_1582,25451172.0,,5064.0,7029.5875,1582.0,,,,RIML,True
25469776,25469775.0,5.0,4351.0,7310.0,1582.0,-1.0,128.0,1762282721.0,RIMR,False
25451199,v_25451199_1580,5.0,5148.0,6646.75,1582.0,-1.0,128.0,1761248749.0,RIML,False
25469760,v_25469760_1581,5.0,4068.5,6966.0,1582.0,-1.0,128.0,1762282644.0,RIMR,False
25451406,v_25451406_1581,5.0,6291.0,7346.75,1582.0,-1.0,128.0,1761249833.0,RIML,False
25451227,25451226.0,5.0,5289.0,7898.75,1582.0,-1.0,128.0,1761248935.0,RIML,False
25451205,v_25451205_1583,5.0,4580.0,7364.75,1582.0,-1.0,128.0,1761248791.0,RIML,False
25470023,v_25470023_1581,5.0,1839.0,6798.0,1582.0,-1.0,128.0,1762285752.0,RIMR,False
25451200,25451199.0,5.0,5143.0,6652.75,1583.0,-1.0,128.0,1761248763.0,RIML,False
v_25469761_1583,25469760.0,,4100.0,6979.5,1583.0,,,,RIMR,True
25451226,25451225.0,5.0,5173.0,7906.75,1583.0,-1.0,128.0,1761248931.0,RIML,False
25451173,v_25451173_1582,5.0,5051.0,7030.2,1583.0,-1.0,128.0,1765563884.0,RIML,False
25451410,25451406.0,5.0,6415.0,7236.75,1583.0,-1.0,128.0,1761249865.0,RIML,False
25470024,25470023.0,5.0,1833.15,6761.6,1583.0,-1.0,128.0,1764185383.0,RIMR,False
v_25451205_1583,25451204.0,,4578.5,7364.75,1583.0,,,,RIML,True
25469777,25469776.0,5.0,4357.0,7346.0,1583.0,-1.0,128.0,1762282723.0,RIMR,False
25451411,25451410.0,5.0,6557.0,7082.75,1584.0,-1.0,128.0,1761249868.0,RIML,False
25451204,25451176.0,5.0,4577.0,7364.75,1584.0,-1.0,128.0,1761248789.0,RIML,False
25469761,v_25469761_1583,5.0,4110.5,6984.0,1584.0,-1.0,128.0,1762282645.0,RIMR,False
v_25451174_1584,25451173.0,,5009.0,7019.3625,1584.0,,,,RIML,True
25451201,25451200.0,5.0,5096.0,6698.75,1584.0,-1.0,128.0,1761248765.0,RIML,False
25451225,25451224.0,5.0,5029.0,7934.75,1584.0,-1.0,128.0,1761248927.0,RIML,False
25469778,25469777.0,5.0,4361.0,7364.0,1584.0,-1.0,128.0,1762282726.0,RIMR,False
25470025,25470024.0,5.0,1786.0,6732.0,1584.0,-1.0,128.0,1762285770.0,RIMR,False
25470026,25470025.0,5.0,1778.0,6676.0,1585.0,-1.0,128.0,1762285771.0,RIMR,False
25451224,25451223.0,5.0,4923.0,7918.75,1585.0,-1.0,128.0,1761248882.0,RIML,False
v_25451202_1585,25451201.0,,5092.25,6719.75,1585.0,,,,RIML,True
25451174,v_25451174_1584,5.0,4995.0,7015.75,1585.0,-1.0,128.0,1761248529.0,RIML,False
25451176,25451175.0,5.0,4599.0,7353.75,1585.0,-1.0,128.0,1761248539.0,RIML,False
25451412,25451411.0,5.0,6621.0,7006.75,1585.0,-1.0,128.0,1761249871.0,RIML,False
25469779,25469778.0,5.0,4355.0,7438.0,1585.0,-1.0,128.0,1762282728.0,RIMR,False
v_25469762_1585,25469761.0,,4142.0,7020.0,1585.0,,,,RIMR,True
25451413,25451412.0,5.0,6753.0,6836.75,1586.0,-1.0,128.0,1761249873.0,RIML,False
25451175,25451174.0,5.0,4759.0,7135.75,1586.0,-1.0,128.0,1761248538.0,RIML,False
25451202,v_25451202_1585,5.0,5091.0,6726.75,1586.0,-1.0,128.0,1761248768.0,RIML,False
25469762,v_25469762_1585,5.0,4152.5,7032.0,1586.0,-1.0,128.0,1762282647.0,RIMR,False
25469780,25469779.0,5.0,4381.0,7430.0,1586.0,-1.0,128.0,1762282732.0,RIMR,False
25451223,25451222.0,5.0,4857.0,7914.75,1586.0,-1.0,128.0,1761248880.0,RIML,False
25470027,25470026.0,5.0,1730.0,6636.0,1586.0,-1.0,128.0,1762285772.0,RIMR,False
25470028,25470027.0,5.0,1690.0,6576.0,1587.0,-1.0,128.0,1762285775.0,RIMR,False
25451222,25451221.0,5.0,4827.0,7906.75,1587.0,-1.0,128.0,1761248879.0,RIML,False
25469781,25469780.0,5.0,4397.0,7438.0,1587.0,-1.0,128.0,1762282733.0,RIMR,False
25469763,25469762.0,5.0,4146.5,7027.0,1587.0,-1.0,128.0,1762282649.0,RIMR,False
v_25451203_1587,25451202.0,,5096.25,6743.25,1587.0,,,,RIML,True
25451414,25451413.0,5.0,6869.0,6718.75,1587.0,-1.0,128.0,1761249874.0,RIML,False
25451177,25451175.0,5.0,4751.0,7147.75,1587.0,-1.0,128.0,1761248543.0,RIML,False
25556083,25469781.0,5.0,4395.825,7407.0,1588.0,-1.0,128.0,1770347752.0,RIMR,False
25451221,25451220.0,5.0,4799.0,7884.75,1588.0,-1.0,128.0,1761248878.0,RIML,False
25470029,25470028.0,5.0,1690.0,6520.0,1588.0,-1.0,128.0,1762285777.0,RIMR,False
25451415,25451414.0,5.0,6985.0,6590.75,1588.0,-1.0,128.0,1761249878.0,RIML,False
25451178,25451177.0,5.0,4731.0,7165.75,1588.0,-1.0,128.0,1761248547.0,RIML,False
25451203,v_25451203_1587,5.0,5098.0,6748.75,1588.0,-1.0,128.0,1761248769.0,RIML,False
25451180,25451178.0,5.0,4663.0,7275.75,1589.0,-1.0,128.0,1761248562.0,RIML,False
25451179,25451178.0,5.0,5091.0,6943.75,1589.0,-1.0,128.0,1761248558.0,RIML,False
25469782,25556083.0,5.0,4394.65,7376.0,1589.0,-1.0,128.0,1770347752.0,RIMR,False
25451220,25451219.0,5.0,4769.0,7854.75,1589.0,-1.0,128.0,1761248857.0,RIML,False
25451416,25451415.0,5.0,7085.0,6452.75,1589.0,-1.0,128.0,1761249879.0,RIML,False
25470030,25470029.0,5.0,1658.0,6492.0,1589.0,-1.0,128.0,1762285778.0,RIMR,False
25451417,25451416.0,5.0,7127.0,6388.75,1590.0,-1.0,128.0,1761249882.0,RIML,False
25470031,25470030.0,5.0,1638.0,6432.0,1590.0,-1.0,128.0,1762285780.0,RIMR,False
25451219,25451218.0,5.0,4749.0,7828.75,1590.0,-1.0,128.0,1761248856.0,RIML,False
25451181,25451179.0,5.0,5115.0,6955.75,1590.0,-1.0,128.0,1761248569.0,RIML,False
25470038,25469782.0,5.0,4410.0,7320.0,1590.0,-1.0,128.0,1762286102.0,RIMR,False
25451182,25451180.0,5.0,4669.0,7295.75,1590.0,-1.0,128.0,1761248598.0,RIML,False
25451183,25451182.0,5.0,4625.0,7365.75,1591.0,-1.0,128.0,1761248601.0,RIML,False
25451418,25451417.0,5.0,7189.0,6292.75,1591.0,-1.0,128.0,1761249888.0,RIML,False
25470032,25470031.0,5.0,1638.0,6420.0,1591.0,-1.0,128.0,1762285781.0,RIMR,False
25451218,25451189.0,5.0,4737.0,7774.75,1591.0,-1.0,128.0,1761248855.0,RIML,False
25470039,25470038.0,5.0,4418.0,7316.0,1591.0,-1.0,128.0,1762286103.0,RIMR,False
25470040,25470039.0,5.0,4446.0,7328.0,1592.0,-1.0,128.0,1762286105.0,RIMR,False
25451189,25451185.0,5.0,4707.0,7750.75,1592.0,-1.0,128.0,1761248694.0,RIML,False
25470033,25470032.0,5.0,1610.0,6356.0,1592.0,-1.0,128.0,1762285782.0,RIMR,False
25451184,25451183.0,5.0,4635.0,7371.75,1592.0,-1.0,128.0,1761248602.0,RIML,False
25451419,25451418.0,5.0,7225.0,6246.75,1592.0,-1.0,128.0,1761249890.0,RIML,False
25526972,25451419.0,5.0,7299.6,6098.75,1593.0,-1.0,128.0,1765565439.0,RIML,False
25470034,25470033.0,5.0,1610.0,6324.0,1593.0,-1.0,128.0,1762285783.0,RIMR,False
25451185,25451184.0,5.0,4623.0,7466.75,1593.0,-1.0,128.0,1761248685.0,RIML,False
25470041,25470040.0,5.0,4436.0,7302.0,1593.0,-1.0,128.0,1762286107.0,RIMR,False
25451186,25451185.0,5.0,4615.0,7465.75,1594.0,-1.0,128.0,1761248612.0,RIML,False
25470042,25470041.0,5.0,4430.0,7336.0,1594.0,-1.0,128.0,1762286110.0,RIMR,False
25526973,25526972.0,5.0,7331.6,6044.75,1594.0,-1.0,128.0,1765565440.0,RIML,False
25470035,25470034.0,5.0,1606.0,6308.0,1594.0,-1.0,128.0,1762285784.0,RIMR,False
25470036,25470035.0,5.0,1594.0,6268.0,1595.0,-1.0,128.0,1762285786.0,RIMR,False
25526974,25526973.0,5.0,7327.6,6008.75,1595.0,-1.0,128.0,1765565441.0,RIML,False
25470043,25470042.0,5.0,4430.0,7328.0,1595.0,-1.0,128.0,1762286110.0,RIMR,False
25451187,25451186.0,5.0,4615.0,7469.75,1595.0,-1.0,128.0,1761248613.0,RIML,False
25432453,25526974.0,5.0,7319.15,6039.6,1596.0,-1.0,128.0,1765565515.0,RIML,False
25451188,25451187.0,5.0,4625.0,7495.75,1596.0,-1.0,128.0,1761248615.0,RIML,False
25470037,25470036.0,5.0,1579.0,6216.0,1596.0,-1.0,128.0,1762286057.0,RIMR,False
25470044,25470043.0,5.0,4442.0,7334.0,1596.0,-1.0,128.0,1762286112.0,RIMR,False
25527336,25470037.0,5.0,1566.0,6191.5,1597.0,-1.0,128.0,1765835711.0,RIMR,False
25470045,25470044.0,5.0,4500.0,7360.0,1597.0,-1.0,128.0,1762286114.0,RIMR,False
25431745,25432453.0,5.0,7358.6,5888.75,1597.0,-1.0,128.0,1765565515.0,RIML,False
25527337,25527336.0,5.0,1552.0,6153.5,1598.0,-1.0,128.0,1765835713.0,RIMR,False
25470046,25470045.0,5.0,4512.0,7368.0,1598.0,-1.0,128.0,1762286115.0,RIMR,False
25431744,25431745.0,5.0,7344.6,5836.75,1598.0,-1.0,128.0,1765565515.0,RIML,False
v_25527338_1599,25527337.0,,1531.0,6116.0,1599.0,,,,RIMR,True
25431743,25431744.0,5.0,7350.6,5824.75,1599.0,-1.0,128.0,1765565515.0,RIML,False
25470047,25470046.0,5.0,4506.0,7376.0,1599.0,-1.0,128.0,1762286115.0,RIMR,False
25431742,25431743.0,5.0,7342.6,5758.75,1600.0,-1.0,128.0,1765565515.0,RIML,False
25527338,v_25527338_1599,5.0,1524.0,6103.5,1600.0,-1.0,128.0,1765835714.0,RIMR,False
25470048,25470047.0,5.0,4506.0,7404.0,1600.0,-1.0,128.0,1762286116.0,RIMR,False
25470049,25470048.0,5.0,4504.0,7410.0,1601.0,-1.0,128.0,1762286119.0,RIMR,False
25431741,25431742.0,5.0,7348.6,5710.75,1601.0,-1.0,128.0,1765565515.0,RIML,False
25450322,25527338.0,5.0,1518.0,6093.5,1601.0,-1.0,128.0,1765838306.0,RIMR,False
25431740,25431741.0,5.0,7322.6,5636.75,1602.0,-1.0,128.0,1765565515.0,RIML,False
25470050,25470049.0,5.0,4514.0,7438.0,1602.0,-1.0,128.0,1762286122.0,RIMR,False
v_25450321_1602,25450322.0,,1503.75,5995.25,1602.0,,,,RIMR,True
25450321,v_25450321_1602,5.0,1499.0,5962.5,1603.0,-1.0,128.0,1765838306.0,RIMR,False
25470051,25470050.0,5.0,4432.0,7456.0,1603.0,-1.0,128.0,1762286127.0,RIMR,False
25431731,25431740.0,5.0,7304.6,5508.75,1603.0,-1.0,128.0,1765565515.0,RIML,False
25450320,25450321.0,5.0,1491.0,5940.5,1604.0,-1.0,128.0,1765838306.0,RIMR,False
v_25433181_1604,25431731.0,,7296.35,5504.25,1604.0,,,,RIML,True
25470052,25470051.0,5.0,4424.0,7442.0,1604.0,-1.0,128.0,1762286128.0,RIMR,False
25470053,25470052.0,5.0,4424.0,7442.0,1605.0,-1.0,128.0,1762286129.0,RIMR,False
25433181,v_25433181_1604,5.0,7293.6,5502.75,1605.0,-1.0,128.0,1765565515.0,RIML,False
25554109,25470053.0,5.0,4366.59,7632.15,1605.0,-1.0,3.0,1769636956.0,RIMR,False
25450319,25450320.0,5.0,1493.0,5932.5,1605.0,-1.0,128.0,1765838306.0,RIMR,False
25470054,25470053.0,5.0,4424.0,7442.0,1606.0,-1.0,128.0,1762286130.0,RIMR,False
25431748,25431747.0,5.0,6730.6,4636.75,1606.0,-1.0,128.0,1765565515.0,RIML,False
v_25431736_1606,25433181.0,,7289.85,5475.75,1606.0,,,,RIML,True
25554110,25554109.0,5.0,4354.99,7639.0,1606.0,-1.0,3.0,1769636959.0,RIMR,False
25450318,25450319.0,5.0,1485.0,5920.5,1606.0,-1.0,128.0,1765838306.0,RIMR,False
25470055,25470054.0,5.0,4424.0,7442.0,1607.0,-1.0,128.0,1762286131.0,RIMR,False
25431736,v_25431736_1606,5.0,7288.6,5466.75,1607.0,-1.0,128.0,1765565515.0,RIML,False
25450317,25450318.0,5.0,1473.0,5874.5,1607.0,-1.0,128.0,1765838306.0,RIMR,False
25527389,25447687.0,5.0,1696.0,5301.5,1607.0,-1.0,128.0,1765838411.0,RIMR,False
25554111,25554110.0,5.0,4348.515,7645.25,1607.0,-1.0,3.0,1769636959.0,RIMR,False
25431747,25431746.0,5.0,6758.6,4618.75,1607.0,-1.0,128.0,1765565515.0,RIML,False
25554112,25554111.0,5.0,4372.275,7653.5,1608.0,-1.0,3.0,1769636965.0,RIMR,False
25431746,25431739.0,5.0,6756.6,4612.75,1608.0,-1.0,128.0,1765565515.0,RIML,False
25447687,25447686.0,5.0,1638.95,5425.75,1608.0,-1.0,128.0,1765838306.0,RIMR,False
v_25431737_1608,25431736.0,,7275.1,5406.75,1608.0,,,,RIML,True
25450316,25450317.0,5.0,1479.0,5832.5,1608.0,-1.0,128.0,1765838306.0,RIMR,False
25470056,25470055.0,5.0,4408.0,7420.0,1608.0,-1.0,128.0,1762286133.0,RIMR,False
25554113,25554112.0,5.0,4371.01,7648.95,1609.0,-1.0,3.0,1769636966.0,RIMR,False
25450315,25450316.0,5.0,1479.0,5786.5,1609.0,-1.0,128.0,1765838306.0,RIMR,False
25447686,25447685.0,5.0,1586.95,5505.75,1609.0,-1.0,128.0,1765838306.0,RIMR,False
25470057,25470056.0,5.0,4408.0,7420.0,1609.0,-1.0,128.0,1762286134.0,RIMR,False
25431737,v_25431737_1608,5.0,7270.6,5386.75,1609.0,-1.0,128.0,1765565515.0,RIML,False
25431739,25431738.0,5.0,6776.6,4648.75,1609.0,-1.0,128.0,1765565515.0,RIML,False
25431738,25431737.0,5.0,7170.6,4956.75,1610.0,-1.0,128.0,1765565515.0,RIML,False
25450314,25450315.0,5.0,1471.0,5746.5,1610.0,-1.0,128.0,1765838306.0,RIMR,False
25447685,25450313.0,5.0,1533.0,5516.5,1610.0,-1.0,128.0,1765838306.0,RIMR,False
25554114,25554113.0,5.0,4368.23,7654.05,1610.0,-1.0,3.0,1769636968.0,RIMR,False
25470058,25470057.0,5.0,4392.0,7442.0,1610.0,-1.0,128.0,1762286137.0,RIMR,False
25431749,25431738.0,5.0,7148.6,4938.75,1611.0,-1.0,128.0,1765565515.0,RIML,False
25450313,25450314.0,5.0,1540.985,5496.9,1611.0,-1.0,128.0,1765838306.0,RIMR,False
25431750,25431749.0,5.0,7136.6,4928.75,1612.0,-1.0,128.0,1765565515.0,RIML,False
v_25447684_1612,25450313.0,,1552.95875,5467.5375,1612.0,,,,RIMR,True
25431751,25431750.0,5.0,7136.6,4926.75,1613.0,-1.0,128.0,1765565515.0,RIML,False
25447684,v_25447684_1612,5.0,1556.95,5457.75,1613.0,-1.0,128.0,1765838306.0,RIMR,False
v_25447683_1614,25447684.0,,1562.95,5480.25,1614.0,,,,RIMR,True
25431752,25431751.0,5.0,7062.6,4866.75,1614.0,-1.0,128.0,1765565515.0,RIML,False
25431753,25431752.0,5.0,6802.6,4564.75,1615.0,-1.0,128.0,1765565515.0,RIML,False
25431754,25431752.0,5.0,7204.6,5012.75,1615.0,-1.0,128.0,1765565515.0,RIML,False
25447683,v_25447683_1614,5.0,1564.95,5487.75,1615.0,-1.0,128.0,1765838306.0,RIMR,False
25431757,25431753.0,5.0,6786.6,4556.75,1616.0,-1.0,128.0,1765565515.0,RIML,False
25431953,25431754.0,5.0,7228.6,5018.75,1616.0,-1.0,128.0,1765565515.0,RIML,False
v_25447682_1616,25447683.0,,1566.45,5432.25,1616.0,,,,RIMR,True
25431758,25431757.0,5.0,6752.6,4534.75,1617.0,-1.0,128.0,1765565515.0,RIML,False
25431957,25431953.0,5.0,7232.6,5030.75,1617.0,-1.0,128.0,1765565515.0,RIML,False
25447682,v_25447682_1616,5.0,1566.95,5413.75,1617.0,-1.0,128.0,1765838306.0,RIMR,False
v_25431759_1618,25431758.0,,6734.6,4513.75,1618.0,,,,RIML,True
25431959,25431957.0,5.0,7242.6,5050.75,1618.0,-1.0,128.0,1765565515.0,RIML,False
v_25447681_1618,25447682.0,,1589.45,5392.75,1618.0,,,,RIMR,True
25431759,v_25431759_1618,5.0,6728.6,4506.75,1619.0,-1.0,128.0,1765565515.0,RIML,False
25447681,v_25447681_1618,5.0,1596.95,5385.75,1619.0,-1.0,128.0,1765838306.0,RIMR,False
v_25447680_1620,25447681.0,,1614.95,5376.75,1620.0,,,,RIMR,True
v_25431760_1620,25431759.0,,6733.1,4493.25,1620.0,,,,RIML,True
25447680,v_25447680_1620,5.0,1620.95,5373.75,1621.0,-1.0,128.0,1765838306.0,RIMR,False
25431760,v_25431760_1620,5.0,6734.6,4488.75,1621.0,-1.0,128.0,1765565515.0,RIML,False
25447679,25447680.0,5.0,1680.95,5345.75,1622.0,-1.0,128.0,1765838306.0,RIMR,False
25431761,25431760.0,5.0,6714.6,4474.75,1622.0,-1.0,128.0,1765565515.0,RIML,False
v_25447678_1623,25447679.0,,1686.95,5341.25,1623.0,,,,RIMR,True
v_25431762_1623,25431761.0,,6713.1,4458.25,1623.0,,,,RIML,True
25447678,v_25447678_1623,5.0,1688.95,5339.75,1624.0,-1.0,128.0,1765838306.0,RIMR,False
25431762,v_25431762_1623,5.0,6712.6,4452.75,1624.0,-1.0,128.0,1765565515.0,RIML,False
v_25447677_1625,25447678.0,,1774.45,5312.75,1625.0,,,,RIMR,True
v_25431763_1625,25431762.0,,6708.1,4431.75,1625.0,,,,RIML,True
25447677,v_25447677_1625,5.0,1802.95,5303.75,1626.0,-1.0,128.0,1765838306.0,RIMR,False
25431763,v_25431763_1625,5.0,6706.6,4424.75,1626.0,-1.0,128.0,1765565515.0,RIML,False
25431764,25431763.0,5.0,6712.6,4404.75,1627.0,-1.0,128.0,1765565515.0,RIML,False
v_25447676_1627,25447677.0,,1799.95,5293.75,1627.0,,,,RIMR,True
25431765,25431764.0,5.0,6702.6,4398.75,1628.0,-1.0,128.0,1765565515.0,RIML,False
v_25447676_1628,v_25447676_1629,,1798.95,5290.416666666667,1628.0,,,,RIMR,True
