node_id,parent_id,confidence,x,y,z,radius,creator_id,edition_time,cell_name,is_vnode
25456964,25456963.0,5.0,6064.15,3741.6,1352.0,-1.0,128.0,1766083549.0,RMDL,False
25456963,25456962.0,5.0,6032.15,3725.6,1353.0,-1.0,128.0,1766083549.0,RMDL,False
25456962,v_25456962_1355,5.0,5968.15,3713.6,1354.0,-1.0,128.0,1766083549.0,RMDL,False
v_25456962_1355,25456961.0,,5958.924999999999,3747.06,1355.0,,,,RMDL,True
25456961,25456960.0,5.0,5949.7,3780.52,1356.0,-1.0,128.0,1767478300.0,RMDL,False
25456960,25456959.0,5.0,5972.15,3789.6,1357.0,-1.0,128.0,1766083549.0,RMDL,False
25429652,25429651.0,5.0,6103.15,4137.6,1357.0,-1.0,128.0,1760658599.0,RMDR,False
25456959,25456958.0,5.0,6000.15,3809.6,1358.0,-1.0,128.0,1766083549.0,RMDL,False
25429651,25429650.0,5.0,6135.15,4185.6,1358.0,-1.0,128.0,1760658597.0,RMDR,False
25456958,25456957.0,5.0,6024.15,3933.6,1359.0,-1.0,128.0,1766083549.0,RMDL,False
25429694,25429693.0,5.0,5831.15,5037.6,1359.0,-1.0,128.0,1760658792.0,RMDR,False
25429650,25429649.0,5.0,6167.15,4233.6,1359.0,-1.0,128.0,1760658596.0,RMDR,False
25429693,25429692.0,5.0,5835.15,5005.6,1360.0,-1.0,128.0,1760658791.0,RMDR,False
25429649,25429648.0,5.0,6179.15,4317.6,1360.0,-1.0,128.0,1760658595.0,RMDR,False
25456957,25456956.0,5.0,6040.15,3993.6,1360.0,-1.0,128.0,1766083549.0,RMDL,False
25429687,25429686.0,5.0,6227.15,4841.6,1361.0,-1.0,128.0,1760658766.0,RMDR,False
25429692,25429691.0,5.0,5847.15,4985.6,1361.0,-1.0,128.0,1760658790.0,RMDR,False
25429648,25429647.0,5.0,6183.15,4353.6,1361.0,-1.0,128.0,1760658594.0,RMDR,False
25456956,25456955.0,5.0,6072.15,4001.6,1361.0,-1.0,128.0,1766083549.0,RMDL,False
25429691,25429690.0,5.0,5879.15,4981.6,1362.0,-1.0,128.0,1760658788.0,RMDR,False
25429686,25429685.0,5.0,6243.15,4837.6,1362.0,-1.0,128.0,1760658765.0,RMDR,False
25429647,25429646.0,5.0,6151.15,4405.6,1362.0,-1.0,128.0,1760658592.0,RMDR,False
25456955,25456953.0,5.0,6072.15,4001.6,1362.0,-1.0,128.0,1766083549.0,RMDL,False
25429685,25429684.0,5.0,6223.15,4873.6,1363.0,-1.0,128.0,1760658764.0,RMDR,False
25429690,25429689.0,5.0,5911.15,4977.6,1363.0,-1.0,128.0,1760658782.0,RMDR,False
25456953,25456952.0,5.0,6072.15,4041.6,1363.0,-1.0,128.0,1766083549.0,RMDL,False
25429646,25429645.0,5.0,6159.15,4445.6,1363.0,-1.0,128.0,1760658591.0,RMDR,False
25456954,25456953.0,5.0,6103.0,3790.01,1364.0,-1.0,128.0,1771656762.0,RMDL,False
25456952,v_25456952_1365,5.0,5860.15,3801.6,1364.0,-1.0,128.0,1766083549.0,RMDL,False
25429645,25429644.0,5.0,6155.15,4449.6,1364.0,-1.0,128.0,1760658590.0,RMDR,False
25429689,25429688.0,5.0,6003.15,4969.6,1364.0,-1.0,128.0,1760658778.0,RMDR,False
25429684,25429683.0,5.0,6219.15,4889.6,1364.0,-1.0,128.0,1760658762.0,RMDR,False
25429683,25429682.0,5.0,6211.15,4897.6,1365.0,-1.0,128.0,1760658761.0,RMDR,False
25429688,25429681.0,5.0,6023.15,4965.6,1365.0,-1.0,128.0,1760658776.0,RMDR,False
v_25456952_1365,25456951.0,,5860.15,3801.6,1365.0,,,,RMDL,True
25429644,25429643.0,5.0,6155.15,4425.6,1365.0,-1.0,128.0,1760658588.0,RMDR,False
25456965,25456954.0,5.0,6084.15,3757.6,1365.0,-1.0,128.0,1766083549.0,RMDL,False
25429643,25429642.0,5.0,6135.15,4401.6,1366.0,-1.0,128.0,1760658584.0,RMDR,False
25557203,v_25557203_1367,5.0,6108.65,5551.0,1366.0,-1.0,128.0,1771010572.0,RMDR,False
25456966,25456965.0,5.0,6084.15,3757.6,1366.0,-1.0,128.0,1766083549.0,RMDL,False
25429681,25429680.0,5.0,6047.15,4949.6,1366.0,-1.0,128.0,1760658753.0,RMDR,False
25429682,25429680.0,5.0,6199.15,4893.6,1366.0,-1.0,128.0,1760658755.0,RMDR,False
25456951,v_25456951_1367,5.0,5860.15,3801.6,1366.0,-1.0,128.0,1766083549.0,RMDL,False
25429642,25556075.0,5.0,6131.15,4389.6,1367.0,-1.0,128.0,1770347658.0,RMDR,False
v_25456951_1367,25456950.0,,5860.15,3801.6,1367.0,,,,RMDL,True
25456967,25456966.0,5.0,6100.15,3757.6,1367.0,-1.0,128.0,1766083549.0,RMDL,False
25429680,25429679.0,5.0,6107.15,4857.6,1367.0,-1.0,128.0,1760658751.0,RMDR,False
v_25557203_1367,v_25557203_1368,,6105.316666666667,5556.666666666667,1367.0,,,,RMDR,True
25456968,25456967.0,5.0,6104.15,3757.6,1368.0,-1.0,128.0,1766083549.0,RMDL,False
25463610,v_25463610_1369,5.0,5713.0,5046.0,1368.0,-1.0,128.0,1766083549.0,RMDL,False
25456950,v_25456950_1369,5.0,5860.15,3801.6,1368.0,-1.0,128.0,1766083549.0,RMDL,False
25556075,25429641.0,5.0,6125.15,4379.6,1368.0,-1.0,128.0,1770347658.0,RMDR,False
25429679,v_25429679_1369,5.0,6111.15,4897.6,1368.0,-1.0,128.0,1760658750.0,RMDR,False
v_25557203_1368,25557202.0,,6101.983333333333,5562.333333333333,1368.0,,,,RMDR,True
v_25456950_1369,25456949.0,,5846.15,3797.6,1369.0,,,,RMDL,True
25429641,25558534.0,5.0,6119.15,4369.6,1369.0,-1.0,128.0,1771607707.0,RMDR,False
25557202,v_25557202_1370,5.0,6098.65,5568.0,1369.0,-1.0,128.0,1771010571.0,RMDR,False
v_25429679_1369,25429678.0,,6123.15,4937.6,1369.0,,,,RMDR,True
25456969,25456968.0,5.0,6092.15,3741.6,1369.0,-1.0,128.0,1766083549.0,RMDL,False
v_25463610_1369,25463609.0,,5706.0,5041.0,1369.0,,,,RMDL,True
25456970,25456969.0,5.0,6108.15,3733.6,1370.0,-1.0,128.0,1766083549.0,RMDL,False
25429678,25429677.0,5.0,6135.15,4977.6,1370.0,-1.0,128.0,1760658748.0,RMDR,False
v_25557202_1370,v_25557202_1371,,6092.983333333333,5574.333333333333,1370.0,,,,RMDR,True
25456949,25456948.0,5.0,5832.15,3793.6,1370.0,-1.0,128.0,1766083549.0,RMDL,False
25463609,v_25463609_1371,5.0,5699.0,5036.0,1370.0,-1.0,128.0,1766083549.0,RMDL,False
25558534,25429640.0,5.0,6120.15,4352.61,1370.0,-1.0,128.0,1771607712.0,RMDR,False
25456948,25456947.0,5.0,5820.15,3789.6,1371.0,-1.0,128.0,1766083549.0,RMDL,False
v_25557202_1371,25557201.0,,6087.316666666667,5580.666666666667,1371.0,,,,RMDR,True
25456971,25456970.0,5.0,6112.15,3725.6,1371.0,-1.0,128.0,1766083549.0,RMDL,False
v_25463609_1371,25463608.0,,5697.0,5032.0,1371.0,,,,RMDL,True
25429640,25556080.0,5.0,6119.15,4345.6,1371.0,-1.0,128.0,1770347679.0,RMDR,False
25429677,v_25429677_1372,5.0,6131.15,5001.6,1371.0,-1.0,128.0,1760658746.0,RMDR,False
v_25429677_1372,25429676.0,,6137.15,5025.6,1372.0,,,,RMDR,True
25557201,v_25557201_1373,5.0,6081.65,5587.0,1372.0,-1.0,128.0,1771010570.0,RMDR,False
25556080,25429639.0,5.0,6119.15,4345.6,1372.0,-1.0,128.0,1770347679.0,RMDR,False
25463608,v_25463608_1373,5.0,5695.0,5028.0,1372.0,-1.0,128.0,1766083549.0,RMDL,False
25456947,25456946.0,5.0,5820.15,3789.6,1372.0,-1.0,128.0,1766083549.0,RMDL,False
25456972,25456971.0,5.0,6144.15,3713.6,1372.0,-1.0,128.0,1766083549.0,RMDL,False
25456973,25456972.0,5.0,6204.15,3757.6,1373.0,-1.0,128.0,1766083549.0,RMDL,False
25429639,25429638.0,5.0,6119.15,4345.6,1373.0,-1.0,128.0,1760658577.0,RMDR,False
25429676,25429675.0,5.0,6143.15,5049.6,1373.0,-1.0,128.0,1760658745.0,RMDR,False
25456946,25456945.0,5.0,5796.15,3809.6,1373.0,-1.0,128.0,1766083549.0,RMDL,False
v_25557201_1373,v_25557201_1374,,6078.65,5590.666666666667,1373.0,,,,RMDR,True
v_25463608_1373,25463607.0,,5683.0,5023.0,1373.0,,,,RMDL,True
v_25557201_1374,25557200.0,,6075.65,5594.333333333333,1374.0,,,,RMDR,True
25463607,v_25463607_1375,5.0,5671.0,5018.0,1374.0,-1.0,128.0,1766083549.0,RMDL,False
25456945,25526666.0,5.0,5796.15,3833.6,1374.0,-1.0,128.0,1766083549.0,RMDL,False
25429838,25429837.0,5.0,5631.15,3607.6,1374.0,-1.0,128.0,1760660140.0,RMDR,False
25456974,25456973.0,5.0,6208.15,3737.6,1374.0,-1.0,128.0,1766083549.0,RMDL,False
25429675,25429674.0,5.0,6143.15,5053.6,1374.0,-1.0,128.0,1760658744.0,RMDR,False
25429638,25429637.0,5.0,6119.15,4341.6,1374.0,-1.0,128.0,1760658576.0,RMDR,False
25429637,25429636.0,5.0,6103.15,4313.6,1375.0,-1.0,128.0,1760658574.0,RMDR,False
25429674,25429673.0,5.0,6143.15,5065.6,1375.0,-1.0,128.0,1760658743.0,RMDR,False
25456447,25456446.0,5.0,2655.95,3636.55,1375.0,-1.0,128.0,1761335553.0,RMDR,False
25557200,v_25557200_1376,5.0,6072.65,5598.0,1375.0,-1.0,128.0,1771010569.0,RMDR,False
25429837,25429836.0,5.0,5607.15,3623.6,1375.0,-1.0,128.0,1760660135.0,RMDR,False
25526666,25526667.0,5.0,5800.05,3889.79,1375.0,-1.0,128.0,1766083549.0,RMDL,False
v_25463607_1375,25463606.0,,5668.0,5013.0,1375.0,,,,RMDL,True
v_25456975_1375,25456974.0,,6232.15,3743.6,1375.0,,,,RMDL,True
25456446,25456445.0,5.0,2655.95,3644.55,1376.0,-1.0,128.0,1761335552.0,RMDR,False
25456975,v_25456975_1375,5.0,6240.15,3745.6,1376.0,-1.0,128.0,1766083549.0,RMDL,False
25429673,25429672.0,5.0,6152.15,5075.6,1376.0,-1.0,128.0,1771608114.0,RMDR,False
25429836,25429835.0,5.0,5603.15,3655.6,1376.0,-1.0,128.0,1760660134.0,RMDR,False
25429636,25429635.0,5.0,6095.15,4261.6,1376.0,-1.0,128.0,1760658573.0,RMDR,False
25463606,v_25463606_1377,5.0,5665.0,5008.0,1376.0,-1.0,128.0,1766083549.0,RMDL,False
25456944,25526666.0,5.0,5816.15,3969.6,1376.0,-1.0,128.0,1766083549.0,RMDL,False
25526667,25526668.0,5.0,5360.0,3397.79,1376.0,-1.0,128.0,1766083549.0,RMDL,False
25453972,25453971.0,5.0,2535.95,4126.55,1376.0,-1.0,128.0,1761282423.0,RMDL,False
v_25557200_1376,25557199.0,,6067.65,5597.0,1376.0,,,,RMDR,True
25429635,25558537.0,5.0,6111.15,4205.6,1377.0,-1.0,128.0,1771607749.0,RMDR,False
25453971,25453970.0,5.0,2531.95,4122.55,1377.0,-1.0,128.0,1761282422.0,RMDL,False
25557199,25557198.0,5.0,6062.65,5596.0,1377.0,-1.0,128.0,1771010568.0,RMDR,False
25456445,25456444.0,5.0,2671.95,3636.55,1377.0,-1.0,128.0,1761335550.0,RMDR,False
25429672,25429671.0,5.0,6123.15,5065.6,1377.0,-1.0,128.0,1760658741.0,RMDR,False
v_25463606_1377,25463605.0,,5667.0,4989.0,1377.0,,,,RMDL,True
25456976,25456975.0,5.0,6244.15,3725.6,1377.0,-1.0,128.0,1766083549.0,RMDL,False
25526668,25526669.0,5.0,5236.0,3301.79,1377.0,-1.0,128.0,1766083549.0,RMDL,False
25456943,25456944.0,5.0,5816.15,3973.6,1377.0,-1.0,128.0,1766083549.0,RMDL,False
25429835,25429834.0,5.0,5603.15,3691.6,1377.0,-1.0,128.0,1760660129.0,RMDR,False
25557198,25557197.0,5.0,6082.65,5591.0,1378.0,-1.0,128.0,1771010565.0,RMDR,False
25456444,25456443.0,5.0,2663.95,3620.55,1378.0,-1.0,128.0,1761335546.0,RMDR,False
25456977,25456976.0,5.0,6264.15,3725.6,1378.0,-1.0,128.0,1766083549.0,RMDL,False
25463605,v_25463605_1379,5.0,5669.0,4970.0,1378.0,-1.0,128.0,1766083549.0,RMDL,False
25453970,25453969.0,5.0,2543.95,4126.55,1378.0,-1.0,128.0,1761282421.0,RMDL,False
25429671,25429670.0,5.0,6143.15,5017.6,1378.0,-1.0,128.0,1760658735.0,RMDR,False
25429834,25429833.0,5.0,5603.15,3691.6,1378.0,-1.0,128.0,1760660128.0,RMDR,False
25526669,25526670.0,5.0,5212.0,3265.79,1378.0,-1.0,128.0,1766083549.0,RMDL,False
25456942,25456943.0,5.0,5804.15,4005.6,1378.0,-1.0,128.0,1766083549.0,RMDL,False
25558537,25429634.0,5.0,6101.15,4203.6,1378.0,-1.0,128.0,1771607749.0,RMDR,False
25453969,25453968.0,5.0,2571.95,4098.55,1379.0,-1.0,128.0,1761282420.0,RMDL,False
v_25463605_1379,25463604.0,,5673.0,4962.0,1379.0,,,,RMDL,True
25557197,25429670.0,5.0,6067.65,5607.0,1379.0,-1.0,128.0,1771010562.0,RMDR,False
25429670,25429668.0,5.0,6147.15,5013.6,1379.0,-1.0,128.0,1760658734.0,RMDR,False
25456443,25456442.0,5.0,2639.95,3596.55,1379.0,-1.0,128.0,1761335544.0,RMDR,False
25429833,25429832.0,5.0,5603.15,3695.6,1379.0,-1.0,128.0,1760660126.0,RMDR,False
25526670,25526671.0,5.0,5124.0,3189.79,1379.0,-1.0,128.0,1766083549.0,RMDL,False
25456941,25456942.0,5.0,5804.15,4005.6,1379.0,-1.0,128.0,1766083549.0,RMDL,False
25429634,25429633.0,5.0,6091.15,4201.6,1379.0,-1.0,128.0,1760658569.0,RMDR,False
25456940,25456941.0,5.0,5804.15,4045.6,1380.0,-1.0,128.0,1766083549.0,RMDL,False
25463604,25463591.0,5.0,5677.0,4954.0,1380.0,-1.0,128.0,1766083549.0,RMDL,False
25429668,25429667.0,5.0,6142.15,5081.6,1380.0,-1.0,128.0,1771608698.0,RMDR,False
25429633,25429632.0,5.0,6079.15,4189.6,1380.0,-1.0,128.0,1760658568.0,RMDR,False
25453968,25453967.0,5.0,2575.95,4126.55,1380.0,-1.0,128.0,1761282419.0,RMDL,False
25526671,25527659.0,5.0,4998.03,3117.81,1380.0,-1.0,128.0,1766083549.0,RMDL,False
25429832,25429831.0,5.0,5575.15,3655.6,1380.0,-1.0,128.0,1760660125.0,RMDR,False
25456442,25456441.0,5.0,2623.95,3588.55,1380.0,-1.0,128.0,1761335542.0,RMDR,False
25482247,25482246.0,5.0,5641.65,5126.0,1381.0,-1.0,128.0,1766083549.0,RMDL,False
25511269,25511268.0,5.0,2788.55,4720.2,1381.0,-1.0,128.0,1764612163.0,RMDL,False
25429831,25429604.0,5.0,5511.15,3603.6,1381.0,-1.0,128.0,1760660087.0,RMDR,False
25463591,25463592.0,5.0,5645.0,4930.0,1381.0,-1.0,128.0,1766083549.0,RMDL,False
25429632,25429631.0,5.0,6031.15,4345.6,1381.0,-1.0,128.0,1760658537.0,RMDR,False
25453967,25453966.0,5.0,2567.95,4134.55,1381.0,-1.0,128.0,1761282414.0,RMDL,False
25456441,25456440.0,5.0,2647.95,3528.55,1381.0,-1.0,128.0,1761335533.0,RMDR,False
25456939,25456940.0,5.0,5820.15,4201.6,1381.0,-1.0,128.0,1766083549.0,RMDL,False
25429830,25429604.0,5.0,4915.15,3055.6,1381.0,-1.0,128.0,1760660167.0,RMDR,False
25429667,v_25429667_1382,5.0,6175.15,5229.6,1381.0,-1.0,128.0,1765923953.0,RMDR,False
25527659,25429553.0,5.0,4458.15,2943.6,1381.0,-1.0,128.0,1765922722.0,RMDL,False
25456440,25456439.0,5.0,2695.95,3460.55,1382.0,-1.0,128.0,1761335529.0,RMDR,False
v_25429667_1382,25429666.0,,6177.15,5229.6,1382.0,,,,RMDR,True
25429840,25429839.0,5.0,3967.15,3131.6,1382.0,-1.0,128.0,1760660268.0,RMDR,False
25429553,25429552.0,5.0,4391.15,2909.6,1382.0,-1.0,128.0,1765922381.0,RMDL,False
25456978,25456939.0,5.0,5822.15,4225.6,1382.0,-1.0,128.0,1766083549.0,RMDL,False
25463592,v_25463592_1383,5.0,5667.0,4926.0,1382.0,-1.0,128.0,1766083549.0,RMDL,False
25429604,25429603.0,5.0,5295.15,3135.6,1382.0,-1.0,128.0,1760660060.0,RMDR,False
25454064,25454063.0,5.0,2769.95,4982.55,1382.0,-1.0,128.0,1761282903.0,RMDL,False
25429631,25429630.0,5.0,6023.15,4309.6,1382.0,-1.0,128.0,1760658533.0,RMDR,False
25429515,25429514.0,5.0,2963.15,4617.6,1382.0,-1.0,128.0,1760657415.0,RMDR,False
25511268,25558499.0,5.0,2812.55,4692.2,1382.0,-1.0,128.0,1771525469.0,RMDL,False
25482246,25482245.0,5.0,5639.65,5134.0,1382.0,-1.0,128.0,1766083549.0,RMDL,False
25453966,25556193.0,5.0,2539.95,4118.55,1382.0,-1.0,128.0,1770355414.0,RMDL,False
25558499,25511267.0,5.0,2836.55,4682.2,1383.0,-1.0,128.0,1771525469.0,RMDL,False
25454070,25454069.0,5.0,2425.95,5112.55,1383.0,-1.0,128.0,1761282966.0,RMDL,False
25454063,25454062.0,5.0,2781.95,4950.55,1383.0,-1.0,128.0,1761282899.0,RMDL,False
25556193,v_25556193_1384,5.0,2537.285,4131.885,1383.0,-1.0,128.0,1770355414.0,RMDL,False
25429603,25429601.0,5.0,4595.15,2985.6,1383.0,-1.0,128.0,1760658357.0,RMDR,False
25429605,25429604.0,5.0,5499.15,3609.6,1383.0,-1.0,128.0,1760658382.0,RMDR,False
25429552,25429551.0,5.0,4375.15,2921.6,1383.0,-1.0,128.0,1765922381.0,RMDL,False
25429514,25429513.0,5.0,2979.15,4625.6,1383.0,-1.0,128.0,1760657414.0,RMDR,False
25456439,25456438.0,5.0,2747.95,3384.55,1383.0,-1.0,128.0,1761335516.0,RMDR,False
25482245,25482244.0,5.0,5619.65,5136.0,1383.0,-1.0,128.0,1766083549.0,RMDL,False
25456979,25456978.0,5.0,5822.15,4225.6,1383.0,-1.0,128.0,1766083549.0,RMDL,False
25422699,25422698.0,5.0,6295.0,5367.0,1383.0,-1.0,128.0,1766083549.0,RMDL,False
25429630,25557434.0,5.0,6007.15,4329.6,1383.0,-1.0,128.0,1771018516.0,RMDR,False
25429666,25558559.0,5.0,6179.15,5229.6,1383.0,-1.0,128.0,1771608212.0,RMDR,False
25429839,25429602.0,5.0,3967.15,3139.6,1383.0,-1.0,128.0,1760660264.0,RMDR,False
v_25463592_1383,25463593.0,,5662.0,4917.0,1383.0,,,,RMDL,True
25482244,25482243.0,5.0,5671.6,5087.95,1384.0,-1.0,128.0,1771657577.0,RMDL,False
25463593,25558484.0,5.0,5657.0,4908.0,1384.0,-1.0,128.0,1771525223.0,RMDL,False
25422698,25422697.0,5.0,6299.0,5383.0,1384.0,-1.0,128.0,1766083549.0,RMDL,False
25558871,25482244.0,5.0,5551.6,5173.95,1384.0,-1.0,128.0,1771657578.0,RMDL,False
25429551,25429550.0,5.0,4299.15,2941.6,1384.0,-1.0,128.0,1765922381.0,RMDL,False
25511267,25511266.0,5.0,2860.55,4672.2,1384.0,-1.0,128.0,1764612158.0,RMDL,False
25429602,25429600.0,5.0,3947.15,3119.6,1384.0,-1.0,128.0,1760660260.0,RMDR,False
25456438,25456437.0,5.0,2743.95,3384.55,1384.0,-1.0,128.0,1761335514.0,RMDR,False
25429874,25429873.0,5.0,2187.15,5175.6,1384.0,-1.0,128.0,1760660826.0,RMDR,False
v_25556193_1384,25453965.0,,2534.6175,4145.217500000001,1384.0,,,,RMDL,True
v_25456980_1384,25456979.0,,5777.15,4279.6,1384.0,,,,RMDL,True
25558559,25429665.0,5.0,6155.15,5241.6,1384.0,-1.0,128.0,1771608212.0,RMDR,False
25557434,25429629.0,5.0,5995.15,4329.6,1384.0,-1.0,128.0,1771018516.0,RMDR,False
25429601,25429600.0,5.0,4523.15,2981.6,1384.0,-1.0,128.0,1760658347.0,RMDR,False
25429606,25429605.0,5.0,5451.15,3313.6,1384.0,-1.0,128.0,1760658414.0,RMDR,False
25429607,25429605.0,5.0,5575.15,3717.6,1384.0,-1.0,128.0,1760658416.0,RMDR,False
25454069,25454068.0,5.0,2379.95,5159.55,1384.0,-1.0,128.0,1766084221.0,RMDL,False
25429513,25429512.0,5.0,2979.15,4685.6,1384.0,-1.0,128.0,1760657410.0,RMDR,False
25454062,25454061.0,5.0,2777.95,4950.55,1384.0,-1.0,128.0,1761282898.0,RMDL,False
25429600,25429598.0,5.0,4151.15,3093.6,1385.0,-1.0,128.0,1760658343.0,RMDR,False
25429512,25429511.0,5.0,2963.15,4737.6,1385.0,-1.0,128.0,1760657408.0,RMDR,False
25558484,25463594.0,5.0,5657.0,4881.0,1385.0,-1.0,128.0,1771525223.0,RMDL,False
25558872,25558871.0,5.0,5513.6,5173.95,1385.0,-1.0,128.0,1771657578.0,RMDL,False
25429550,25429549.0,5.0,4163.15,2993.6,1385.0,-1.0,128.0,1765922381.0,RMDL,False
25456980,v_25456980_1384,5.0,5762.15,4297.6,1385.0,-1.0,128.0,1766083549.0,RMDL,False
25511266,v_25511266_1386,5.0,2926.55,4646.2,1385.0,-1.0,128.0,1764612153.0,RMDL,False
25429608,25429607.0,5.0,5611.15,3773.6,1385.0,-1.0,128.0,1760658421.0,RMDR,False
25429841,25429606.0,5.0,5407.15,3263.6,1385.0,-1.0,128.0,1760660330.0,RMDR,False
25453965,v_25453965_1386,5.0,2531.95,4158.55,1385.0,-1.0,128.0,1761282410.0,RMDL,False
25454061,25454060.0,5.0,2777.95,4950.55,1385.0,-1.0,128.0,1761282895.0,RMDL,False
25454068,25454059.0,5.0,2449.95,5096.55,1385.0,-1.0,128.0,1761282959.0,RMDL,False
25429629,25429628.0,5.0,5983.15,4329.6,1385.0,-1.0,128.0,1760658530.0,RMDR,False
25482243,25482242.0,5.0,5657.65,5072.0,1385.0,-1.0,128.0,1766083549.0,RMDL,False
25422697,25422696.0,5.0,6279.0,5403.0,1385.0,-1.0,128.0,1766083549.0,RMDL,False
25429873,25429872.0,5.0,2155.15,5095.6,1385.0,-1.0,128.0,1760660817.0,RMDR,False
25456437,25456435.0,5.0,2739.95,3384.55,1385.0,-1.0,128.0,1761335513.0,RMDR,False
25429665,25558561.0,5.0,6131.15,5253.6,1385.0,-1.0,128.0,1771608260.0,RMDR,False
25429872,25429871.0,5.0,2169.66,5102.05,1386.0,-1.0,128.0,1772086097.0,RMDR,False
25429609,25429608.0,5.0,5583.15,3805.6,1386.0,-1.0,128.0,1760658423.0,RMDR,False
25429628,25429627.0,5.0,5995.15,4329.6,1386.0,-1.0,128.0,1760658529.0,RMDR,False
25429511,25429510.0,5.0,2963.15,4757.6,1386.0,-1.0,128.0,1760657407.0,RMDR,False
25429598,25429597.0,5.0,3903.15,3143.6,1386.0,-1.0,128.0,1760660280.0,RMDR,False
25429842,25429841.0,5.0,5399.15,3247.6,1386.0,-1.0,128.0,1760660331.0,RMDR,False
25456435,25456436.0,5.0,2715.95,3380.55,1386.0,-1.0,128.0,1761335499.0,RMDR,False
25558561,25429664.0,5.0,6131.15,5253.6,1386.0,-1.0,128.0,1771608260.0,RMDR,False
25456981,25456980.0,5.0,5758.15,4313.6,1386.0,-1.0,128.0,1766083549.0,RMDL,False
25482242,25482241.0,5.0,5635.65,5028.0,1386.0,-1.0,128.0,1766083549.0,RMDL,False
25422696,25422695.0,5.0,6267.0,5419.0,1386.0,-1.0,128.0,1766083549.0,RMDL,False
25429549,25429548.0,5.0,4019.15,3017.6,1386.0,-1.0,128.0,1765922381.0,RMDL,False
25558873,25558872.0,5.0,5495.6,5147.95,1386.0,-1.0,128.0,1771657580.0,RMDL,False
v_25511266_1386,25511265.0,,2928.55,4650.2,1386.0,,,,RMDL,True
v_25453965_1386,25453964.0,,2537.95,4158.55,1386.0,,,,RMDL,True
25463594,25463595.0,5.0,5657.0,4854.0,1386.0,-1.0,128.0,1766083549.0,RMDL,False
25454059,25454058.0,5.0,2473.95,5078.55,1386.0,-1.0,128.0,1761282891.0,RMDL,False
25454060,25454058.0,5.0,2761.95,4962.55,1386.0,-1.0,128.0,1761282889.0,RMDL,False
25429599,25429598.0,5.0,4239.15,3009.6,1387.0,-1.0,128.0,1760658314.0,RMDR,False
25429610,25429609.0,5.0,5607.15,3789.6,1387.0,-1.0,128.0,1760658424.0,RMDR,False
25429627,25429626.0,5.0,5995.15,4329.6,1387.0,-1.0,128.0,1760658528.0,RMDR,False
25454058,25454057.0,5.0,2565.95,5074.55,1387.0,-1.0,128.0,1761282884.0,RMDL,False
25429597,25429596.0,5.0,3579.15,3301.6,1387.0,-1.0,128.0,1760658308.0,RMDR,False
25511265,25558502.0,5.0,2930.55,4654.2,1387.0,-1.0,128.0,1771525480.0,RMDL,False
25453964,v_25453964_1388,5.0,2543.95,4158.55,1387.0,-1.0,128.0,1770353924.0,RMDL,False
25429510,25429509.0,5.0,2963.15,4809.6,1387.0,-1.0,128.0,1760657401.0,RMDR,False
25463595,v_25463595_1388,5.0,5669.0,4834.0,1387.0,-1.0,128.0,1766083549.0,RMDL,False
25429664,25429663.0,5.0,6128.15,5253.6,1387.0,-1.0,128.0,1771608264.0,RMDR,False
25429843,25429842.0,5.0,5426.15,3360.6,1387.0,-1.0,128.0,1762571529.0,RMDR,False
25558874,25558873.0,5.0,5483.6,5151.95,1387.0,-1.0,128.0,1771657581.0,RMDL,False
25429871,25429870.0,5.0,2191.15,5123.6,1387.0,-1.0,128.0,1760660801.0,RMDR,False
25456436,v_25456436_1388,5.0,2855.95,3408.55,1387.0,-1.0,128.0,1761335499.0,RMDR,False
25429548,25429547.0,5.0,3911.95,3040.55,1387.0,-1.0,128.0,1765922381.0,RMDL,False
25422695,25422694.0,5.0,6259.0,5435.0,1387.0,-1.0,128.0,1766083549.0,RMDL,False
25482241,25482240.0,5.0,5637.65,5016.0,1387.0,-1.0,128.0,1766083549.0,RMDL,False
25456982,25456981.0,5.0,5734.15,4365.6,1387.0,-1.0,128.0,1766083549.0,RMDL,False
v_25456448_1387,25456435.0,,2628.95,3395.55,1387.0,,,,RMDR,True
25422694,25422693.0,5.0,6223.0,5467.0,1388.0,-1.0,128.0,1766083549.0,RMDL,False
25429663,25429661.0,5.0,6131.15,5253.6,1388.0,-1.0,128.0,1760658685.0,RMDR,False
25454057,25454056.0,5.0,2565.95,5098.55,1388.0,-1.0,128.0,1761282877.0,RMDL,False
25429870,25429869.0,5.0,2219.15,5155.6,1388.0,-1.0,128.0,1760660800.0,RMDR,False
v_25456436_1388,25429595.0,,2831.95,3494.55,1388.0,,,,RMDR,True
25477914,25429843.0,5.0,5426.15,3398.6,1388.0,-1.0,128.0,1762571573.0,RMDR,False
25456448,v_25456448_1387,5.0,2599.95,3400.55,1388.0,-1.0,128.0,1761335571.0,RMDR,False
25482240,25482239.0,5.0,5637.65,5008.0,1388.0,-1.0,128.0,1766083549.0,RMDL,False
25429547,25429546.0,5.0,3819.15,3077.6,1388.0,-1.0,128.0,1765922381.0,RMDL,False
25456983,25456982.0,5.0,5746.15,4405.6,1388.0,-1.0,128.0,1766083549.0,RMDL,False
25429626,25429625.0,5.0,5995.15,4333.6,1388.0,-1.0,128.0,1760658527.0,RMDR,False
25429611,25429610.0,5.0,5615.15,3805.6,1388.0,-1.0,128.0,1760658425.0,RMDR,False
25429596,25429543.0,5.0,3547.15,3341.6,1388.0,-1.0,128.0,1760658307.0,RMDR,False
25429509,25429508.0,5.0,2971.15,4825.6,1388.0,-1.0,128.0,1760657400.0,RMDR,False
25558502,25558000.0,5.0,2930.55,4654.2,1388.0,-1.0,128.0,1771525480.0,RMDL,False
25558875,25558874.0,5.0,5483.6,5157.95,1388.0,-1.0,128.0,1771657582.0,RMDL,False
v_25463595_1388,25463596.0,,5658.0,4819.0,1388.0,,,,RMDL,True
v_25453964_1388,25556142.0,,2544.95,4171.55,1388.0,,,,RMDL,True
25429508,25429507.0,5.0,2975.15,4829.6,1389.0,-1.0,128.0,1760657398.0,RMDR,False
25556142,v_25556142_1390,5.0,2545.95,4184.55,1389.0,-1.0,128.0,1770353924.0,RMDL,False
25558876,25558875.0,5.0,5473.6,5147.95,1389.0,-1.0,128.0,1771657583.0,RMDL,False
25463596,25463597.0,5.0,5647.0,4804.0,1389.0,-1.0,128.0,1766083549.0,RMDL,False
25429546,25429544.0,5.0,3727.15,3133.6,1389.0,-1.0,128.0,1765922381.0,RMDL,False
25558000,25511264.0,5.0,2930.55,4654.2,1389.0,-1.0,128.0,1771383398.0,RMDL,False
25456449,25456448.0,5.0,2583.95,3380.55,1389.0,-1.0,128.0,1761335574.0,RMDR,False
25429595,25429594.0,5.0,2807.95,3580.55,1389.0,-1.0,128.0,1761335449.0,RMDR,False
25429869,25429868.0,5.0,2271.15,5199.6,1389.0,-1.0,128.0,1760660793.0,RMDR,False
25557821,25477914.0,5.0,5383.15,3417.6,1389.0,-1.0,128.0,1771275652.0,RMDR,False
25454056,25454055.0,5.0,2561.95,5126.55,1389.0,-1.0,128.0,1761282876.0,RMDL,False
25429625,25429624.0,5.0,5995.15,4333.6,1389.0,-1.0,128.0,1760658526.0,RMDR,False
25429612,25429611.0,5.0,5659.15,3829.6,1389.0,-1.0,128.0,1760658426.0,RMDR,False
25429543,25429542.0,5.0,3531.15,3349.6,1389.0,-1.0,128.0,1760658300.0,RMDR,False
25429661,25429660.0,5.0,6115.15,5285.6,1389.0,-1.0,128.0,1760658674.0,RMDR,False
25422693,25422692.0,5.0,6207.0,5527.0,1389.0,-1.0,128.0,1766083549.0,RMDL,False
25482239,25482238.0,5.0,5681.65,5046.0,1389.0,-1.0,128.0,1766083549.0,RMDL,False
25456984,25456983.0,5.0,5746.15,4441.6,1389.0,-1.0,128.0,1766083549.0,RMDL,False
v_25429613_1390,25429612.0,,5683.15,3847.6,1390.0,,,,RMDR,True
25511264,v_25511264_1391,5.0,2930.55,4654.2,1390.0,-1.0,128.0,1764612151.0,RMDL,False
25456450,25456449.0,5.0,2539.95,3436.55,1390.0,-1.0,128.0,1761335578.0,RMDR,False
25429544,25453929.0,5.0,3675.15,3169.6,1390.0,-1.0,128.0,1765922381.0,RMDL,False
25422692,25422691.0,5.0,6195.0,5535.0,1390.0,-1.0,128.0,1766083549.0,RMDL,False
25429868,25429867.0,5.0,2299.15,5203.6,1390.0,-1.0,128.0,1760660787.0,RMDR,False
25456985,25456984.0,5.0,5762.15,4617.6,1390.0,-1.0,128.0,1766083549.0,RMDL,False
v_25556142_1390,25453963.0,,2546.95,4197.55,1390.0,,,,RMDL,True
25482238,25456986.0,5.0,5695.65,5048.0,1390.0,-1.0,128.0,1766083549.0,RMDL,False
25429624,25429623.0,5.0,5992.15,4332.61,1390.0,-1.0,128.0,1771607787.0,RMDR,False
25429507,25429506.0,5.0,2979.15,4833.6,1390.0,-1.0,128.0,1760657397.0,RMDR,False
25454055,25454054.0,5.0,2569.95,5142.55,1390.0,-1.0,128.0,1761282873.0,RMDL,False
25454135,25454134.0,5.0,3255.95,3546.55,1390.0,-1.0,128.0,1761283307.0,RMDL,False
25429662,25429661.0,5.0,5995.15,5657.6,1390.0,-1.0,128.0,1760658677.0,RMDR,False
25463597,v_25463597_1391,5.0,5611.0,4780.0,1390.0,-1.0,128.0,1766083549.0,RMDL,False
25477915,25557821.0,5.0,5340.15,3436.6,1390.0,-1.0,128.0,1771275652.0,RMDR,False
25429594,25429540.0,5.0,2799.15,3589.6,1390.0,-1.0,128.0,1760658101.0,RMDR,False
25429660,25429659.0,5.0,6155.15,4981.6,1390.0,-1.0,128.0,1760658667.0,RMDR,False
25429542,25429541.0,5.0,3227.15,3457.6,1390.0,-1.0,128.0,1760657550.0,RMDR,False
25429540,25429539.0,5.0,2843.15,3573.6,1391.0,-1.0,128.0,1760658094.0,RMDR,False
25456986,25456985.0,5.0,5770.15,4633.6,1391.0,-1.0,128.0,1766083549.0,RMDL,False
25429613,v_25429613_1390,5.0,5691.15,3853.6,1391.0,-1.0,128.0,1760658427.0,RMDR,False
25454133,25454132.0,5.0,3055.95,3890.55,1391.0,-1.0,128.0,1761283291.0,RMDL,False
25454134,25454131.0,5.0,3279.95,3526.55,1391.0,-1.0,128.0,1761283301.0,RMDL,False
25429623,25429622.0,5.0,5999.15,4333.6,1391.0,-1.0,128.0,1760658524.0,RMDR,False
25422691,25422690.0,5.0,6187.0,5535.0,1391.0,-1.0,128.0,1766083549.0,RMDL,False
25453963,25556140.0,5.0,2547.95,4210.55,1391.0,-1.0,128.0,1770353890.0,RMDL,False
25429506,25429505.0,5.0,2991.15,4841.6,1391.0,-1.0,128.0,1760657396.0,RMDR,False
25429541,25429539.0,5.0,3167.15,3457.6,1391.0,-1.0,128.0,1760657544.0,RMDR,False
25527664,25527663.0,5.0,3096.0,3389.79,1391.0,-1.0,128.0,1765988128.0,RMDL,False
v_25511264_1391,25511263.0,,2910.55,4659.2,1391.0,,,,RMDL,True
v_25463597_1391,25463598.0,,5611.0,4763.0,1391.0,,,,RMDL,True
25456451,25456450.0,5.0,2551.95,3528.55,1391.0,-1.0,128.0,1761335580.0,RMDR,False
25453929,25453928.0,5.0,3655.95,3188.55,1391.0,-1.0,128.0,1761282212.0,RMDL,False
25429867,25429866.0,5.0,2343.15,5219.6,1391.0,-1.0,128.0,1760660785.0,RMDR,False
25429659,25429658.0,5.0,6147.15,4943.6,1391.0,-1.0,128.0,1760658979.0,RMDR,False
25429695,25429662.0,5.0,5939.15,5735.6,1391.0,-1.0,128.0,1760658982.0,RMDR,False
25454054,25454053.0,5.0,2569.95,5142.55,1391.0,-1.0,128.0,1761282871.0,RMDL,False
25477916,25477915.0,5.0,5288.15,3512.6,1391.0,-1.0,128.0,1762571590.0,RMDR,False
25527663,25527662.0,5.0,3114.0,3385.79,1392.0,-1.0,128.0,1765988127.0,RMDL,False
25511263,v_25511263_1393,5.0,2890.55,4664.2,1392.0,-1.0,128.0,1764612147.0,RMDL,False
25453928,25453927.0,5.0,3595.95,3236.55,1392.0,-1.0,128.0,1761282211.0,RMDL,False
25429866,25429865.0,5.0,2375.15,5243.6,1392.0,-1.0,128.0,1760660784.0,RMDR,False
25422690,25422689.0,5.0,6163.0,5523.0,1392.0,-1.0,128.0,1766083549.0,RMDL,False
v_25477917_1392,25477916.0,,5259.65,3532.1,1392.0,,,,RMDR,True
25429696,25429695.0,5.0,5931.15,5797.6,1392.0,-1.0,128.0,1760658853.0,RMDR,False
25456987,25456986.0,5.0,5755.65,4676.0,1392.0,-1.0,128.0,1766083549.0,RMDL,False
25456452,25456451.0,5.0,2531.95,3532.55,1392.0,-1.0,128.0,1761335582.0,RMDR,False
25463598,25463599.0,5.0,5611.0,4746.0,1392.0,-1.0,128.0,1766083549.0,RMDL,False
25429539,25429538.0,5.0,2851.15,3525.6,1392.0,-1.0,128.0,1760657521.0,RMDR,False
25429622,25429621.0,5.0,5991.15,4305.6,1392.0,-1.0,128.0,1760658523.0,RMDR,False
25454132,25454130.0,5.0,3103.95,3778.55,1392.0,-1.0,128.0,1761283287.0,RMDL,False
25454131,25454130.0,5.0,3227.95,3518.55,1392.0,-1.0,128.0,1761283285.0,RMDL,False
25454053,25454052.0,5.0,2577.95,5150.55,1392.0,-1.0,128.0,1761282870.0,RMDL,False
25429614,25429613.0,5.0,5731.15,3889.6,1392.0,-1.0,128.0,1760658428.0,RMDR,False
25429505,25429504.0,5.0,3003.15,4841.6,1392.0,-1.0,128.0,1760657395.0,RMDR,False
25429658,25429657.0,5.0,6143.15,4909.6,1392.0,-1.0,128.0,1760658665.0,RMDR,False
25556140,25453962.0,5.0,2541.95,4172.55,1392.0,-1.0,128.0,1770353890.0,RMDL,False
25477917,v_25477917_1392,5.0,5250.15,3538.6,1393.0,-1.0,128.0,1762571592.0,RMDR,False
25456453,25456452.0,5.0,2511.95,3460.55,1393.0,-1.0,128.0,1761335586.0,RMDR,False
25429865,25429864.0,5.0,2379.15,5243.6,1393.0,-1.0,128.0,1760660783.0,RMDR,False
25453962,25453961.0,5.0,2535.95,4134.55,1393.0,-1.0,128.0,1761282399.0,RMDL,False
25527662,25454130.0,5.0,3120.0,3395.79,1393.0,-1.0,128.0,1765988126.0,RMDL,False
25453927,25453926.0,5.0,3571.95,3256.55,1393.0,-1.0,128.0,1761282210.0,RMDL,False
v_25511263_1393,25511262.0,,2904.55,4653.2,1393.0,,,,RMDL,True
25429615,25429614.0,5.0,5803.15,3937.6,1393.0,-1.0,128.0,1760658432.0,RMDR,False
25429621,25429620.0,5.0,5983.15,4281.6,1393.0,-1.0,128.0,1760658521.0,RMDR,False
25454130,25453925.0,5.0,3179.95,3710.55,1393.0,-1.0,128.0,1761283280.0,RMDL,False
25454052,25454049.0,5.0,2577.95,5158.55,1393.0,-1.0,128.0,1761282869.0,RMDL,False
25429657,25429656.0,5.0,6139.15,4841.6,1393.0,-1.0,128.0,1760658664.0,RMDR,False
25429504,25429503.0,5.0,2991.15,4857.6,1393.0,-1.0,128.0,1760657393.0,RMDR,False
25463599,25463600.0,5.0,5601.0,4720.0,1393.0,-1.0,128.0,1766083549.0,RMDL,False
25429538,25429537.0,5.0,2867.15,3509.6,1393.0,-1.0,128.0,1760657519.0,RMDR,False
25422689,25422688.0,5.0,6135.0,5519.0,1393.0,-1.0,128.0,1766083549.0,RMDL,False
25429697,25429696.0,5.0,6015.15,5577.6,1393.0,-1.0,128.0,1760658852.0,RMDR,False
25429698,25429696.0,5.0,5843.15,5909.6,1393.0,-1.0,128.0,1760658854.0,RMDR,False
25482237,25456987.0,5.0,5769.65,4708.0,1393.0,-1.0,128.0,1766083549.0,RMDL,False
25477918,25477917.0,5.0,5232.15,3530.6,1394.0,-1.0,128.0,1762571593.0,RMDR,False
25422688,25422687.0,5.0,6103.0,5503.0,1394.0,-1.0,128.0,1766083549.0,RMDL,False
25429503,25429502.0,5.0,3003.15,4885.6,1394.0,-1.0,128.0,1760657392.0,RMDR,False
25429700,25429698.0,5.0,5831.15,5925.6,1394.0,-1.0,128.0,1760658862.0,RMDR,False
25429699,25429697.0,5.0,6003.15,5593.6,1394.0,-1.0,128.0,1760658857.0,RMDR,False
25429536,25429535.0,5.0,2967.15,3825.6,1394.0,-1.0,128.0,1760657508.0,RMDR,False
25463600,v_25463600_1395,5.0,5601.0,4714.0,1394.0,-1.0,128.0,1766083549.0,RMDL,False
25453961,25453960.0,5.0,2535.95,4134.55,1394.0,-1.0,128.0,1761282398.0,RMDL,False
25511262,v_25511262_1395,5.0,2918.55,4642.2,1394.0,-1.0,128.0,1764612144.0,RMDL,False
25454049,25558489.0,5.0,2589.95,5198.55,1394.0,-1.0,128.0,1771525296.0,RMDL,False
25453926,25453924.0,5.0,3547.95,3308.55,1394.0,-1.0,128.0,1761282208.0,RMDL,False
25456988,25482237.0,5.0,5802.15,4769.6,1394.0,-1.0,128.0,1766083549.0,RMDL,False
25453925,25453924.0,5.0,3163.95,3688.55,1394.0,-1.0,128.0,1761282198.0,RMDL,False
25429616,25429615.0,5.0,5827.15,3957.6,1394.0,-1.0,128.0,1760658433.0,RMDR,False
25456454,25456453.0,5.0,2483.95,3552.55,1394.0,-1.0,128.0,1761335589.0,RMDR,False
25429620,25429619.0,5.0,5991.15,4285.6,1394.0,-1.0,128.0,1760658520.0,RMDR,False
25429537,25429534.0,5.0,2851.15,3573.6,1394.0,-1.0,128.0,1760657517.0,RMDR,False
25429656,25429655.0,5.0,6143.15,4841.6,1394.0,-1.0,128.0,1760658662.0,RMDR,False
25429864,25429863.0,5.0,2399.15,5283.6,1394.0,-1.0,128.0,1760660781.0,RMDR,False
v_25463600_1395,25463601.0,,5601.0,4699.0,1395.0,,,,RMDL,True
v_25511262_1395,v_25511262_1396,,2930.55,4630.866666666667,1395.0,,,,RMDL,True
25429619,25429618.0,5.0,5983.15,4245.6,1395.0,-1.0,128.0,1760658513.0,RMDR,False
25429617,25429616.0,5.0,5847.15,4005.6,1395.0,-1.0,128.0,1760658436.0,RMDR,False
25454051,25454049.0,5.0,2825.95,4822.55,1395.0,-1.0,128.0,1761282863.0,RMDL,False
25429655,25429654.0,5.0,6147.15,4841.6,1395.0,-1.0,128.0,1760658661.0,RMDR,False
25429534,25429533.0,5.0,2799.15,3669.6,1395.0,-1.0,128.0,1760657514.0,RMDR,False
25558489,25454048.0,5.0,2587.95,5204.55,1395.0,-1.0,128.0,1771525296.0,RMDL,False
25429535,25429533.0,5.0,2963.15,3801.6,1395.0,-1.0,128.0,1760657501.0,RMDR,False
25456989,25456988.0,5.0,5818.15,4793.6,1395.0,-1.0,128.0,1766083549.0,RMDL,False
25429502,25429501.0,5.0,2995.15,4889.6,1395.0,-1.0,128.0,1760657390.0,RMDR,False
25453960,25453959.0,5.0,2511.95,4122.55,1395.0,-1.0,128.0,1761282397.0,RMDL,False
25456455,25456454.0,5.0,2463.95,3656.55,1395.0,-1.0,128.0,1761335590.0,RMDR,False
25422687,25422686.0,5.0,6103.0,5483.0,1395.0,-1.0,128.0,1766083549.0,RMDL,False
25429701,25429700.0,5.0,5831.15,5929.6,1395.0,-1.0,128.0,1760658863.0,RMDR,False
25453924,25453923.0,5.0,3279.95,3492.55,1395.0,-1.0,128.0,1761282194.0,RMDL,False
25429863,25429862.0,5.0,2411.15,5259.6,1395.0,-1.0,128.0,1760660780.0,RMDR,False
25422686,25422685.0,5.0,6107.0,5451.0,1396.0,-1.0,128.0,1766083549.0,RMDL,False
25453923,25453922.0,5.0,3204.025,3557.75,1396.0,-1.0,128.0,1766083440.0,RMDL,False
25456990,25456989.0,5.0,5822.15,4833.6,1396.0,-1.0,128.0,1766083549.0,RMDL,False
25429862,25429861.0,5.0,2431.15,5275.6,1396.0,-1.0,128.0,1760660779.0,RMDR,False
25453959,25453958.0,5.0,2495.95,4118.55,1396.0,-1.0,128.0,1761282394.0,RMDL,False
25429702,25429701.0,5.0,5823.15,5957.6,1396.0,-1.0,128.0,1760658864.0,RMDR,False
25456456,25456455.0,5.0,2455.95,3696.55,1396.0,-1.0,128.0,1761335592.0,RMDR,False
25454048,25454047.0,5.0,2585.95,5210.55,1396.0,-1.0,128.0,1761282847.0,RMDL,False
25429501,v_25429501_1397,5.0,3027.15,4893.6,1396.0,-1.0,128.0,1760657386.0,RMDR,False
25463601,25463602.0,5.0,5601.0,4684.0,1396.0,-1.0,128.0,1766083549.0,RMDL,False
25429533,25429532.0,5.0,2927.15,3645.6,1396.0,-1.0,128.0,1760657493.0,RMDR,False
v_25511262_1396,25511261.0,,2942.55,4619.533333333333,1396.0,,,,RMDL,True
25454065,25454051.0,5.0,2841.95,4780.55,1396.0,-1.0,128.0,1761282932.0,RMDL,False
25429654,25429653.0,5.0,6135.15,4757.6,1396.0,-1.0,128.0,1760658658.0,RMDR,False
25429618,25429617.0,5.0,5951.15,4161.6,1396.0,-1.0,128.0,1760658516.0,RMDR,False
25454047,25454046.0,5.0,2581.95,5202.55,1397.0,-1.0,128.0,1761282846.0,RMDL,False
25429653,25429618.0,5.0,6035.15,4433.6,1397.0,-1.0,128.0,1760658655.0,RMDR,False
25454066,25454065.0,5.0,2829.95,4800.55,1397.0,-1.0,128.0,1761282938.0,RMDL,False
25429861,25429860.0,5.0,2439.15,5283.6,1397.0,-1.0,128.0,1760660778.0,RMDR,False
25456457,25456456.0,5.0,2455.95,3716.55,1397.0,-1.0,128.0,1761335593.0,RMDR,False
25453958,25453957.0,5.0,2499.95,4086.55,1397.0,-1.0,128.0,1761282391.0,RMDL,False
25453922,25453921.0,5.0,3179.95,3552.55,1397.0,-1.0,128.0,1761282190.0,RMDL,False
v_25429501_1397,25429500.0,,3031.15,4875.6,1397.0,,,,RMDR,True
v_25429703_1397,25429702.0,,5796.15,5984.6,1397.0,,,,RMDR,True
25456991,25456990.0,5.0,5814.15,4841.6,1397.0,-1.0,128.0,1766083549.0,RMDL,False
25422685,25422684.0,5.0,6099.0,5451.0,1397.0,-1.0,128.0,1766083549.0,RMDL,False
25511261,v_25511261_1398,5.0,2954.55,4608.2,1397.0,-1.0,128.0,1770408680.0,RMDL,False
25429532,25429531.0,5.0,2883.15,3701.6,1397.0,-1.0,128.0,1760657492.0,RMDR,False
25463602,25463603.0,5.0,5601.0,4652.0,1397.0,-1.0,128.0,1766083549.0,RMDL,False
v_25511261_1398,25556418.0,,2969.8825,4611.532499999999,1398.0,,,,RMDL,True
25422684,25456992.0,5.0,6108.05,5425.8,1398.0,-1.0,128.0,1766083549.0,RMDL,False
25454046,25454045.0,5.0,2553.95,5154.55,1398.0,-1.0,128.0,1761282846.0,RMDL,False
25453921,25453920.0,5.0,3155.95,3584.55,1398.0,-1.0,128.0,1761282184.0,RMDL,False
25456992,25456991.0,5.0,5831.0,4812.0,1398.0,-1.0,128.0,1766083549.0,RMDL,False
25453957,25453956.0,5.0,2495.95,4098.55,1398.0,-1.0,128.0,1761282389.0,RMDL,False
25429860,25429859.0,5.0,2427.15,5283.6,1398.0,-1.0,128.0,1760660777.0,RMDR,False
25456458,25456457.0,5.0,2423.95,3716.55,1398.0,-1.0,128.0,1761335594.0,RMDR,False
25429703,v_25429703_1397,5.0,5787.15,5993.6,1398.0,-1.0,128.0,1760658866.0,RMDR,False
25429715,25429653.0,5.0,6007.15,4439.6,1398.0,-1.0,128.0,1760659013.0,RMDR,False
25429531,25429530.0,5.0,2871.15,3737.6,1398.0,-1.0,128.0,1760657491.0,RMDR,False
25463603,25463611.0,5.0,5623.0,4634.0,1398.0,-1.0,128.0,1766083549.0,RMDL,False
25429500,25429499.0,5.0,3035.15,4857.6,1398.0,-1.0,128.0,1760657384.0,RMDR,False
25454067,25454066.0,5.0,2825.95,4764.55,1398.0,-1.0,128.0,1761282942.0,RMDL,False
25463611,25463612.0,5.0,5551.0,4606.0,1399.0,-1.0,128.0,1766083549.0,RMDL,False
25429716,25429715.0,5.0,6023.15,4455.6,1399.0,-1.0,128.0,1760659024.0,RMDR,False
25454045,25454044.0,5.0,2565.95,4942.55,1399.0,-1.0,128.0,1761282833.0,RMDL,False
25429499,25429498.0,5.0,3107.15,4873.6,1399.0,-1.0,128.0,1760657378.0,RMDR,False
25456993,25456992.0,5.0,5814.15,4409.6,1399.0,-1.0,128.0,1766083549.0,RMDL,False
25456994,25456992.0,5.0,5770.15,4861.6,1399.0,-1.0,128.0,1766083549.0,RMDL,False
25453920,,5.0,3127.95,3604.55,1399.0,-1.0,128.0,1761282181.0,RMDL,False
25429704,25429703.0,5.0,5715.15,6065.6,1399.0,-1.0,128.0,1760658869.0,RMDR,False
25453956,25453955.0,5.0,2527.95,4126.55,1399.0,-1.0,128.0,1761282386.0,RMDL,False
25429530,25429529.0,5.0,2827.15,3853.6,1399.0,-1.0,128.0,1760657488.0,RMDR,False
25429859,25429858.0,5.0,2487.15,5379.6,1399.0,-1.0,128.0,1760660772.0,RMDR,False
25422683,25422684.0,5.0,5988.05,5533.8,1399.0,-1.0,128.0,1766083549.0,RMDL,False
25556418,25511260.0,5.0,2985.215,4614.865,1399.0,-1.0,128.0,1770408680.0,RMDL,False
25511260,v_25511260_1401,5.0,3000.55,4618.2,1400.0,-1.0,128.0,1771525506.0,RMDL,False
v_25453930_1400,25453920.0,,3112.95,3606.05,1400.0,,,,RMDL,True
25467322,25456993.0,5.0,5812.15,4416.6,1400.0,-1.0,128.0,1766083549.0,RMDL,False
25422682,25422683.0,5.0,6013.0,5536.0,1400.0,-1.0,128.0,1766083549.0,RMDL,False
25429498,25429497.0,5.0,3127.15,4897.6,1400.0,-1.0,128.0,1760657377.0,RMDR,False
25429718,25429716.0,5.0,6023.15,4535.6,1400.0,-1.0,128.0,1760659051.0,RMDR,False
25429717,25429716.0,5.0,5971.15,4095.6,1400.0,-1.0,128.0,1760659023.0,RMDR,False
25429705,25429704.0,5.0,5719.15,6053.6,1400.0,-1.0,128.0,1760658935.0,RMDR,False
25454044,v_25454044_1401,5.0,2571.95,4925.55,1400.0,-1.0,128.0,1761282824.0,RMDL,False
25456995,25456994.0,5.0,5754.15,4845.6,1400.0,-1.0,128.0,1766083549.0,RMDL,False
25429529,25429528.0,5.0,2779.15,3901.6,1400.0,-1.0,128.0,1760657480.0,RMDR,False
25463612,v_25463612_1401,5.0,5541.0,4616.0,1400.0,-1.0,128.0,1766083549.0,RMDL,False
25453955,25453954.0,5.0,2527.95,4107.55,1400.0,-1.0,128.0,1766084214.0,RMDL,False
25429858,25429857.0,5.0,2503.15,5407.6,1400.0,-1.0,128.0,1760660771.0,RMDR,False
25429497,25429496.0,5.0,3135.15,4885.6,1401.0,-1.0,128.0,1760657376.0,RMDR,False
25429528,25429527.0,5.0,2787.15,3917.6,1401.0,-1.0,128.0,1760657479.0,RMDR,False
25429706,25429705.0,5.0,5703.15,6049.6,1401.0,-1.0,128.0,1760658937.0,RMDR,False
25429719,25429717.0,5.0,5963.15,4071.6,1401.0,-1.0,128.0,1760659032.0,RMDR,False
25429721,25429718.0,5.0,5995.15,4583.6,1401.0,-1.0,128.0,1760659056.0,RMDR,False
25429857,25429856.0,5.0,2499.15,5387.6,1401.0,-1.0,128.0,1760660769.0,RMDR,False
25467323,25467322.0,5.0,5802.15,4408.6,1401.0,-1.0,128.0,1766083549.0,RMDL,False
v_25511260_1401,25558505.0,,3011.8825,4604.8675,1401.0,,,,RMDL,True
25422681,25422682.0,5.0,6025.0,5502.0,1401.0,-1.0,128.0,1766083549.0,RMDL,False
25456996,25456995.0,5.0,5754.15,4845.6,1401.0,-1.0,128.0,1766083549.0,RMDL,False
25453954,25453953.0,5.0,2555.95,4078.55,1401.0,-1.0,128.0,1761282376.0,RMDL,False
v_25463612_1401,v_25463612_1402,,5537.0,4614.0,1401.0,,,,RMDL,True
25453930,v_25453930_1400,5.0,3107.95,3606.55,1401.0,-1.0,128.0,1761282318.0,RMDL,False
v_25454044_1401,25454043.0,,2570.95,4919.55,1401.0,,,,RMDL,True
v_25463612_1402,25463613.0,,5533.0,4612.0,1402.0,,,,RMDL,True
v_25453931_1402,25453930.0,,3107.95,3606.55,1402.0,,,,RMDL,True
25453953,25453952.0,5.0,2599.95,4030.55,1402.0,-1.0,128.0,1761282374.0,RMDL,False
25422680,25422681.0,5.0,6007.0,5430.0,1402.0,-1.0,128.0,1766083549.0,RMDL,False
25558505,25511259.0,5.0,3023.215,4591.535,1402.0,-1.0,128.0,1771525506.0,RMDL,False
25456997,25456996.0,5.0,5738.15,4837.6,1402.0,-1.0,128.0,1766083549.0,RMDL,False
25454043,25454042.0,5.0,2569.95,4913.55,1402.0,-1.0,128.0,1761282823.0,RMDL,False
25467324,25467323.0,5.0,5798.15,4396.6,1402.0,-1.0,128.0,1766083549.0,RMDL,False
25429527,25429526.0,5.0,2807.15,3981.6,1402.0,-1.0,128.0,1760657474.0,RMDR,False
25429707,25429706.0,5.0,5703.15,6065.6,1402.0,-1.0,128.0,1760658938.0,RMDR,False
25429720,25429719.0,5.0,5975.15,4091.6,1402.0,-1.0,128.0,1760659037.0,RMDR,False
25429722,25429721.0,5.0,5995.15,4583.6,1402.0,-1.0,128.0,1760659057.0,RMDR,False
25429856,25429855.0,5.0,2507.15,5371.6,1402.0,-1.0,128.0,1760660768.0,RMDR,False
25429496,25551047.0,5.0,3135.15,4889.6,1402.0,-1.0,128.0,1768839238.0,RMDR,False
25453931,v_25453931_1402,5.0,3107.95,3606.55,1403.0,-1.0,128.0,1761282319.0,RMDL,False
25456998,25456997.0,5.0,5722.15,4805.6,1403.0,-1.0,128.0,1766083549.0,RMDL,False
25463613,25463614.0,5.0,5529.0,4610.0,1403.0,-1.0,128.0,1766083549.0,RMDL,False
25453952,25453951.0,5.0,2627.95,4031.55,1403.0,-1.0,128.0,1766084211.0,RMDL,False
25454042,25553128.0,5.0,2555.95,4893.55,1403.0,-1.0,128.0,1769487121.0,RMDL,False
25511259,25558509.0,5.0,3034.55,4578.2,1403.0,-1.0,128.0,1771525572.0,RMDL,False
v_25467325_1403,25467324.0,,5783.15,4386.1,1403.0,,,,RMDL,True
25422679,25422680.0,5.0,5957.0,5412.0,1403.0,-1.0,128.0,1766083549.0,RMDL,False
25429855,25429854.0,5.0,2523.15,5371.6,1403.0,-1.0,128.0,1760660767.0,RMDR,False
25551047,25429495.0,5.0,3143.15,4875.6,1403.0,-1.0,128.0,1768839238.0,RMDR,False
v_25429723_1403,25429722.0,,5974.15,4568.6,1403.0,,,,RMDR,True
v_25429708_1403,25429707.0,,5697.15,6068.6,1403.0,,,,RMDR,True
25429526,25429525.0,5.0,2803.15,3981.6,1403.0,-1.0,128.0,1760657473.0,RMDR,False
v_25453932_1404,25453931.0,,3113.95,3615.55,1404.0,,,,RMDL,True
25429854,25429853.0,5.0,2523.15,5347.6,1404.0,-1.0,128.0,1760660762.0,RMDR,False
25429723,v_25429723_1403,5.0,5967.15,4563.6,1404.0,-1.0,128.0,1760659058.0,RMDR,False
25429708,v_25429708_1403,5.0,5695.15,6069.6,1404.0,-1.0,128.0,1760658939.0,RMDR,False
25429525,25429524.0,5.0,2811.15,4013.6,1404.0,-1.0,128.0,1760657471.0,RMDR,False
25429495,v_25429495_1405,5.0,3151.15,4861.6,1404.0,-1.0,128.0,1760657373.0,RMDR,False
25467325,v_25467325_1403,5.0,5778.15,4382.6,1404.0,-1.0,128.0,1766083549.0,RMDL,False
25456999,25456998.0,5.0,5722.15,4777.6,1404.0,-1.0,128.0,1766083549.0,RMDL,False
25463614,25463615.0,5.0,5541.0,4598.0,1404.0,-1.0,128.0,1766083549.0,RMDL,False
25457001,25422679.0,5.0,5910.0,5408.0,1404.0,-1.0,128.0,1766083549.0,RMDL,False
25558509,v_25558509_1405,5.0,3032.55,4572.2,1404.0,-1.0,128.0,1771525572.0,RMDL,False
25553128,25454041.0,5.0,2555.95,4889.55,1404.0,-1.0,128.0,1769487121.0,RMDL,False
25453951,25453950.0,5.0,2647.95,4050.55,1404.0,-1.0,128.0,1761282371.0,RMDL,False
v_25429724_1405,25429723.0,,5976.15,4542.6,1405.0,,,,RMDR,True
v_25429495_1405,25429494.0,,3151.15,4851.6,1405.0,,,,RMDR,True
v_25558509_1405,25511258.0,,3030.55,4566.2,1405.0,,,,RMDL,True
25453932,v_25453932_1404,5.0,3115.95,3618.55,1405.0,-1.0,128.0,1761282321.0,RMDL,False
25453950,25453949.0,5.0,2647.95,4070.55,1405.0,-1.0,128.0,1761282370.0,RMDL,False
25454041,25454040.0,5.0,2555.95,4885.55,1405.0,-1.0,128.0,1761282821.0,RMDL,False
25422678,25457001.0,2.0,5863.0,5404.0,1405.0,-1.0,128.0,1766083549.0,RMDL,False
25467326,25467325.0,5.0,5772.15,4374.6,1405.0,-1.0,128.0,1766083549.0,RMDL,False
25457000,25456999.0,5.0,5674.15,4753.6,1405.0,-1.0,128.0,1766083549.0,RMDL,False
25463615,25463616.0,5.0,5545.0,4600.0,1405.0,-1.0,128.0,1766083549.0,RMDL,False
25429524,25429523.0,5.0,2855.15,4061.6,1405.0,-1.0,128.0,1760657464.0,RMDR,False
25554190,25429708.0,5.0,5685.15,6071.6,1405.0,-1.0,128.0,1769639510.0,RMDR,False
25429853,25429852.0,5.0,2515.15,5311.6,1405.0,-1.0,128.0,1760660725.0,RMDR,False
25429738,25429737.0,5.0,5585.6,4639.085,1406.0,-1.0,128.0,1768850604.0,RMDR,False
25429709,25554190.0,5.0,5675.15,6073.6,1406.0,-1.0,128.0,1769639510.0,RMDR,False
v_25453933_1406,25453932.0,,3082.95,3672.55,1406.0,,,,RMDL,True
25463616,25463617.0,5.0,5550.0,4572.0,1406.0,-1.0,128.0,1766083549.0,RMDL,False
25429494,v_25429494_1407,5.0,3151.15,4841.6,1406.0,-1.0,128.0,1760657371.0,RMDR,False
25453949,v_25453949_1407,5.0,2683.95,4094.55,1406.0,-1.0,128.0,1761282369.0,RMDL,False
25454040,v_25454040_1407,5.0,2567.95,4829.55,1406.0,-1.0,128.0,1761282815.0,RMDL,False
25467340,25467330.0,5.0,5478.15,4366.6,1406.0,-1.0,128.0,1766083549.0,RMDL,False
25511258,v_25511258_1407,5.0,3028.55,4560.2,1406.0,-1.0,128.0,1764612138.0,RMDL,False
25463620,25457000.0,5.0,5661.0,4716.0,1406.0,-1.0,128.0,1766083549.0,RMDL,False
25467327,25467326.0,5.0,5760.15,4350.6,1406.0,-1.0,128.0,1766083549.0,RMDL,False
25429523,25429522.0,5.0,2867.15,4109.6,1406.0,-1.0,128.0,1760657462.0,RMDR,False
25429732,25429727.0,5.0,5507.15,4227.6,1406.0,-1.0,128.0,1760659130.0,RMDR,False
v_25422677_1406,25422678.0,,5845.0,5399.5,1406.0,,,,RMDL,True
25429852,25429851.0,5.0,2507.15,5235.6,1406.0,-1.0,128.0,1760660722.0,RMDR,False
25429724,v_25429724_1405,5.0,5979.15,4535.6,1406.0,-1.0,128.0,1760659060.0,RMDR,False
v_25511258_1407,25511257.0,,3038.55,4552.2,1407.0,,,,RMDL,True
v_25453949_1407,25453948.0,,2717.95,4108.55,1407.0,,,,RMDL,True
v_25454040_1407,25454039.0,,2567.95,4817.55,1407.0,,,,RMDL,True
25463617,25463618.0,5.0,5561.0,4568.0,1407.0,-1.0,128.0,1766083549.0,RMDL,False
25463619,25463620.0,5.0,5651.0,4704.0,1407.0,-1.0,128.0,1766083549.0,RMDL,False
25422677,v_25422677_1406,5.0,5839.0,5398.0,1407.0,-1.0,128.0,1766083549.0,RMDL,False
25467328,25467327.0,5.0,5730.15,4332.6,1407.0,-1.0,128.0,1766083549.0,RMDL,False
25467330,25467329.0,5.0,5486.15,4350.6,1407.0,-1.0,128.0,1766083549.0,RMDL,False
25453933,v_25453933_1406,5.0,3071.95,3690.55,1407.0,-1.0,128.0,1761282323.0,RMDL,False
25429522,25429521.0,5.0,2871.15,4133.6,1407.0,-1.0,128.0,1760657461.0,RMDR,False
25429710,25429709.0,5.0,5671.15,6081.6,1407.0,-1.0,128.0,1760658941.0,RMDR,False
25429727,25429725.0,5.0,5519.15,4231.6,1407.0,-1.0,128.0,1760659092.0,RMDR,False
25429737,25429736.0,5.0,5599.15,4635.6,1407.0,-1.0,128.0,1760659200.0,RMDR,False
25429851,25429850.0,5.0,2471.15,5247.6,1407.0,-1.0,128.0,1760660721.0,RMDR,False
v_25429494_1407,25429493.0,,3153.15,4827.6,1407.0,,,,RMDR,True
v_25429725_1407,25429724.0,,5838.15,4385.6,1407.0,,,,RMDR,True
v_25429711_1408,25429710.0,,5659.15,6075.6,1408.0,,,,RMDR,True
25463618,25463619.0,5.0,5565.0,4682.0,1408.0,-1.0,128.0,1766083549.0,RMDL,False
25429725,v_25429725_1407,5.0,5791.15,4335.6,1408.0,-1.0,128.0,1760659084.0,RMDR,False
25557626,25453933.0,5.0,3059.95,3704.55,1408.0,-1.0,128.0,1771217800.0,RMDL,False
25429521,25429520.0,5.0,2875.15,4157.6,1408.0,-1.0,128.0,1760657460.0,RMDR,False
25429493,25429492.0,5.0,3155.15,4813.6,1408.0,-1.0,128.0,1760657369.0,RMDR,False
25511257,v_25511257_1409,5.0,3048.55,4544.2,1408.0,-1.0,128.0,1764612137.0,RMDL,False
25467329,25467328.0,5.0,5610.15,4282.6,1408.0,-1.0,128.0,1766083549.0,RMDL,False
25429850,25429849.0,5.0,2427.15,5291.6,1408.0,-1.0,128.0,1760660720.0,RMDR,False
25429736,25429735.0,5.0,5611.15,4607.6,1408.0,-1.0,128.0,1760659182.0,RMDR,False
v_25422676_1408,25422677.0,,5829.25,5395.375,1408.0,,,,RMDL,True
25454039,v_25454039_1409,5.0,2567.95,4805.55,1408.0,-1.0,128.0,1761282814.0,RMDL,False
25453948,v_25453948_1409,5.0,2751.95,4122.55,1408.0,-1.0,128.0,1761282367.0,RMDL,False
25429735,25429731.0,5.0,5611.15,4579.6,1409.0,-1.0,128.0,1760659180.0,RMDR,False
25467331,25467329.0,5.0,5614.15,4278.6,1409.0,-1.0,128.0,1766083549.0,RMDL,False
25429849,25429848.0,5.0,2411.15,5331.6,1409.0,-1.0,128.0,1760660718.0,RMDR,False
25463653,25463618.0,5.0,5584.0,4696.0,1409.0,-1.0,128.0,1766083549.0,RMDL,False
25453934,25557626.0,5.0,3047.95,3718.55,1409.0,-1.0,128.0,1771217800.0,RMDL,False
25422676,v_25422676_1408,5.0,5826.0,5394.5,1409.0,-1.0,128.0,1770348156.0,RMDL,False
25429711,v_25429711_1408,5.0,5655.15,6073.6,1409.0,-1.0,128.0,1760658943.0,RMDR,False
25556104,25422676.0,5.0,5748.0,5948.5,1409.0,-1.0,128.0,1770348157.0,RMDL,False
25429728,25429725.0,5.0,5779.15,4327.6,1409.0,-1.0,128.0,1760659098.0,RMDR,False
v_25453948_1409,25453947.0,,2755.95,4140.55,1409.0,,,,RMDL,True
v_25454039_1409,25454038.0,,2567.95,4802.55,1409.0,,,,RMDL,True
v_25511257_1409,v_25511257_1410,,3057.2166666666667,4537.533333333333,1409.0,,,,RMDL,True
25429520,25429519.0,5.0,2903.15,4233.6,1409.0,-1.0,128.0,1760657458.0,RMDR,False
25429492,25429491.0,5.0,3155.15,4809.6,1409.0,-1.0,128.0,1760657368.0,RMDR,False
25429731,25429730.0,5.0,5619.15,4557.6,1410.0,-1.0,128.0,1760659994.0,RMDR,False
v_25429712_1410,25429711.0,,5634.15,6082.6,1410.0,,,,RMDR,True
25422675,25422676.0,5.0,5817.0,5380.0,1410.0,-1.0,128.0,1766083549.0,RMDL,False
25467332,25467331.0,5.0,5608.15,4280.6,1410.0,-1.0,128.0,1766083549.0,RMDL,False
25429818,25429817.0,5.0,5587.15,5431.6,1410.0,-1.0,128.0,1760659777.0,RMDR,False
25463654,25463653.0,5.0,5572.0,4686.0,1410.0,-1.0,128.0,1766083549.0,RMDL,False
25429491,25429490.0,5.0,3139.15,4801.6,1410.0,-1.0,128.0,1760657366.0,RMDR,False
25453935,25453934.0,5.0,3031.95,3726.55,1410.0,-1.0,128.0,1761282327.0,RMDL,False
v_25511257_1410,25511256.0,,3065.8833333333337,4530.866666666667,1410.0,,,,RMDL,True
25429729,25429728.0,5.0,5767.15,4311.6,1410.0,-1.0,128.0,1760659099.0,RMDR,False
25453947,25558480.0,5.0,2759.95,4158.55,1410.0,-1.0,128.0,1771525153.0,RMDL,False
25429848,25429847.0,5.0,2395.15,5355.6,1410.0,-1.0,128.0,1760660717.0,RMDR,False
25454038,25554149.0,5.0,2567.95,4799.55,1410.0,-1.0,128.0,1769638662.0,RMDL,False
25429519,25429518.0,5.0,2931.15,4281.6,1410.0,-1.0,128.0,1760657457.0,RMDR,False
25511256,v_25511256_1412,5.0,3074.55,4524.2,1411.0,-1.0,128.0,1764612136.0,RMDL,False
25558480,25453946.0,5.0,2763.95,4154.55,1411.0,-1.0,128.0,1771525153.0,RMDL,False
25467333,25467332.0,5.0,5610.15,4280.6,1411.0,-1.0,128.0,1766083549.0,RMDL,False
25554149,25454037.0,5.0,2571.95,4794.55,1411.0,-1.0,128.0,1769638662.0,RMDL,False
25422643,25422675.0,5.0,5833.0,5351.0,1411.0,-1.0,128.0,1766083549.0,RMDL,False
25429847,25429846.0,5.0,2379.15,5379.6,1411.0,-1.0,128.0,1760660716.0,RMDR,False
25429730,25429729.0,5.0,5747.15,4298.61,1411.0,-1.0,128.0,1771607526.0,RMDR,False
25429518,25429517.0,5.0,2943.15,4297.6,1411.0,-1.0,128.0,1760657456.0,RMDR,False
25429490,25429489.0,5.0,3135.15,4809.6,1411.0,-1.0,128.0,1760657365.0,RMDR,False
25429712,v_25429712_1410,5.0,5627.15,6085.6,1411.0,-1.0,128.0,1760658944.0,RMDR,False
v_25463655_1411,25463654.0,,5563.0,4683.0,1411.0,,,,RMDL,True
v_25453936_1411,25453935.0,,3019.95,3738.55,1411.0,,,,RMDL,True
25429817,25429816.0,5.0,5583.15,5435.6,1411.0,-1.0,128.0,1760659776.0,RMDR,False
25422644,25422643.0,5.0,5757.0,5591.0,1412.0,-1.0,128.0,1766083549.0,RMDL,False
25453936,v_25453936_1411,5.0,3015.95,3742.55,1412.0,-1.0,128.0,1761282328.0,RMDL,False
25422646,25422643.0,5.0,5997.0,5327.0,1412.0,-1.0,128.0,1766083549.0,RMDL,False
25453946,25453945.0,5.0,2767.95,4150.55,1412.0,-1.0,128.0,1761282364.0,RMDL,False
v_25511256_1412,v_25511256_1413,,3080.55,4516.866666666667,1412.0,,,,RMDL,True
25422655,25422643.0,5.0,6167.0,5644.0,1412.0,-1.0,128.0,1766083549.0,RMDL,False
25454037,25556293.0,5.0,2575.95,4789.55,1412.0,-1.0,128.0,1770357355.0,RMDL,False
25467334,25467333.0,5.0,5616.15,4262.6,1412.0,-1.0,128.0,1766083549.0,RMDL,False
25429734,25429730.0,5.0,5907.15,4535.6,1412.0,-1.0,128.0,1760659800.0,RMDR,False
25422642,25422643.0,5.0,5741.0,5193.0,1412.0,-1.0,128.0,1766083549.0,RMDL,False
25429816,25429815.0,5.0,5571.15,5439.6,1412.0,-1.0,128.0,1760659774.0,RMDR,False
25429517,25429516.0,5.0,2951.15,4301.6,1412.0,-1.0,128.0,1760657455.0,RMDR,False
25463655,v_25463655_1411,5.0,5560.0,4682.0,1412.0,-1.0,128.0,1766083549.0,RMDL,False
25429489,25429488.0,5.0,3131.15,4793.6,1412.0,-1.0,128.0,1760657364.0,RMDR,False
25553137,25429846.0,5.0,2613.625,5524.75,1412.0,-1.0,128.0,1769487226.0,RMDR,False
25429846,25429845.0,5.0,2385.625,5414.75,1412.0,-1.0,128.0,1769487221.0,RMDR,False
25429733,25429730.0,5.0,5510.0,4315.78,1412.0,-1.0,128.0,1767380878.0,RMDR,False
v_25429713_1412,25429712.0,,5600.15,6106.6,1412.0,,,,RMDR,True
25553138,25553137.0,5.0,2727.625,5436.75,1412.0,-1.0,128.0,1769487227.0,RMDR,False
25453937,25453936.0,5.0,3011.95,3754.55,1413.0,-1.0,128.0,1761282331.0,RMDL,False
25429516,25429486.0,5.0,2959.15,4333.6,1413.0,-1.0,128.0,1760657454.0,RMDR,False
25422645,25422644.0,5.0,5739.0,5637.0,1413.0,-1.0,128.0,1766083549.0,RMDL,False
25429488,25429487.0,5.0,3123.15,4781.6,1413.0,-1.0,128.0,1760657363.0,RMDR,False
25422641,25422642.0,5.0,5717.0,5185.0,1413.0,-1.0,128.0,1766083549.0,RMDL,False
25429815,25429814.0,5.0,5555.15,5443.6,1413.0,-1.0,128.0,1760659771.0,RMDR,False
25429739,25429733.0,5.0,5459.15,4303.6,1413.0,-1.0,128.0,1760659240.0,RMDR,False
25422656,25422655.0,5.0,6119.0,5722.0,1413.0,-1.0,128.0,1766083549.0,RMDL,False
25429713,v_25429713_1412,5.0,5591.15,6113.6,1413.0,-1.0,128.0,1760658945.0,RMDR,False
25556293,25454036.0,5.0,2588.95,4769.55,1413.0,-1.0,128.0,1770357355.0,RMDL,False
25467335,25467334.0,5.0,5608.15,4216.6,1413.0,-1.0,128.0,1766083549.0,RMDL,False
25453945,25558482.0,5.0,2779.95,4174.55,1413.0,-1.0,128.0,1771525183.0,RMDL,False
25422654,25422646.0,5.0,5997.0,5310.0,1413.0,-1.0,128.0,1766083549.0,RMDL,False
25429845,25429844.0,5.0,2459.15,5491.6,1413.0,-1.0,128.0,1760660707.0,RMDR,False
25429745,25429734.0,5.0,5859.15,4527.6,1413.0,-1.0,128.0,1760659269.0,RMDR,False
25463656,25463655.0,5.0,5532.0,4666.0,1413.0,-1.0,128.0,1766083549.0,RMDL,False
v_25511256_1413,25511255.0,,3086.55,4509.533333333333,1413.0,,,,RMDL,True
25429578,25429577.0,5.0,3099.15,4667.6,1414.0,-1.0,128.0,1760657751.0,RMDR,False
25429814,25429813.0,5.0,5551.15,5451.6,1414.0,-1.0,128.0,1760659770.0,RMDR,False
25429714,25429713.0,5.0,5583.15,6117.6,1414.0,-1.0,128.0,1760658946.0,RMDR,False
25429487,25429484.0,5.0,3135.15,4761.6,1414.0,-1.0,128.0,1760657345.0,RMDR,False
25429486,25429484.0,5.0,2967.15,4333.6,1414.0,-1.0,128.0,1760657342.0,RMDR,False
v_25453938_1414,25453937.0,,3005.95,3781.55,1414.0,,,,RMDL,True
25429844,25429485.0,5.0,2391.15,5463.6,1414.0,-1.0,128.0,1760660668.0,RMDR,False
25429746,25429745.0,5.0,5843.15,4503.6,1414.0,-1.0,128.0,1760659271.0,RMDR,False
25429740,25429739.0,5.0,5459.15,4279.6,1414.0,-1.0,128.0,1760659242.0,RMDR,False
25554145,25429844.0,5.0,2725.0,5601.75,1414.0,-1.0,128.0,1769638630.0,RMDR,False
25511255,v_25511255_1415,5.0,3092.55,4502.2,1414.0,-1.0,128.0,1764612135.0,RMDL,False
25422657,25422656.0,5.0,6107.0,5762.0,1414.0,-1.0,128.0,1766083549.0,RMDL,False
25422647,25422645.0,5.0,5639.0,5425.0,1414.0,-1.0,128.0,1766083549.0,RMDL,False
25422648,25422645.0,5.0,5715.0,5731.0,1414.0,-1.0,128.0,1766083549.0,RMDL,False
25463657,25463656.0,5.0,5526.0,4626.0,1414.0,-1.0,128.0,1766083549.0,RMDL,False
25463658,25463656.0,5.0,5626.0,4666.0,1414.0,-1.0,128.0,1766083549.0,RMDL,False
25467336,25467335.0,5.0,5582.15,4190.6,1414.0,-1.0,128.0,1766083549.0,RMDL,False
25422640,25422641.0,5.0,5721.0,5177.0,1414.0,-1.0,128.0,1766083549.0,RMDL,False
25558482,25453944.0,5.0,2777.95,4180.55,1414.0,-1.0,128.0,1771525183.0,RMDL,False
25454036,v_25454036_1415,5.0,2601.95,4749.55,1414.0,-1.0,128.0,1761282809.0,RMDL,False
v_25454036_1415,25454035.0,,2628.95,4747.55,1415.0,,,,RMDL,True
v_25511255_1415,25511254.0,,3092.55,4497.2,1415.0,,,,RMDL,True
25453938,v_25453938_1414,5.0,3003.95,3790.55,1415.0,-1.0,128.0,1761282333.0,RMDL,False
25453944,v_25453944_1416,5.0,2775.95,4186.55,1415.0,-1.0,128.0,1761282360.0,RMDL,False
25422658,25422657.0,5.0,6101.0,5764.0,1415.0,-1.0,128.0,1766083549.0,RMDL,False
25429485,25429483.0,5.0,2419.15,5241.6,1415.0,-1.0,128.0,1760657311.0,RMDR,False
25422649,25422648.0,5.0,5693.0,5779.0,1415.0,-1.0,128.0,1766083549.0,RMDL,False
25429577,25429576.0,5.0,3103.15,4659.6,1415.0,-1.0,128.0,1760657750.0,RMDR,False
25429747,25429746.0,5.0,5819.15,4511.6,1415.0,-1.0,128.0,1760659272.0,RMDR,False
25429813,25429812.0,5.0,5567.15,5463.6,1415.0,-1.0,128.0,1760659769.0,RMDR,False
25422639,25422640.0,5.0,5713.0,5165.0,1415.0,-1.0,128.0,1766083549.0,RMDL,False
25429484,25429483.0,5.0,2947.15,4695.6,1415.0,-1.0,128.0,1760660691.0,RMDR,False
25467337,25467336.0,5.0,5560.15,4166.6,1415.0,-1.0,128.0,1766083549.0,RMDL,False
25463659,25463658.0,5.0,5620.0,4668.0,1415.0,-1.0,128.0,1766083549.0,RMDL,False
25429741,25429740.0,5.0,5459.15,4283.6,1415.0,-1.0,128.0,1760659243.0,RMDR,False
25454035,25454034.0,5.0,2655.95,4745.55,1416.0,-1.0,128.0,1761282808.0,RMDL,False
25429742,25429741.0,5.0,5443.15,4287.6,1416.0,-1.0,128.0,1760659246.0,RMDR,False
25429748,25429747.0,5.0,5779.15,4543.6,1416.0,-1.0,128.0,1760659274.0,RMDR,False
25429749,25429747.0,5.0,5747.15,4287.6,1416.0,-1.0,128.0,1760659285.0,RMDR,False
25429576,25429575.0,5.0,3095.15,4627.6,1416.0,-1.0,128.0,1760657748.0,RMDR,False
25429812,25429811.0,5.0,5607.15,5471.6,1416.0,-1.0,128.0,1760659765.0,RMDR,False
25429483,25429481.0,5.0,2803.15,4825.6,1416.0,-1.0,128.0,1760657303.0,RMDR,False
25422638,25422639.0,5.0,5683.0,5147.0,1416.0,-1.0,128.0,1766083549.0,RMDL,False
25467338,25467337.0,5.0,5542.15,4176.6,1416.0,-1.0,128.0,1766083549.0,RMDL,False
v_25453944_1416,25453943.0,,2783.95,4180.55,1416.0,,,,RMDL,True
25422659,25422658.0,5.0,6093.0,5770.0,1416.0,-1.0,128.0,1766083549.0,RMDL,False
25422650,25422649.0,5.0,5683.0,5775.0,1416.0,-1.0,128.0,1766083549.0,RMDL,False
25511254,v_25511254_1417,5.0,3092.55,4492.2,1416.0,-1.0,128.0,1764612134.0,RMDL,False
v_25453939_1416,25453938.0,,2960.45,3833.3,1416.0,,,,RMDL,True
v_25511254_1417,25511253.0,,3080.55,4493.2,1417.0,,,,RMDL,True
25422660,25422659.0,5.0,6085.0,5788.0,1417.0,-1.0,128.0,1766083549.0,RMDL,False
25422651,25422650.0,5.0,5683.0,5783.0,1417.0,-1.0,128.0,1766083549.0,RMDL,False
25429750,25429748.0,5.0,5747.15,4567.6,1417.0,-1.0,128.0,1760659384.0,RMDR,False
25467339,25467338.0,5.0,5534.15,4182.6,1417.0,-1.0,128.0,1766083549.0,RMDL,False
25453943,25453942.0,5.0,2791.95,4174.55,1417.0,-1.0,128.0,1761282358.0,RMDL,False
25454034,25454033.0,5.0,2677.95,4737.55,1417.0,-1.0,128.0,1761282807.0,RMDL,False
25422637,25422638.0,5.0,5669.0,5131.0,1417.0,-1.0,128.0,1766083549.0,RMDL,False
25453939,v_25453939_1416,5.0,2945.95,3847.55,1417.0,-1.0,128.0,1764692221.0,RMDL,False
25429811,25429810.0,5.0,5623.15,5491.6,1417.0,-1.0,128.0,1760659764.0,RMDR,False
25429819,25429749.0,5.0,5731.15,4263.6,1417.0,-1.0,128.0,1760659921.0,RMDR,False
25429481,25429480.0,5.0,2839.15,4809.6,1417.0,-1.0,128.0,1760657283.0,RMDR,False
25429575,25429574.0,5.0,3107.15,4607.6,1417.0,-1.0,128.0,1760657746.0,RMDR,False
25429743,25429742.0,5.0,5443.15,4319.6,1417.0,-1.0,128.0,1760659249.0,RMDR,False
25453940,25453939.0,5.0,2927.95,3858.55,1418.0,-1.0,128.0,1761282337.0,RMDL,False
25453942,25453941.0,5.0,2787.95,4174.55,1418.0,-1.0,128.0,1761282356.0,RMDL,False
25429751,25429750.0,5.0,5684.15,4573.6,1418.0,-1.0,128.0,1765989064.0,RMDR,False
25454033,25453974.0,5.0,2679.95,4713.55,1418.0,-1.0,128.0,1761282806.0,RMDL,False
25422652,25422651.0,5.0,5663.0,5783.0,1418.0,-1.0,128.0,1766083549.0,RMDL,False
25422661,25422660.0,5.0,6095.0,5810.0,1418.0,-1.0,128.0,1766083549.0,RMDL,False
25429574,25429573.0,5.0,3107.15,4587.6,1418.0,-1.0,128.0,1760657742.0,RMDR,False
25429482,25429481.0,5.0,2967.15,4425.6,1418.0,-1.0,128.0,1760657285.0,RMDR,False
25429820,25429819.0,5.0,5727.15,4231.6,1418.0,-1.0,128.0,1760659922.0,RMDR,False
25429810,25429809.0,5.0,5611.15,5475.6,1418.0,-1.0,128.0,1760659763.0,RMDR,False
25429480,25429479.0,5.0,2763.15,5097.6,1418.0,-1.0,128.0,1760657272.0,RMDR,False
25429744,25429743.0,5.0,5455.15,4335.6,1418.0,-1.0,128.0,1760659255.0,RMDR,False
25511253,25511252.0,5.0,3068.55,4494.2,1418.0,-1.0,128.0,1764612133.0,RMDL,False
25422636,25422637.0,5.0,5661.0,5113.0,1418.0,-1.0,128.0,1766083549.0,RMDL,False
25453974,25453973.0,5.0,2711.95,4734.55,1419.0,-1.0,128.0,1761282473.0,RMDL,False
25453941,25453940.0,5.0,2851.95,4050.55,1419.0,-1.0,128.0,1761282340.0,RMDL,False
25422662,25422661.0,5.0,6043.0,5850.0,1419.0,-1.0,128.0,1766083549.0,RMDL,False
25422653,25422652.0,5.0,5653.0,5769.0,1419.0,-1.0,128.0,1766083549.0,RMDL,False
25511252,25453973.0,5.0,3086.55,4494.2,1419.0,-1.0,128.0,1764612120.0,RMDL,False
v_25422635_1419,25422636.0,,5649.0,5083.0,1419.0,,,,RMDL,True
25517164,25429480.0,5.0,3099.15,4687.6,1419.0,-1.0,128.0,1764870757.0,RMDR,False
25429573,25429572.0,5.0,3099.15,4583.6,1419.0,-1.0,128.0,1760657739.0,RMDR,False
25429752,25429751.0,5.0,5651.15,4558.105,1419.0,-1.0,128.0,1771607462.0,RMDR,False
25429821,25429820.0,5.0,5727.15,4199.6,1419.0,-1.0,128.0,1760659923.0,RMDR,False
25429555,25429482.0,5.0,2959.15,4391.6,1419.0,-1.0,128.0,1760657676.0,RMDR,False
25429479,25429478.0,5.0,2791.15,5125.6,1419.0,-1.0,128.0,1760657269.0,RMDR,False
25429809,25429808.0,5.0,5611.15,5471.6,1419.0,-1.0,128.0,1760659762.0,RMDR,False
25429808,25429807.0,5.0,5607.15,5487.6,1420.0,-1.0,128.0,1760659761.0,RMDR,False
25517165,25517164.0,5.0,3091.15,4655.6,1420.0,-1.0,128.0,1764870758.0,RMDR,False
25422663,25422662.0,5.0,6027.0,5850.0,1420.0,-1.0,128.0,1766083549.0,RMDL,False
25429478,25429477.0,5.0,2803.15,5117.6,1420.0,-1.0,128.0,1760657268.0,RMDR,False
25429572,25429559.0,5.0,3103.15,4535.6,1420.0,-1.0,128.0,1760657738.0,RMDR,False
25422635,v_25422635_1419,5.0,5645.0,5073.0,1420.0,-1.0,128.0,1766083549.0,RMDL,False
25453973,25453941.0,5.0,2723.95,4306.55,1420.0,-1.0,128.0,1761282477.0,RMDL,False
25429556,25429555.0,5.0,2983.15,4367.6,1420.0,-1.0,128.0,1760657680.0,RMDR,False
25554144,25429478.0,5.0,2713.5,5645.75,1420.0,-1.0,128.0,1769638588.0,RMDR,False
25429822,25429821.0,5.0,5707.15,4203.6,1420.0,-1.0,128.0,1760659925.0,RMDR,False
25429753,25429752.0,5.0,5643.15,4591.6,1420.0,-1.0,128.0,1760659393.0,RMDR,False
25422634,25422635.0,5.0,5621.0,5063.0,1421.0,-1.0,128.0,1766083549.0,RMDL,False
25512178,25453973.0,5.0,3199.0,4448.0,1421.0,-1.0,128.0,1764699453.0,RMDL,False
25429754,25429753.0,5.0,5651.15,4607.6,1421.0,-1.0,128.0,1760659394.0,RMDR,False
25429823,25429822.0,5.0,5723.15,4195.6,1421.0,-1.0,128.0,1760659926.0,RMDR,False
25429559,25429558.0,5.0,3111.15,4515.6,1421.0,-1.0,128.0,1760657690.0,RMDR,False
25422664,25422663.0,5.0,5997.0,5874.0,1421.0,-1.0,128.0,1766083549.0,RMDL,False
25429477,25429476.0,5.0,2787.15,5141.6,1421.0,-1.0,128.0,1760657262.0,RMDR,False
25429557,25429556.0,5.0,2999.15,4339.6,1421.0,-1.0,128.0,1760657681.0,RMDR,False
v_25517166_1421,25517165.0,,3095.65,4628.6,1421.0,,,,RMDR,True
25453975,25453973.0,5.0,2747.95,4318.55,1421.0,-1.0,128.0,1761282480.0,RMDL,False
25429807,25556050.0,5.0,5587.15,5499.6,1421.0,-1.0,128.0,1770347091.0,RMDR,False
25551072,25429477.0,5.0,2564.93,5600.4,1421.0,-1.0,128.0,1768842395.0,RMDR,False
25551071,25429477.0,5.0,2840.93,4744.38,1421.0,-1.0,128.0,1768842393.0,RMDR,False
25556050,25429806.0,5.0,5589.15,5493.6,1422.0,-1.0,128.0,1770347091.0,RMDR,False
25453976,25453975.0,5.0,2767.95,4290.55,1422.0,-1.0,128.0,1761282481.0,RMDL,False
25517166,v_25517166_1421,5.0,3097.15,4619.6,1422.0,-1.0,128.0,1764870759.0,RMDR,False
25429558,25429557.0,5.0,3083.15,4415.6,1422.0,-1.0,128.0,1760657688.0,RMDR,False
25422665,25422664.0,5.0,5979.0,5900.0,1422.0,-1.0,128.0,1766083549.0,RMDL,False
25429476,25429475.0,5.0,2827.15,5185.6,1422.0,-1.0,128.0,1760657261.0,RMDR,False
25422633,25422634.0,5.0,5605.0,5049.0,1422.0,-1.0,128.0,1766083549.0,RMDL,False
25429755,25429754.0,5.0,5651.15,4611.6,1422.0,-1.0,128.0,1760659395.0,RMDR,False
25512179,25512178.0,5.0,3199.0,4440.0,1422.0,-1.0,128.0,1764699453.0,RMDL,False
25429824,25429823.0,5.0,5727.15,4183.6,1422.0,-1.0,128.0,1760659927.0,RMDR,False
25453977,25453976.0,5.0,2771.95,4226.55,1423.0,-1.0,128.0,1761282483.0,RMDL,False
25556425,25512179.0,5.0,3211.0,4436.0,1423.0,-1.0,128.0,1770408851.0,RMDL,False
25422632,25422633.0,5.0,5589.0,5011.0,1423.0,-1.0,128.0,1766083549.0,RMDL,False
25422666,25422665.0,5.0,5951.0,5870.0,1423.0,-1.0,128.0,1766083549.0,RMDL,False
v_25517167_1423,25517166.0,,3112.15,4583.6,1423.0,,,,RMDR,True
25551074,25429475.0,5.0,2618.485,5615.95,1423.0,-1.0,128.0,1768842422.0,RMDR,False
25429806,25429805.0,5.0,5591.15,5487.6,1423.0,-1.0,128.0,1760659758.0,RMDR,False
25429756,25429755.0,5.0,5635.15,4599.6,1423.0,-1.0,128.0,1760659395.0,RMDR,False
25429825,25429824.0,5.0,5727.15,4167.6,1423.0,-1.0,128.0,1760659928.0,RMDR,False
25429560,25429558.0,5.0,3095.15,4403.6,1423.0,-1.0,128.0,1760657696.0,RMDR,False
25429475,25429363.0,5.0,2855.15,5245.6,1423.0,-1.0,128.0,1760657260.0,RMDR,False
25453978,25453977.0,5.0,2787.95,4234.55,1424.0,-1.0,128.0,1761282484.0,RMDL,False
25422667,25422666.0,5.0,5929.0,5872.0,1424.0,-1.0,128.0,1766083549.0,RMDL,False
25422703,25422702.0,5.0,5569.0,4473.0,1424.0,-1.0,128.0,1766083549.0,RMDL,False
25429757,25429756.0,5.0,5691.15,4679.6,1424.0,-1.0,128.0,1760659399.0,RMDR,False
25422631,25422632.0,5.0,5571.0,4997.0,1424.0,-1.0,128.0,1766083549.0,RMDL,False
25512180,25556425.0,5.0,3223.0,4432.0,1424.0,-1.0,128.0,1770408851.0,RMDL,False
25429363,25429362.0,5.0,2884.625,5225.75,1424.0,-1.0,128.0,1769487356.0,RMDR,False
25517167,v_25517167_1423,5.0,3117.15,4571.6,1424.0,-1.0,128.0,1764870760.0,RMDR,False
25429561,25429560.0,5.0,3099.15,4403.6,1424.0,-1.0,128.0,1760657697.0,RMDR,False
25429805,25429804.0,5.0,5623.15,5487.6,1424.0,-1.0,128.0,1760659727.0,RMDR,False
25429826,25429825.0,5.0,5723.15,4163.6,1424.0,-1.0,128.0,1760659929.0,RMDR,False
v_25453979_1425,25453978.0,,2787.95,4234.55,1425.0,,,,RMDL,True
25422630,25422631.0,5.0,5552.0,4965.79,1425.0,-1.0,128.0,1766083549.0,RMDL,False
25512181,25512180.0,5.0,3235.0,4432.0,1425.0,-1.0,128.0,1764699453.0,RMDL,False
25535584,25535583.0,5.0,3258.0,4181.0,1425.0,-1.0,99.0,1767904150.0,RMDL,False
25422702,25422701.0,5.0,5561.0,4477.0,1425.0,-1.0,128.0,1766083549.0,RMDL,False
25429804,25429760.0,5.0,5647.15,5467.6,1425.0,-1.0,128.0,1760659756.0,RMDR,False
25429362,25429361.0,5.0,2847.15,4973.6,1425.0,-1.0,128.0,1760656860.0,RMDR,False
25429758,25429757.0,5.0,5707.15,4747.6,1425.0,-1.0,128.0,1760659403.0,RMDR,False
25422668,25422667.0,5.0,5909.0,5858.0,1425.0,-1.0,128.0,1766083549.0,RMDL,False
25429562,25429561.0,5.0,3111.15,4391.6,1425.0,-1.0,128.0,1760657698.0,RMDR,False
25429364,25429363.0,5.0,2689.15,5605.6,1425.0,-1.0,128.0,1760656962.0,RMDR,False
25429366,25429363.0,5.0,2793.15,5163.6,1425.0,-1.0,128.0,1760656949.0,RMDR,False
25429827,25429826.0,5.0,5727.15,4151.6,1425.0,-1.0,128.0,1760659931.0,RMDR,False
v_25517168_1425,25517167.0,,3132.75,4524.8,1425.0,,,,RMDR,True
25429875,25429366.0,5.0,2795.15,5151.6,1426.0,-1.0,128.0,1760660965.0,RMDR,False
25535583,25535582.0,5.0,3252.0,4151.0,1426.0,-1.0,99.0,1767904150.0,RMDL,False
25453979,v_25453979_1425,5.0,2787.95,4234.55,1426.0,-1.0,128.0,1761282486.0,RMDL,False
25422629,25422630.0,5.0,5539.0,4945.0,1426.0,-1.0,128.0,1766083549.0,RMDL,False
25429828,25429827.0,5.0,5735.15,4163.6,1426.0,-1.0,128.0,1760659932.0,RMDR,False
25429361,25429360.0,5.0,2851.15,4971.6,1426.0,-1.0,128.0,1760656858.0,RMDR,False
25429365,25429364.0,5.0,2569.15,5623.6,1426.0,-1.0,128.0,1760656942.0,RMDR,False
25429760,25429758.0,5.0,5783.15,5163.6,1426.0,-1.0,128.0,1760659452.0,RMDR,False
25429759,25429758.0,5.0,5611.15,4667.6,1426.0,-1.0,128.0,1760659463.0,RMDR,False
25422701,25422700.0,5.0,5540.0,4493.79,1426.0,-1.0,128.0,1766083549.0,RMDL,False
25422669,25422668.0,5.0,5899.0,5824.0,1426.0,-1.0,128.0,1766083549.0,RMDL,False
25429563,25429562.0,5.0,3135.15,4391.6,1426.0,-1.0,128.0,1760657700.0,RMDR,False
v_25517168_1426,v_25517168_1426,,3137.9500000000003,4509.200000000001,1426.0,,,,RMDR,True
25422700,25422626.0,5.0,5577.0,4533.0,1427.0,-1.0,128.0,1766083549.0,RMDL,False
25422670,25422669.0,5.0,5887.0,5798.0,1427.0,-1.0,128.0,1766083549.0,RMDL,False
25453980,25453979.0,5.0,2803.95,4278.55,1427.0,-1.0,128.0,1761282494.0,RMDL,False
25535582,25535581.0,5.0,3258.0,4141.0,1427.0,-1.0,99.0,1767904148.0,RMDL,False
25422628,25422629.0,5.0,5529.0,4915.0,1427.0,-1.0,128.0,1766083549.0,RMDL,False
25429769,25429760.0,5.0,5731.15,5295.6,1427.0,-1.0,128.0,1760659530.0,RMDR,False
25429829,25429828.0,5.0,5751.15,4167.6,1427.0,-1.0,128.0,1760659936.0,RMDR,False
25429762,25429759.0,5.0,5683.15,4699.6,1427.0,-1.0,128.0,1760659473.0,RMDR,False
25429360,25429359.0,5.0,2857.15,4975.6,1427.0,-1.0,128.0,1760656854.0,RMDR,False
25429761,25429759.0,5.0,5479.15,4643.6,1427.0,-1.0,128.0,1760659462.0,RMDR,False
25429564,25429563.0,5.0,3199.15,4427.6,1427.0,-1.0,128.0,1760657703.0,RMDR,False
25517168,v_25517168_1425,5.0,3143.15,4493.6,1427.0,-1.0,128.0,1764870761.0,RMDR,False
25429579,25429365.0,5.0,2499.15,5599.6,1427.0,-1.0,128.0,1760657799.0,RMDR,False
25429580,25429579.0,5.0,2483.15,5607.6,1428.0,-1.0,128.0,1760657802.0,RMDR,False
v_25517169_1428,25517168.0,,3154.15,4513.6,1428.0,,,,RMDR,True
25429565,25429564.0,5.0,3215.15,4435.6,1428.0,-1.0,128.0,1760657705.0,RMDR,False
25422626,25422625.0,5.0,5564.05,4585.79,1428.0,-1.0,128.0,1766083549.0,RMDL,False
25453981,25453980.0,5.0,2817.95,4275.55,1428.0,-1.0,128.0,1761282503.0,RMDL,False
25422671,25422670.0,5.0,5883.0,5774.0,1428.0,-1.0,128.0,1766083549.0,RMDL,False
25422627,25422628.0,5.0,5531.0,4883.0,1428.0,-1.0,128.0,1766083549.0,RMDL,False
25535581,25535580.0,5.0,3252.0,4123.0,1428.0,-1.0,99.0,1767904148.0,RMDL,False
25429359,25429358.0,5.0,2879.15,4993.6,1428.0,-1.0,128.0,1760656853.0,RMDR,False
25429770,25429769.0,5.0,5687.15,5383.6,1428.0,-1.0,128.0,1760659532.0,RMDR,False
25429767,25429761.0,5.0,5475.15,4619.6,1428.0,-1.0,128.0,1760659507.0,RMDR,False
25429763,25429762.0,5.0,5695.15,4675.6,1428.0,-1.0,128.0,1760659482.0,RMDR,False
25429566,25429565.0,5.0,3223.15,4439.6,1429.0,-1.0,128.0,1760657706.0,RMDR,False
25453982,25453981.0,5.0,2829.95,4263.55,1429.0,-1.0,128.0,1761282504.0,RMDL,False
25422672,25422671.0,5.0,5877.0,5754.0,1429.0,-1.0,128.0,1766083549.0,RMDL,False
25535580,25535579.0,5.0,3266.0,4135.0,1429.0,-1.0,99.0,1767904147.0,RMDL,False
25422625,25422627.0,5.0,5593.0,4689.0,1429.0,-1.0,128.0,1766083549.0,RMDL,False
v_25517169_1429,v_25517169_1430,,3157.8166666666666,4520.266666666667,1429.0,,,,RMDR,True
25429768,25429767.0,5.0,5463.15,4623.6,1429.0,-1.0,128.0,1760659509.0,RMDR,False
25429764,25429763.0,5.0,5691.15,4691.6,1429.0,-1.0,128.0,1760659483.0,RMDR,False
25429771,25429770.0,5.0,5615.15,5603.6,1429.0,-1.0,128.0,1760659548.0,RMDR,False
25429358,25429357.0,5.0,2885.15,4995.6,1429.0,-1.0,128.0,1760656852.0,RMDR,False
25429581,25429580.0,5.0,2483.15,5611.6,1429.0,-1.0,128.0,1760657803.0,RMDR,False
v_25517169_1430,v_25517169_1429,,3161.4833333333336,4526.933333333333,1430.0,,,,RMDR,True
25453983,25453982.0,5.0,2835.95,4267.55,1430.0,-1.0,128.0,1761282505.0,RMDL,False
25429765,25429764.0,5.0,5691.15,4723.6,1430.0,-1.0,128.0,1760659484.0,RMDR,False
25422624,25422625.0,5.0,5567.0,4689.0,1430.0,-1.0,128.0,1766083549.0,RMDL,False
25422673,25422672.0,5.0,5903.0,5722.0,1430.0,-1.0,128.0,1766083549.0,RMDL,False
25429357,25429356.0,5.0,2911.15,4999.6,1430.0,-1.0,128.0,1760656847.0,RMDR,False
25535579,25535578.0,5.0,3266.0,4135.0,1430.0,-1.0,99.0,1767904147.0,RMDL,False
25429772,25429771.0,5.0,5591.15,5631.6,1430.0,-1.0,128.0,1760659549.0,RMDR,False
25429582,25429581.0,5.0,2499.15,5639.6,1430.0,-1.0,128.0,1760657811.0,RMDR,False
25429567,25429566.0,5.0,3239.15,4443.6,1430.0,-1.0,128.0,1760657708.0,RMDR,False
25429773,25429772.0,5.0,5571.15,5671.6,1431.0,-1.0,128.0,1760659552.0,RMDR,False
25429766,25429765.0,5.0,5671.15,4767.6,1431.0,-1.0,128.0,1760659488.0,RMDR,False
25429583,25429582.0,5.0,2491.15,5639.6,1431.0,-1.0,128.0,1760657812.0,RMDR,False
25429568,25429567.0,5.0,3239.15,4435.6,1431.0,-1.0,128.0,1760657713.0,RMDR,False
25517169,v_25517169_1428,5.0,3165.15,4533.6,1431.0,-1.0,128.0,1764870763.0,RMDR,False
25535578,25535577.0,5.0,3260.0,4135.0,1431.0,-1.0,99.0,1767904146.0,RMDL,False
25535577,25535576.0,3.0,3174.0,4073.0,1431.0,-1.0,99.0,1767904145.0,RMDL,False
25422623,25422624.0,5.0,5537.0,4723.0,1431.0,-1.0,128.0,1766083549.0,RMDL,False
25429356,25429355.0,5.0,2935.15,4999.6,1431.0,-1.0,128.0,1760656837.0,RMDR,False
25422674,25422673.0,5.0,5949.0,5702.0,1431.0,-1.0,128.0,1766083549.0,RMDL,False
25453984,25453983.0,5.0,2851.95,4279.55,1431.0,-1.0,128.0,1761282507.0,RMDL,False
25535585,25535578.0,5.0,3282.0,4169.0,1432.0,-1.0,99.0,1767904155.0,RMDL,False
25429355,25429354.0,5.0,2975.15,4995.6,1432.0,-1.0,128.0,1760656836.0,RMDR,False
25535576,25535575.0,5.0,3130.0,4075.0,1432.0,-1.0,99.0,1767904143.0,RMDL,False
25535575,25453985.0,5.0,3074.0,4177.0,1432.0,-1.0,99.0,1767904142.0,RMDL,False
25429569,25429568.0,5.0,3259.15,4451.6,1432.0,-1.0,128.0,1760657714.0,RMDR,False
25525832,v_25525832_1433,5.0,6571.0,5676.0,1432.0,-1.0,128.0,1766083549.0,RMDL,False
25429584,25429583.0,5.0,2479.15,5627.6,1432.0,-1.0,128.0,1760657814.0,RMDR,False
v_25517170_1432,25517169.0,,3162.75,4512.0,1432.0,,,,RMDR,True
25422622,25422623.0,5.0,5487.0,4787.0,1432.0,-1.0,128.0,1766083549.0,RMDL,False
25453985,25453984.0,5.0,2863.95,4329.55,1432.0,-1.0,128.0,1761282513.0,RMDL,False
25429774,25429773.0,5.0,5551.15,5687.6,1432.0,-1.0,128.0,1760659552.0,RMDR,False
25429354,25429353.0,5.0,3001.15,4987.6,1433.0,-1.0,128.0,1760656833.0,RMDR,False
v_25429775_1433,25429774.0,,5533.15,5702.6,1433.0,,,,RMDR,True
v_25517170_1433,v_25517170_1433,,3161.9500000000003,4504.8,1433.0,,,,RMDR,True
25422621,25422622.0,5.0,5483.0,4791.0,1433.0,-1.0,128.0,1766083549.0,RMDL,False
25453986,25453985.0,5.0,2881.95,4317.55,1433.0,-1.0,128.0,1761282514.0,RMDL,False
25535586,25535585.0,5.0,3290.0,4173.0,1433.0,-1.0,99.0,1767904155.0,RMDL,False
25429585,25429584.0,5.0,2475.15,5623.6,1433.0,-1.0,128.0,1760657815.0,RMDR,False
v_25525832_1433,v_25525832_1434,,6575.0,5672.0,1433.0,,,,RMDL,True
25429570,25429569.0,5.0,3271.15,4439.6,1433.0,-1.0,128.0,1760657716.0,RMDR,False
25517170,v_25517170_1432,5.0,3161.15,4497.6,1434.0,-1.0,128.0,1764870765.0,RMDR,False
25453987,25453986.0,5.0,2939.95,4279.55,1434.0,-1.0,128.0,1761282527.0,RMDL,False
25422620,25422621.0,5.0,5483.0,4791.0,1434.0,-1.0,128.0,1766083549.0,RMDL,False
25429586,25429585.0,5.0,2471.15,5607.6,1434.0,-1.0,128.0,1760657816.0,RMDR,False
25429353,25429352.0,5.0,3015.15,4985.6,1434.0,-1.0,128.0,1760656832.0,RMDR,False
v_25525832_1434,25525831.0,,6579.0,5668.0,1434.0,,,,RMDL,True
25429571,25429570.0,5.0,3259.15,4447.6,1434.0,-1.0,128.0,1760657720.0,RMDR,False
25429775,v_25429775_1433,5.0,5527.15,5707.6,1434.0,-1.0,128.0,1760659554.0,RMDR,False
25453990,25453987.0,5.0,3067.95,4057.55,1435.0,-1.0,128.0,1761282533.0,RMDL,False
25453989,25453987.0,5.0,2987.95,4219.55,1435.0,-1.0,128.0,1761282530.0,RMDL,False
25453988,25453987.0,5.0,2827.95,4399.55,1435.0,-1.0,128.0,1761282564.0,RMDL,False
25429587,25429586.0,5.0,2491.15,5607.6,1435.0,-1.0,128.0,1760657817.0,RMDR,False
25525831,v_25525831_1436,5.0,6583.0,5664.0,1435.0,-1.0,128.0,1766083549.0,RMDL,False
25429352,25429351.0,5.0,3045.15,4991.6,1435.0,-1.0,128.0,1760656831.0,RMDR,False
25422619,25422620.0,5.0,5485.0,4793.0,1435.0,-1.0,128.0,1766083549.0,RMDL,False
v_25429776_1435,25429775.0,,5512.15,5707.6,1435.0,,,,RMDR,True
25551051,25517170.0,5.0,3154.48,4497.6,1435.0,-1.0,128.0,1768839284.0,RMDR,False
v_25525831_1436,v_25525831_1437,,6584.6,5660.8,1436.0,,,,RMDL,True
25429776,v_25429776_1435,5.0,5507.15,5707.6,1436.0,-1.0,128.0,1760659556.0,RMDR,False
25429588,25429587.0,5.0,2499.15,5603.6,1436.0,-1.0,128.0,1760657819.0,RMDR,False
25429351,25429350.0,5.0,3071.15,4967.6,1436.0,-1.0,128.0,1760656827.0,RMDR,False
25422618,25422619.0,5.0,5459.0,4779.0,1436.0,-1.0,128.0,1766083549.0,RMDL,False
25517172,25551051.0,5.0,3147.815,4497.6,1436.0,-1.0,128.0,1768839284.0,RMDR,False
25453994,25453989.0,5.0,2983.95,4199.55,1436.0,-1.0,128.0,1761282557.0,RMDL,False
25453991,25453990.0,5.0,3035.95,4025.55,1436.0,-1.0,128.0,1761282537.0,RMDL,False
25453997,25453988.0,5.0,2807.95,4429.55,1436.0,-1.0,128.0,1761282569.0,RMDL,False
25429350,25429349.0,5.0,3085.15,4971.6,1437.0,-1.0,128.0,1760656826.0,RMDR,False
25558571,25517172.0,5.0,3171.48,4515.6,1437.0,-1.0,128.0,1771608744.0,RMDR,False
25429589,25429588.0,5.0,2507.15,5607.6,1437.0,-1.0,128.0,1760657820.0,RMDR,False
v_25422617_1437,25422618.0,,5441.0,4783.5,1437.0,,,,RMDL,True
v_25525831_1437,v_25525831_1438,,6586.2,5657.6,1437.0,,,,RMDL,True
25429777,25429776.0,5.0,5495.15,5735.6,1437.0,-1.0,128.0,1760659557.0,RMDR,False
25453995,25453994.0,5.0,2981.95,4191.55,1437.0,-1.0,128.0,1761282558.0,RMDL,False
25453992,25453991.0,5.0,3019.95,4011.55,1437.0,-1.0,128.0,1761282547.0,RMDL,False
25453998,25453997.0,5.0,2813.95,4453.55,1437.0,-1.0,128.0,1761282570.0,RMDL,False
25453996,25453995.0,5.0,2983.95,4169.55,1438.0,-1.0,128.0,1761282559.0,RMDL,False
25453993,25453992.0,5.0,3019.95,4013.55,1438.0,-1.0,128.0,1761282548.0,RMDL,False
25517174,25558571.0,5.0,3195.15,4533.6,1438.0,-1.0,128.0,1771608744.0,RMDR,False
25429590,25429589.0,5.0,2523.15,5623.6,1438.0,-1.0,128.0,1760657821.0,RMDR,False
25453999,25453998.0,5.0,2839.95,4471.55,1438.0,-1.0,128.0,1761282573.0,RMDL,False
v_25525831_1438,v_25525831_1439,,6587.8,5654.4,1438.0,,,,RMDL,True
25429778,25429777.0,5.0,5479.15,5739.6,1438.0,-1.0,128.0,1760659558.0,RMDR,False
25422617,v_25422617_1437,5.0,5435.0,4785.0,1438.0,-1.0,128.0,1766083549.0,RMDL,False
25429349,25429348.0,5.0,3113.15,4963.6,1438.0,-1.0,128.0,1760656823.0,RMDR,False
25517175,25517174.0,5.0,3195.15,4533.6,1439.0,-1.0,128.0,1764870826.0,RMDR,False
25454000,25453999.0,5.0,2865.95,4479.55,1439.0,-1.0,128.0,1761282574.0,RMDL,False
25422616,25422617.0,5.0,5429.0,4777.0,1439.0,-1.0,128.0,1766083549.0,RMDL,False
25429348,25429347.0,5.0,3135.15,4959.6,1439.0,-1.0,128.0,1760656821.0,RMDR,False
25429591,25429590.0,5.0,2531.15,5607.6,1439.0,-1.0,128.0,1760657823.0,RMDR,False
25429779,25429778.0,5.0,5467.15,5739.6,1439.0,-1.0,128.0,1760659559.0,RMDR,False
v_25525831_1439,25525830.0,,6589.4,5651.2,1439.0,,,,RMDL,True
25429347,25429346.0,5.0,3147.15,4963.6,1440.0,-1.0,128.0,1760656819.0,RMDR,False
25429780,25429779.0,5.0,5463.15,5739.6,1440.0,-1.0,128.0,1760659560.0,RMDR,False
25454001,25454000.0,5.0,2887.95,4499.55,1440.0,-1.0,128.0,1761282575.0,RMDL,False
25429592,25429591.0,5.0,2487.15,5587.6,1440.0,-1.0,128.0,1760657825.0,RMDR,False
25517176,25517175.0,5.0,3195.15,4533.6,1440.0,-1.0,128.0,1764870827.0,RMDR,False
25525830,v_25525830_1441,5.0,6591.0,5648.0,1440.0,-1.0,128.0,1766083549.0,RMDL,False
25422615,25422616.0,5.0,5429.0,4777.0,1440.0,-1.0,128.0,1766083549.0,RMDL,False
v_25525830_1441,v_25525830_1442,,6590.2,5650.8,1441.0,,,,RMDL,True
25429593,25429592.0,5.0,2511.15,5603.6,1441.0,-1.0,128.0,1760657827.0,RMDR,False
25429346,25429345.0,5.0,3153.15,4971.6,1441.0,-1.0,128.0,1760656817.0,RMDR,False
25422614,25422615.0,5.0,5415.0,4765.0,1441.0,-1.0,128.0,1766083549.0,RMDL,False
v_25429781_1441,25429780.0,,5400.75,5725.200000000001,1441.0,,,,RMDR,True
25454002,25454001.0,5.0,2985.95,4529.55,1441.0,-1.0,128.0,1761282578.0,RMDL,False
v_25429781_1442,v_25429781_1442,,5379.95,5720.400000000001,1442.0,,,,RMDR,True
25429345,25429344.0,5.0,3191.15,4955.6,1442.0,-1.0,128.0,1760656816.0,RMDR,False
25422613,25422614.0,5.0,5387.0,4737.0,1442.0,-1.0,128.0,1766083549.0,RMDL,False
25454003,25454002.0,5.0,2985.95,4527.55,1442.0,-1.0,128.0,1761282580.0,RMDL,False
v_25525830_1442,v_25525830_1443,,6589.4,5653.6,1442.0,,,,RMDL,True
25454004,25454003.0,5.0,3021.95,4577.55,1443.0,-1.0,128.0,1761282584.0,RMDL,False
25429344,25429343.0,5.0,3207.15,4939.6,1443.0,-1.0,128.0,1760656813.0,RMDR,False
25422612,25422613.0,5.0,5393.0,4743.0,1443.0,-1.0,128.0,1766083549.0,RMDL,False
25429781,v_25429781_1441,5.0,5359.15,5715.6,1443.0,-1.0,128.0,1760659562.0,RMDR,False
v_25525830_1443,v_25525830_1444,,6588.6,5656.4,1443.0,,,,RMDL,True
25429782,25429781.0,5.0,5327.15,5719.6,1444.0,-1.0,128.0,1760659563.0,RMDR,False
25429343,25429342.0,5.0,3225.15,4939.6,1444.0,-1.0,128.0,1760656812.0,RMDR,False
v_25525830_1444,25525829.0,,6587.8,5659.2,1444.0,,,,RMDL,True
25422611,25422612.0,5.0,5371.0,4739.0,1444.0,-1.0,128.0,1766083549.0,RMDL,False
25454005,25454004.0,5.0,3061.95,4593.55,1444.0,-1.0,128.0,1761282587.0,RMDL,False
25429783,25429782.0,5.0,5319.15,5715.6,1445.0,-1.0,128.0,1760659565.0,RMDR,False
25525829,v_25525829_1446,5.0,6587.0,5662.0,1445.0,-1.0,128.0,1766083549.0,RMDL,False
25454006,25454005.0,5.0,3131.95,4619.55,1445.0,-1.0,128.0,1761282594.0,RMDL,False
25429342,25429341.0,5.0,3221.15,4941.6,1445.0,-1.0,128.0,1760656810.0,RMDR,False
25422610,25422611.0,5.0,5357.0,4731.0,1445.0,-1.0,128.0,1766083549.0,RMDL,False
25454007,25454006.0,5.0,3191.95,4633.55,1446.0,-1.0,128.0,1761282596.0,RMDL,False
25429341,25429340.0,5.0,3243.15,4935.6,1446.0,-1.0,128.0,1760656809.0,RMDR,False
25422609,25422610.0,5.0,5333.0,4698.0,1446.0,-1.0,128.0,1766083549.0,RMDL,False
25429784,25429783.0,5.0,5299.15,5719.6,1446.0,-1.0,128.0,1760659566.0,RMDR,False
v_25525829_1446,v_25525829_1447,,6583.4,5657.2,1446.0,,,,RMDL,True
v_25525829_1447,v_25525829_1448,,6579.8,5652.4,1447.0,,,,RMDL,True
25422608,25422609.0,5.0,5333.0,4710.0,1447.0,-1.0,128.0,1766083549.0,RMDL,False
25429785,25429784.0,5.0,5291.15,5707.6,1447.0,-1.0,128.0,1760659567.0,RMDR,False
25429340,25429339.0,5.0,3251.15,4927.6,1447.0,-1.0,128.0,1760656807.0,RMDR,False
25528256,25454007.0,5.0,3201.95,4677.55,1447.0,-1.0,128.0,1766084745.0,RMDL,False
v_25429786_1448,25429785.0,,5276.15,5710.6,1448.0,,,,RMDR,True
25528259,25528256.0,5.0,3203.95,4715.55,1448.0,-1.0,128.0,1766084843.0,RMDL,False
25429339,25429338.0,5.0,3259.15,4917.6,1448.0,-1.0,128.0,1760656806.0,RMDR,False
25422607,25422608.0,5.0,5325.0,4698.0,1448.0,-1.0,128.0,1766083549.0,RMDL,False
v_25525829_1448,v_25525829_1449,,6576.2,5647.6,1448.0,,,,RMDL,True
25429338,25429337.0,5.0,3261.15,4903.6,1449.0,-1.0,128.0,1760656804.0,RMDR,False
25429786,v_25429786_1448,5.0,5271.15,5711.6,1449.0,-1.0,128.0,1760659568.0,RMDR,False
v_25525829_1449,25525828.0,,6572.6,5642.8,1449.0,,,,RMDL,True
25528260,25528259.0,5.0,3207.95,4743.55,1449.0,-1.0,128.0,1766084845.0,RMDL,False
25422606,25422607.0,5.0,5321.0,4694.0,1449.0,-1.0,128.0,1766083549.0,RMDL,False
25429337,25429336.0,5.0,3293.15,4889.6,1450.0,-1.0,128.0,1760656799.0,RMDR,False
v_25528261_1450,25528260.0,,3204.95,4767.55,1450.0,,,,RMDL,True
v_25422605_1450,25422606.0,,5318.0,4694.0,1450.0,,,,RMDL,True
v_25429787_1450,25429786.0,,5259.15,5702.6,1450.0,,,,RMDR,True
25525828,v_25525828_1451,5.0,6569.0,5638.0,1450.0,-1.0,128.0,1766083549.0,RMDL,False
v_25525828_1451,v_25525828_1452,,6567.8,5633.4,1451.0,,,,RMDL,True
25429787,v_25429787_1450,5.0,5255.15,5699.6,1451.0,-1.0,128.0,1760659570.0,RMDR,False
25422605,v_25422605_1450,5.0,5317.0,4694.0,1451.0,-1.0,128.0,1766083549.0,RMDL,False
25429336,25429335.0,5.0,3303.15,4881.6,1451.0,-1.0,128.0,1760656798.0,RMDR,False
25528261,v_25528261_1450,5.0,3203.95,4775.55,1451.0,-1.0,128.0,1766084852.0,RMDL,False
v_25429788_1452,25429787.0,,5237.15,5687.6,1452.0,,,,RMDR,True
v_25525828_1452,v_25525828_1453,,6566.6,5628.8,1452.0,,,,RMDL,True
25528262,25528261.0,5.0,3191.95,4835.55,1452.0,-1.0,128.0,1766084854.0,RMDL,False
25429335,25429334.0,5.0,3311.15,4877.6,1452.0,-1.0,128.0,1760656797.0,RMDR,False
25422604,25422605.0,5.0,5313.0,4666.0,1452.0,-1.0,128.0,1766083549.0,RMDL,False
v_25525828_1453,v_25525828_1454,,6565.4,5624.2,1453.0,,,,RMDL,True
25429788,v_25429788_1452,5.0,5231.15,5683.6,1453.0,-1.0,128.0,1760659571.0,RMDR,False
25429334,25429333.0,5.0,3323.15,4873.6,1453.0,-1.0,128.0,1760656796.0,RMDR,False
25422603,25422604.0,5.0,5305.0,4662.0,1453.0,-1.0,128.0,1766083549.0,RMDL,False
25422602,25422603.0,5.0,5301.0,4646.0,1454.0,-1.0,128.0,1766083549.0,RMDL,False
v_25525828_1454,v_25525828_1455,,6564.2,5619.6,1454.0,,,,RMDL,True
v_25429789_1454,25429788.0,,5222.15,5671.6,1454.0,,,,RMDR,True
25429333,25429332.0,5.0,3329.15,4859.6,1454.0,-1.0,128.0,1760656795.0,RMDR,False
v_25525828_1455,v_25525828_1456,,6563.0,5615.0,1455.0,,,,RMDL,True
25422601,25422602.0,5.0,5305.0,4634.0,1455.0,-1.0,128.0,1766083549.0,RMDL,False
25429332,25429331.0,5.0,3345.15,4849.6,1455.0,-1.0,128.0,1760656794.0,RMDR,False
25429789,v_25429789_1454,5.0,5219.15,5667.6,1455.0,-1.0,128.0,1760659573.0,RMDR,False
25429331,25429330.0,5.0,3359.15,4859.6,1456.0,-1.0,128.0,1760656793.0,RMDR,False
v_25429790_1456,25429789.0,,5204.15,5658.6,1456.0,,,,RMDR,True
v_25422600_1456,25422601.0,,5317.0,4625.0,1456.0,,,,RMDL,True
v_25525828_1456,v_25525828_1457,,6561.8,5610.4,1456.0,,,,RMDL,True
25429790,v_25429790_1456,5.0,5199.15,5655.6,1457.0,-1.0,128.0,1760659574.0,RMDR,False
v_25525828_1457,v_25525828_1458,,6560.6,5605.8,1457.0,,,,RMDL,True
25422600,v_25422600_1456,5.0,5321.0,4622.0,1457.0,-1.0,128.0,1766083549.0,RMDL,False
25429330,25429329.0,5.0,3367.15,4847.6,1457.0,-1.0,128.0,1760656792.0,RMDR,False
25429329,25429328.0,5.0,3363.15,4841.6,1458.0,-1.0,128.0,1760656791.0,RMDR,False
v_25429791_1458,25429790.0,,5175.15,5640.6,1458.0,,,,RMDR,True
v_25525828_1458,v_25525828_1459,,6559.4,5601.2,1458.0,,,,RMDL,True
v_25422599_1458,25422600.0,,5321.0,4619.0,1458.0,,,,RMDL,True
25429328,25429327.0,5.0,3359.15,4823.6,1459.0,-1.0,128.0,1760656790.0,RMDR,False
25429791,v_25429791_1458,5.0,5167.15,5635.6,1459.0,-1.0,128.0,1760659576.0,RMDR,False
25422599,v_25422599_1458,5.0,5321.0,4618.0,1459.0,-1.0,128.0,1766083549.0,RMDL,False
v_25525828_1459,25525827.0,,6558.2,5596.6,1459.0,,,,RMDL,True
v_25429792_1460,25429791.0,,5149.15,5632.6,1460.0,,,,RMDR,True
25429327,25429326.0,5.0,3355.15,4811.6,1460.0,-1.0,128.0,1760656788.0,RMDR,False
v_25422598_1460,25422599.0,,5321.0,4606.0,1460.0,,,,RMDL,True
25525827,v_25525827_1461,5.0,6557.0,5592.0,1460.0,-1.0,128.0,1766083549.0,RMDL,False
25429792,v_25429792_1460,5.0,5143.15,5631.6,1461.0,-1.0,128.0,1760659577.0,RMDR,False
25422598,v_25422598_1460,5.0,5321.0,4602.0,1461.0,-1.0,128.0,1766083549.0,RMDL,False
25429326,25429325.0,5.0,3367.15,4811.6,1461.0,-1.0,128.0,1760656787.0,RMDR,False
v_25525827_1461,v_25525827_1462,,6554.333333333333,5588.333333333333,1461.0,,,,RMDL,True
v_25422597_1462,25422598.0,,5327.0,4602.0,1462.0,,,,RMDL,True
25429325,v_25429325_1463,5.0,3369.15,4801.6,1462.0,-1.0,128.0,1760656786.0,RMDR,False
v_25525827_1462,v_25525827_1463,,6551.666666666667,5584.666666666667,1462.0,,,,RMDL,True
v_25429793_1462,25429792.0,,5134.15,5625.6,1462.0,,,,RMDR,True
v_25429325_1463,25429324.0,,3377.15,4808.6,1463.0,,,,RMDR,True
v_25525827_1463,v_25525827_1464,,6549.0,5581.0,1463.0,,,,RMDL,True
25422597,v_25422597_1462,5.0,5329.0,4602.0,1463.0,-1.0,128.0,1766083549.0,RMDL,False
25429793,v_25429793_1462,5.0,5131.15,5623.6,1463.0,-1.0,128.0,1760659579.0,RMDR,False
25429794,25429793.0,5.0,5119.15,5595.6,1464.0,-1.0,128.0,1760659591.0,RMDR,False
v_25525827_1464,v_25525827_1465,,6546.333333333333,5577.333333333333,1464.0,,,,RMDL,True
25422596,25422597.0,5.0,5317.0,4586.0,1464.0,-1.0,128.0,1766083549.0,RMDL,False
25429324,25429323.0,5.0,3385.15,4815.6,1464.0,-1.0,128.0,1760656785.0,RMDR,False
25429323,25429322.0,5.0,3373.15,4807.6,1465.0,-1.0,128.0,1760656783.0,RMDR,False
v_25429795_1465,25429794.0,,5101.15,5604.6,1465.0,,,,RMDR,True
25422595,25422596.0,5.0,5329.0,4574.0,1465.0,-1.0,128.0,1766083549.0,RMDL,False
v_25525827_1465,25525826.0,,6543.666666666667,5573.666666666667,1465.0,,,,RMDL,True
25525826,v_25525826_1467,5.0,6541.0,5570.0,1466.0,-1.0,128.0,1766083549.0,RMDL,False
25422594,25422595.0,5.0,5337.0,4582.0,1466.0,-1.0,128.0,1766083549.0,RMDL,False
25429322,25429321.0,5.0,3369.15,4811.6,1466.0,-1.0,128.0,1760656782.0,RMDR,False
25429795,v_25429795_1465,5.0,5095.15,5607.6,1466.0,-1.0,128.0,1760659592.0,RMDR,False
v_25422593_1467,25422594.0,,5343.0,4597.0,1467.0,,,,RMDL,True
v_25429796_1467,25429795.0,,5089.15,5595.6,1467.0,,,,RMDR,True
v_25525826_1467,v_25525826_1468,,6539.0,5564.0,1467.0,,,,RMDL,True
25429321,25429320.0,5.0,3373.15,4807.6,1467.0,-1.0,128.0,1760656780.0,RMDR,False
25422593,v_25422593_1467,5.0,5345.0,4602.0,1468.0,-1.0,128.0,1766083549.0,RMDL,False
25429320,25429319.0,5.0,3383.15,4799.6,1468.0,-1.0,128.0,1760656779.0,RMDR,False
v_25525826_1468,v_25525826_1469,,6537.0,5558.0,1468.0,,,,RMDL,True
25429796,v_25429796_1467,5.0,5087.15,5591.6,1468.0,-1.0,128.0,1760659593.0,RMDR,False
25429319,25429318.0,5.0,3383.15,4799.6,1469.0,-1.0,128.0,1760656778.0,RMDR,False
v_25525826_1469,25525825.0,,6535.0,5552.0,1469.0,,,,RMDL,True
v_25422592_1469,25422593.0,,5351.0,4587.0,1469.0,,,,RMDL,True
v_25429797_1469,25429796.0,,5053.549999999999,5584.400000000001,1469.0,,,,RMDR,True
v_25429797_1470,v_25429797_1470,,5042.349999999999,5582.0,1470.0,,,,RMDR,True
25422592,v_25422592_1469,5.0,5353.0,4582.0,1470.0,-1.0,128.0,1766083549.0,RMDL,False
25429318,25429317.0,5.0,3407.15,4786.6,1470.0,-1.0,128.0,1766178400.0,RMDR,False
25525825,v_25525825_1471,5.0,6533.0,5546.0,1470.0,-1.0,128.0,1766083549.0,RMDL,False
25429797,v_25429797_1469,5.0,5031.15,5579.6,1471.0,-1.0,128.0,1760659594.0,RMDR,False
25429317,25429316.0,5.0,3399.15,4767.6,1471.0,-1.0,128.0,1760656750.0,RMDR,False
v_25422591_1471,25422592.0,,5356.0,4582.0,1471.0,,,,RMDL,True
v_25525825_1471,v_25525825_1472,,6534.5,5541.0,1471.0,,,,RMDL,True
25429798,25429797.0,5.0,4999.15,5611.6,1472.0,-1.0,128.0,1760659596.0,RMDR,False
v_25525825_1472,v_25525825_1473,,6536.0,5536.0,1472.0,,,,RMDL,True
25422591,v_25422591_1471,5.0,5357.0,4582.0,1472.0,-1.0,128.0,1766083549.0,RMDL,False
25429316,v_25429316_1473,5.0,3407.15,4763.6,1472.0,-1.0,128.0,1760656725.0,RMDR,False
25422590,25422591.0,5.0,5365.0,4578.0,1473.0,-1.0,128.0,1766083549.0,RMDL,False
v_25525825_1473,25525824.0,,6537.5,5531.0,1473.0,,,,RMDL,True
25429799,25429798.0,5.0,4951.15,5623.6,1473.0,-1.0,128.0,1760659597.0,RMDR,False
v_25429316_1473,25429315.0,,3410.15,4758.6,1473.0,,,,RMDR,True
25429315,25429314.0,5.0,3413.15,4753.6,1474.0,-1.0,128.0,1760656723.0,RMDR,False
v_25429800_1474,25429799.0,,4936.15,5623.6,1474.0,,,,RMDR,True
25525824,v_25525824_1475,5.0,6539.0,5526.0,1474.0,-1.0,128.0,1766083549.0,RMDL,False
25422589,25422590.0,5.0,5369.0,4558.0,1474.0,-1.0,128.0,1766083549.0,RMDL,False
25429800,v_25429800_1474,5.0,4931.15,5623.6,1475.0,-1.0,128.0,1760659598.0,RMDR,False
25429314,v_25429314_1476,5.0,3419.15,4745.6,1475.0,-1.0,128.0,1760656722.0,RMDR,False
v_25525824_1475,v_25525824_1476,,6535.0,5516.5,1475.0,,,,RMDL,True
25422588,25422589.0,5.0,5365.0,4558.0,1475.0,-1.0,128.0,1766083549.0,RMDL,False
v_25429314_1476,25429313.0,,3417.15,4738.6,1476.0,,,,RMDR,True
v_25429801_1476,25429800.0,,4907.15,5617.6,1476.0,,,,RMDR,True
v_25525824_1476,v_25525824_1477,,6531.0,5507.0,1476.0,,,,RMDL,True
25422587,25422588.0,5.0,5381.0,4554.0,1476.0,-1.0,128.0,1766083549.0,RMDL,False
25429313,v_25429313_1478,5.0,3415.15,4731.6,1477.0,-1.0,128.0,1760656721.0,RMDR,False
25429801,v_25429801_1476,5.0,4899.15,5615.6,1477.0,-1.0,128.0,1760659599.0,RMDR,False
v_25525824_1477,25525823.0,,6527.0,5497.5,1477.0,,,,RMDL,True
25422586,25422587.0,5.0,5381.0,4550.0,1477.0,-1.0,128.0,1766083549.0,RMDL,False
25422585,25422586.0,5.0,5405.0,4562.0,1478.0,-1.0,128.0,1766083549.0,RMDL,False
v_25429313_1478,25429312.0,,3414.15,4731.6,1478.0,,,,RMDR,True
25525823,v_25525823_1479,5.0,6523.0,5488.0,1478.0,-1.0,128.0,1766083549.0,RMDL,False
25429802,25429801.0,5.0,4883.15,5623.6,1478.0,-1.0,128.0,1760659601.0,RMDR,False
25429312,25429311.0,5.0,3413.15,4731.6,1479.0,-1.0,128.0,1760656719.0,RMDR,False
25429803,25429802.0,5.0,4879.15,5623.6,1479.0,-1.0,128.0,1760659607.0,RMDR,False
25422584,25422585.0,5.0,5405.0,4558.0,1479.0,-1.0,128.0,1766083549.0,RMDL,False
v_25525823_1479,v_25525823_1480,,6513.0,5478.666666666667,1479.0,,,,RMDL,True
v_25525823_1480,25525822.0,,6503.0,5469.333333333333,1480.0,,,,RMDL,True
25429311,v_25429311_1481,5.0,3411.15,4721.6,1480.0,-1.0,128.0,1760656717.0,RMDR,False
25422583,25422584.0,5.0,5417.0,4558.0,1480.0,-1.0,128.0,1766083549.0,RMDL,False
v_25429311_1481,25429310.0,,3418.15,4717.6,1481.0,,,,RMDR,True
25525822,v_25525822_1482,5.0,6493.0,5460.0,1481.0,-1.0,128.0,1766083549.0,RMDL,False
25422582,25422583.0,5.0,5433.0,4558.0,1481.0,-1.0,128.0,1766083549.0,RMDL,False
v_25525822_1482,25422713.0,,6491.0,5430.0,1482.0,,,,RMDL,True
25422581,25422582.0,5.0,5437.0,4562.0,1482.0,-1.0,128.0,1766083549.0,RMDL,False
25429310,25429309.0,5.0,3425.15,4713.6,1482.0,-1.0,128.0,1760656713.0,RMDR,False
25429309,25429308.0,5.0,3421.15,4715.6,1483.0,-1.0,128.0,1760656657.0,RMDR,False
25422580,25422581.0,5.0,5461.0,4570.0,1483.0,-1.0,128.0,1766083549.0,RMDL,False
25422713,25422712.0,5.0,6489.0,5400.0,1483.0,-1.0,128.0,1766083549.0,RMDL,False
25422579,25422580.0,5.0,5501.0,4562.0,1484.0,-1.0,128.0,1766083549.0,RMDL,False
25429308,v_25429308_1485,5.0,3411.15,4701.6,1484.0,-1.0,128.0,1760656654.0,RMDR,False
25422712,25422711.0,5.0,6473.0,5404.0,1484.0,-1.0,128.0,1766083549.0,RMDL,False
v_25429308_1485,25429307.0,,3411.15,4701.6,1485.0,,,,RMDR,True
25422711,25422710.0,5.0,6477.0,5388.0,1485.0,-1.0,128.0,1766083549.0,RMDL,False
25422578,25422579.0,5.0,5521.0,4566.0,1485.0,-1.0,128.0,1766083549.0,RMDL,False
25422710,25422709.0,5.0,6481.0,5368.0,1486.0,-1.0,128.0,1766083549.0,RMDL,False
25429307,v_25429307_1487,5.0,3411.15,4701.6,1486.0,-1.0,128.0,1760656653.0,RMDR,False
25422577,25422578.0,5.0,5531.0,4580.0,1486.0,-1.0,128.0,1766083549.0,RMDL,False
25422576,25422577.0,5.0,5557.0,4558.0,1487.0,-1.0,128.0,1766083549.0,RMDL,False
25422709,25422708.0,5.0,6485.0,5332.0,1487.0,-1.0,128.0,1766083549.0,RMDL,False
v_25429307_1487,25429306.0,,3411.15,4701.6,1487.0,,,,RMDR,True
25429306,v_25429306_1489,5.0,3411.15,4701.6,1488.0,-1.0,128.0,1760656651.0,RMDR,False
25422708,25422707.0,5.0,6501.0,5276.0,1488.0,-1.0,128.0,1766083549.0,RMDL,False
25422575,25422576.0,5.0,5613.0,4550.0,1488.0,-1.0,128.0,1766083549.0,RMDL,False
25422707,25422706.0,5.0,6481.0,5268.0,1489.0,-1.0,128.0,1766083549.0,RMDL,False
25422574,25422575.0,5.0,5653.0,4590.0,1489.0,-1.0,128.0,1766083549.0,RMDL,False
v_25429306_1489,25429305.0,,3416.15,4697.6,1489.0,,,,RMDR,True
25429305,25429304.0,5.0,3421.15,4693.6,1490.0,-1.0,128.0,1760656650.0,RMDR,False
25422573,25422574.0,5.0,5677.0,4582.0,1490.0,-1.0,128.0,1766083549.0,RMDL,False
25422706,25422705.0,5.0,6501.0,5232.0,1490.0,-1.0,128.0,1766083549.0,RMDL,False
25429304,v_25429304_1492,5.0,3417.15,4705.6,1491.0,-1.0,128.0,1760656649.0,RMDR,False
25422705,25422704.0,5.0,6505.0,5200.0,1491.0,-1.0,128.0,1766083549.0,RMDL,False
25422572,25422573.0,5.0,5701.0,4554.0,1491.0,-1.0,128.0,1766083549.0,RMDL,False
v_25429304_1492,25429303.0,,3410.15,4711.6,1492.0,,,,RMDR,True
25422571,25422572.0,5.0,5700.05,4561.79,1492.0,-1.0,128.0,1766083549.0,RMDL,False
25422704,25422565.0,5.0,6513.0,5172.0,1492.0,-1.0,128.0,1766083549.0,RMDL,False
25422570,25422571.0,5.0,5785.0,4594.0,1493.0,-1.0,128.0,1766083549.0,RMDL,False
25422566,25422564.0,5.0,6657.0,4786.0,1493.0,-1.0,128.0,1766083549.0,RMDL,False
25422565,25422564.0,5.0,6501.0,5160.0,1493.0,-1.0,128.0,1766083549.0,RMDL,False
25429303,v_25429303_1494,5.0,3403.15,4717.6,1493.0,-1.0,128.0,1760656647.0,RMDR,False
25422569,25422570.0,5.0,5805.0,4602.0,1494.0,-1.0,128.0,1766083549.0,RMDL,False
25422564,25422563.0,5.0,6573.05,5154.05,1494.0,-1.0,128.0,1766083549.0,RMDL,False
v_25429303_1494,25429302.0,,3402.15,4717.6,1494.0,,,,RMDR,True
25429302,25429301.0,5.0,3401.15,4717.6,1495.0,-1.0,128.0,1760656646.0,RMDR,False
25422563,25422562.0,5.0,6581.0,5066.0,1495.0,-1.0,128.0,1766083549.0,RMDL,False
25422568,25422569.0,5.0,5809.0,4650.0,1495.0,-1.0,128.0,1766083549.0,RMDL,False
25422562,25422561.0,5.0,6593.0,4982.0,1496.0,-1.0,128.0,1766083549.0,RMDL,False
25422567,25422568.0,5.0,5861.0,4650.0,1496.0,-1.0,128.0,1766083549.0,RMDL,False
25429301,v_25429301_1497,5.0,3399.15,4707.6,1496.0,-1.0,128.0,1760656645.0,RMDR,False
25422560,25422567.0,5.0,5917.0,4666.0,1497.0,-1.0,128.0,1766083549.0,RMDL,False
v_25429301_1497,25429300.0,,3381.15,4708.6,1497.0,,,,RMDR,True
25422561,25422559.0,5.0,6561.0,4954.0,1497.0,-1.0,128.0,1766083549.0,RMDL,False
25422559,25422560.0,5.0,6493.0,4994.0,1498.0,-1.0,128.0,1766083549.0,RMDL,False
25429300,v_25429300_1499,5.0,3363.15,4709.6,1498.0,-1.0,128.0,1760656644.0,RMDR,False
25422558,25422559.0,5.0,6437.0,4926.0,1499.0,-1.0,128.0,1766083549.0,RMDL,False
v_25429300_1499,25429299.0,,3353.15,4704.6,1499.0,,,,RMDR,True
25429299,25429298.0,5.0,3343.15,4699.6,1500.0,-1.0,128.0,1760656643.0,RMDR,False
25422557,25422558.0,5.0,6409.0,4870.0,1500.0,-1.0,128.0,1766083549.0,RMDL,False
25422556,25422557.0,5.0,6397.0,4858.0,1501.0,-1.0,128.0,1766083549.0,RMDL,False
25429298,v_25429298_1502,5.0,3339.15,4699.6,1501.0,-1.0,128.0,1760656642.0,RMDR,False
25422555,25422556.0,5.0,6477.0,4834.0,1502.0,-1.0,128.0,1766083549.0,RMDL,False
v_25429298_1502,25429297.0,,3322.15,4694.6,1502.0,,,,RMDR,True
25429297,25429296.0,5.0,3305.15,4689.6,1503.0,-1.0,128.0,1760656640.0,RMDR,False
v_25422554_1503,25422555.0,,6495.0,4822.0,1503.0,,,,RMDL,True
25429296,25429295.0,5.0,3301.15,4685.6,1504.0,-1.0,128.0,1760656639.0,RMDR,False
25422554,v_25422554_1503,5.0,6501.0,4818.0,1504.0,-1.0,128.0,1766083549.0,RMDL,False
v_25422553_1505,25422554.0,,6486.6,4813.2,1505.0,,,,RMDL,True
25429295,25429294.0,5.0,3275.15,4709.6,1505.0,-1.0,128.0,1760656636.0,RMDR,False
v_25422553_1506,v_25422553_1506,,6481.8,4811.6,1506.0,,,,RMDL,True
25429279,25429278.0,5.0,2073.15,5280.6,1506.0,-1.0,128.0,1760656479.0,RMDR,False
25429294,25429293.0,5.0,3245.15,4701.6,1506.0,-1.0,128.0,1760656631.0,RMDR,False
25422553,v_25422553_1505,5.0,6477.0,4810.0,1507.0,-1.0,128.0,1766083549.0,RMDL,False
25429293,25429292.0,5.0,3241.15,4697.6,1507.0,-1.0,128.0,1760656628.0,RMDR,False
25429278,25429277.0,5.0,2113.15,5308.6,1507.0,-1.0,128.0,1760656462.0,RMDR,False
25429277,25429276.0,5.0,2117.15,5292.6,1508.0,-1.0,128.0,1760656458.0,RMDR,False
25429292,25429291.0,5.0,3245.15,4701.6,1508.0,-1.0,128.0,1760656625.0,RMDR,False
25422552,25422553.0,5.0,6471.0,4831.0,1508.0,-1.0,128.0,1766083549.0,RMDL,False
25429291,25429290.0,5.0,3231.15,4699.6,1509.0,-1.0,128.0,1760656624.0,RMDR,False
25429276,25429275.0,5.0,2105.15,5276.6,1509.0,-1.0,128.0,1760656457.0,RMDR,False
25422517,25422552.0,5.0,6491.0,4814.0,1509.0,-1.0,128.0,1766083549.0,RMDL,False
25429275,25429274.0,5.0,2101.15,5272.6,1510.0,-1.0,128.0,1760656456.0,RMDR,False
25429290,25429289.0,5.0,3213.15,4699.6,1510.0,-1.0,128.0,1760656623.0,RMDR,False
v_25422518_1510,25422517.0,,6491.0,4814.0,1510.0,,,,RMDL,True
25429289,25429288.0,5.0,3195.15,4695.6,1511.0,-1.0,128.0,1760656622.0,RMDR,False
25429274,25429273.0,5.0,2105.15,5260.6,1511.0,-1.0,128.0,1760656455.0,RMDR,False
v_25422518_1511,v_25422518_1511,,6491.0,4814.0,1511.0,,,,RMDL,True
25422518,v_25422518_1510,5.0,6491.0,4814.0,1512.0,-1.0,128.0,1766083549.0,RMDL,False
25429273,25429272.0,5.0,2105.15,5244.6,1512.0,-1.0,128.0,1760656454.0,RMDR,False
25429288,25429287.0,5.0,3167.15,4723.6,1512.0,-1.0,128.0,1760656530.0,RMDR,False
25429272,25429271.0,5.0,2077.15,5232.6,1513.0,-1.0,128.0,1760656453.0,RMDR,False
25429287,25429286.0,5.0,3137.15,4735.6,1513.0,-1.0,128.0,1760656528.0,RMDR,False
v_25422527_1513,25422518.0,,6491.0,4814.0,1513.0,,,,RMDL,True
25429271,25429270.0,5.0,2089.15,5220.6,1514.0,-1.0,128.0,1760656452.0,RMDR,False
25429286,25429285.0,5.0,3101.15,4725.6,1514.0,-1.0,128.0,1760656527.0,RMDR,False
25422527,v_25422527_1513,5.0,6491.0,4814.0,1514.0,888.0,128.0,1766083549.0,RMDL,False
25429270,25429269.0,5.0,2109.15,5200.6,1515.0,-1.0,128.0,1760656451.0,RMDR,False
25429285,25429284.0,5.0,3085.15,4745.6,1515.0,-1.0,128.0,1760656526.0,RMDR,False
25422519,25422527.0,5.0,6491.0,4814.0,1515.0,888.0,128.0,1766083549.0,RMDL,False
v_25422520_1516,25422519.0,,6486.2,4790.0,1516.0,,,,RMDL,True
25429284,25429283.0,5.0,3095.15,4743.6,1516.0,-1.0,128.0,1760656525.0,RMDR,False
25429269,25429268.0,5.0,2117.15,5212.6,1516.0,-1.0,128.0,1760656448.0,RMDR,False
25429268,25429267.0,5.0,2161.15,5188.6,1517.0,-1.0,128.0,1760656447.0,RMDR,False
v_25422520_1517,v_25422520_1517,,6484.6,4782.0,1517.0,,,,RMDL,True
25429283,25429282.0,5.0,3023.15,4761.6,1517.0,-1.0,128.0,1760656522.0,RMDR,False
25429267,25429266.0,5.0,2157.15,5164.6,1518.0,-1.0,128.0,1760656446.0,RMDR,False
25429282,25429281.0,5.0,3011.15,4751.6,1518.0,-1.0,128.0,1760656520.0,RMDR,False
25422520,v_25422520_1516,5.0,6483.0,4774.0,1518.0,888.0,128.0,1766083549.0,RMDL,False
25429266,25429265.0,5.0,2161.15,5156.6,1519.0,-1.0,128.0,1760656445.0,RMDR,False
25429281,25429280.0,5.0,3007.15,4773.6,1519.0,-1.0,128.0,1760656519.0,RMDR,False
v_25422521_1519,25422520.0,,6483.0,4769.2,1519.0,,,,RMDL,True
v_25422521_1520,v_25422521_1520,,6483.0,4767.6,1520.0,,,,RMDL,True
25429280,25429264.0,5.0,2993.15,4781.6,1520.0,-1.0,128.0,1760656515.0,RMDR,False
25429265,25429263.0,5.0,2173.15,5104.6,1520.0,-1.0,128.0,1760656443.0,RMDR,False
25429263,25429262.0,5.0,2209.15,5080.6,1521.0,-1.0,128.0,1760656435.0,RMDR,False
25429264,25429262.0,5.0,2941.15,4780.6,1521.0,-1.0,128.0,1760656430.0,RMDR,False
25422521,v_25422521_1519,5.0,6483.0,4766.0,1521.0,888.0,128.0,1766083549.0,RMDL,False
v_25526724_1522,25422521.0,,6476.137500000001,4748.4087500000005,1522.0,,,,RMDL,True
25429262,25429261.0,5.0,2461.15,4980.6,1522.0,-1.0,128.0,1760656428.0,RMDR,False
25429261,25429260.0,5.0,2485.15,4984.6,1523.0,-1.0,128.0,1760656418.0,RMDR,False
25526724,v_25526724_1522,5.0,6473.85,4742.545,1523.0,295.0,128.0,1766083549.0,RMDL,False
25429260,25429259.0,5.0,2473.15,4988.6,1524.0,-1.0,128.0,1760656415.0,RMDR,False
25422522,25526724.0,5.0,6467.0,4758.0,1524.0,-1.0,128.0,1766083549.0,RMDL,False
25429259,25428659.0,5.0,2477.15,5052.6,1525.0,-1.0,128.0,1760656414.0,RMDR,False
v_25422523_1525,25422522.0,,6467.0,4758.0,1525.0,,,,RMDL,True
25428659,25429258.0,5.0,2369.15,5110.6,1526.0,-1.0,128.0,1760656404.0,RMDR,False
25422523,v_25422523_1525,5.0,6467.0,4758.0,1526.0,-1.0,128.0,1766083549.0,RMDL,False
v_25422524_1527,25422523.0,,6467.0,4758.0,1527.0,,,,RMDL,True
25429258,25428658.0,5.0,2353.15,5108.6,1527.0,-1.0,128.0,1760656404.0,RMDR,False
v_25422524_1528,v_25422524_1528,,6467.0,4758.0,1528.0,,,,RMDL,True
25428658,v_25428658_1529,5.0,2369.15,5110.6,1528.0,-1.0,128.0,1760639518.0,RMDR,False
v_25428658_1529,25428657.0,,2375.15,5128.6,1529.0,,,,RMDR,True
25422524,v_25422524_1527,5.0,6467.0,4758.0,1529.0,-1.0,128.0,1766083549.0,RMDL,False
v_25422525_1530,25422524.0,,6462.2,4762.8,1530.0,,,,RMDL,True
25428657,v_25428657_1531,5.0,2381.15,5146.6,1530.0,-1.0,128.0,1760639542.0,RMDR,False
v_25428657_1531,v_25428657_1532,,2403.55,5138.6,1531.0,,,,RMDR,True
v_25422525_1531,v_25422525_1531,,6460.6,4764.4,1531.0,,,,RMDL,True
v_25428657_1532,v_25428657_1533,,2425.9500000000003,5130.6,1532.0,,,,RMDR,True
25422525,v_25422525_1530,5.0,6459.0,4766.0,1532.0,-1.0,128.0,1766083549.0,RMDL,False
v_25422526_1533,25422525.0,,6459.0,4766.0,1533.0,,,,RMDL,True
v_25428657_1533,v_25428657_1534,,2448.35,5122.6,1533.0,,,,RMDR,True
v_25428657_1534,25428660.0,,2470.75,5114.6,1534.0,,,,RMDR,True
25422526,v_25422526_1533,5.0,6459.0,4766.0,1534.0,-1.0,128.0,1766083549.0,RMDL,False
25422528,25422526.0,5.0,6447.0,4804.0,1535.0,-1.0,128.0,1766083549.0,RMDL,False
25428660,25428665.0,5.0,2493.15,5106.6,1535.0,-1.0,128.0,1760639542.0,RMDR,False
25422529,25422528.0,5.0,6447.0,4812.0,1536.0,-1.0,128.0,1766083549.0,RMDL,False
25428665,,5.0,2493.15,5106.6,1536.0,856.0,128.0,1760639551.0,RMDR,False
25422530,25422529.0,5.0,6415.0,4804.0,1537.0,-1.0,128.0,1766083549.0,RMDL,False
v_25428661_1537,25428665.0,,2493.15,5106.6,1537.0,,,,RMDR,True
25422531,25422530.0,5.0,6419.0,4804.0,1538.0,-1.0,128.0,1766083549.0,RMDL,False
25428661,v_25428661_1537,5.0,2493.15,5106.6,1538.0,856.0,128.0,1760639551.0,RMDR,False
25526660,25428661.0,5.0,2470.045,5113.8,1539.0,856.0,128.0,1765510540.0,RMDR,False
25422532,25422531.0,5.0,6419.0,4808.0,1539.0,-1.0,128.0,1766083549.0,RMDL,False
25422533,25422532.0,5.0,6431.0,4848.0,1540.0,-1.0,128.0,1766083549.0,RMDL,False
25525964,25526660.0,5.0,2494.055,5112.9,1540.0,856.0,128.0,1765510540.0,RMDR,False
v_25428662_1541,25525964.0,,2493.512,5109.12,1541.0,,,,RMDR,True
25422534,25422533.0,5.0,6435.0,4848.0,1541.0,-1.0,128.0,1766083549.0,RMDL,False
25422535,25422534.0,5.0,6435.0,4848.0,1542.0,-1.0,128.0,1766083549.0,RMDL,False
v_25428662_1542,v_25428662_1542,,2493.331,5107.860000000001,1542.0,,,,RMDR,True
25422536,25422535.0,5.0,6435.0,4848.0,1543.0,-1.0,128.0,1766083549.0,RMDL,False
25428662,v_25428662_1541,5.0,2493.15,5106.6,1543.0,856.0,128.0,1765390838.0,RMDR,False
25422537,25422536.0,5.0,6439.0,4848.0,1544.0,-1.0,128.0,1766083549.0,RMDL,False
v_25428666_1544,25428662.0,,2493.15,5106.6,1544.0,,,,RMDR,True
25428666,v_25428666_1544,5.0,2493.15,5106.6,1545.0,856.0,128.0,1760639551.0,RMDR,False
25422538,25422537.0,5.0,6449.2,4850.645,1545.0,-1.0,128.0,1766083549.0,RMDL,False
v_25428663_1546,25428666.0,,2493.15,5106.6,1546.0,,,,RMDR,True
25422539,25422538.0,5.0,6455.0,4868.0,1546.0,-1.0,128.0,1766083549.0,RMDL,False
25422540,25422539.0,5.0,6431.0,4836.0,1547.0,-1.0,128.0,1766083549.0,RMDL,False
25428663,v_25428663_1546,5.0,2493.15,5106.6,1547.0,-1.0,128.0,1760639551.0,RMDR,False
v_25428664_1548,25428663.0,,2491.4357142857143,5104.885714285715,1548.0,,,,RMDR,True
25526663,25422540.0,5.0,6462.05,4833.815,1548.0,-1.0,128.0,1766083549.0,RMDL,False
25422541,25526663.0,5.0,6431.0,4836.0,1549.0,-1.0,128.0,1766083549.0,RMDL,False
v_25428664_1549,v_25428664_1551,,2490.864285714286,5104.314285714286,1549.0,,,,RMDR,True
v_25422542_1550,25422541.0,,6437.0,4839.0,1550.0,,,,RMDL,True
v_25428664_1550,v_25428664_1550,,2490.292857142857,5103.742857142857,1550.0,,,,RMDR,True
25422542,v_25422542_1550,5.0,6439.0,4840.0,1551.0,-1.0,128.0,1766083549.0,RMDL,False
v_25428664_1551,v_25428664_1549,,2489.7214285714285,5103.171428571429,1551.0,,,,RMDR,True
25428664,v_25428664_1548,5.0,2489.15,5102.6,1552.0,-1.0,128.0,1760639534.0,RMDR,False
25422543,25422542.0,5.0,6447.0,4852.0,1552.0,-1.0,128.0,1766083549.0,RMDL,False
v_25438644_1553,25428664.0,,2495.7875,5113.4,1553.0,,,,RMDR,True
v_25422544_1553,25422543.0,,6453.0,4849.0,1553.0,,,,RMDL,True
25422544,v_25422544_1553,5.0,6455.0,4848.0,1554.0,-1.0,128.0,1766083549.0,RMDL,False
25438644,v_25438644_1553,5.0,2498.0,5117.0,1554.0,-1.0,128.0,1761018012.0,RMDR,False
25422545,25422544.0,5.0,6463.0,4856.0,1555.0,-1.0,128.0,1766083549.0,RMDL,False
v_25438645_1555,25438644.0,,2493.2,5117.0,1555.0,,,,RMDR,True
v_25438645_1556,v_25438645_1556,,2491.6,5117.0,1556.0,,,,RMDR,True
25422546,25422545.0,5.0,6619.0,4860.0,1556.0,-1.0,128.0,1766083549.0,RMDL,False
25422547,25422546.0,5.0,6659.0,4848.0,1557.0,-1.0,128.0,1766083549.0,RMDL,False
25438645,v_25438645_1555,5.0,2490.0,5117.0,1557.0,-1.0,128.0,1761018014.0,RMDR,False
v_25438646_1558,25438645.0,,2490.0,5117.0,1558.0,,,,RMDR,True
25422548,25422547.0,5.0,6699.0,4828.0,1558.0,-1.0,128.0,1766083549.0,RMDL,False
25422549,25422548.0,5.0,6719.0,4817.0,1559.0,-1.0,128.0,1766083549.0,RMDL,False
25438646,v_25438646_1558,5.0,2490.0,5117.0,1559.0,-1.0,128.0,1761018015.0,RMDR,False
v_25438647_1560,25438646.0,,2456.4,5145.8,1560.0,,,,RMDR,True
25422550,25422549.0,5.0,6723.0,4813.0,1560.0,-1.0,128.0,1766083549.0,RMDL,False
v_25438647_1561,v_25438647_1561,,2445.2,5155.4,1561.0,,,,RMDR,True
25422551,25422550.0,5.0,6765.0,4827.0,1561.0,-1.0,128.0,1766083549.0,RMDL,False
25438647,v_25438647_1560,5.0,2434.0,5165.0,1562.0,-1.0,128.0,1761018017.0,RMDR,False
v_25438648_1563,25438647.0,,2434.0,5165.0,1563.0,,,,RMDR,True
25438648,v_25438648_1563,5.0,2434.0,5165.0,1564.0,-1.0,128.0,1761018018.0,RMDR,False
25438649,25438648.0,5.0,2426.0,5181.0,1565.0,-1.0,128.0,1761018023.0,RMDR,False
v_25438650_1566,25438649.0,,2384.0,5175.0,1566.0,,,,RMDR,True
25438650,v_25438650_1566,5.0,2370.0,5173.0,1567.0,-1.0,128.0,1761018029.0,RMDR,False
25438651,25438650.0,5.0,2410.0,5157.0,1568.0,-1.0,128.0,1761018032.0,RMDR,False
v_25438652_1569,25438651.0,,2404.0,5061.0,1569.0,,,,RMDR,True
25438652,v_25438652_1569,5.0,2402.0,5029.0,1570.0,-1.0,128.0,1761018033.0,RMDR,False
25438653,25438652.0,5.0,2410.0,4965.0,1571.0,-1.0,128.0,1761018036.0,RMDR,False
